solid ASCII
  facet normal 9.994862e-01 1.032929e-17 -3.205158e-02
    outer loop
      vertex   1.080094e+02 9.832400e+00 -1.176488e+01
      vertex   1.080094e+02 1.534440e+01 -1.176488e+01
      vertex   1.080200e+02 9.832400e+00 -1.143491e+01
    endloop
  endfacet
  facet normal 9.994862e-01 0.000000e+00 -3.205158e-02
    outer loop
      vertex   1.080200e+02 9.832400e+00 -1.143491e+01
      vertex   1.080094e+02 1.534440e+01 -1.176488e+01
      vertex   1.080200e+02 1.534440e+01 -1.143491e+01
    endloop
  endfacet
  facet normal 9.994862e-01 -0.000000e+00 3.205158e-02
    outer loop
      vertex   1.080200e+02 9.832400e+00 -1.143491e+01
      vertex   1.080200e+02 1.534440e+01 -1.143491e+01
      vertex   1.080094e+02 9.832400e+00 -1.110495e+01
    endloop
  endfacet
  facet normal 9.994862e-01 -1.032929e-17 3.205158e-02
    outer loop
      vertex   1.080094e+02 9.832400e+00 -1.110495e+01
      vertex   1.080200e+02 1.534440e+01 -1.143491e+01
      vertex   1.080094e+02 1.534440e+01 -1.110495e+01
    endloop
  endfacet
  facet normal 9.953791e-01 -3.094542e-17 9.602303e-02
    outer loop
      vertex   1.080094e+02 9.832400e+00 -1.110495e+01
      vertex   1.080094e+02 1.534440e+01 -1.110495e+01
      vertex   1.079777e+02 9.832400e+00 -1.077635e+01
    endloop
  endfacet
  facet normal 9.953791e-01 -3.094542e-17 9.602303e-02
    outer loop
      vertex   1.079777e+02 9.832400e+00 -1.077635e+01
      vertex   1.080094e+02 1.534440e+01 -1.110495e+01
      vertex   1.079777e+02 1.534440e+01 -1.077635e+01
    endloop
  endfacet
  facet normal 9.871818e-01 -5.143439e-17 1.595999e-01
    outer loop
      vertex   1.079777e+02 9.832400e+00 -1.077635e+01
      vertex   1.079777e+02 1.534440e+01 -1.077635e+01
      vertex   1.079250e+02 9.832400e+00 -1.045045e+01
    endloop
  endfacet
  facet normal 9.871818e-01 -0.000000e+00 1.595999e-01
    outer loop
      vertex   1.079250e+02 9.832400e+00 -1.045045e+01
      vertex   1.079777e+02 1.534440e+01 -1.077635e+01
      vertex   1.079250e+02 1.534440e+01 -1.045045e+01
    endloop
  endfacet
  facet normal 9.749279e-01 -0.000000e+00 2.225209e-01
    outer loop
      vertex   1.079250e+02 9.832400e+00 -1.045045e+01
      vertex   1.079250e+02 1.534440e+01 -1.045045e+01
      vertex   1.078516e+02 9.832400e+00 -1.012859e+01
    endloop
  endfacet
  facet normal 9.749279e-01 -2.151360e-16 2.225209e-01
    outer loop
      vertex   1.078516e+02 9.832400e+00 -1.012859e+01
      vertex   1.079250e+02 1.534440e+01 -1.045045e+01
      vertex   1.078516e+02 1.534440e+01 -1.012859e+01
    endloop
  endfacet
  facet normal 9.586679e-01 -2.750848e-16 2.845276e-01
    outer loop
      vertex   1.078516e+02 9.832400e+00 -1.012859e+01
      vertex   1.078516e+02 1.534440e+01 -1.012859e+01
      vertex   1.077576e+02 9.832400e+00 -9.812108e+00
    endloop
  endfacet
  facet normal 9.586679e-01 -1.833899e-16 2.845276e-01
    outer loop
      vertex   1.077576e+02 9.832400e+00 -9.812108e+00
      vertex   1.078516e+02 1.534440e+01 -1.012859e+01
      vertex   1.077576e+02 1.534440e+01 -9.812108e+00
    endloop
  endfacet
  facet normal 9.384684e-01 -2.226022e-16 3.453651e-01
    outer loop
      vertex   1.077576e+02 9.832400e+00 -9.812108e+00
      vertex   1.077576e+02 1.534440e+01 -9.812108e+00
      vertex   1.076436e+02 9.832400e+00 -9.502290e+00
    endloop
  endfacet
  facet normal 9.384684e-01 -2.226022e-16 3.453651e-01
    outer loop
      vertex   1.076436e+02 9.832400e+00 -9.502290e+00
      vertex   1.077576e+02 1.534440e+01 -9.812108e+00
      vertex   1.076436e+02 1.534440e+01 -9.502290e+00
    endloop
  endfacet
  facet normal 9.144126e-01 -2.608997e-16 4.047833e-01
    outer loop
      vertex   1.076436e+02 9.832400e+00 -9.502290e+00
      vertex   1.076436e+02 1.534440e+01 -9.502290e+00
      vertex   1.075100e+02 9.832400e+00 -9.200414e+00
    endloop
  endfacet
  facet normal 9.144126e-01 -0.000000e+00 4.047833e-01
    outer loop
      vertex   1.075100e+02 9.832400e+00 -9.200414e+00
      vertex   1.076436e+02 1.534440e+01 -9.502290e+00
      vertex   1.075100e+02 1.534440e+01 -9.200414e+00
    endloop
  endfacet
  facet normal 8.865993e-01 -0.000000e+00 4.625383e-01
    outer loop
      vertex   1.075100e+02 9.832400e+00 -9.200414e+00
      vertex   1.075100e+02 1.534440e+01 -9.200414e+00
      vertex   1.073573e+02 9.832400e+00 -8.907720e+00
    endloop
  endfacet
  facet normal 8.865993e-01 -2.981252e-16 4.625383e-01
    outer loop
      vertex   1.073573e+02 9.832400e+00 -8.907720e+00
      vertex   1.075100e+02 1.534440e+01 -9.200414e+00
      vertex   1.073573e+02 1.534440e+01 -8.907720e+00
    endloop
  endfacet
  facet normal 8.551428e-01 -3.341256e-16 5.183926e-01
    outer loop
      vertex   1.073573e+02 9.832400e+00 -8.907720e+00
      vertex   1.073573e+02 1.534440e+01 -8.907720e+00
      vertex   1.071862e+02 9.832400e+00 -8.625410e+00
    endloop
  endfacet
  facet normal 8.551428e-01 -3.341256e-16 5.183926e-01
    outer loop
      vertex   1.071862e+02 9.832400e+00 -8.625410e+00
      vertex   1.073573e+02 1.534440e+01 -8.907720e+00
      vertex   1.071862e+02 1.534440e+01 -8.625410e+00
    endloop
  endfacet
  facet normal 8.201723e-01 -3.687530e-16 5.721167e-01
    outer loop
      vertex   1.071862e+02 9.832400e+00 -8.625410e+00
      vertex   1.071862e+02 1.534440e+01 -8.625410e+00
      vertex   1.069973e+02 9.832400e+00 -8.354646e+00
    endloop
  endfacet
  facet normal 8.201723e-01 -0.000000e+00 5.721167e-01
    outer loop
      vertex   1.069973e+02 9.832400e+00 -8.354646e+00
      vertex   1.071862e+02 1.534440e+01 -8.625410e+00
      vertex   1.069973e+02 1.534440e+01 -8.354646e+00
    endloop
  endfacet
  facet normal 7.818315e-01 -0.000000e+00 6.234898e-01
    outer loop
      vertex   1.069973e+02 9.832400e+00 -8.354646e+00
      vertex   1.069973e+02 1.534440e+01 -8.354646e+00
      vertex   1.067914e+02 9.832400e+00 -8.096539e+00
    endloop
  endfacet
  facet normal 7.818315e-01 -4.018652e-16 6.234898e-01
    outer loop
      vertex   1.067914e+02 9.832400e+00 -8.096539e+00
      vertex   1.069973e+02 1.534440e+01 -8.354646e+00
      vertex   1.067914e+02 1.534440e+01 -8.096539e+00
    endloop
  endfacet
  facet normal 7.402780e-01 -4.333259e-16 6.723009e-01
    outer loop
      vertex   1.067914e+02 9.832400e+00 -8.096539e+00
      vertex   1.067914e+02 1.534440e+01 -8.096539e+00
      vertex   1.065695e+02 9.832400e+00 -7.852150e+00
    endloop
  endfacet
  facet normal 7.402780e-01 -1.083315e-16 6.723009e-01
    outer loop
      vertex   1.065695e+02 9.832400e+00 -7.852150e+00
      vertex   1.067914e+02 1.534440e+01 -8.096539e+00
      vertex   1.065695e+02 1.534440e+01 -7.852150e+00
    endloop
  endfacet
  facet normal 6.956826e-01 -1.157515e-16 7.183494e-01
    outer loop
      vertex   1.065695e+02 9.832400e+00 -7.852150e+00
      vertex   1.065695e+02 1.534440e+01 -7.852150e+00
      vertex   1.063323e+02 9.832400e+00 -7.622483e+00
    endloop
  endfacet
  facet normal 6.956826e-01 -2.315030e-16 7.183494e-01
    outer loop
      vertex   1.063323e+02 9.832400e+00 -7.622483e+00
      vertex   1.065695e+02 1.534440e+01 -7.852150e+00
      vertex   1.063323e+02 1.534440e+01 -7.622483e+00
    endloop
  endfacet
  facet normal 6.482284e-01 -2.453918e-16 7.614460e-01
    outer loop
      vertex   1.063323e+02 9.832400e+00 -7.622483e+00
      vertex   1.063323e+02 1.534440e+01 -7.622483e+00
      vertex   1.060810e+02 9.832400e+00 -7.408483e+00
    endloop
  endfacet
  facet normal 6.482284e-01 -0.000000e+00 7.614460e-01
    outer loop
      vertex   1.060810e+02 9.832400e+00 -7.408483e+00
      vertex   1.063323e+02 1.534440e+01 -7.622483e+00
      vertex   1.060810e+02 1.534440e+01 -7.408483e+00
    endloop
  endfacet
  facet normal 5.981105e-01 -0.000000e+00 8.014136e-01
    outer loop
      vertex   1.060810e+02 9.832400e+00 -7.408483e+00
      vertex   1.060810e+02 1.534440e+01 -7.408483e+00
      vertex   1.058164e+02 9.832400e+00 -7.211028e+00
    endloop
  endfacet
  facet normal 5.981105e-01 -2.582722e-16 8.014136e-01
    outer loop
      vertex   1.058164e+02 9.832400e+00 -7.211028e+00
      vertex   1.060810e+02 1.534440e+01 -7.408483e+00
      vertex   1.058164e+02 1.534440e+01 -7.211028e+00
    endloop
  endfacet
  facet normal 5.455349e-01 -2.700914e-16 8.380881e-01
    outer loop
      vertex   1.058164e+02 9.832400e+00 -7.211028e+00
      vertex   1.058164e+02 1.534440e+01 -7.211028e+00
      vertex   1.055397e+02 9.832400e+00 -7.030930e+00
    endloop
  endfacet
  facet normal 5.455349e-01 -1.350457e-16 8.380881e-01
    outer loop
      vertex   1.055397e+02 9.832400e+00 -7.030930e+00
      vertex   1.058164e+02 1.534440e+01 -7.211028e+00
      vertex   1.055397e+02 1.534440e+01 -7.030930e+00
    endloop
  endfacet
  facet normal 4.907176e-01 -1.404003e-16 8.713187e-01
    outer loop
      vertex   1.055397e+02 9.832400e+00 -7.030930e+00
      vertex   1.055397e+02 1.534440e+01 -7.030930e+00
      vertex   1.052521e+02 9.832400e+00 -6.868929e+00
    endloop
  endfacet
  facet normal 4.907176e-01 -0.000000e+00 8.713187e-01
    outer loop
      vertex   1.052521e+02 9.832400e+00 -6.868929e+00
      vertex   1.055397e+02 1.534440e+01 -7.030930e+00
      vertex   1.052521e+02 1.534440e+01 -6.868929e+00
    endloop
  endfacet
  facet normal 4.338837e-01 -0.000000e+00 9.009689e-01
    outer loop
      vertex   1.052521e+02 9.832400e+00 -6.868929e+00
      vertex   1.052521e+02 1.534440e+01 -6.868929e+00
      vertex   1.049546e+02 9.832400e+00 -6.725690e+00
    endloop
  endfacet
  facet normal 4.338837e-01 9.734466e-16 9.009689e-01
    outer loop
      vertex   1.049546e+02 9.832400e+00 -6.725690e+00
      vertex   1.052521e+02 1.534440e+01 -6.868929e+00
      vertex   1.049546e+02 1.534440e+01 -6.725690e+00
    endloop
  endfacet
  facet normal 3.752670e-01 8.181418e-16 9.269168e-01
    outer loop
      vertex   1.049546e+02 9.832400e+00 -6.725690e+00
      vertex   1.049546e+02 1.534440e+01 -6.725690e+00
      vertex   1.046486e+02 9.832400e+00 -6.601803e+00
    endloop
  endfacet
  facet normal 3.752670e-01 8.181418e-16 9.269168e-01
    outer loop
      vertex   1.046486e+02 9.832400e+00 -6.601803e+00
      vertex   1.049546e+02 1.534440e+01 -6.725690e+00
      vertex   1.046486e+02 1.534440e+01 -6.601803e+00
    endloop
  endfacet
  facet normal 3.151082e-01 6.594750e-16 9.490557e-01
    outer loop
      vertex   1.046486e+02 9.832400e+00 -6.601803e+00
      vertex   1.046486e+02 1.534440e+01 -6.601803e+00
      vertex   1.043353e+02 9.832400e+00 -6.497776e+00
    endloop
  endfacet
  facet normal 3.151082e-01 6.594750e-16 9.490557e-01
    outer loop
      vertex   1.043353e+02 9.832400e+00 -6.497776e+00
      vertex   1.046486e+02 1.534440e+01 -6.601803e+00
      vertex   1.043353e+02 1.534440e+01 -6.497776e+00
    endloop
  endfacet
  facet normal 2.536546e-01 4.980983e-16 9.672949e-01
    outer loop
      vertex   1.043353e+02 9.832400e+00 -6.497776e+00
      vertex   1.043353e+02 1.534440e+01 -6.497776e+00
      vertex   1.040160e+02 9.832400e+00 -6.414036e+00
    endloop
  endfacet
  facet normal 2.536546e-01 -0.000000e+00 9.672949e-01
    outer loop
      vertex   1.040160e+02 9.832400e+00 -6.414036e+00
      vertex   1.043353e+02 1.534440e+01 -6.497776e+00
      vertex   1.040160e+02 1.534440e+01 -6.414036e+00
    endloop
  endfacet
  facet normal 1.911586e-01 -0.000000e+00 9.815592e-01
    outer loop
      vertex   1.040160e+02 9.832400e+00 -6.414036e+00
      vertex   1.040160e+02 1.534440e+01 -6.414036e+00
      vertex   1.036919e+02 9.832400e+00 -6.350929e+00
    endloop
  endfacet
  facet normal 1.911586e-01 -3.163279e-16 9.815592e-01
    outer loop
      vertex   1.036919e+02 9.832400e+00 -6.350929e+00
      vertex   1.040160e+02 1.534440e+01 -6.414036e+00
      vertex   1.036919e+02 1.534440e+01 -6.350929e+00
    endloop
  endfacet
  facet normal 1.278772e-01 -3.196250e-16 9.917900e-01
    outer loop
      vertex   1.036919e+02 9.832400e+00 -6.350929e+00
      vertex   1.036919e+02 1.534440e+01 -6.350929e+00
      vertex   1.033645e+02 9.832400e+00 -6.308713e+00
    endloop
  endfacet
  facet normal 1.278772e-01 -0.000000e+00 9.917900e-01
    outer loop
      vertex   1.033645e+02 9.832400e+00 -6.308713e+00
      vertex   1.036919e+02 1.534440e+01 -6.350929e+00
      vertex   1.033645e+02 1.534440e+01 -6.308713e+00
    endloop
  endfacet
  facet normal 6.407022e-02 -0.000000e+00 9.979454e-01
    outer loop
      vertex   1.033645e+02 9.832400e+00 -6.308713e+00
      vertex   1.033645e+02 1.534440e+01 -6.308713e+00
      vertex   1.030351e+02 9.832400e+00 -6.287561e+00
    endloop
  endfacet
  facet normal 6.407022e-02 -0.000000e+00 9.979454e-01
    outer loop
      vertex   1.030351e+02 9.832400e+00 -6.287561e+00
      vertex   1.033645e+02 1.534440e+01 -6.308713e+00
      vertex   1.030351e+02 1.534440e+01 -6.287561e+00
    endloop
  endfacet
  facet normal 0.000000e+00 -0.000000e+00 1.000000e+00
    outer loop
      vertex   1.030351e+02 9.832400e+00 -6.287561e+00
      vertex   1.030351e+02 1.534440e+01 -6.287561e+00
      vertex   1.027049e+02 9.832400e+00 -6.287561e+00
    endloop
  endfacet
  facet normal 0.000000e+00 0.000000e+00 1.000000e+00
    outer loop
      vertex   1.027049e+02 9.832400e+00 -6.287561e+00
      vertex   1.030351e+02 1.534440e+01 -6.287561e+00
      vertex   1.027049e+02 1.534440e+01 -6.287561e+00
    endloop
  endfacet
  facet normal -6.407022e-02 0.000000e+00 9.979454e-01
    outer loop
      vertex   1.027049e+02 9.832400e+00 -6.287561e+00
      vertex   1.027049e+02 1.534440e+01 -6.287561e+00
      vertex   1.023755e+02 9.832400e+00 -6.308713e+00
    endloop
  endfacet
  facet normal -6.407022e-02 1.608043e-16 9.979454e-01
    outer loop
      vertex   1.023755e+02 9.832400e+00 -6.308713e+00
      vertex   1.027049e+02 1.534440e+01 -6.287561e+00
      vertex   1.023755e+02 1.534440e+01 -6.308713e+00
    endloop
  endfacet
  facet normal -1.278772e-01 1.598125e-16 9.917900e-01
    outer loop
      vertex   1.023755e+02 9.832400e+00 -6.308713e+00
      vertex   1.023755e+02 1.534440e+01 -6.308713e+00
      vertex   1.020481e+02 9.832400e+00 -6.350929e+00
    endloop
  endfacet
  facet normal -1.278772e-01 0.000000e+00 9.917900e-01
    outer loop
      vertex   1.020481e+02 9.832400e+00 -6.350929e+00
      vertex   1.023755e+02 1.534440e+01 -6.308713e+00
      vertex   1.020481e+02 1.534440e+01 -6.350929e+00
    endloop
  endfacet
  facet normal -1.911586e-01 0.000000e+00 9.815592e-01
    outer loop
      vertex   1.020481e+02 9.832400e+00 -6.350929e+00
      vertex   1.020481e+02 1.534440e+01 -6.350929e+00
      vertex   1.017240e+02 9.832400e+00 -6.414036e+00
    endloop
  endfacet
  facet normal -1.911586e-01 0.000000e+00 9.815592e-01
    outer loop
      vertex   1.017240e+02 9.832400e+00 -6.414036e+00
      vertex   1.020481e+02 1.534440e+01 -6.350929e+00
      vertex   1.017240e+02 1.534440e+01 -6.414036e+00
    endloop
  endfacet
  facet normal -2.536546e-01 0.000000e+00 9.672949e-01
    outer loop
      vertex   1.017240e+02 9.832400e+00 -6.414036e+00
      vertex   1.017240e+02 1.534440e+01 -6.414036e+00
      vertex   1.014047e+02 9.832400e+00 -6.497776e+00
    endloop
  endfacet
  facet normal -2.536546e-01 -9.961967e-16 9.672949e-01
    outer loop
      vertex   1.014047e+02 9.832400e+00 -6.497776e+00
      vertex   1.017240e+02 1.534440e+01 -6.414036e+00
      vertex   1.014047e+02 1.534440e+01 -6.497776e+00
    endloop
  endfacet
  facet normal -3.151082e-01 -1.318950e-15 9.490557e-01
    outer loop
      vertex   1.014047e+02 9.832400e+00 -6.497776e+00
      vertex   1.014047e+02 1.534440e+01 -6.497776e+00
      vertex   1.010914e+02 9.832400e+00 -6.601803e+00
    endloop
  endfacet
  facet normal -3.151082e-01 0.000000e+00 9.490557e-01
    outer loop
      vertex   1.010914e+02 9.832400e+00 -6.601803e+00
      vertex   1.014047e+02 1.534440e+01 -6.497776e+00
      vertex   1.010914e+02 1.534440e+01 -6.601803e+00
    endloop
  endfacet
  facet normal -3.752670e-01 0.000000e+00 9.269168e-01
    outer loop
      vertex   1.010914e+02 9.832400e+00 -6.601803e+00
      vertex   1.010914e+02 1.534440e+01 -6.601803e+00
      vertex   1.007854e+02 9.832400e+00 -6.725690e+00
    endloop
  endfacet
  facet normal -3.752670e-01 1.493591e-16 9.269168e-01
    outer loop
      vertex   1.007854e+02 9.832400e+00 -6.725690e+00
      vertex   1.010914e+02 1.534440e+01 -6.601803e+00
      vertex   1.007854e+02 1.534440e+01 -6.725690e+00
    endloop
  endfacet
  facet normal -4.338837e-01 1.451780e-16 9.009689e-01
    outer loop
      vertex   1.007854e+02 9.832400e+00 -6.725690e+00
      vertex   1.007854e+02 1.534440e+01 -6.725690e+00
      vertex   1.004879e+02 9.832400e+00 -6.868929e+00
    endloop
  endfacet
  facet normal -4.338837e-01 0.000000e+00 9.009689e-01
    outer loop
      vertex   1.004879e+02 9.832400e+00 -6.868929e+00
      vertex   1.007854e+02 1.534440e+01 -6.725690e+00
      vertex   1.004879e+02 1.534440e+01 -6.868929e+00
    endloop
  endfacet
  facet normal -4.907176e-01 0.000000e+00 8.713187e-01
    outer loop
      vertex   1.004879e+02 9.832400e+00 -6.868929e+00
      vertex   1.004879e+02 1.534440e+01 -6.868929e+00
      vertex   1.002003e+02 9.832400e+00 -7.030930e+00
    endloop
  endfacet
  facet normal -4.907176e-01 1.404003e-16 8.713187e-01
    outer loop
      vertex   1.002003e+02 9.832400e+00 -7.030930e+00
      vertex   1.004879e+02 1.534440e+01 -6.868929e+00
      vertex   1.002003e+02 1.534440e+01 -7.030930e+00
    endloop
  endfacet
  facet normal -5.455349e-01 1.350457e-16 8.380881e-01
    outer loop
      vertex   1.002003e+02 9.832400e+00 -7.030930e+00
      vertex   1.002003e+02 1.534440e+01 -7.030930e+00
      vertex   9.992360e+01 9.832400e+00 -7.211028e+00
    endloop
  endfacet
  facet normal -5.455349e-01 1.350457e-16 8.380881e-01
    outer loop
      vertex   9.992360e+01 9.832400e+00 -7.211028e+00
      vertex   1.002003e+02 1.534440e+01 -7.030930e+00
      vertex   9.992360e+01 1.534440e+01 -7.211028e+00
    endloop
  endfacet
  facet normal -5.981105e-01 1.291361e-16 8.014136e-01
    outer loop
      vertex   9.992360e+01 9.832400e+00 -7.211028e+00
      vertex   9.992360e+01 1.534440e+01 -7.211028e+00
      vertex   9.965903e+01 9.832400e+00 -7.408483e+00
    endloop
  endfacet
  facet normal -5.981105e-01 0.000000e+00 8.014136e-01
    outer loop
      vertex   9.965903e+01 9.832400e+00 -7.408483e+00
      vertex   9.992360e+01 1.534440e+01 -7.211028e+00
      vertex   9.965903e+01 1.534440e+01 -7.408483e+00
    endloop
  endfacet
  facet normal -6.482284e-01 0.000000e+00 7.614460e-01
    outer loop
      vertex   9.965903e+01 9.832400e+00 -7.408483e+00
      vertex   9.965903e+01 1.534440e+01 -7.408483e+00
      vertex   9.940765e+01 9.832400e+00 -7.622483e+00
    endloop
  endfacet
  facet normal -6.482284e-01 2.453918e-16 7.614460e-01
    outer loop
      vertex   9.940765e+01 9.832400e+00 -7.622483e+00
      vertex   9.965903e+01 1.534440e+01 -7.408483e+00
      vertex   9.940765e+01 1.534440e+01 -7.622483e+00
    endloop
  endfacet
  facet normal -6.956826e-01 2.315030e-16 7.183494e-01
    outer loop
      vertex   9.940765e+01 9.832400e+00 -7.622483e+00
      vertex   9.940765e+01 1.534440e+01 -7.622483e+00
      vertex   9.917050e+01 9.832400e+00 -7.852150e+00
    endloop
  endfacet
  facet normal -6.956826e-01 1.157515e-16 7.183494e-01
    outer loop
      vertex   9.917050e+01 9.832400e+00 -7.852150e+00
      vertex   9.940765e+01 1.534440e+01 -7.622483e+00
      vertex   9.917050e+01 1.534440e+01 -7.852150e+00
    endloop
  endfacet
  facet normal -7.402780e-01 1.083315e-16 6.723009e-01
    outer loop
      vertex   9.917050e+01 9.832400e+00 -7.852150e+00
      vertex   9.917050e+01 1.534440e+01 -7.852150e+00
      vertex   9.894855e+01 9.832400e+00 -8.096539e+00
    endloop
  endfacet
  facet normal -7.402780e-01 2.166630e-16 6.723009e-01
    outer loop
      vertex   9.894855e+01 9.832400e+00 -8.096539e+00
      vertex   9.917050e+01 1.534440e+01 -7.852150e+00
      vertex   9.894855e+01 1.534440e+01 -8.096539e+00
    endloop
  endfacet
  facet normal -7.818315e-01 2.009326e-16 6.234898e-01
    outer loop
      vertex   9.894855e+01 9.832400e+00 -8.096539e+00
      vertex   9.894855e+01 1.534440e+01 -8.096539e+00
      vertex   9.874272e+01 9.832400e+00 -8.354646e+00
    endloop
  endfacet
  facet normal -7.818315e-01 2.009326e-16 6.234898e-01
    outer loop
      vertex   9.874272e+01 9.832400e+00 -8.354646e+00
      vertex   9.894855e+01 1.534440e+01 -8.096539e+00
      vertex   9.874272e+01 1.534440e+01 -8.354646e+00
    endloop
  endfacet
  facet normal -8.201723e-01 1.843765e-16 5.721167e-01
    outer loop
      vertex   9.874272e+01 9.832400e+00 -8.354646e+00
      vertex   9.874272e+01 1.534440e+01 -8.354646e+00
      vertex   9.855385e+01 9.832400e+00 -8.625410e+00
    endloop
  endfacet
  facet normal -8.201723e-01 1.843765e-16 5.721167e-01
    outer loop
      vertex   9.855385e+01 9.832400e+00 -8.625410e+00
      vertex   9.874272e+01 1.534440e+01 -8.354646e+00
      vertex   9.855385e+01 1.534440e+01 -8.625410e+00
    endloop
  endfacet
  facet normal -8.551428e-01 1.670628e-16 5.183926e-01
    outer loop
      vertex   9.855385e+01 9.832400e+00 -8.625410e+00
      vertex   9.855385e+01 1.534440e+01 -8.625410e+00
      vertex   9.838271e+01 9.832400e+00 -8.907720e+00
    endloop
  endfacet
  facet normal -8.551428e-01 0.000000e+00 5.183926e-01
    outer loop
      vertex   9.838271e+01 9.832400e+00 -8.907720e+00
      vertex   9.855385e+01 1.534440e+01 -8.625410e+00
      vertex   9.838271e+01 1.534440e+01 -8.907720e+00
    endloop
  endfacet
  facet normal -8.865993e-01 0.000000e+00 4.625383e-01
    outer loop
      vertex   9.838271e+01 9.832400e+00 -8.907720e+00
      vertex   9.838271e+01 1.534440e+01 -8.907720e+00
      vertex   9.823001e+01 9.832400e+00 -9.200414e+00
    endloop
  endfacet
  facet normal -8.865993e-01 0.000000e+00 4.625383e-01
    outer loop
      vertex   9.823001e+01 9.832400e+00 -9.200414e+00
      vertex   9.838271e+01 1.534440e+01 -8.907720e+00
      vertex   9.823001e+01 1.534440e+01 -9.200414e+00
    endloop
  endfacet
  facet normal -9.144126e-01 0.000000e+00 4.047833e-01
    outer loop
      vertex   9.823001e+01 9.832400e+00 -9.200414e+00
      vertex   9.823001e+01 1.534440e+01 -9.200414e+00
      vertex   9.809638e+01 9.832400e+00 -9.502290e+00
    endloop
  endfacet
  facet normal -9.144126e-01 -4.454117e-15 4.047833e-01
    outer loop
      vertex   9.809638e+01 9.832400e+00 -9.502290e+00
      vertex   9.823001e+01 1.534440e+01 -9.200414e+00
      vertex   9.809638e+01 1.534440e+01 -9.502290e+00
    endloop
  endfacet
  facet normal -9.384684e-01 -4.616454e-15 3.453651e-01
    outer loop
      vertex   9.809638e+01 9.832400e+00 -9.502290e+00
      vertex   9.809638e+01 1.534440e+01 -9.502290e+00
      vertex   9.798236e+01 9.832400e+00 -9.812108e+00
    endloop
  endfacet
  facet normal -9.384684e-01 1.113011e-16 3.453651e-01
    outer loop
      vertex   9.798236e+01 9.832400e+00 -9.812108e+00
      vertex   9.809638e+01 1.534440e+01 -9.502290e+00
      vertex   9.798236e+01 1.534440e+01 -9.812108e+00
    endloop
  endfacet
  facet normal -9.586679e-01 9.169494e-17 2.845276e-01
    outer loop
      vertex   9.798236e+01 9.832400e+00 -9.812108e+00
      vertex   9.798236e+01 1.534440e+01 -9.812108e+00
      vertex   9.788843e+01 9.832400e+00 -1.012859e+01
    endloop
  endfacet
  facet normal -9.586679e-01 1.833899e-16 2.845276e-01
    outer loop
      vertex   9.788843e+01 9.832400e+00 -1.012859e+01
      vertex   9.798236e+01 1.534440e+01 -9.812108e+00
      vertex   9.788843e+01 1.534440e+01 -1.012859e+01
    endloop
  endfacet
  facet normal -9.749279e-01 1.434240e-16 2.225209e-01
    outer loop
      vertex   9.788843e+01 9.832400e+00 -1.012859e+01
      vertex   9.788843e+01 1.534440e+01 -1.012859e+01
      vertex   9.781497e+01 9.832400e+00 -1.045045e+01
    endloop
  endfacet
  facet normal -9.749279e-01 7.171201e-17 2.225209e-01
    outer loop
      vertex   9.781497e+01 9.832400e+00 -1.045045e+01
      vertex   9.788843e+01 1.534440e+01 -1.012859e+01
      vertex   9.781497e+01 1.534440e+01 -1.045045e+01
    endloop
  endfacet
  facet normal -9.871818e-01 5.143439e-17 1.595999e-01
    outer loop
      vertex   9.781497e+01 9.832400e+00 -1.045045e+01
      vertex   9.781497e+01 1.534440e+01 -1.045045e+01
      vertex   9.776228e+01 9.832400e+00 -1.077635e+01
    endloop
  endfacet
  facet normal -9.871818e-01 1.543032e-16 1.595999e-01
    outer loop
      vertex   9.776228e+01 9.832400e+00 -1.077635e+01
      vertex   9.781497e+01 1.534440e+01 -1.045045e+01
      vertex   9.776228e+01 1.534440e+01 -1.077635e+01
    endloop
  endfacet
  facet normal -9.953791e-01 9.283626e-17 9.602303e-02
    outer loop
      vertex   9.776228e+01 9.832400e+00 -1.077635e+01
      vertex   9.776228e+01 1.534440e+01 -1.077635e+01
      vertex   9.773058e+01 9.832400e+00 -1.110495e+01
    endloop
  endfacet
  facet normal -9.953791e-01 6.189084e-17 9.602303e-02
    outer loop
      vertex   9.773058e+01 9.832400e+00 -1.110495e+01
      vertex   9.776228e+01 1.534440e+01 -1.077635e+01
      vertex   9.773058e+01 1.534440e+01 -1.110495e+01
    endloop
  endfacet
  facet normal -9.994862e-01 2.065858e-17 3.205158e-02
    outer loop
      vertex   9.773058e+01 9.832400e+00 -1.110495e+01
      vertex   9.773058e+01 1.534440e+01 -1.110495e+01
      vertex   9.772000e+01 9.832400e+00 -1.143491e+01
    endloop
  endfacet
  facet normal -9.994862e-01 0.000000e+00 3.205158e-02
    outer loop
      vertex   9.772000e+01 9.832400e+00 -1.143491e+01
      vertex   9.773058e+01 1.534440e+01 -1.110495e+01
      vertex   9.772000e+01 1.534440e+01 -1.143491e+01
    endloop
  endfacet
  facet normal -9.994862e-01 0.000000e+00 -3.205158e-02
    outer loop
      vertex   9.772000e+01 9.832400e+00 -1.143491e+01
      vertex   9.772000e+01 1.534440e+01 -1.143491e+01
      vertex   9.773058e+01 9.832400e+00 -1.176488e+01
    endloop
  endfacet
  facet normal -9.994862e-01 -2.065858e-17 -3.205158e-02
    outer loop
      vertex   9.773058e+01 9.832400e+00 -1.176488e+01
      vertex   9.772000e+01 1.534440e+01 -1.143491e+01
      vertex   9.773058e+01 1.534440e+01 -1.176488e+01
    endloop
  endfacet
  facet normal -9.953791e-01 -6.189084e-17 -9.602303e-02
    outer loop
      vertex   9.773058e+01 9.832400e+00 -1.176488e+01
      vertex   9.773058e+01 1.534440e+01 -1.176488e+01
      vertex   9.776228e+01 9.832400e+00 -1.209348e+01
    endloop
  endfacet
  facet normal -9.953791e-01 -9.283626e-17 -9.602303e-02
    outer loop
      vertex   9.776228e+01 9.832400e+00 -1.209348e+01
      vertex   9.773058e+01 1.534440e+01 -1.176488e+01
      vertex   9.776228e+01 1.534440e+01 -1.209348e+01
    endloop
  endfacet
  facet normal -9.871818e-01 -1.543032e-16 -1.595999e-01
    outer loop
      vertex   9.776228e+01 9.832400e+00 -1.209348e+01
      vertex   9.776228e+01 1.534440e+01 -1.209348e+01
      vertex   9.781497e+01 9.832400e+00 -1.241938e+01
    endloop
  endfacet
  facet normal -9.871818e-01 -5.143439e-17 -1.595999e-01
    outer loop
      vertex   9.781497e+01 9.832400e+00 -1.241938e+01
      vertex   9.776228e+01 1.534440e+01 -1.209348e+01
      vertex   9.781497e+01 1.534440e+01 -1.241938e+01
    endloop
  endfacet
  facet normal -9.749279e-01 -7.171201e-17 -2.225209e-01
    outer loop
      vertex   9.781497e+01 9.832400e+00 -1.241938e+01
      vertex   9.781497e+01 1.534440e+01 -1.241938e+01
      vertex   9.788843e+01 9.832400e+00 -1.274124e+01
    endloop
  endfacet
  facet normal -9.749279e-01 -1.434240e-16 -2.225209e-01
    outer loop
      vertex   9.788843e+01 9.832400e+00 -1.274124e+01
      vertex   9.781497e+01 1.534440e+01 -1.241938e+01
      vertex   9.788843e+01 1.534440e+01 -1.274124e+01
    endloop
  endfacet
  facet normal -9.586679e-01 -1.833899e-16 -2.845276e-01
    outer loop
      vertex   9.788843e+01 9.832400e+00 -1.274124e+01
      vertex   9.788843e+01 1.534440e+01 -1.274124e+01
      vertex   9.798236e+01 9.832400e+00 -1.305772e+01
    endloop
  endfacet
  facet normal -9.586679e-01 -9.169494e-17 -2.845276e-01
    outer loop
      vertex   9.798236e+01 9.832400e+00 -1.305772e+01
      vertex   9.788843e+01 1.534440e+01 -1.274124e+01
      vertex   9.798236e+01 1.534440e+01 -1.305772e+01
    endloop
  endfacet
  facet normal -9.384684e-01 -1.113011e-16 -3.453651e-01
    outer loop
      vertex   9.798236e+01 9.832400e+00 -1.305772e+01
      vertex   9.798236e+01 1.534440e+01 -1.305772e+01
      vertex   9.809638e+01 9.832400e+00 -1.336754e+01
    endloop
  endfacet
  facet normal -9.384684e-01 4.616454e-15 -3.453651e-01
    outer loop
      vertex   9.809638e+01 9.832400e+00 -1.336754e+01
      vertex   9.798236e+01 1.534440e+01 -1.305772e+01
      vertex   9.809638e+01 1.534440e+01 -1.336754e+01
    endloop
  endfacet
  facet normal -9.144126e-01 4.454117e-15 -4.047833e-01
    outer loop
      vertex   9.809638e+01 9.832400e+00 -1.336754e+01
      vertex   9.809638e+01 1.534440e+01 -1.336754e+01
      vertex   9.823001e+01 9.832400e+00 -1.366942e+01
    endloop
  endfacet
  facet normal -9.144126e-01 0.000000e+00 -4.047833e-01
    outer loop
      vertex   9.823001e+01 9.832400e+00 -1.366942e+01
      vertex   9.809638e+01 1.534440e+01 -1.336754e+01
      vertex   9.823001e+01 1.534440e+01 -1.366942e+01
    endloop
  endfacet
  facet normal -8.865993e-01 0.000000e+00 -4.625383e-01
    outer loop
      vertex   9.823001e+01 9.832400e+00 -1.366942e+01
      vertex   9.823001e+01 1.534440e+01 -1.366942e+01
      vertex   9.838271e+01 9.832400e+00 -1.396211e+01
    endloop
  endfacet
  facet normal -8.865993e-01 -1.490626e-16 -4.625383e-01
    outer loop
      vertex   9.838271e+01 9.832400e+00 -1.396211e+01
      vertex   9.823001e+01 1.534440e+01 -1.366942e+01
      vertex   9.838271e+01 1.534440e+01 -1.396211e+01
    endloop
  endfacet
  facet normal -8.551428e-01 -1.670628e-16 -5.183926e-01
    outer loop
      vertex   9.838271e+01 9.832400e+00 -1.396211e+01
      vertex   9.838271e+01 1.534440e+01 -1.396211e+01
      vertex   9.855385e+01 9.832400e+00 -1.424442e+01
    endloop
  endfacet
  facet normal -8.551428e-01 0.000000e+00 -5.183926e-01
    outer loop
      vertex   9.855385e+01 9.832400e+00 -1.424442e+01
      vertex   9.838271e+01 1.534440e+01 -1.396211e+01
      vertex   9.855385e+01 1.534440e+01 -1.424442e+01
    endloop
  endfacet
  facet normal -8.201723e-01 0.000000e+00 -5.721167e-01
    outer loop
      vertex   9.855385e+01 9.832400e+00 -1.424442e+01
      vertex   9.855385e+01 1.534440e+01 -1.424442e+01
      vertex   9.874272e+01 9.832400e+00 -1.451518e+01
    endloop
  endfacet
  facet normal -8.201723e-01 -3.687530e-16 -5.721167e-01
    outer loop
      vertex   9.874272e+01 9.832400e+00 -1.451518e+01
      vertex   9.855385e+01 1.534440e+01 -1.424442e+01
      vertex   9.874272e+01 1.534440e+01 -1.451518e+01
    endloop
  endfacet
  facet normal -7.818315e-01 -4.018652e-16 -6.234898e-01
    outer loop
      vertex   9.874272e+01 9.832400e+00 -1.451518e+01
      vertex   9.874272e+01 1.534440e+01 -1.451518e+01
      vertex   9.894855e+01 9.832400e+00 -1.477329e+01
    endloop
  endfacet
  facet normal -7.818315e-01 -2.009326e-16 -6.234898e-01
    outer loop
      vertex   9.894855e+01 9.832400e+00 -1.477329e+01
      vertex   9.874272e+01 1.534440e+01 -1.451518e+01
      vertex   9.894855e+01 1.534440e+01 -1.477329e+01
    endloop
  endfacet
  facet normal -7.402780e-01 -2.166630e-16 -6.723009e-01
    outer loop
      vertex   9.894855e+01 9.832400e+00 -1.477329e+01
      vertex   9.894855e+01 1.534440e+01 -1.477329e+01
      vertex   9.917050e+01 9.832400e+00 -1.501768e+01
    endloop
  endfacet
  facet normal -7.402780e-01 0.000000e+00 -6.723009e-01
    outer loop
      vertex   9.917050e+01 9.832400e+00 -1.501768e+01
      vertex   9.894855e+01 1.534440e+01 -1.477329e+01
      vertex   9.917050e+01 1.534440e+01 -1.501768e+01
    endloop
  endfacet
  facet normal -6.956826e-01 0.000000e+00 -7.183494e-01
    outer loop
      vertex   9.917050e+01 9.832400e+00 -1.501768e+01
      vertex   9.917050e+01 1.534440e+01 -1.501768e+01
      vertex   9.940765e+01 9.832400e+00 -1.524735e+01
    endloop
  endfacet
  facet normal -6.956826e-01 -2.315030e-16 -7.183494e-01
    outer loop
      vertex   9.940765e+01 9.832400e+00 -1.524735e+01
      vertex   9.917050e+01 1.534440e+01 -1.501768e+01
      vertex   9.940765e+01 1.534440e+01 -1.524735e+01
    endloop
  endfacet
  facet normal -6.482284e-01 -2.453918e-16 -7.614460e-01
    outer loop
      vertex   9.940765e+01 9.832400e+00 -1.524735e+01
      vertex   9.940765e+01 1.534440e+01 -1.524735e+01
      vertex   9.965903e+01 9.832400e+00 -1.546135e+01
    endloop
  endfacet
  facet normal -6.482284e-01 0.000000e+00 -7.614460e-01
    outer loop
      vertex   9.965903e+01 9.832400e+00 -1.546135e+01
      vertex   9.940765e+01 1.534440e+01 -1.524735e+01
      vertex   9.965903e+01 1.534440e+01 -1.546135e+01
    endloop
  endfacet
  facet normal -5.981105e-01 0.000000e+00 -8.014136e-01
    outer loop
      vertex   9.965903e+01 9.832400e+00 -1.546135e+01
      vertex   9.965903e+01 1.534440e+01 -1.546135e+01
      vertex   9.992360e+01 9.832400e+00 -1.565880e+01
    endloop
  endfacet
  facet normal -5.981105e-01 0.000000e+00 -8.014136e-01
    outer loop
      vertex   9.992360e+01 9.832400e+00 -1.565880e+01
      vertex   9.965903e+01 1.534440e+01 -1.546135e+01
      vertex   9.992360e+01 1.534440e+01 -1.565880e+01
    endloop
  endfacet
  facet normal -5.455349e-01 0.000000e+00 -8.380881e-01
    outer loop
      vertex   9.992360e+01 9.832400e+00 -1.565880e+01
      vertex   9.992360e+01 1.534440e+01 -1.565880e+01
      vertex   1.002003e+02 9.832400e+00 -1.583890e+01
    endloop
  endfacet
  facet normal -5.455349e-01 0.000000e+00 -8.380881e-01
    outer loop
      vertex   1.002003e+02 9.832400e+00 -1.583890e+01
      vertex   9.992360e+01 1.534440e+01 -1.565880e+01
      vertex   1.002003e+02 1.534440e+01 -1.583890e+01
    endloop
  endfacet
  facet normal -4.907176e-01 0.000000e+00 -8.713187e-01
    outer loop
      vertex   1.002003e+02 9.832400e+00 -1.583890e+01
      vertex   1.002003e+02 1.534440e+01 -1.583890e+01
      vertex   1.004879e+02 9.832400e+00 -1.600090e+01
    endloop
  endfacet
  facet normal -4.907176e-01 0.000000e+00 -8.713187e-01
    outer loop
      vertex   1.004879e+02 9.832400e+00 -1.600090e+01
      vertex   1.002003e+02 1.534440e+01 -1.583890e+01
      vertex   1.004879e+02 1.534440e+01 -1.600090e+01
    endloop
  endfacet
  facet normal -4.338837e-01 0.000000e+00 -9.009689e-01
    outer loop
      vertex   1.004879e+02 9.832400e+00 -1.600090e+01
      vertex   1.004879e+02 1.534440e+01 -1.600090e+01
      vertex   1.007854e+02 9.832400e+00 -1.614414e+01
    endloop
  endfacet
  facet normal -4.338837e-01 0.000000e+00 -9.009689e-01
    outer loop
      vertex   1.007854e+02 9.832400e+00 -1.614414e+01
      vertex   1.004879e+02 1.534440e+01 -1.600090e+01
      vertex   1.007854e+02 1.534440e+01 -1.614414e+01
    endloop
  endfacet
  facet normal -3.752670e-01 0.000000e+00 -9.269168e-01
    outer loop
      vertex   1.007854e+02 9.832400e+00 -1.614414e+01
      vertex   1.007854e+02 1.534440e+01 -1.614414e+01
      vertex   1.010914e+02 9.832400e+00 -1.626803e+01
    endloop
  endfacet
  facet normal -3.752670e-01 0.000000e+00 -9.269168e-01
    outer loop
      vertex   1.010914e+02 9.832400e+00 -1.626803e+01
      vertex   1.007854e+02 1.534440e+01 -1.614414e+01
      vertex   1.010914e+02 1.534440e+01 -1.626803e+01
    endloop
  endfacet
  facet normal -3.151082e-01 0.000000e+00 -9.490557e-01
    outer loop
      vertex   1.010914e+02 9.832400e+00 -1.626803e+01
      vertex   1.010914e+02 1.534440e+01 -1.626803e+01
      vertex   1.014047e+02 9.832400e+00 -1.637205e+01
    endloop
  endfacet
  facet normal -3.151082e-01 1.013097e-15 -9.490557e-01
    outer loop
      vertex   1.014047e+02 9.832400e+00 -1.637205e+01
      vertex   1.010914e+02 1.534440e+01 -1.626803e+01
      vertex   1.014047e+02 1.534440e+01 -1.637205e+01
    endloop
  endfacet
  facet normal -2.536546e-01 6.844657e-16 -9.672949e-01
    outer loop
      vertex   1.014047e+02 9.832400e+00 -1.637205e+01
      vertex   1.014047e+02 1.534440e+01 -1.637205e+01
      vertex   1.017240e+02 9.832400e+00 -1.645579e+01
    endloop
  endfacet
  facet normal -2.536546e-01 0.000000e+00 -9.672949e-01
    outer loop
      vertex   1.017240e+02 9.832400e+00 -1.645579e+01
      vertex   1.014047e+02 1.534440e+01 -1.637205e+01
      vertex   1.017240e+02 1.534440e+01 -1.645579e+01
    endloop
  endfacet
  facet normal -1.911586e-01 0.000000e+00 -9.815592e-01
    outer loop
      vertex   1.017240e+02 9.832400e+00 -1.645579e+01
      vertex   1.017240e+02 1.534440e+01 -1.645579e+01
      vertex   1.020481e+02 9.832400e+00 -1.651890e+01
    endloop
  endfacet
  facet normal -1.911586e-01 0.000000e+00 -9.815592e-01
    outer loop
      vertex   1.020481e+02 9.832400e+00 -1.651890e+01
      vertex   1.017240e+02 1.534440e+01 -1.645579e+01
      vertex   1.020481e+02 1.534440e+01 -1.651890e+01
    endloop
  endfacet
  facet normal -1.278772e-01 0.000000e+00 -9.917900e-01
    outer loop
      vertex   1.020481e+02 9.832400e+00 -1.651890e+01
      vertex   1.020481e+02 1.534440e+01 -1.651890e+01
      vertex   1.023755e+02 9.832400e+00 -1.656112e+01
    endloop
  endfacet
  facet normal -1.278772e-01 -6.392500e-16 -9.917900e-01
    outer loop
      vertex   1.023755e+02 9.832400e+00 -1.656112e+01
      vertex   1.020481e+02 1.534440e+01 -1.651890e+01
      vertex   1.023755e+02 1.534440e+01 -1.656112e+01
    endloop
  endfacet
  facet normal -6.407022e-02 -6.432174e-16 -9.979454e-01
    outer loop
      vertex   1.023755e+02 9.832400e+00 -1.656112e+01
      vertex   1.023755e+02 1.534440e+01 -1.656112e+01
      vertex   1.027049e+02 9.832400e+00 -1.658227e+01
    endloop
  endfacet
  facet normal -6.407022e-02 0.000000e+00 -9.979454e-01
    outer loop
      vertex   1.027049e+02 9.832400e+00 -1.658227e+01
      vertex   1.023755e+02 1.534440e+01 -1.656112e+01
      vertex   1.027049e+02 1.534440e+01 -1.658227e+01
    endloop
  endfacet
  facet normal 0.000000e+00 0.000000e+00 -1.000000e+00
    outer loop
      vertex   1.027049e+02 9.832400e+00 -1.658227e+01
      vertex   1.027049e+02 1.534440e+01 -1.658227e+01
      vertex   1.030351e+02 9.832400e+00 -1.658227e+01
    endloop
  endfacet
  facet normal 0.000000e+00 0.000000e+00 -1.000000e+00
    outer loop
      vertex   1.030351e+02 9.832400e+00 -1.658227e+01
      vertex   1.027049e+02 1.534440e+01 -1.658227e+01
      vertex   1.030351e+02 1.534440e+01 -1.658227e+01
    endloop
  endfacet
  facet normal 6.407022e-02 0.000000e+00 -9.979454e-01
    outer loop
      vertex   1.030351e+02 9.832400e+00 -1.658227e+01
      vertex   1.030351e+02 1.534440e+01 -1.658227e+01
      vertex   1.033645e+02 9.832400e+00 -1.656112e+01
    endloop
  endfacet
  facet normal 6.407022e-02 0.000000e+00 -9.979454e-01
    outer loop
      vertex   1.033645e+02 9.832400e+00 -1.656112e+01
      vertex   1.030351e+02 1.534440e+01 -1.658227e+01
      vertex   1.033645e+02 1.534440e+01 -1.656112e+01
    endloop
  endfacet
  facet normal 1.278772e-01 0.000000e+00 -9.917900e-01
    outer loop
      vertex   1.033645e+02 9.832400e+00 -1.656112e+01
      vertex   1.033645e+02 1.534440e+01 -1.656112e+01
      vertex   1.036919e+02 9.832400e+00 -1.651890e+01
    endloop
  endfacet
  facet normal 1.278772e-01 0.000000e+00 -9.917900e-01
    outer loop
      vertex   1.036919e+02 9.832400e+00 -1.651890e+01
      vertex   1.033645e+02 1.534440e+01 -1.656112e+01
      vertex   1.036919e+02 1.534440e+01 -1.651890e+01
    endloop
  endfacet
  facet normal 1.911586e-01 0.000000e+00 -9.815592e-01
    outer loop
      vertex   1.036919e+02 9.832400e+00 -1.651890e+01
      vertex   1.036919e+02 1.534440e+01 -1.651890e+01
      vertex   1.040160e+02 9.832400e+00 -1.645579e+01
    endloop
  endfacet
  facet normal 1.911586e-01 0.000000e+00 -9.815592e-01
    outer loop
      vertex   1.040160e+02 9.832400e+00 -1.645579e+01
      vertex   1.036919e+02 1.534440e+01 -1.651890e+01
      vertex   1.040160e+02 1.534440e+01 -1.645579e+01
    endloop
  endfacet
  facet normal 2.536546e-01 0.000000e+00 -9.672949e-01
    outer loop
      vertex   1.040160e+02 9.832400e+00 -1.645579e+01
      vertex   1.040160e+02 1.534440e+01 -1.645579e+01
      vertex   1.043353e+02 9.832400e+00 -1.637205e+01
    endloop
  endfacet
  facet normal 2.536546e-01 -6.539638e-16 -9.672949e-01
    outer loop
      vertex   1.043353e+02 9.832400e+00 -1.637205e+01
      vertex   1.040160e+02 1.534440e+01 -1.645579e+01
      vertex   1.043353e+02 1.534440e+01 -1.637205e+01
    endloop
  endfacet
  facet normal 3.151082e-01 -8.124015e-16 -9.490557e-01
    outer loop
      vertex   1.043353e+02 9.832400e+00 -1.637205e+01
      vertex   1.043353e+02 1.534440e+01 -1.637205e+01
      vertex   1.046486e+02 9.832400e+00 -1.626803e+01
    endloop
  endfacet
  facet normal 3.151082e-01 -8.124015e-16 -9.490557e-01
    outer loop
      vertex   1.046486e+02 9.832400e+00 -1.626803e+01
      vertex   1.043353e+02 1.534440e+01 -1.637205e+01
      vertex   1.046486e+02 1.534440e+01 -1.626803e+01
    endloop
  endfacet
  facet normal 3.752670e-01 -9.675009e-16 -9.269168e-01
    outer loop
      vertex   1.046486e+02 9.832400e+00 -1.626803e+01
      vertex   1.046486e+02 1.534440e+01 -1.626803e+01
      vertex   1.049546e+02 9.832400e+00 -1.614414e+01
    endloop
  endfacet
  facet normal 3.752670e-01 -9.675009e-16 -9.269168e-01
    outer loop
      vertex   1.049546e+02 9.832400e+00 -1.614414e+01
      vertex   1.046486e+02 1.534440e+01 -1.626803e+01
      vertex   1.049546e+02 1.534440e+01 -1.614414e+01
    endloop
  endfacet
  facet normal 4.338837e-01 -1.118625e-15 -9.009689e-01
    outer loop
      vertex   1.049546e+02 9.832400e+00 -1.614414e+01
      vertex   1.049546e+02 1.534440e+01 -1.614414e+01
      vertex   1.052521e+02 9.832400e+00 -1.600090e+01
    endloop
  endfacet
  facet normal 4.338837e-01 0.000000e+00 -9.009689e-01
    outer loop
      vertex   1.052521e+02 9.832400e+00 -1.600090e+01
      vertex   1.049546e+02 1.534440e+01 -1.614414e+01
      vertex   1.052521e+02 1.534440e+01 -1.600090e+01
    endloop
  endfacet
  facet normal 4.907176e-01 0.000000e+00 -8.713187e-01
    outer loop
      vertex   1.052521e+02 9.832400e+00 -1.600090e+01
      vertex   1.052521e+02 1.534440e+01 -1.600090e+01
      vertex   1.055397e+02 9.832400e+00 -1.583890e+01
    endloop
  endfacet
  facet normal 4.907176e-01 2.808006e-16 -8.713187e-01
    outer loop
      vertex   1.055397e+02 9.832400e+00 -1.583890e+01
      vertex   1.052521e+02 1.534440e+01 -1.600090e+01
      vertex   1.055397e+02 1.534440e+01 -1.583890e+01
    endloop
  endfacet
  facet normal 5.455349e-01 2.700914e-16 -8.380881e-01
    outer loop
      vertex   1.055397e+02 9.832400e+00 -1.583890e+01
      vertex   1.055397e+02 1.534440e+01 -1.583890e+01
      vertex   1.058164e+02 9.832400e+00 -1.565880e+01
    endloop
  endfacet
  facet normal 5.455349e-01 2.700914e-16 -8.380881e-01
    outer loop
      vertex   1.058164e+02 9.832400e+00 -1.565880e+01
      vertex   1.055397e+02 1.534440e+01 -1.583890e+01
      vertex   1.058164e+02 1.534440e+01 -1.565880e+01
    endloop
  endfacet
  facet normal 5.981105e-01 2.582722e-16 -8.014136e-01
    outer loop
      vertex   1.058164e+02 9.832400e+00 -1.565880e+01
      vertex   1.058164e+02 1.534440e+01 -1.565880e+01
      vertex   1.060810e+02 9.832400e+00 -1.546135e+01
    endloop
  endfacet
  facet normal 5.981105e-01 0.000000e+00 -8.014136e-01
    outer loop
      vertex   1.060810e+02 9.832400e+00 -1.546135e+01
      vertex   1.058164e+02 1.534440e+01 -1.565880e+01
      vertex   1.060810e+02 1.534440e+01 -1.546135e+01
    endloop
  endfacet
  facet normal 6.482284e-01 0.000000e+00 -7.614460e-01
    outer loop
      vertex   1.060810e+02 9.832400e+00 -1.546135e+01
      vertex   1.060810e+02 1.534440e+01 -1.546135e+01
      vertex   1.063323e+02 9.832400e+00 -1.524735e+01
    endloop
  endfacet
  facet normal 6.482284e-01 2.453918e-16 -7.614460e-01
    outer loop
      vertex   1.063323e+02 9.832400e+00 -1.524735e+01
      vertex   1.060810e+02 1.534440e+01 -1.546135e+01
      vertex   1.063323e+02 1.534440e+01 -1.524735e+01
    endloop
  endfacet
  facet normal 6.956826e-01 2.315030e-16 -7.183494e-01
    outer loop
      vertex   1.063323e+02 9.832400e+00 -1.524735e+01
      vertex   1.063323e+02 1.534440e+01 -1.524735e+01
      vertex   1.065695e+02 9.832400e+00 -1.501768e+01
    endloop
  endfacet
  facet normal 6.956826e-01 2.315030e-16 -7.183494e-01
    outer loop
      vertex   1.065695e+02 9.832400e+00 -1.501768e+01
      vertex   1.063323e+02 1.534440e+01 -1.524735e+01
      vertex   1.065695e+02 1.534440e+01 -1.501768e+01
    endloop
  endfacet
  facet normal 7.402780e-01 2.166630e-16 -6.723009e-01
    outer loop
      vertex   1.065695e+02 9.832400e+00 -1.501768e+01
      vertex   1.065695e+02 1.534440e+01 -1.501768e+01
      vertex   1.067914e+02 9.832400e+00 -1.477329e+01
    endloop
  endfacet
  facet normal 7.402780e-01 2.166630e-16 -6.723009e-01
    outer loop
      vertex   1.067914e+02 9.832400e+00 -1.477329e+01
      vertex   1.065695e+02 1.534440e+01 -1.501768e+01
      vertex   1.067914e+02 1.534440e+01 -1.477329e+01
    endloop
  endfacet
  facet normal 7.818315e-01 2.009326e-16 -6.234898e-01
    outer loop
      vertex   1.067914e+02 9.832400e+00 -1.477329e+01
      vertex   1.067914e+02 1.534440e+01 -1.477329e+01
      vertex   1.069973e+02 9.832400e+00 -1.451518e+01
    endloop
  endfacet
  facet normal 7.818315e-01 0.000000e+00 -6.234898e-01
    outer loop
      vertex   1.069973e+02 9.832400e+00 -1.451518e+01
      vertex   1.067914e+02 1.534440e+01 -1.477329e+01
      vertex   1.069973e+02 1.534440e+01 -1.451518e+01
    endloop
  endfacet
  facet normal 8.201723e-01 0.000000e+00 -5.721167e-01
    outer loop
      vertex   1.069973e+02 9.832400e+00 -1.451518e+01
      vertex   1.069973e+02 1.534440e+01 -1.451518e+01
      vertex   1.071862e+02 9.832400e+00 -1.424442e+01
    endloop
  endfacet
  facet normal 8.201723e-01 3.687530e-16 -5.721167e-01
    outer loop
      vertex   1.071862e+02 9.832400e+00 -1.424442e+01
      vertex   1.069973e+02 1.534440e+01 -1.451518e+01
      vertex   1.071862e+02 1.534440e+01 -1.424442e+01
    endloop
  endfacet
  facet normal 8.551428e-01 3.341256e-16 -5.183926e-01
    outer loop
      vertex   1.071862e+02 9.832400e+00 -1.424442e+01
      vertex   1.071862e+02 1.534440e+01 -1.424442e+01
      vertex   1.073573e+02 9.832400e+00 -1.396211e+01
    endloop
  endfacet
  facet normal 8.551428e-01 3.341256e-16 -5.183926e-01
    outer loop
      vertex   1.073573e+02 9.832400e+00 -1.396211e+01
      vertex   1.071862e+02 1.534440e+01 -1.424442e+01
      vertex   1.073573e+02 1.534440e+01 -1.396211e+01
    endloop
  endfacet
  facet normal 8.865993e-01 2.981252e-16 -4.625383e-01
    outer loop
      vertex   1.073573e+02 9.832400e+00 -1.396211e+01
      vertex   1.073573e+02 1.534440e+01 -1.396211e+01
      vertex   1.075100e+02 9.832400e+00 -1.366942e+01
    endloop
  endfacet
  facet normal 8.865993e-01 0.000000e+00 -4.625383e-01
    outer loop
      vertex   1.075100e+02 9.832400e+00 -1.366942e+01
      vertex   1.073573e+02 1.534440e+01 -1.396211e+01
      vertex   1.075100e+02 1.534440e+01 -1.366942e+01
    endloop
  endfacet
  facet normal 9.144126e-01 0.000000e+00 -4.047833e-01
    outer loop
      vertex   1.075100e+02 9.832400e+00 -1.366942e+01
      vertex   1.075100e+02 1.534440e+01 -1.366942e+01
      vertex   1.076436e+02 9.832400e+00 -1.336754e+01
    endloop
  endfacet
  facet normal 9.144126e-01 2.608997e-16 -4.047833e-01
    outer loop
      vertex   1.076436e+02 9.832400e+00 -1.336754e+01
      vertex   1.075100e+02 1.534440e+01 -1.366942e+01
      vertex   1.076436e+02 1.534440e+01 -1.336754e+01
    endloop
  endfacet
  facet normal 9.384684e-01 2.226022e-16 -3.453651e-01
    outer loop
      vertex   1.076436e+02 9.832400e+00 -1.336754e+01
      vertex   1.076436e+02 1.534440e+01 -1.336754e+01
      vertex   1.077576e+02 9.832400e+00 -1.305772e+01
    endloop
  endfacet
  facet normal 9.384684e-01 2.226022e-16 -3.453651e-01
    outer loop
      vertex   1.077576e+02 9.832400e+00 -1.305772e+01
      vertex   1.076436e+02 1.534440e+01 -1.336754e+01
      vertex   1.077576e+02 1.534440e+01 -1.305772e+01
    endloop
  endfacet
  facet normal 9.586679e-01 1.833899e-16 -2.845276e-01
    outer loop
      vertex   1.077576e+02 9.832400e+00 -1.305772e+01
      vertex   1.077576e+02 1.534440e+01 -1.305772e+01
      vertex   1.078516e+02 9.832400e+00 -1.274124e+01
    endloop
  endfacet
  facet normal 9.586679e-01 2.750848e-16 -2.845276e-01
    outer loop
      vertex   1.078516e+02 9.832400e+00 -1.274124e+01
      vertex   1.077576e+02 1.534440e+01 -1.305772e+01
      vertex   1.078516e+02 1.534440e+01 -1.274124e+01
    endloop
  endfacet
  facet normal 9.749279e-01 2.151360e-16 -2.225209e-01
    outer loop
      vertex   1.078516e+02 9.832400e+00 -1.274124e+01
      vertex   1.078516e+02 1.534440e+01 -1.274124e+01
      vertex   1.079250e+02 9.832400e+00 -1.241938e+01
    endloop
  endfacet
  facet normal 9.749279e-01 0.000000e+00 -2.225209e-01
    outer loop
      vertex   1.079250e+02 9.832400e+00 -1.241938e+01
      vertex   1.078516e+02 1.534440e+01 -1.274124e+01
      vertex   1.079250e+02 1.534440e+01 -1.241938e+01
    endloop
  endfacet
  facet normal 9.871818e-01 0.000000e+00 -1.595999e-01
    outer loop
      vertex   1.079250e+02 9.832400e+00 -1.241938e+01
      vertex   1.079250e+02 1.534440e+01 -1.241938e+01
      vertex   1.079777e+02 9.832400e+00 -1.209348e+01
    endloop
  endfacet
  facet normal 9.871818e-01 5.143439e-17 -1.595999e-01
    outer loop
      vertex   1.079777e+02 9.832400e+00 -1.209348e+01
      vertex   1.079250e+02 1.534440e+01 -1.241938e+01
      vertex   1.079777e+02 1.534440e+01 -1.209348e+01
    endloop
  endfacet
  facet normal 9.953791e-01 3.094542e-17 -9.602303e-02
    outer loop
      vertex   1.079777e+02 9.832400e+00 -1.209348e+01
      vertex   1.079777e+02 1.534440e+01 -1.209348e+01
      vertex   1.080094e+02 9.832400e+00 -1.176488e+01
    endloop
  endfacet
  facet normal 9.953791e-01 3.094542e-17 -9.602303e-02
    outer loop
      vertex   1.080094e+02 9.832400e+00 -1.176488e+01
      vertex   1.079777e+02 1.534440e+01 -1.209348e+01
      vertex   1.080094e+02 1.534440e+01 -1.176488e+01
    endloop
  endfacet
  facet normal 1.000000e+00 0.000000e+00 0.000000e+00
    outer loop
      vertex   1.062200e+02 1.454240e+01 -1.178491e+01
      vertex   1.062200e+02 9.832400e+00 -1.178491e+01
      vertex   1.062200e+02 1.454240e+01 -1.293000e+01
    endloop
  endfacet
  facet normal 1.000000e+00 0.000000e+00 0.000000e+00
    outer loop
      vertex   1.062200e+02 1.454240e+01 -1.293000e+01
      vertex   1.062200e+02 9.832400e+00 -1.178491e+01
      vertex   1.062200e+02 6.832400e+00 -1.293000e+01
    endloop
  endfacet
  facet normal 1.000000e+00 -7.748875e-15 2.030122e-14
    outer loop
      vertex   1.062200e+02 6.832400e+00 -1.293000e+01
      vertex   1.062200e+02 9.832400e+00 -1.178491e+01
      vertex   1.062200e+02 9.832400e+00 -1.108491e+01
    endloop
  endfacet
  facet normal 1.000000e+00 1.823592e-15 4.736952e-15
    outer loop
      vertex   1.062200e+02 6.832400e+00 -1.293000e+01
      vertex   1.062200e+02 9.832400e+00 -1.108491e+01
      vertex   1.062200e+02 6.832400e+00 -9.930000e+00
    endloop
  endfacet
  facet normal 1.000000e+00 -0.000000e+00 0.000000e+00
    outer loop
      vertex   1.062200e+02 6.832400e+00 -9.930000e+00
      vertex   1.062200e+02 9.832400e+00 -1.108491e+01
      vertex   1.062200e+02 1.454240e+01 -9.930000e+00
    endloop
  endfacet
  facet normal 1.000000e+00 0.000000e+00 0.000000e+00
    outer loop
      vertex   1.062200e+02 1.454240e+01 -9.930000e+00
      vertex   1.062200e+02 9.832400e+00 -1.108491e+01
      vertex   1.062200e+02 1.454240e+01 -1.108491e+01
    endloop
  endfacet
  facet normal -1.000000e+00 -0.000000e+00 -0.000000e+00
    outer loop
      vertex   9.952000e+01 1.456440e+01 -1.178491e+01
      vertex   9.952000e+01 1.456440e+01 -1.293000e+01
      vertex   9.952000e+01 9.832400e+00 -1.178491e+01
    endloop
  endfacet
  facet normal -1.000000e+00 0.000000e+00 -0.000000e+00
    outer loop
      vertex   9.952000e+01 9.832400e+00 -1.178491e+01
      vertex   9.952000e+01 1.456440e+01 -1.293000e+01
      vertex   9.952000e+01 6.832400e+00 -1.293000e+01
    endloop
  endfacet
  facet normal -1.000000e+00 7.748875e-15 -2.030122e-14
    outer loop
      vertex   9.952000e+01 9.832400e+00 -1.178491e+01
      vertex   9.952000e+01 6.832400e+00 -1.293000e+01
      vertex   9.952000e+01 9.832400e+00 -1.108491e+01
    endloop
  endfacet
  facet normal -1.000000e+00 -1.823592e-15 -4.736952e-15
    outer loop
      vertex   9.952000e+01 9.832400e+00 -1.108491e+01
      vertex   9.952000e+01 6.832400e+00 -1.293000e+01
      vertex   9.952000e+01 6.832400e+00 -9.930000e+00
    endloop
  endfacet
  facet normal -1.000000e+00 0.000000e+00 0.000000e+00
    outer loop
      vertex   9.952000e+01 9.832400e+00 -1.108491e+01
      vertex   9.952000e+01 6.832400e+00 -9.930000e+00
      vertex   9.952000e+01 1.456440e+01 -9.930000e+00
    endloop
  endfacet
  facet normal -1.000000e+00 0.000000e+00 -0.000000e+00
    outer loop
      vertex   9.952000e+01 1.456440e+01 -9.930000e+00
      vertex   9.952000e+01 1.456440e+01 -1.108491e+01
      vertex   9.952000e+01 9.832400e+00 -1.108491e+01
    endloop
  endfacet
  facet normal 1.000000e+00 0.000000e+00 -8.249684e-13
    outer loop
      vertex   1.032200e+02 1.452675e+01 -1.406170e+01
      vertex   1.032200e+02 1.447119e+01 -1.330376e+01
      vertex   1.032200e+02 9.832400e+00 -1.406170e+01
    endloop
  endfacet
  facet normal 1.000000e+00 -6.270797e-15 -7.865896e-13
    outer loop
      vertex   1.032200e+02 9.832400e+00 -1.406170e+01
      vertex   1.032200e+02 1.447119e+01 -1.330376e+01
      vertex   1.032200e+02 1.443437e+01 -1.254468e+01
    endloop
  endfacet
  facet normal 1.000000e+00 -4.260723e-15 -7.926873e-13
    outer loop
      vertex   1.032200e+02 9.832400e+00 -1.406170e+01
      vertex   1.032200e+02 1.443437e+01 -1.254468e+01
      vertex   1.032200e+02 9.832400e+00 -1.178491e+01
    endloop
  endfacet
  facet normal 1.000000e+00 -3.100145e-15 -7.856575e-13
    outer loop
      vertex   1.032200e+02 9.832400e+00 -1.178491e+01
      vertex   1.032200e+02 1.443437e+01 -1.254468e+01
      vertex   1.032200e+02 1.441633e+01 -1.178491e+01
    endloop
  endfacet
  facet normal -2.051449e-12 6.359790e-27 -1.000000e+00
    outer loop
      vertex   1.032200e+02 1.441633e+01 -1.178491e+01
      vertex   1.038538e+02 1.443008e+01 -1.178491e+01
      vertex   1.032200e+02 9.832400e+00 -1.178491e+01
    endloop
  endfacet
  facet normal -2.051225e-12 -3.091672e-17 -1.000000e+00
    outer loop
      vertex   1.032200e+02 9.832400e+00 -1.178491e+01
      vertex   1.038538e+02 1.443008e+01 -1.178491e+01
      vertex   1.051200e+02 9.832400e+00 -1.178491e+01
    endloop
  endfacet
  facet normal -2.050012e-12 3.030351e-16 -1.000000e+00
    outer loop
      vertex   1.051200e+02 9.832400e+00 -1.178491e+01
      vertex   1.038538e+02 1.443008e+01 -1.178491e+01
      vertex   1.044873e+02 1.445690e+01 -1.178491e+01
    endloop
  endfacet
  facet normal -2.052227e-12 0.000000e+00 -1.000000e+00
    outer loop
      vertex   1.051200e+02 9.832400e+00 -1.178491e+01
      vertex   1.044873e+02 1.445690e+01 -1.178491e+01
      vertex   1.051200e+02 1.449677e+01 -1.178491e+01
    endloop
  endfacet
  facet normal -8.249481e-01 2.711182e-15 5.652086e-01
    outer loop
      vertex   1.051200e+02 9.832400e+00 -1.283491e+01
      vertex   1.051200e+02 1.452675e+01 -1.283491e+01
      vertex   1.049880e+02 9.832400e+00 -1.302761e+01
    endloop
  endfacet
  facet normal -8.249481e-01 -8.555073e-16 5.652086e-01
    outer loop
      vertex   1.049880e+02 9.832400e+00 -1.302761e+01
      vertex   1.051200e+02 1.452675e+01 -1.283491e+01
      vertex   1.049880e+02 1.452675e+01 -1.302761e+01
    endloop
  endfacet
  facet normal -7.719715e-01 -9.621392e-16 6.356572e-01
    outer loop
      vertex   1.049880e+02 9.832400e+00 -1.302761e+01
      vertex   1.049880e+02 1.452675e+01 -1.302761e+01
      vertex   1.048395e+02 9.832400e+00 -1.320793e+01
    endloop
  endfacet
  facet normal -7.719715e-01 -7.216044e-16 6.356572e-01
    outer loop
      vertex   1.048395e+02 9.832400e+00 -1.320793e+01
      vertex   1.049880e+02 1.452675e+01 -1.302761e+01
      vertex   1.048395e+02 1.452675e+01 -1.320793e+01
    endloop
  endfacet
  facet normal -7.129971e-01 -7.959719e-16 7.011670e-01
    outer loop
      vertex   1.048395e+02 9.832400e+00 -1.320793e+01
      vertex   1.048395e+02 1.452675e+01 -1.320793e+01
      vertex   1.046757e+02 9.832400e+00 -1.337447e+01
    endloop
  endfacet
  facet normal -7.129971e-01 -5.306479e-16 7.011670e-01
    outer loop
      vertex   1.046757e+02 9.832400e+00 -1.337447e+01
      vertex   1.048395e+02 1.452675e+01 -1.320793e+01
      vertex   1.046757e+02 1.452675e+01 -1.337447e+01
    endloop
  endfacet
  facet normal -6.484830e-01 -5.761033e-16 7.612291e-01
    outer loop
      vertex   1.046757e+02 9.832400e+00 -1.337447e+01
      vertex   1.046757e+02 1.452675e+01 -1.337447e+01
      vertex   1.044979e+02 9.832400e+00 -1.352595e+01
    endloop
  endfacet
  facet normal -6.484830e-01 -2.880517e-16 7.612291e-01
    outer loop
      vertex   1.044979e+02 9.832400e+00 -1.352595e+01
      vertex   1.046757e+02 1.452675e+01 -1.337447e+01
      vertex   1.044979e+02 1.452675e+01 -1.352595e+01
    endloop
  endfacet
  facet normal -5.789306e-01 -3.085413e-16 8.153769e-01
    outer loop
      vertex   1.044979e+02 9.832400e+00 -1.352595e+01
      vertex   1.044979e+02 1.452675e+01 -1.352595e+01
      vertex   1.043074e+02 9.832400e+00 -1.366118e+01
    endloop
  endfacet
  facet normal -5.789306e-01 -3.085413e-16 8.153769e-01
    outer loop
      vertex   1.043074e+02 9.832400e+00 -1.366118e+01
      vertex   1.044979e+02 1.452675e+01 -1.352595e+01
      vertex   1.043074e+02 1.452675e+01 -1.366118e+01
    endloop
  endfacet
  facet normal -5.048801e-01 -3.266338e-16 8.631895e-01
    outer loop
      vertex   1.043074e+02 9.832400e+00 -1.366118e+01
      vertex   1.043074e+02 1.452675e+01 -1.366118e+01
      vertex   1.041058e+02 9.832400e+00 -1.377911e+01
    endloop
  endfacet
  facet normal -5.048801e-01 -3.266338e-16 8.631895e-01
    outer loop
      vertex   1.041058e+02 9.832400e+00 -1.377911e+01
      vertex   1.043074e+02 1.452675e+01 -1.366118e+01
      vertex   1.041058e+02 1.452675e+01 -1.377911e+01
    endloop
  endfacet
  facet normal -4.269069e-01 -3.421885e-16 9.042956e-01
    outer loop
      vertex   1.041058e+02 9.832400e+00 -1.377911e+01
      vertex   1.041058e+02 1.452675e+01 -1.377911e+01
      vertex   1.038946e+02 9.832400e+00 -1.387883e+01
    endloop
  endfacet
  facet normal -4.269069e-01 -3.421885e-16 9.042956e-01
    outer loop
      vertex   1.038946e+02 9.832400e+00 -1.387883e+01
      vertex   1.041058e+02 1.452675e+01 -1.377911e+01
      vertex   1.038946e+02 1.452675e+01 -1.387883e+01
    endloop
  endfacet
  facet normal -3.456169e-01 -3.550845e-16 9.383757e-01
    outer loop
      vertex   1.038946e+02 9.832400e+00 -1.387883e+01
      vertex   1.038946e+02 1.452675e+01 -1.387883e+01
      vertex   1.036754e+02 9.832400e+00 -1.395956e+01
    endloop
  endfacet
  facet normal -3.456169e-01 -3.550845e-16 9.383757e-01
    outer loop
      vertex   1.036754e+02 9.832400e+00 -1.395956e+01
      vertex   1.038946e+02 1.452675e+01 -1.387883e+01
      vertex   1.036754e+02 1.452675e+01 -1.395956e+01
    endloop
  endfacet
  facet normal -2.616416e-01 -3.652217e-16 9.651651e-01
    outer loop
      vertex   1.036754e+02 9.832400e+00 -1.395956e+01
      vertex   1.036754e+02 1.452675e+01 -1.395956e+01
      vertex   1.034500e+02 9.832400e+00 -1.402067e+01
    endloop
  endfacet
  facet normal -2.616416e-01 0.000000e+00 9.651651e-01
    outer loop
      vertex   1.034500e+02 9.832400e+00 -1.402067e+01
      vertex   1.036754e+02 1.452675e+01 -1.395956e+01
      vertex   1.034500e+02 1.452675e+01 -1.402067e+01
    endloop
  endfacet
  facet normal -1.756335e-01 0.000000e+00 9.844556e-01
    outer loop
      vertex   1.034500e+02 9.832400e+00 -1.402067e+01
      vertex   1.034500e+02 1.452675e+01 -1.402067e+01
      vertex   1.032200e+02 9.832400e+00 -1.406170e+01
    endloop
  endfacet
  facet normal -1.756335e-01 0.000000e+00 9.844556e-01
    outer loop
      vertex   1.032200e+02 9.832400e+00 -1.406170e+01
      vertex   1.034500e+02 1.452675e+01 -1.402067e+01
      vertex   1.032200e+02 1.452675e+01 -1.406170e+01
    endloop
  endfacet
  facet normal -3.986542e-12 0.000000e+00 1.000000e+00
    outer loop
      vertex   1.051200e+02 1.449677e+01 -1.108491e+01
      vertex   1.044873e+02 1.445690e+01 -1.108491e+01
      vertex   1.051200e+02 9.832400e+00 -1.108491e+01
    endloop
  endfacet
  facet normal -3.990604e-12 -5.558162e-16 1.000000e+00
    outer loop
      vertex   1.051200e+02 9.832400e+00 -1.108491e+01
      vertex   1.044873e+02 1.445690e+01 -1.108491e+01
      vertex   1.038538e+02 1.443008e+01 -1.108491e+01
    endloop
  endfacet
  facet normal -3.987454e-12 3.118189e-16 1.000000e+00
    outer loop
      vertex   1.051200e+02 9.832400e+00 -1.108491e+01
      vertex   1.038538e+02 1.443008e+01 -1.108491e+01
      vertex   1.032200e+02 9.832400e+00 -1.108491e+01
    endloop
  endfacet
  facet normal -3.988003e-12 3.875182e-16 1.000000e+00
    outer loop
      vertex   1.032200e+02 9.832400e+00 -1.108491e+01
      vertex   1.038538e+02 1.443008e+01 -1.108491e+01
      vertex   1.032200e+02 1.441633e+01 -1.108491e+01
    endloop
  endfacet
  facet normal 1.000000e+00 -3.044280e-28 -7.855839e-13
    outer loop
      vertex   1.032200e+02 1.441633e+01 -1.108491e+01
      vertex   1.032200e+02 1.443437e+01 -1.032515e+01
      vertex   1.032200e+02 9.832400e+00 -1.108491e+01
    endloop
  endfacet
  facet normal 1.000000e+00 -1.918648e-15 -7.739624e-13
    outer loop
      vertex   1.032200e+02 9.832400e+00 -1.108491e+01
      vertex   1.032200e+02 1.443437e+01 -1.032515e+01
      vertex   1.032200e+02 9.832400e+00 -8.808130e+00
    endloop
  endfacet
  facet normal 1.000000e+00 1.874220e-16 -7.675735e-13
    outer loop
      vertex   1.032200e+02 9.832400e+00 -8.808130e+00
      vertex   1.032200e+02 1.443437e+01 -1.032515e+01
      vertex   1.032200e+02 1.447119e+01 -9.566071e+00
    endloop
  endfacet
  facet normal 1.000000e+00 0.000000e+00 -7.687206e-13
    outer loop
      vertex   1.032200e+02 9.832400e+00 -8.808130e+00
      vertex   1.032200e+02 1.447119e+01 -9.566071e+00
      vertex   1.032200e+02 1.452675e+01 -8.808130e+00
    endloop
  endfacet
  facet normal -1.756335e-01 0.000000e+00 -9.844556e-01
    outer loop
      vertex   1.032200e+02 9.832400e+00 -8.808130e+00
      vertex   1.032200e+02 1.452675e+01 -8.808130e+00
      vertex   1.034500e+02 9.832400e+00 -8.849155e+00
    endloop
  endfacet
  facet normal -1.756335e-01 -3.725213e-16 -9.844556e-01
    outer loop
      vertex   1.034500e+02 9.832400e+00 -8.849155e+00
      vertex   1.032200e+02 1.452675e+01 -8.808130e+00
      vertex   1.034500e+02 1.452675e+01 -8.849155e+00
    endloop
  endfacet
  facet normal -2.616416e-01 -3.652217e-16 -9.651651e-01
    outer loop
      vertex   1.034500e+02 9.832400e+00 -8.849155e+00
      vertex   1.034500e+02 1.452675e+01 -8.849155e+00
      vertex   1.036754e+02 9.832400e+00 -8.910270e+00
    endloop
  endfacet
  facet normal -2.616416e-01 -3.652217e-16 -9.651651e-01
    outer loop
      vertex   1.036754e+02 9.832400e+00 -8.910270e+00
      vertex   1.034500e+02 1.452675e+01 -8.849155e+00
      vertex   1.036754e+02 1.452675e+01 -8.910270e+00
    endloop
  endfacet
  facet normal -3.456169e-01 -3.550845e-16 -9.383757e-01
    outer loop
      vertex   1.036754e+02 9.832400e+00 -8.910270e+00
      vertex   1.036754e+02 1.452675e+01 -8.910270e+00
      vertex   1.038946e+02 9.832400e+00 -8.991001e+00
    endloop
  endfacet
  facet normal -3.456169e-01 -3.550845e-16 -9.383757e-01
    outer loop
      vertex   1.038946e+02 9.832400e+00 -8.991001e+00
      vertex   1.036754e+02 1.452675e+01 -8.910270e+00
      vertex   1.038946e+02 1.452675e+01 -8.991001e+00
    endloop
  endfacet
  facet normal -4.269069e-01 -3.421885e-16 -9.042956e-01
    outer loop
      vertex   1.038946e+02 9.832400e+00 -8.991001e+00
      vertex   1.038946e+02 1.452675e+01 -8.991001e+00
      vertex   1.041058e+02 9.832400e+00 -9.090719e+00
    endloop
  endfacet
  facet normal -4.269069e-01 -6.843770e-16 -9.042956e-01
    outer loop
      vertex   1.041058e+02 9.832400e+00 -9.090719e+00
      vertex   1.038946e+02 1.452675e+01 -8.991001e+00
      vertex   1.041058e+02 1.452675e+01 -9.090719e+00
    endloop
  endfacet
  facet normal -5.048801e-01 -6.532676e-16 -8.631895e-01
    outer loop
      vertex   1.041058e+02 9.832400e+00 -9.090719e+00
      vertex   1.041058e+02 1.452675e+01 -9.090719e+00
      vertex   1.043074e+02 9.832400e+00 -9.208651e+00
    endloop
  endfacet
  facet normal -5.048801e-01 -6.532676e-16 -8.631895e-01
    outer loop
      vertex   1.043074e+02 9.832400e+00 -9.208651e+00
      vertex   1.041058e+02 1.452675e+01 -9.090719e+00
      vertex   1.043074e+02 1.452675e+01 -9.208651e+00
    endloop
  endfacet
  facet normal -5.789306e-01 -6.170827e-16 -8.153769e-01
    outer loop
      vertex   1.043074e+02 9.832400e+00 -9.208651e+00
      vertex   1.043074e+02 1.452675e+01 -9.208651e+00
      vertex   1.044979e+02 9.832400e+00 -9.343880e+00
    endloop
  endfacet
  facet normal -5.789306e-01 -9.256240e-16 -8.153769e-01
    outer loop
      vertex   1.044979e+02 9.832400e+00 -9.343880e+00
      vertex   1.043074e+02 1.452675e+01 -9.208651e+00
      vertex   1.044979e+02 1.452675e+01 -9.343880e+00
    endloop
  endfacet
  facet normal -6.484830e-01 -8.641550e-16 -7.612291e-01
    outer loop
      vertex   1.044979e+02 9.832400e+00 -9.343880e+00
      vertex   1.044979e+02 1.452675e+01 -9.343880e+00
      vertex   1.046757e+02 9.832400e+00 -9.495355e+00
    endloop
  endfacet
  facet normal -6.484830e-01 -1.152207e-15 -7.612291e-01
    outer loop
      vertex   1.046757e+02 9.832400e+00 -9.495355e+00
      vertex   1.044979e+02 1.452675e+01 -9.343880e+00
      vertex   1.046757e+02 1.452675e+01 -9.495355e+00
    endloop
  endfacet
  facet normal -7.129971e-01 -1.061296e-15 -7.011670e-01
    outer loop
      vertex   1.046757e+02 9.832400e+00 -9.495355e+00
      vertex   1.046757e+02 1.452675e+01 -9.495355e+00
      vertex   1.048395e+02 9.832400e+00 -9.661900e+00
    endloop
  endfacet
  facet normal -7.129971e-01 -1.061296e-15 -7.011670e-01
    outer loop
      vertex   1.048395e+02 9.832400e+00 -9.661900e+00
      vertex   1.046757e+02 1.452675e+01 -9.495355e+00
      vertex   1.048395e+02 1.452675e+01 -9.661900e+00
    endloop
  endfacet
  facet normal -7.719715e-01 -9.621392e-16 -6.356572e-01
    outer loop
      vertex   1.048395e+02 9.832400e+00 -9.661900e+00
      vertex   1.048395e+02 1.452675e+01 -9.661900e+00
      vertex   1.049880e+02 9.832400e+00 -9.842220e+00
    endloop
  endfacet
  facet normal -7.719715e-01 -9.621392e-16 -6.356572e-01
    outer loop
      vertex   1.049880e+02 9.832400e+00 -9.842220e+00
      vertex   1.048395e+02 1.452675e+01 -9.661900e+00
      vertex   1.049880e+02 1.452675e+01 -9.842220e+00
    endloop
  endfacet
  facet normal -8.249481e-01 -8.555073e-16 -5.652086e-01
    outer loop
      vertex   1.049880e+02 9.832400e+00 -9.842220e+00
      vertex   1.049880e+02 1.452675e+01 -9.842220e+00
      vertex   1.051200e+02 9.832400e+00 -1.003491e+01
    endloop
  endfacet
  facet normal -8.249481e-01 2.497305e-15 -5.652086e-01
    outer loop
      vertex   1.051200e+02 9.832400e+00 -1.003491e+01
      vertex   1.049880e+02 1.452675e+01 -9.842220e+00
      vertex   1.051200e+02 1.452675e+01 -1.003491e+01
    endloop
  endfacet
  facet normal 8.754782e-01 -3.589606e-04 4.832574e-01
    outer loop
      vertex   1.057384e+02 9.832400e+00 -9.704401e+00
      vertex   1.058629e+02 9.832400e+00 -9.930000e+00
      vertex   1.058370e+02 1.457651e+01 -9.879487e+00
    endloop
  endfacet
  facet normal 8.895777e-01 -4.013670e-19 4.567839e-01
    outer loop
      vertex   1.058370e+02 1.457651e+01 -9.879487e+00
      vertex   1.058629e+02 9.832400e+00 -9.930000e+00
      vertex   1.058629e+02 1.454240e+01 -9.930000e+00
    endloop
  endfacet
  facet normal 9.015216e-01 4.878361e-02 4.299755e-01
    outer loop
      vertex   1.058370e+02 1.457651e+01 -9.879487e+00
      vertex   1.058629e+02 1.454240e+01 -9.930000e+00
      vertex   1.059461e+02 1.457651e+01 -1.010814e+01
    endloop
  endfacet
  facet normal 9.083651e-01 -3.904379e-02 4.163514e-01
    outer loop
      vertex   1.059461e+02 1.457651e+01 -1.010814e+01
      vertex   1.058629e+02 1.454240e+01 -9.930000e+00
      vertex   1.059638e+02 1.454240e+01 -1.014997e+01
    endloop
  endfacet
  facet normal 9.317499e-01 4.129473e-02 3.607450e-01
    outer loop
      vertex   1.059461e+02 1.457651e+01 -1.010814e+01
      vertex   1.059638e+02 1.454240e+01 -1.014997e+01
      vertex   1.060375e+02 1.457651e+01 -1.034437e+01
    endloop
  endfacet
  facet normal 9.363138e-01 -3.098271e-02 3.497950e-01
    outer loop
      vertex   1.060375e+02 1.457651e+01 -1.034437e+01
      vertex   1.059638e+02 1.454240e+01 -1.014997e+01
      vertex   1.060485e+02 1.454240e+01 -1.037664e+01
    endloop
  endfacet
  facet normal 9.566509e-01 3.267236e-02 2.893988e-01
    outer loop
      vertex   1.060375e+02 1.457651e+01 -1.034437e+01
      vertex   1.060485e+02 1.454240e+01 -1.037664e+01
      vertex   1.061109e+02 1.457651e+01 -1.058684e+01
    endloop
  endfacet
  facet normal 9.593537e-01 -2.178809e-02 2.813642e-01
    outer loop
      vertex   1.061109e+02 1.457651e+01 -1.058684e+01
      vertex   1.060485e+02 1.454240e+01 -1.037664e+01
      vertex   1.061166e+02 1.454240e+01 -1.060883e+01
    endloop
  endfacet
  facet normal 9.760489e-01 2.291533e-02 2.163412e-01
    outer loop
      vertex   1.061109e+02 1.457651e+01 -1.058684e+01
      vertex   1.061166e+02 1.454240e+01 -1.060883e+01
      vertex   1.061657e+02 1.457651e+01 -1.083416e+01
    endloop
  endfacet
  facet normal 9.773288e-01 -1.145994e-02 2.114168e-01
    outer loop
      vertex   1.061657e+02 1.457651e+01 -1.083416e+01
      vertex   1.061166e+02 1.454240e+01 -1.060883e+01
      vertex   1.061677e+02 1.454240e+01 -1.084534e+01
    endloop
  endfacet
  facet normal 9.897943e-01 1.202383e-02 1.419950e-01
    outer loop
      vertex   1.061657e+02 1.457651e+01 -1.083416e+01
      vertex   1.061677e+02 1.454240e+01 -1.084534e+01
      vertex   1.062017e+02 1.457651e+01 -1.108491e+01
    endloop
  endfacet
  facet normal 9.901052e-01 0.000000e+00 1.403272e-01
    outer loop
      vertex   1.062017e+02 1.457651e+01 -1.108491e+01
      vertex   1.061677e+02 1.454240e+01 -1.084534e+01
      vertex   1.062017e+02 1.454240e+01 -1.108491e+01
    endloop
  endfacet
  facet normal 8.674860e-01 3.313488e-04 4.974614e-01
    outer loop
      vertex   1.058370e+02 1.457651e+01 -9.879487e+00
      vertex   1.057110e+02 1.457651e+01 -9.659734e+00
      vertex   1.057384e+02 9.832400e+00 -9.704401e+00
    endloop
  endfacet
  facet normal 8.357428e-01 -3.385483e-04 5.491210e-01
    outer loop
      vertex   1.057384e+02 9.832400e+00 -9.704401e+00
      vertex   1.057110e+02 1.457651e+01 -9.659734e+00
      vertex   1.055969e+02 9.832400e+00 -9.489040e+00
    endloop
  endfacet
  facet normal 8.274154e-01 3.103365e-04 5.615903e-01
    outer loop
      vertex   1.055969e+02 9.832400e+00 -9.489040e+00
      vertex   1.057110e+02 1.457651e+01 -9.659734e+00
      vertex   1.055687e+02 1.457651e+01 -9.450131e+00
    endloop
  endfacet
  facet normal 7.910623e-01 -3.169359e-04 6.117355e-01
    outer loop
      vertex   1.055969e+02 9.832400e+00 -9.489040e+00
      vertex   1.055687e+02 1.457651e+01 -9.450131e+00
      vertex   1.054393e+02 9.832400e+00 -9.285194e+00
    endloop
  endfacet
  facet normal 7.826134e-01 2.881240e-04 6.225079e-01
    outer loop
      vertex   1.054393e+02 9.832400e+00 -9.285194e+00
      vertex   1.055687e+02 1.457651e+01 -9.450131e+00
      vertex   1.054110e+02 1.457651e+01 -9.251878e+00
    endloop
  endfacet
  facet normal 7.417012e-01 -2.941234e-04 6.707304e-01
    outer loop
      vertex   1.054393e+02 9.832400e+00 -9.285194e+00
      vertex   1.054110e+02 1.457651e+01 -9.251878e+00
      vertex   1.052664e+02 9.832400e+00 -9.094067e+00
    endloop
  endfacet
  facet normal 7.333364e-01 2.647114e-04 6.798659e-01
    outer loop
      vertex   1.052664e+02 9.832400e+00 -9.094067e+00
      vertex   1.054110e+02 1.457651e+01 -9.251878e+00
      vertex   1.052388e+02 1.457651e+01 -9.066107e+00
    endloop
  endfacet
  facet normal 6.879515e-01 -2.701107e-04 7.257566e-01
    outer loop
      vertex   1.052664e+02 9.832400e+00 -9.094067e+00
      vertex   1.052388e+02 1.457651e+01 -9.066107e+00
      vertex   1.050794e+02 9.832400e+00 -8.916791e+00
    endloop
  endfacet
  facet normal 6.798660e-01 2.400987e-04 7.333364e-01
    outer loop
      vertex   1.050794e+02 9.832400e+00 -8.916791e+00
      vertex   1.052388e+02 1.457651e+01 -9.066107e+00
      vertex   1.050530e+02 1.457651e+01 -8.893882e+00
    endloop
  endfacet
  facet normal 6.301312e-01 -2.448980e-04 7.764886e-01
    outer loop
      vertex   1.050794e+02 9.832400e+00 -8.916791e+00
      vertex   1.050530e+02 1.457651e+01 -8.893882e+00
      vertex   1.048793e+02 9.832400e+00 -8.754414e+00
    endloop
  endfacet
  facet normal 6.225080e-01 2.142860e-04 7.826134e-01
    outer loop
      vertex   1.048793e+02 9.832400e+00 -8.754414e+00
      vertex   1.050530e+02 1.457651e+01 -8.893882e+00
      vertex   1.048548e+02 1.457651e+01 -8.736187e+00
    endloop
  endfacet
  facet normal 5.685825e-01 -2.184853e-04 8.226262e-01
    outer loop
      vertex   1.048793e+02 9.832400e+00 -8.754414e+00
      vertex   1.048548e+02 1.457651e+01 -8.736187e+00
      vertex   1.046674e+02 9.832400e+00 -8.607898e+00
    endloop
  endfacet
  facet normal 5.615903e-01 1.872733e-04 8.274154e-01
    outer loop
      vertex   1.046674e+02 9.832400e+00 -8.607898e+00
      vertex   1.048548e+02 1.457651e+01 -8.736187e+00
      vertex   1.046452e+02 1.457651e+01 -8.593924e+00
    endloop
  endfacet
  facet normal 5.036696e-01 -1.908726e-04 8.638964e-01
    outer loop
      vertex   1.046674e+02 9.832400e+00 -8.607898e+00
      vertex   1.046452e+02 1.457651e+01 -8.593924e+00
      vertex   1.044447e+02 9.832400e+00 -8.478109e+00
    endloop
  endfacet
  facet normal 4.974615e-01 1.590606e-04 8.674861e-01
    outer loop
      vertex   1.044447e+02 9.832400e+00 -8.478109e+00
      vertex   1.046452e+02 1.457651e+01 -8.593924e+00
      vertex   1.044254e+02 1.457651e+01 -8.467905e+00
    endloop
  endfacet
  facet normal 4.357765e-01 -1.620600e-04 9.000549e-01
    outer loop
      vertex   1.044447e+02 9.832400e+00 -8.478109e+00
      vertex   1.044254e+02 1.457651e+01 -8.467905e+00
      vertex   1.042128e+02 9.832400e+00 -8.365815e+00
    endloop
  endfacet
  facet normal 4.304880e-01 1.296481e-04 9.025963e-01
    outer loop
      vertex   1.042128e+02 9.832400e+00 -8.365815e+00
      vertex   1.044254e+02 1.457651e+01 -8.467905e+00
      vertex   1.041968e+02 1.457651e+01 -8.358853e+00
    endloop
  endfacet
  facet normal 3.653049e-01 -1.320476e-04 9.308879e-01
    outer loop
      vertex   1.042128e+02 9.832400e+00 -8.365815e+00
      vertex   1.041968e+02 1.457651e+01 -8.358853e+00
      vertex   1.039729e+02 9.832400e+00 -8.271681e+00
    endloop
  endfacet
  facet normal 3.610530e-01 9.903571e-05 9.325453e-01
    outer loop
      vertex   1.039729e+02 9.832400e+00 -8.271681e+00
      vertex   1.041968e+02 1.457651e+01 -8.358853e+00
      vertex   1.039605e+02 1.457651e+01 -8.267391e+00
    endloop
  endfacet
  facet normal 2.926718e-01 -1.008353e-04 9.562129e-01
    outer loop
      vertex   1.039729e+02 9.832400e+00 -8.271681e+00
      vertex   1.039605e+02 1.457651e+01 -8.267391e+00
      vertex   1.037265e+02 9.832400e+00 -8.196263e+00
    endloop
  endfacet
  facet normal 2.895533e-01 6.722353e-05 9.571619e-01
    outer loop
      vertex   1.037265e+02 9.832400e+00 -8.196263e+00
      vertex   1.039605e+02 1.457651e+01 -8.267391e+00
      vertex   1.037181e+02 1.457651e+01 -8.194040e+00
    endloop
  endfacet
  facet normal 2.183071e-01 -6.842320e-05 9.758801e-01
    outer loop
      vertex   1.037265e+02 9.832400e+00 -8.196263e+00
      vertex   1.037181e+02 1.457651e+01 -8.194040e+00
      vertex   1.034751e+02 9.832400e+00 -8.140008e+00
    endloop
  endfacet
  facet normal 2.163980e-01 3.421161e-05 9.763052e-01
    outer loop
      vertex   1.034751e+02 9.832400e+00 -8.140008e+00
      vertex   1.037181e+02 1.457651e+01 -8.194040e+00
      vertex   1.034708e+02 1.457651e+01 -8.139222e+00
    endloop
  endfacet
  facet normal 1.426506e-01 -3.481143e-05 9.897731e-01
    outer loop
      vertex   1.034751e+02 9.832400e+00 -8.140008e+00
      vertex   1.034708e+02 1.457651e+01 -8.139222e+00
      vertex   1.032200e+02 9.832400e+00 -8.103249e+00
    endloop
  endfacet
  facet normal 1.420053e-01 -0.000000e+00 9.898659e-01
    outer loop
      vertex   1.032200e+02 9.832400e+00 -8.103249e+00
      vertex   1.034708e+02 1.457651e+01 -8.139222e+00
      vertex   1.032200e+02 1.457651e+01 -8.103249e+00
    endloop
  endfacet
  facet normal 1.000000e+00 0.000000e+00 -7.497442e-13
    outer loop
      vertex   1.032200e+02 1.457651e+01 -8.103249e+00
      vertex   1.032200e+02 1.459008e+01 -7.724163e+00
      vertex   1.032200e+02 9.832400e+00 -8.103249e+00
    endloop
  endfacet
  facet normal 1.000000e+00 -1.054833e-14 -6.173583e-13
    outer loop
      vertex   1.032200e+02 9.832400e+00 -8.103249e+00
      vertex   1.032200e+02 1.459008e+01 -7.724163e+00
      vertex   1.032200e+02 1.459334e+01 -7.540068e+00
    endloop
  endfacet
  facet normal 1.000000e+00 9.902640e-15 -7.902440e-13
    outer loop
      vertex   1.032200e+02 9.832400e+00 -8.103249e+00
      vertex   1.032200e+02 1.459334e+01 -7.540068e+00
      vertex   1.032200e+02 9.832400e+00 -6.898396e+00
    endloop
  endfacet
  facet normal 1.000000e+00 -1.224981e-14 -9.546060e-13
    outer loop
      vertex   1.032200e+02 9.832400e+00 -6.898396e+00
      vertex   1.032200e+02 1.459334e+01 -7.540068e+00
      vertex   1.032200e+02 1.459440e+01 -7.361443e+00
    endloop
  endfacet
  facet normal 1.000000e+00 -4.057285e-15 -8.703534e-13
    outer loop
      vertex   1.032200e+02 9.832400e+00 -6.898396e+00
      vertex   1.032200e+02 1.459440e+01 -7.361443e+00
      vertex   1.032200e+02 1.459440e+01 -7.149183e+00
    endloop
  endfacet
  facet normal 1.000000e+00 0.000000e+00 -7.933126e-13
    outer loop
      vertex   1.032200e+02 9.832400e+00 -6.898396e+00
      vertex   1.032200e+02 1.459440e+01 -7.149183e+00
      vertex   1.032200e+02 1.434440e+01 -6.898396e+00
    endloop
  endfacet
  facet normal 1.000000e+00 2.361102e-13 -5.579427e-13
    outer loop
      vertex   1.032200e+02 1.434440e+01 -6.898396e+00
      vertex   1.032200e+02 1.459440e+01 -7.149183e+00
      vertex   1.032200e+02 1.458933e+01 -7.100389e+00
    endloop
  endfacet
  facet normal 1.000000e+00 -6.710720e-14 -9.256129e-13
    outer loop
      vertex   1.032200e+02 1.434440e+01 -6.898396e+00
      vertex   1.032200e+02 1.458933e+01 -7.100389e+00
      vertex   1.032200e+02 1.457542e+01 -7.053322e+00
    endloop
  endfacet
  facet normal 1.000000e+00 -1.706074e-13 -1.079949e-12
    outer loop
      vertex   1.032200e+02 1.457542e+01 -7.053322e+00
      vertex   1.032200e+02 1.455214e+01 -7.010167e+00
      vertex   1.032200e+02 1.434440e+01 -6.898396e+00
    endloop
  endfacet
  facet normal 1.000000e+00 7.255334e-13 5.856095e-13
    outer loop
      vertex   1.032200e+02 1.434440e+01 -6.898396e+00
      vertex   1.032200e+02 1.455214e+01 -7.010167e+00
      vertex   1.032200e+02 1.452130e+01 -6.971969e+00
    endloop
  endfacet
  facet normal 1.000000e+00 -5.750321e-13 -2.541583e-12
    outer loop
      vertex   1.032200e+02 1.434440e+01 -6.898396e+00
      vertex   1.032200e+02 1.452130e+01 -6.971969e+00
      vertex   1.032200e+02 1.448329e+01 -6.941003e+00
    endloop
  endfacet
  facet normal 1.000000e+00 4.686482e-13 8.606448e-13
    outer loop
      vertex   1.032200e+02 1.448329e+01 -6.941003e+00
      vertex   1.032200e+02 1.444019e+01 -6.917531e+00
      vertex   1.032200e+02 1.434440e+01 -6.898396e+00
    endloop
  endfacet
  facet normal 1.000000e+00 -3.279681e-13 -3.127079e-12
    outer loop
      vertex   1.032200e+02 1.434440e+01 -6.898396e+00
      vertex   1.032200e+02 1.444019e+01 -6.917531e+00
      vertex   1.032200e+02 1.439319e+01 -6.903514e+00
    endloop
  endfacet
  facet normal -1.000000e+00 -0.000000e+00 -2.776594e-12
    outer loop
      vertex   1.025200e+02 1.434440e+01 -6.898396e+00
      vertex   1.025200e+02 1.459440e+01 -7.149183e+00
      vertex   1.025200e+02 9.832400e+00 -6.898396e+00
    endloop
  endfacet
  facet normal -1.000000e+00 5.191810e-15 -2.678011e-12
    outer loop
      vertex   1.025200e+02 9.832400e+00 -6.898396e+00
      vertex   1.025200e+02 1.459440e+01 -7.149183e+00
      vertex   1.025200e+02 1.459440e+01 -7.361443e+00
    endloop
  endfacet
  facet normal -1.000000e+00 1.030484e-14 -2.625428e-12
    outer loop
      vertex   1.025200e+02 9.832400e+00 -6.898396e+00
      vertex   1.025200e+02 1.459440e+01 -7.361443e+00
      vertex   1.025200e+02 1.459334e+01 -7.540068e+00
    endloop
  endfacet
  facet normal -1.000000e+00 -6.559361e-13 -6.254158e-12
    outer loop
      vertex   1.025200e+02 1.439319e+01 -6.903514e+00
      vertex   1.025200e+02 1.444019e+01 -6.917531e+00
      vertex   1.025200e+02 1.434440e+01 -6.898396e+00
    endloop
  endfacet
  facet normal -1.000000e+00 -2.088816e-13 -4.016280e-12
    outer loop
      vertex   1.025200e+02 1.434440e+01 -6.898396e+00
      vertex   1.025200e+02 1.444019e+01 -6.917531e+00
      vertex   1.025200e+02 1.448329e+01 -6.941003e+00
    endloop
  endfacet
  facet normal -1.000000e+00 2.863049e-13 -2.402053e-12
    outer loop
      vertex   1.025200e+02 1.434440e+01 -6.898396e+00
      vertex   1.025200e+02 1.448329e+01 -6.941003e+00
      vertex   1.025200e+02 1.452130e+01 -6.971969e+00
    endloop
  endfacet
  facet normal -1.000000e+00 3.044029e-13 -2.358536e-12
    outer loop
      vertex   1.025200e+02 1.452130e+01 -6.971969e+00
      vertex   1.025200e+02 1.455214e+01 -7.010167e+00
      vertex   1.025200e+02 1.434440e+01 -6.898396e+00
    endloop
  endfacet
  facet normal -1.000000e+00 4.694389e-13 -2.051802e-12
    outer loop
      vertex   1.025200e+02 1.434440e+01 -6.898396e+00
      vertex   1.025200e+02 1.455214e+01 -7.010167e+00
      vertex   1.025200e+02 1.457542e+01 -7.053322e+00
    endloop
  endfacet
  facet normal -1.000000e+00 2.882755e-14 -2.708829e-12
    outer loop
      vertex   1.025200e+02 1.434440e+01 -6.898396e+00
      vertex   1.025200e+02 1.457542e+01 -7.053322e+00
      vertex   1.025200e+02 1.458933e+01 -7.100389e+00
    endloop
  endfacet
  facet normal -1.000000e+00 -1.521119e-13 -2.928229e-12
    outer loop
      vertex   1.025200e+02 1.458933e+01 -7.100389e+00
      vertex   1.025200e+02 1.459440e+01 -7.149183e+00
      vertex   1.025200e+02 1.434440e+01 -6.898396e+00
    endloop
  endfacet
  facet normal -1.000000e+00 -4.647419e-15 -2.736367e-12
    outer loop
      vertex   1.025200e+02 9.832400e+00 -6.898396e+00
      vertex   1.025200e+02 1.459334e+01 -7.540068e+00
      vertex   1.025200e+02 9.832400e+00 -8.103249e+00
    endloop
  endfacet
  facet normal -1.000000e+00 1.869189e-14 -2.933670e-12
    outer loop
      vertex   1.025200e+02 9.832400e+00 -8.103249e+00
      vertex   1.025200e+02 1.459334e+01 -7.540068e+00
      vertex   1.025200e+02 1.459008e+01 -7.724163e+00
    endloop
  endfacet
  facet normal -1.000000e+00 0.000000e+00 -2.699079e-12
    outer loop
      vertex   1.025200e+02 9.832400e+00 -8.103249e+00
      vertex   1.025200e+02 1.459008e+01 -7.724163e+00
      vertex   1.025200e+02 1.457651e+01 -8.103249e+00
    endloop
  endfacet
  facet normal -2.052227e-12 -0.000000e+00 -1.000000e+00
    outer loop
      vertex   1.006200e+02 1.449677e+01 -1.178491e+01
      vertex   1.012527e+02 1.445690e+01 -1.178491e+01
      vertex   1.006200e+02 9.832400e+00 -1.178491e+01
    endloop
  endfacet
  facet normal -2.052800e-12 7.845667e-17 -1.000000e+00
    outer loop
      vertex   1.006200e+02 9.832400e+00 -1.178491e+01
      vertex   1.012527e+02 1.445690e+01 -1.178491e+01
      vertex   1.018862e+02 1.443008e+01 -1.178491e+01
    endloop
  endfacet
  facet normal -2.052160e-12 -9.797295e-17 -1.000000e+00
    outer loop
      vertex   1.006200e+02 9.832400e+00 -1.178491e+01
      vertex   1.018862e+02 1.443008e+01 -1.178491e+01
      vertex   1.025200e+02 9.832400e+00 -1.178491e+01
    endloop
  endfacet
  facet normal -2.048638e-12 3.875182e-16 -1.000000e+00
    outer loop
      vertex   1.025200e+02 9.832400e+00 -1.178491e+01
      vertex   1.018862e+02 1.443008e+01 -1.178491e+01
      vertex   1.025200e+02 1.441633e+01 -1.178491e+01
    endloop
  endfacet
  facet normal -1.000000e+00 -3.100145e-15 -2.730913e-12
    outer loop
      vertex   1.025200e+02 1.441633e+01 -1.178491e+01
      vertex   1.025200e+02 1.443437e+01 -1.254468e+01
      vertex   1.025200e+02 9.832400e+00 -1.178491e+01
    endloop
  endfacet
  facet normal -1.000000e+00 -2.552095e-15 -2.727593e-12
    outer loop
      vertex   1.025200e+02 9.832400e+00 -1.178491e+01
      vertex   1.025200e+02 1.443437e+01 -1.254468e+01
      vertex   1.025200e+02 9.832400e+00 -1.406170e+01
    endloop
  endfacet
  facet normal -1.000000e+00 -6.674050e-16 -2.733310e-12
    outer loop
      vertex   1.025200e+02 9.832400e+00 -1.406170e+01
      vertex   1.025200e+02 1.443437e+01 -1.254468e+01
      vertex   1.025200e+02 1.447119e+01 -1.330376e+01
    endloop
  endfacet
  facet normal -1.000000e+00 0.000000e+00 -2.737395e-12
    outer loop
      vertex   1.025200e+02 9.832400e+00 -1.406170e+01
      vertex   1.025200e+02 1.447119e+01 -1.330376e+01
      vertex   1.025200e+02 1.452675e+01 -1.406170e+01
    endloop
  endfacet
  facet normal 1.756335e-01 -0.000000e+00 9.844556e-01
    outer loop
      vertex   1.025200e+02 9.832400e+00 -1.406170e+01
      vertex   1.025200e+02 1.452675e+01 -1.406170e+01
      vertex   1.022900e+02 9.832400e+00 -1.402067e+01
    endloop
  endfacet
  facet normal 1.756335e-01 -0.000000e+00 9.844556e-01
    outer loop
      vertex   1.022900e+02 9.832400e+00 -1.402067e+01
      vertex   1.025200e+02 1.452675e+01 -1.406170e+01
      vertex   1.022900e+02 1.452675e+01 -1.402067e+01
    endloop
  endfacet
  facet normal 2.616416e-01 -0.000000e+00 9.651651e-01
    outer loop
      vertex   1.022900e+02 9.832400e+00 -1.402067e+01
      vertex   1.022900e+02 1.452675e+01 -1.402067e+01
      vertex   1.020646e+02 9.832400e+00 -1.395956e+01
    endloop
  endfacet
  facet normal 2.616416e-01 -0.000000e+00 9.651651e-01
    outer loop
      vertex   1.020646e+02 9.832400e+00 -1.395956e+01
      vertex   1.022900e+02 1.452675e+01 -1.402067e+01
      vertex   1.020646e+02 1.452675e+01 -1.395956e+01
    endloop
  endfacet
  facet normal 3.456169e-01 -0.000000e+00 9.383757e-01
    outer loop
      vertex   1.020646e+02 9.832400e+00 -1.395956e+01
      vertex   1.020646e+02 1.452675e+01 -1.395956e+01
      vertex   1.018454e+02 9.832400e+00 -1.387883e+01
    endloop
  endfacet
  facet normal 3.456169e-01 -0.000000e+00 9.383757e-01
    outer loop
      vertex   1.018454e+02 9.832400e+00 -1.387883e+01
      vertex   1.020646e+02 1.452675e+01 -1.395956e+01
      vertex   1.018454e+02 1.452675e+01 -1.387883e+01
    endloop
  endfacet
  facet normal 4.269069e-01 -0.000000e+00 9.042956e-01
    outer loop
      vertex   1.018454e+02 9.832400e+00 -1.387883e+01
      vertex   1.018454e+02 1.452675e+01 -1.387883e+01
      vertex   1.016342e+02 9.832400e+00 -1.377911e+01
    endloop
  endfacet
  facet normal 4.269069e-01 -9.501556e-16 9.042956e-01
    outer loop
      vertex   1.016342e+02 9.832400e+00 -1.377911e+01
      vertex   1.018454e+02 1.452675e+01 -1.387883e+01
      vertex   1.016342e+02 1.452675e+01 -1.377911e+01
    endloop
  endfacet
  facet normal 5.048801e-01 -1.201753e-15 8.631895e-01
    outer loop
      vertex   1.016342e+02 9.832400e+00 -1.377911e+01
      vertex   1.016342e+02 1.452675e+01 -1.377911e+01
      vertex   1.014326e+02 9.832400e+00 -1.366118e+01
    endloop
  endfacet
  facet normal 5.048801e-01 6.532676e-16 8.631895e-01
    outer loop
      vertex   1.014326e+02 9.832400e+00 -1.366118e+01
      vertex   1.016342e+02 1.452675e+01 -1.377911e+01
      vertex   1.014326e+02 1.452675e+01 -1.366118e+01
    endloop
  endfacet
  facet normal 5.789306e-01 6.170827e-16 8.153769e-01
    outer loop
      vertex   1.014326e+02 9.832400e+00 -1.366118e+01
      vertex   1.014326e+02 1.452675e+01 -1.366118e+01
      vertex   1.012421e+02 9.832400e+00 -1.352595e+01
    endloop
  endfacet
  facet normal 5.789306e-01 9.256240e-16 8.153769e-01
    outer loop
      vertex   1.012421e+02 9.832400e+00 -1.352595e+01
      vertex   1.014326e+02 1.452675e+01 -1.366118e+01
      vertex   1.012421e+02 1.452675e+01 -1.352595e+01
    endloop
  endfacet
  facet normal 6.484830e-01 8.641550e-16 7.612291e-01
    outer loop
      vertex   1.012421e+02 9.832400e+00 -1.352595e+01
      vertex   1.012421e+02 1.452675e+01 -1.352595e+01
      vertex   1.010643e+02 9.832400e+00 -1.337447e+01
    endloop
  endfacet
  facet normal 6.484830e-01 -2.347953e-16 7.612291e-01
    outer loop
      vertex   1.010643e+02 9.832400e+00 -1.337447e+01
      vertex   1.012421e+02 1.452675e+01 -1.352595e+01
      vertex   1.010643e+02 1.452675e+01 -1.337447e+01
    endloop
  endfacet
  facet normal 7.129971e-01 -5.664602e-16 7.011670e-01
    outer loop
      vertex   1.010643e+02 9.832400e+00 -1.337447e+01
      vertex   1.010643e+02 1.452675e+01 -1.337447e+01
      vertex   1.009005e+02 9.832400e+00 -1.320793e+01
    endloop
  endfacet
  facet normal 7.129971e-01 1.326620e-15 7.011670e-01
    outer loop
      vertex   1.009005e+02 9.832400e+00 -1.320793e+01
      vertex   1.010643e+02 1.452675e+01 -1.337447e+01
      vertex   1.009005e+02 1.452675e+01 -1.320793e+01
    endloop
  endfacet
  facet normal 7.719715e-01 1.202674e-15 6.356572e-01
    outer loop
      vertex   1.009005e+02 9.832400e+00 -1.320793e+01
      vertex   1.009005e+02 1.452675e+01 -1.320793e+01
      vertex   1.007520e+02 9.832400e+00 -1.302761e+01
    endloop
  endfacet
  facet normal 7.719715e-01 1.683744e-15 6.356572e-01
    outer loop
      vertex   1.007520e+02 9.832400e+00 -1.302761e+01
      vertex   1.009005e+02 1.452675e+01 -1.320793e+01
      vertex   1.007520e+02 1.452675e+01 -1.302761e+01
    endloop
  endfacet
  facet normal 8.249481e-01 1.497138e-15 5.652086e-01
    outer loop
      vertex   1.007520e+02 9.832400e+00 -1.302761e+01
      vertex   1.007520e+02 1.452675e+01 -1.302761e+01
      vertex   1.006200e+02 9.832400e+00 -1.283491e+01
    endloop
  endfacet
  facet normal 8.249481e-01 -3.925226e-15 5.652086e-01
    outer loop
      vertex   1.006200e+02 9.832400e+00 -1.283491e+01
      vertex   1.007520e+02 1.452675e+01 -1.302761e+01
      vertex   1.006200e+02 1.452675e+01 -1.283491e+01
    endloop
  endfacet
  facet normal -3.986542e-12 1.214572e-26 1.000000e+00
    outer loop
      vertex   1.006200e+02 1.449677e+01 -1.108491e+01
      vertex   1.006200e+02 9.832400e+00 -1.108491e+01
      vertex   1.012527e+02 1.445690e+01 -1.108491e+01
    endloop
  endfacet
  facet normal -3.990604e-12 5.558162e-16 1.000000e+00
    outer loop
      vertex   1.012527e+02 1.445690e+01 -1.108491e+01
      vertex   1.006200e+02 9.832400e+00 -1.108491e+01
      vertex   1.018862e+02 1.443008e+01 -1.108491e+01
    endloop
  endfacet
  facet normal -3.988389e-12 -5.434945e-17 1.000000e+00
    outer loop
      vertex   1.018862e+02 1.443008e+01 -1.108491e+01
      vertex   1.006200e+02 9.832400e+00 -1.108491e+01
      vertex   1.025200e+02 9.832400e+00 -1.108491e+01
    endloop
  endfacet
  facet normal -3.987994e-12 2.606471e-29 1.000000e+00
    outer loop
      vertex   1.018862e+02 1.443008e+01 -1.108491e+01
      vertex   1.025200e+02 9.832400e+00 -1.108491e+01
      vertex   1.025200e+02 1.441633e+01 -1.108491e+01
    endloop
  endfacet
  facet normal -1.000000e+00 -0.000000e+00 -2.681147e-12
    outer loop
      vertex   1.025200e+02 1.452675e+01 -8.808130e+00
      vertex   1.025200e+02 1.447119e+01 -9.566071e+00
      vertex   1.025200e+02 9.832400e+00 -8.808130e+00
    endloop
  endfacet
  facet normal -1.000000e+00 -1.148563e-14 -2.751442e-12
    outer loop
      vertex   1.025200e+02 9.832400e+00 -8.808130e+00
      vertex   1.025200e+02 1.447119e+01 -9.566071e+00
      vertex   1.025200e+02 1.443437e+01 -1.032515e+01
    endloop
  endfacet
  facet normal -1.000000e+00 -1.566357e-15 -2.721352e-12
    outer loop
      vertex   1.025200e+02 9.832400e+00 -8.808130e+00
      vertex   1.025200e+02 1.443437e+01 -1.032515e+01
      vertex   1.025200e+02 9.832400e+00 -1.108491e+01
    endloop
  endfacet
  facet normal -1.000000e+00 0.000000e+00 -2.730839e-12
    outer loop
      vertex   1.025200e+02 9.832400e+00 -1.108491e+01
      vertex   1.025200e+02 1.443437e+01 -1.032515e+01
      vertex   1.025200e+02 1.441633e+01 -1.108491e+01
    endloop
  endfacet
  facet normal 8.249481e-01 8.555073e-16 -5.652086e-01
    outer loop
      vertex   1.006200e+02 9.832400e+00 -1.003491e+01
      vertex   1.006200e+02 1.452675e+01 -1.003491e+01
      vertex   1.007520e+02 9.832400e+00 -9.842220e+00
    endloop
  endfacet
  facet normal 8.249481e-01 4.277536e-16 -5.652086e-01
    outer loop
      vertex   1.007520e+02 9.832400e+00 -9.842220e+00
      vertex   1.006200e+02 1.452675e+01 -1.003491e+01
      vertex   1.007520e+02 1.452675e+01 -9.842220e+00
    endloop
  endfacet
  facet normal 7.719715e-01 4.810696e-16 -6.356572e-01
    outer loop
      vertex   1.007520e+02 9.832400e+00 -9.842220e+00
      vertex   1.007520e+02 1.452675e+01 -9.842220e+00
      vertex   1.009005e+02 9.832400e+00 -9.661900e+00
    endloop
  endfacet
  facet normal 7.719715e-01 -1.855863e-15 -6.356572e-01
    outer loop
      vertex   1.009005e+02 9.832400e+00 -9.661900e+00
      vertex   1.007520e+02 1.452675e+01 -9.842220e+00
      vertex   1.009005e+02 1.452675e+01 -9.661900e+00
    endloop
  endfacet
  facet normal 7.129971e-01 -1.627756e-15 -7.011670e-01
    outer loop
      vertex   1.009005e+02 9.832400e+00 -9.661900e+00
      vertex   1.009005e+02 1.452675e+01 -9.661900e+00
      vertex   1.010643e+02 9.832400e+00 -9.495355e+00
    endloop
  endfacet
  facet normal 7.129971e-01 2.653240e-16 -7.011670e-01
    outer loop
      vertex   1.010643e+02 9.832400e+00 -9.495355e+00
      vertex   1.009005e+02 1.452675e+01 -9.661900e+00
      vertex   1.010643e+02 1.452675e+01 -9.495355e+00
    endloop
  endfacet
  facet normal 6.484830e-01 2.880517e-16 -7.612291e-01
    outer loop
      vertex   1.010643e+02 9.832400e+00 -9.495355e+00
      vertex   1.010643e+02 1.452675e+01 -9.495355e+00
      vertex   1.012421e+02 9.832400e+00 -9.343880e+00
    endloop
  endfacet
  facet normal 6.484830e-01 2.880517e-16 -7.612291e-01
    outer loop
      vertex   1.012421e+02 9.832400e+00 -9.343880e+00
      vertex   1.010643e+02 1.452675e+01 -9.495355e+00
      vertex   1.012421e+02 1.452675e+01 -9.343880e+00
    endloop
  endfacet
  facet normal 5.789306e-01 3.085413e-16 -8.153769e-01
    outer loop
      vertex   1.012421e+02 9.832400e+00 -9.343880e+00
      vertex   1.012421e+02 1.452675e+01 -9.343880e+00
      vertex   1.014326e+02 9.832400e+00 -9.208651e+00
    endloop
  endfacet
  facet normal 5.789306e-01 3.085413e-16 -8.153769e-01
    outer loop
      vertex   1.014326e+02 9.832400e+00 -9.208651e+00
      vertex   1.012421e+02 1.452675e+01 -9.343880e+00
      vertex   1.014326e+02 1.452675e+01 -9.208651e+00
    endloop
  endfacet
  facet normal 5.048801e-01 3.266338e-16 -8.631895e-01
    outer loop
      vertex   1.014326e+02 9.832400e+00 -9.208651e+00
      vertex   1.014326e+02 1.452675e+01 -9.208651e+00
      vertex   1.016342e+02 9.832400e+00 -9.090719e+00
    endloop
  endfacet
  facet normal 5.048801e-01 0.000000e+00 -8.631895e-01
    outer loop
      vertex   1.016342e+02 9.832400e+00 -9.090719e+00
      vertex   1.014326e+02 1.452675e+01 -9.208651e+00
      vertex   1.016342e+02 1.452675e+01 -9.090719e+00
    endloop
  endfacet
  facet normal 4.269069e-01 0.000000e+00 -9.042956e-01
    outer loop
      vertex   1.016342e+02 9.832400e+00 -9.090719e+00
      vertex   1.016342e+02 1.452675e+01 -9.090719e+00
      vertex   1.018454e+02 9.832400e+00 -8.991001e+00
    endloop
  endfacet
  facet normal 4.269069e-01 0.000000e+00 -9.042956e-01
    outer loop
      vertex   1.018454e+02 9.832400e+00 -8.991001e+00
      vertex   1.016342e+02 1.452675e+01 -9.090719e+00
      vertex   1.018454e+02 1.452675e+01 -8.991001e+00
    endloop
  endfacet
  facet normal 3.456169e-01 0.000000e+00 -9.383757e-01
    outer loop
      vertex   1.018454e+02 9.832400e+00 -8.991001e+00
      vertex   1.018454e+02 1.452675e+01 -8.991001e+00
      vertex   1.020646e+02 9.832400e+00 -8.910270e+00
    endloop
  endfacet
  facet normal 3.456169e-01 -3.550845e-16 -9.383757e-01
    outer loop
      vertex   1.020646e+02 9.832400e+00 -8.910270e+00
      vertex   1.018454e+02 1.452675e+01 -8.991001e+00
      vertex   1.020646e+02 1.452675e+01 -8.910270e+00
    endloop
  endfacet
  facet normal 2.616416e-01 -3.652217e-16 -9.651651e-01
    outer loop
      vertex   1.020646e+02 9.832400e+00 -8.910270e+00
      vertex   1.020646e+02 1.452675e+01 -8.910270e+00
      vertex   1.022900e+02 9.832400e+00 -8.849155e+00
    endloop
  endfacet
  facet normal 2.616416e-01 -7.304434e-16 -9.651651e-01
    outer loop
      vertex   1.022900e+02 9.832400e+00 -8.849155e+00
      vertex   1.020646e+02 1.452675e+01 -8.910270e+00
      vertex   1.022900e+02 1.452675e+01 -8.849155e+00
    endloop
  endfacet
  facet normal 1.756335e-01 -7.450426e-16 -9.844556e-01
    outer loop
      vertex   1.022900e+02 9.832400e+00 -8.849155e+00
      vertex   1.022900e+02 1.452675e+01 -8.849155e+00
      vertex   1.025200e+02 9.832400e+00 -8.808130e+00
    endloop
  endfacet
  facet normal 1.756335e-01 0.000000e+00 -9.844556e-01
    outer loop
      vertex   1.025200e+02 9.832400e+00 -8.808130e+00
      vertex   1.022900e+02 1.452675e+01 -8.849155e+00
      vertex   1.025200e+02 1.452675e+01 -8.808130e+00
    endloop
  endfacet
  facet normal -1.420053e-01 0.000000e+00 9.898659e-01
    outer loop
      vertex   1.025200e+02 1.457651e+01 -8.103249e+00
      vertex   1.022692e+02 1.457651e+01 -8.139222e+00
      vertex   1.025200e+02 9.832400e+00 -8.103249e+00
    endloop
  endfacet
  facet normal -1.426506e-01 -3.481143e-05 9.897731e-01
    outer loop
      vertex   1.025200e+02 9.832400e+00 -8.103249e+00
      vertex   1.022692e+02 1.457651e+01 -8.139222e+00
      vertex   1.022649e+02 9.832400e+00 -8.140008e+00
    endloop
  endfacet
  facet normal -2.163980e-01 3.421161e-05 9.763052e-01
    outer loop
      vertex   1.022649e+02 9.832400e+00 -8.140008e+00
      vertex   1.022692e+02 1.457651e+01 -8.139222e+00
      vertex   1.020219e+02 1.457651e+01 -8.194040e+00
    endloop
  endfacet
  facet normal -2.183071e-01 -6.842320e-05 9.758801e-01
    outer loop
      vertex   1.022649e+02 9.832400e+00 -8.140008e+00
      vertex   1.020219e+02 1.457651e+01 -8.194040e+00
      vertex   1.020135e+02 9.832400e+00 -8.196263e+00
    endloop
  endfacet
  facet normal -2.895533e-01 6.722353e-05 9.571619e-01
    outer loop
      vertex   1.020135e+02 9.832400e+00 -8.196263e+00
      vertex   1.020219e+02 1.457651e+01 -8.194040e+00
      vertex   1.017795e+02 1.457651e+01 -8.267391e+00
    endloop
  endfacet
  facet normal -2.926718e-01 -1.008353e-04 9.562129e-01
    outer loop
      vertex   1.020135e+02 9.832400e+00 -8.196263e+00
      vertex   1.017795e+02 1.457651e+01 -8.267391e+00
      vertex   1.017671e+02 9.832400e+00 -8.271681e+00
    endloop
  endfacet
  facet normal -3.610530e-01 9.903571e-05 9.325453e-01
    outer loop
      vertex   1.017671e+02 9.832400e+00 -8.271681e+00
      vertex   1.017795e+02 1.457651e+01 -8.267391e+00
      vertex   1.015432e+02 1.457651e+01 -8.358853e+00
    endloop
  endfacet
  facet normal -3.653049e-01 -1.320476e-04 9.308879e-01
    outer loop
      vertex   1.017671e+02 9.832400e+00 -8.271681e+00
      vertex   1.015432e+02 1.457651e+01 -8.358853e+00
      vertex   1.015272e+02 9.832400e+00 -8.365815e+00
    endloop
  endfacet
  facet normal -4.304880e-01 1.296481e-04 9.025963e-01
    outer loop
      vertex   1.015272e+02 9.832400e+00 -8.365815e+00
      vertex   1.015432e+02 1.457651e+01 -8.358853e+00
      vertex   1.013146e+02 1.457651e+01 -8.467905e+00
    endloop
  endfacet
  facet normal -4.357765e-01 -1.620600e-04 9.000549e-01
    outer loop
      vertex   1.015272e+02 9.832400e+00 -8.365815e+00
      vertex   1.013146e+02 1.457651e+01 -8.467905e+00
      vertex   1.012953e+02 9.832400e+00 -8.478109e+00
    endloop
  endfacet
  facet normal -4.974615e-01 1.590606e-04 8.674861e-01
    outer loop
      vertex   1.012953e+02 9.832400e+00 -8.478109e+00
      vertex   1.013146e+02 1.457651e+01 -8.467905e+00
      vertex   1.010948e+02 1.457651e+01 -8.593924e+00
    endloop
  endfacet
  facet normal -5.036696e-01 -1.908726e-04 8.638964e-01
    outer loop
      vertex   1.012953e+02 9.832400e+00 -8.478109e+00
      vertex   1.010948e+02 1.457651e+01 -8.593924e+00
      vertex   1.010726e+02 9.832400e+00 -8.607898e+00
    endloop
  endfacet
  facet normal -5.615903e-01 1.872733e-04 8.274154e-01
    outer loop
      vertex   1.010726e+02 9.832400e+00 -8.607898e+00
      vertex   1.010948e+02 1.457651e+01 -8.593924e+00
      vertex   1.008852e+02 1.457651e+01 -8.736187e+00
    endloop
  endfacet
  facet normal -5.685825e-01 -2.184853e-04 8.226262e-01
    outer loop
      vertex   1.010726e+02 9.832400e+00 -8.607898e+00
      vertex   1.008852e+02 1.457651e+01 -8.736187e+00
      vertex   1.008607e+02 9.832400e+00 -8.754414e+00
    endloop
  endfacet
  facet normal -6.225080e-01 2.142860e-04 7.826134e-01
    outer loop
      vertex   1.008607e+02 9.832400e+00 -8.754414e+00
      vertex   1.008852e+02 1.457651e+01 -8.736187e+00
      vertex   1.006870e+02 1.457651e+01 -8.893882e+00
    endloop
  endfacet
  facet normal -6.301312e-01 -2.448980e-04 7.764886e-01
    outer loop
      vertex   1.008607e+02 9.832400e+00 -8.754414e+00
      vertex   1.006870e+02 1.457651e+01 -8.893882e+00
      vertex   1.006606e+02 9.832400e+00 -8.916791e+00
    endloop
  endfacet
  facet normal -6.798660e-01 2.400987e-04 7.333364e-01
    outer loop
      vertex   1.006606e+02 9.832400e+00 -8.916791e+00
      vertex   1.006870e+02 1.457651e+01 -8.893882e+00
      vertex   1.005012e+02 1.457651e+01 -9.066107e+00
    endloop
  endfacet
  facet normal -6.879515e-01 -2.701107e-04 7.257566e-01
    outer loop
      vertex   1.006606e+02 9.832400e+00 -8.916791e+00
      vertex   1.005012e+02 1.457651e+01 -9.066107e+00
      vertex   1.004736e+02 9.832400e+00 -9.094067e+00
    endloop
  endfacet
  facet normal -7.333364e-01 2.647114e-04 6.798659e-01
    outer loop
      vertex   1.004736e+02 9.832400e+00 -9.094067e+00
      vertex   1.005012e+02 1.457651e+01 -9.066107e+00
      vertex   1.003290e+02 1.457651e+01 -9.251878e+00
    endloop
  endfacet
  facet normal -7.417012e-01 -2.941234e-04 6.707304e-01
    outer loop
      vertex   1.004736e+02 9.832400e+00 -9.094067e+00
      vertex   1.003290e+02 1.457651e+01 -9.251878e+00
      vertex   1.003007e+02 9.832400e+00 -9.285194e+00
    endloop
  endfacet
  facet normal -7.826134e-01 2.881240e-04 6.225079e-01
    outer loop
      vertex   1.003007e+02 9.832400e+00 -9.285194e+00
      vertex   1.003290e+02 1.457651e+01 -9.251878e+00
      vertex   1.001713e+02 1.457651e+01 -9.450131e+00
    endloop
  endfacet
  facet normal -7.910623e-01 -3.169359e-04 6.117355e-01
    outer loop
      vertex   1.003007e+02 9.832400e+00 -9.285194e+00
      vertex   1.001713e+02 1.457651e+01 -9.450131e+00
      vertex   1.001431e+02 9.832400e+00 -9.489040e+00
    endloop
  endfacet
  facet normal -8.274154e-01 3.103365e-04 5.615903e-01
    outer loop
      vertex   1.001431e+02 9.832400e+00 -9.489040e+00
      vertex   1.001713e+02 1.457651e+01 -9.450131e+00
      vertex   1.000290e+02 1.457651e+01 -9.659734e+00
    endloop
  endfacet
  facet normal -8.357428e-01 -3.385483e-04 5.491210e-01
    outer loop
      vertex   1.001431e+02 9.832400e+00 -9.489040e+00
      vertex   1.000290e+02 1.457651e+01 -9.659734e+00
      vertex   1.000016e+02 9.832400e+00 -9.704401e+00
    endloop
  endfacet
  facet normal -8.674860e-01 3.313488e-04 4.974614e-01
    outer loop
      vertex   1.000016e+02 9.832400e+00 -9.704401e+00
      vertex   1.000290e+02 1.457651e+01 -9.659734e+00
      vertex   9.990299e+01 1.457651e+01 -9.879487e+00
    endloop
  endfacet
  facet normal -8.754782e-01 -3.589606e-04 4.832574e-01
    outer loop
      vertex   1.000016e+02 9.832400e+00 -9.704401e+00
      vertex   9.990299e+01 1.457651e+01 -9.879487e+00
      vertex   9.987705e+01 9.832400e+00 -9.930000e+00
    endloop
  endfacet
  facet normal -8.895777e-01 1.714732e-16 4.567839e-01
    outer loop
      vertex   9.987705e+01 9.832400e+00 -9.930000e+00
      vertex   9.990299e+01 1.457651e+01 -9.879487e+00
      vertex   9.987705e+01 1.456440e+01 -9.930000e+00
    endloop
  endfacet
  facet normal -8.941736e-01 1.362948e-01 4.264708e-01
    outer loop
      vertex   9.987705e+01 1.456440e+01 -9.930000e+00
      vertex   9.990299e+01 1.457651e+01 -9.879487e+00
      vertex   9.979394e+01 1.457651e+01 -1.010814e+01
    endloop
  endfacet
  facet normal -9.036016e-01 -1.094027e-01 4.141681e-01
    outer loop
      vertex   9.987705e+01 1.456440e+01 -9.930000e+00
      vertex   9.979394e+01 1.457651e+01 -1.010814e+01
      vertex   9.977623e+01 1.456440e+01 -1.014997e+01
    endloop
  endfacet
  facet normal -9.262892e-01 1.156383e-01 3.586308e-01
    outer loop
      vertex   9.977623e+01 1.456440e+01 -1.014997e+01
      vertex   9.979394e+01 1.457651e+01 -1.010814e+01
      vertex   9.970248e+01 1.457651e+01 -1.034437e+01
    endloop
  endfacet
  facet normal -9.332129e-01 -8.698381e-02 3.486365e-01
    outer loop
      vertex   9.977623e+01 1.456440e+01 -1.014997e+01
      vertex   9.970248e+01 1.457651e+01 -1.034437e+01
      vertex   9.969155e+01 1.456440e+01 -1.037664e+01
    endloop
  endfacet
  facet normal -9.531296e-01 9.169353e-02 2.883335e-01
    outer loop
      vertex   9.969155e+01 1.456440e+01 -1.037664e+01
      vertex   9.970248e+01 1.457651e+01 -1.034437e+01
      vertex   9.962913e+01 1.457651e+01 -1.058684e+01
    endloop
  endfacet
  facet normal -9.577785e-01 -6.127244e-02 2.809022e-01
    outer loop
      vertex   9.969155e+01 1.456440e+01 -1.037664e+01
      vertex   9.962913e+01 1.457651e+01 -1.058684e+01
      vertex   9.962345e+01 1.456440e+01 -1.060883e+01
    endloop
  endfacet
  facet normal -9.742766e-01 6.443124e-02 2.159484e-01
    outer loop
      vertex   9.962345e+01 1.456440e+01 -1.060883e+01
      vertex   9.962913e+01 1.457651e+01 -1.058684e+01
      vertex   9.957431e+01 1.457651e+01 -1.083416e+01
    endloop
  endfacet
  facet normal -9.768841e-01 -3.226594e-02 2.113206e-01
    outer loop
      vertex   9.962345e+01 1.456440e+01 -1.060883e+01
      vertex   9.957431e+01 1.457651e+01 -1.083416e+01
      vertex   9.957229e+01 1.456440e+01 -1.084534e+01
    endloop
  endfacet
  facet normal -9.892986e-01 3.385205e-02 1.419239e-01
    outer loop
      vertex   9.957229e+01 1.456440e+01 -1.084534e+01
      vertex   9.957431e+01 1.457651e+01 -1.083416e+01
      vertex   9.953833e+01 1.457651e+01 -1.108491e+01
    endloop
  endfacet
  facet normal -9.901052e-01 8.749735e-17 1.403272e-01
    outer loop
      vertex   9.957229e+01 1.456440e+01 -1.084534e+01
      vertex   9.953833e+01 1.457651e+01 -1.108491e+01
      vertex   9.953833e+01 1.456440e+01 -1.108491e+01
    endloop
  endfacet
  facet normal -3.987812e-12 0.000000e+00 1.000000e+00
    outer loop
      vertex   9.833348e+01 9.832400e+00 -1.108491e+01
      vertex   9.858427e+01 1.459440e+01 -1.108491e+01
      vertex   9.833348e+01 1.434440e+01 -1.108491e+01
    endloop
  endfacet
  facet normal -3.965884e-12 -2.199727e-14 1.000000e+00
    outer loop
      vertex   9.833348e+01 1.434440e+01 -1.108491e+01
      vertex   9.858427e+01 1.459440e+01 -1.108491e+01
      vertex   9.853547e+01 1.458933e+01 -1.108491e+01
    endloop
  endfacet
  facet normal -4.053013e-12 4.985802e-14 1.000000e+00
    outer loop
      vertex   9.833348e+01 1.434440e+01 -1.108491e+01
      vertex   9.853547e+01 1.458933e+01 -1.108491e+01
      vertex   9.848841e+01 1.457542e+01 -1.108491e+01
    endloop
  endfacet
  facet normal -3.654462e-12 -4.473649e-14 1.000000e+00
    outer loop
      vertex   9.952000e+01 9.832400e+00 -1.108491e+01
      vertex   9.897515e+01 1.459334e+01 -1.108491e+01
      vertex   9.833348e+01 9.832400e+00 -1.108491e+01
    endloop
  endfacet
  facet normal -3.977835e-12 -1.152799e-15 1.000000e+00
    outer loop
      vertex   9.833348e+01 9.832400e+00 -1.108491e+01
      vertex   9.897515e+01 1.459334e+01 -1.108491e+01
      vertex   9.879653e+01 1.459440e+01 -1.108491e+01
    endloop
  endfacet
  facet normal -3.991909e-12 2.157687e-16 1.000000e+00
    outer loop
      vertex   9.833348e+01 9.832400e+00 -1.108491e+01
      vertex   9.879653e+01 1.459440e+01 -1.108491e+01
      vertex   9.858427e+01 1.459440e+01 -1.108491e+01
    endloop
  endfacet
  facet normal -3.986561e-12 -8.274216e-14 1.000000e+00
    outer loop
      vertex   9.897515e+01 1.459334e+01 -1.108491e+01
      vertex   9.952000e+01 9.832400e+00 -1.108491e+01
      vertex   9.915925e+01 1.459008e+01 -1.108491e+01
    endloop
  endfacet
  facet normal -2.895337e-12 0.000000e+00 1.000000e+00
    outer loop
      vertex   9.915925e+01 1.459008e+01 -1.108491e+01
      vertex   9.952000e+01 9.832400e+00 -1.108491e+01
      vertex   9.952000e+01 1.456440e+01 -1.108491e+01
    endloop
  endfacet
  facet normal -5.092715e-12 -3.087059e-11 1.000000e+00
    outer loop
      vertex   9.915925e+01 1.459008e+01 -1.108491e+01
      vertex   9.952000e+01 1.456440e+01 -1.108491e+01
      vertex   9.953833e+01 1.457651e+01 -1.108491e+01
    endloop
  endfacet
  facet normal -2.548207e-11 0.000000e+00 1.000000e+00
    outer loop
      vertex   9.953833e+01 1.457651e+01 -1.108491e+01
      vertex   9.952000e+01 1.456440e+01 -1.108491e+01
      vertex   9.953833e+01 1.456440e+01 -1.108491e+01
    endloop
  endfacet
  facet normal -3.871731e-12 -7.171266e-14 1.000000e+00
    outer loop
      vertex   9.848841e+01 1.457542e+01 -1.108491e+01
      vertex   9.844525e+01 1.455214e+01 -1.108491e+01
      vertex   9.833348e+01 1.434440e+01 -1.108491e+01
    endloop
  endfacet
  facet normal -4.159422e-12 8.307727e-14 1.000000e+00
    outer loop
      vertex   9.833348e+01 1.434440e+01 -1.108491e+01
      vertex   9.844525e+01 1.455214e+01 -1.108491e+01
      vertex   9.840705e+01 1.452130e+01 -1.108491e+01
    endloop
  endfacet
  facet normal -4.073838e-12 4.748396e-14 1.000000e+00
    outer loop
      vertex   9.833348e+01 1.434440e+01 -1.108491e+01
      vertex   9.840705e+01 1.452130e+01 -1.108491e+01
      vertex   9.837609e+01 1.448329e+01 -1.108491e+01
    endloop
  endfacet
  facet normal -3.783185e-12 -4.167793e-14 1.000000e+00
    outer loop
      vertex   9.837609e+01 1.448329e+01 -1.108491e+01
      vertex   9.835262e+01 1.444019e+01 -1.108491e+01
      vertex   9.833348e+01 1.434440e+01 -1.108491e+01
    endloop
  endfacet
  facet normal -3.799909e-12 -3.833692e-14 1.000000e+00
    outer loop
      vertex   9.833348e+01 1.434440e+01 -1.108491e+01
      vertex   9.835262e+01 1.444019e+01 -1.108491e+01
      vertex   9.833860e+01 1.439319e+01 -1.108491e+01
    endloop
  endfacet
  facet normal 8.903260e-01 0.000000e+00 -4.553237e-01
    outer loop
      vertex   1.058679e+02 9.832400e+00 -1.293000e+01
      vertex   1.058370e+02 1.457651e+01 -1.299034e+01
      vertex   1.058679e+02 1.454240e+01 -1.293000e+01
    endloop
  endfacet
  facet normal 9.012323e-01 5.495524e-02 -4.298375e-01
    outer loop
      vertex   1.058679e+02 1.454240e+01 -1.293000e+01
      vertex   1.058370e+02 1.457651e+01 -1.299034e+01
      vertex   1.059461e+02 1.457651e+01 -1.276169e+01
    endloop
  endfacet
  facet normal 9.094038e-01 -4.398838e-02 -4.135817e-01
    outer loop
      vertex   1.058679e+02 1.454240e+01 -1.293000e+01
      vertex   1.059461e+02 1.457651e+01 -1.276169e+01
      vertex   1.059671e+02 1.454240e+01 -1.271174e+01
    endloop
  endfacet
  facet normal 9.315063e-01 4.719317e-02 -3.606507e-01
    outer loop
      vertex   1.059671e+02 1.454240e+01 -1.271174e+01
      vertex   1.059461e+02 1.457651e+01 -1.276169e+01
      vertex   1.060375e+02 1.457651e+01 -1.252546e+01
    endloop
  endfacet
  facet normal 9.369769e-01 -3.541230e-02 -3.475920e-01
    outer loop
      vertex   1.059671e+02 1.454240e+01 -1.271174e+01
      vertex   1.060375e+02 1.457651e+01 -1.252546e+01
      vertex   1.060505e+02 1.454240e+01 -1.248693e+01
    endloop
  endfacet
  facet normal 9.564771e-01 3.781843e-02 -2.893462e-01
    outer loop
      vertex   1.060505e+02 1.454240e+01 -1.248693e+01
      vertex   1.060375e+02 1.457651e+01 -1.252546e+01
      vertex   1.061109e+02 1.457651e+01 -1.228299e+01
    endloop
  endfacet
  facet normal 9.597365e-01 -2.522240e-02 -2.797671e-01
    outer loop
      vertex   1.060505e+02 1.454240e+01 -1.248693e+01
      vertex   1.061109e+02 1.457651e+01 -1.228299e+01
      vertex   1.061176e+02 1.454240e+01 -1.225673e+01
    endloop
  endfacet
  facet normal 9.759538e-01 2.682798e-02 -2.163201e-01
    outer loop
      vertex   1.061176e+02 1.454240e+01 -1.225673e+01
      vertex   1.061109e+02 1.457651e+01 -1.228299e+01
      vertex   1.061657e+02 1.457651e+01 -1.203567e+01
    endloop
  endfacet
  facet normal 9.775127e-01 -1.341764e-02 -2.104494e-01
    outer loop
      vertex   1.061176e+02 1.454240e+01 -1.225673e+01
      vertex   1.061657e+02 1.457651e+01 -1.203567e+01
      vertex   1.061681e+02 1.454240e+01 -1.202233e+01
    endloop
  endfacet
  facet normal 9.897658e-01 1.422097e-02 -1.419909e-01
    outer loop
      vertex   1.061681e+02 1.454240e+01 -1.202233e+01
      vertex   1.061657e+02 1.457651e+01 -1.203567e+01
      vertex   1.062017e+02 1.457651e+01 -1.178491e+01
    endloop
  endfacet
  facet normal 9.901512e-01 -1.016066e-17 -1.400023e-01
    outer loop
      vertex   1.061681e+02 1.454240e+01 -1.202233e+01
      vertex   1.062017e+02 1.457651e+01 -1.178491e+01
      vertex   1.062017e+02 1.454240e+01 -1.178491e+01
    endloop
  endfacet
  facet normal 8.769987e-01 -4.068259e-04 -4.804925e-01
    outer loop
      vertex   1.058679e+02 9.832400e+00 -1.293000e+01
      vertex   1.057436e+02 9.832400e+00 -1.315673e+01
      vertex   1.058370e+02 1.457651e+01 -1.299034e+01
    endloop
  endfacet
  facet normal 8.674860e-01 3.755326e-04 -4.974614e-01
    outer loop
      vertex   1.058370e+02 1.457651e+01 -1.299034e+01
      vertex   1.057436e+02 9.832400e+00 -1.315673e+01
      vertex   1.057110e+02 1.457651e+01 -1.321010e+01
    endloop
  endfacet
  facet normal 8.373333e-01 -3.857901e-04 -5.466925e-01
    outer loop
      vertex   1.057110e+02 1.457651e+01 -1.321010e+01
      vertex   1.057436e+02 9.832400e+00 -1.315673e+01
      vertex   1.056023e+02 9.832400e+00 -1.337321e+01
    endloop
  endfacet
  facet normal 8.274154e-01 3.536417e-04 -5.615903e-01
    outer loop
      vertex   1.057110e+02 1.457651e+01 -1.321010e+01
      vertex   1.056023e+02 9.832400e+00 -1.337321e+01
      vertex   1.055687e+02 1.457651e+01 -1.341970e+01
    endloop
  endfacet
  facet normal 7.926810e-01 -3.630442e-04 -6.096366e-01
    outer loop
      vertex   1.055687e+02 1.457651e+01 -1.341970e+01
      vertex   1.056023e+02 9.832400e+00 -1.337321e+01
      vertex   1.054447e+02 9.832400e+00 -1.357814e+01
    endloop
  endfacet
  facet normal 7.826134e-01 3.300409e-04 -6.225079e-01
    outer loop
      vertex   1.055687e+02 1.457651e+01 -1.341970e+01
      vertex   1.054447e+02 9.832400e+00 -1.357814e+01
      vertex   1.054110e+02 1.457651e+01 -1.361795e+01
    endloop
  endfacet
  facet normal 7.433076e-01 -3.385885e-04 -6.689497e-01
    outer loop
      vertex   1.054110e+02 1.457651e+01 -1.361795e+01
      vertex   1.054447e+02 9.832400e+00 -1.357814e+01
      vertex   1.052718e+02 9.832400e+00 -1.377031e+01
    endloop
  endfacet
  facet normal 7.333364e-01 3.047302e-04 -6.798659e-01
    outer loop
      vertex   1.054110e+02 1.457651e+01 -1.361795e+01
      vertex   1.052718e+02 9.832400e+00 -1.377031e+01
      vertex   1.052388e+02 1.457651e+01 -1.380372e+01
    endloop
  endfacet
  facet normal 6.895072e-01 -3.124228e-04 -7.242788e-01
    outer loop
      vertex   1.052388e+02 1.457651e+01 -1.380372e+01
      vertex   1.052718e+02 9.832400e+00 -1.377031e+01
      vertex   1.050845e+02 9.832400e+00 -1.394857e+01
    endloop
  endfacet
  facet normal 6.798659e-01 2.777097e-04 -7.333364e-01
    outer loop
      vertex   1.052388e+02 1.457651e+01 -1.380372e+01
      vertex   1.050845e+02 9.832400e+00 -1.394857e+01
      vertex   1.050530e+02 1.457651e+01 -1.397595e+01
    endloop
  endfacet
  facet normal 6.316002e-01 -2.845474e-04 -7.752942e-01
    outer loop
      vertex   1.050530e+02 1.457651e+01 -1.397595e+01
      vertex   1.050845e+02 9.832400e+00 -1.394857e+01
      vertex   1.048841e+02 9.832400e+00 -1.411186e+01
    endloop
  endfacet
  facet normal 6.225079e-01 2.489794e-04 -7.826134e-01
    outer loop
      vertex   1.050530e+02 1.457651e+01 -1.397595e+01
      vertex   1.048841e+02 9.832400e+00 -1.411186e+01
      vertex   1.048548e+02 1.457651e+01 -1.413364e+01
    endloop
  endfacet
  facet normal 5.699316e-01 -2.549622e-04 -8.216921e-01
    outer loop
      vertex   1.048548e+02 1.457651e+01 -1.413364e+01
      vertex   1.048841e+02 9.832400e+00 -1.411186e+01
      vertex   1.046716e+02 9.832400e+00 -1.425921e+01
    endloop
  endfacet
  facet normal 5.615903e-01 2.185393e-04 -8.274154e-01
    outer loop
      vertex   1.048548e+02 1.457651e+01 -1.413364e+01
      vertex   1.046716e+02 9.832400e+00 -1.425921e+01
      vertex   1.046452e+02 1.457651e+01 -1.427591e+01
    endloop
  endfacet
  facet normal 5.048685e-01 -2.236674e-04 -8.631962e-01
    outer loop
      vertex   1.046452e+02 1.457651e+01 -1.427591e+01
      vertex   1.046716e+02 9.832400e+00 -1.425921e+01
      vertex   1.044485e+02 9.832400e+00 -1.438973e+01
    endloop
  endfacet
  facet normal 4.974615e-01 1.863897e-04 -8.674861e-01
    outer loop
      vertex   1.046452e+02 1.457651e+01 -1.427591e+01
      vertex   1.044485e+02 9.832400e+00 -1.438973e+01
      vertex   1.044254e+02 1.457651e+01 -1.440192e+01
    endloop
  endfacet
  facet normal 4.367986e-01 -1.906630e-04 -8.995593e-01
    outer loop
      vertex   1.044254e+02 1.457651e+01 -1.440192e+01
      vertex   1.044485e+02 9.832400e+00 -1.438973e+01
      vertex   1.042159e+02 9.832400e+00 -1.450266e+01
    endloop
  endfacet
  facet normal 4.304880e-01 1.525305e-04 -9.025963e-01
    outer loop
      vertex   1.044254e+02 1.457651e+01 -1.440192e+01
      vertex   1.042159e+02 9.832400e+00 -1.450266e+01
      vertex   1.041968e+02 1.457651e+01 -1.451098e+01
    endloop
  endfacet
  facet normal 3.661272e-01 -1.559491e-04 -9.305648e-01
    outer loop
      vertex   1.041968e+02 1.457651e+01 -1.451098e+01
      vertex   1.042159e+02 9.832400e+00 -1.450266e+01
      vertex   1.039753e+02 9.832400e+00 -1.459731e+01
    endloop
  endfacet
  facet normal 3.610530e-01 1.169619e-04 -9.325453e-01
    outer loop
      vertex   1.041968e+02 1.457651e+01 -1.451098e+01
      vertex   1.039753e+02 9.832400e+00 -1.459731e+01
      vertex   1.039605e+02 1.457651e+01 -1.460244e+01
    endloop
  endfacet
  facet normal 2.932752e-01 -1.195257e-04 -9.560280e-01
    outer loop
      vertex   1.039605e+02 1.457651e+01 -1.460244e+01
      vertex   1.039753e+02 9.832400e+00 -1.459731e+01
      vertex   1.037282e+02 9.832400e+00 -1.467313e+01
    endloop
  endfacet
  facet normal 2.895533e-01 7.968384e-05 -9.571619e-01
    outer loop
      vertex   1.039605e+02 1.457651e+01 -1.460244e+01
      vertex   1.037282e+02 9.832400e+00 -1.467313e+01
      vertex   1.037181e+02 1.457651e+01 -1.467579e+01
    endloop
  endfacet
  facet normal 2.186766e-01 -8.139301e-05 -9.757974e-01
    outer loop
      vertex   1.037181e+02 1.457651e+01 -1.467579e+01
      vertex   1.037282e+02 9.832400e+00 -1.467313e+01
      vertex   1.034759e+02 9.832400e+00 -1.472967e+01
    endloop
  endfacet
  facet normal 2.163980e-01 4.069652e-05 -9.763052e-01
    outer loop
      vertex   1.037181e+02 1.457651e+01 -1.467579e+01
      vertex   1.034759e+02 9.832400e+00 -1.472967e+01
      vertex   1.034708e+02 1.457651e+01 -1.473061e+01
    endloop
  endfacet
  facet normal 1.427755e-01 -4.155108e-05 -9.897551e-01
    outer loop
      vertex   1.034708e+02 1.457651e+01 -1.473061e+01
      vertex   1.034759e+02 9.832400e+00 -1.472967e+01
      vertex   1.032200e+02 9.832400e+00 -1.476658e+01
    endloop
  endfacet
  facet normal 1.420053e-01 -2.683890e-19 -9.898659e-01
    outer loop
      vertex   1.034708e+02 1.457651e+01 -1.473061e+01
      vertex   1.032200e+02 9.832400e+00 -1.476658e+01
      vertex   1.032200e+02 1.457651e+01 -1.476658e+01
    endloop
  endfacet
  facet normal -9.901512e-01 0.000000e+00 -1.400023e-01
    outer loop
      vertex   9.953833e+01 1.456440e+01 -1.178491e+01
      vertex   9.953833e+01 1.457651e+01 -1.178491e+01
      vertex   9.957190e+01 1.456440e+01 -1.202233e+01
    endloop
  endfacet
  facet normal -9.890725e-01 4.002990e-02 -1.418915e-01
    outer loop
      vertex   9.957190e+01 1.456440e+01 -1.202233e+01
      vertex   9.953833e+01 1.457651e+01 -1.178491e+01
      vertex   9.957431e+01 1.457651e+01 -1.203567e+01
    endloop
  endfacet
  facet normal -9.769031e-01 -3.777156e-02 -2.103181e-01
    outer loop
      vertex   9.957190e+01 1.456440e+01 -1.202233e+01
      vertex   9.957431e+01 1.457651e+01 -1.203567e+01
      vertex   9.962237e+01 1.456440e+01 -1.225673e+01
    endloop
  endfacet
  facet normal -9.735274e-01 7.538181e-02 -2.157823e-01
    outer loop
      vertex   9.962237e+01 1.456440e+01 -1.225673e+01
      vertex   9.957431e+01 1.457651e+01 -1.203567e+01
      vertex   9.962913e+01 1.457651e+01 -1.228299e+01
    endloop
  endfacet
  facet normal -9.576266e-01 -7.089085e-02 -2.791520e-01
    outer loop
      vertex   9.962237e+01 1.456440e+01 -1.225673e+01
      vertex   9.962913e+01 1.457651e+01 -1.228299e+01
      vertex   9.968947e+01 1.456440e+01 -1.248693e+01
    endloop
  endfacet
  facet normal -9.517690e-01 1.060035e-01 -2.879219e-01
    outer loop
      vertex   9.968947e+01 1.456440e+01 -1.248693e+01
      vertex   9.962913e+01 1.457651e+01 -1.228299e+01
      vertex   9.970248e+01 1.457651e+01 -1.252546e+01
    endloop
  endfacet
  facet normal -9.329293e-01 -9.931932e-02 -3.460905e-01
    outer loop
      vertex   9.968947e+01 1.456440e+01 -1.248693e+01
      vertex   9.970248e+01 1.457651e+01 -1.252546e+01
      vertex   9.977287e+01 1.456440e+01 -1.271174e+01
    endloop
  endfacet
  facet normal -9.243952e-01 1.319200e-01 -3.578975e-01
    outer loop
      vertex   9.977287e+01 1.456440e+01 -1.271174e+01
      vertex   9.970248e+01 1.457651e+01 -1.252546e+01
      vertex   9.979394e+01 1.457651e+01 -1.276169e+01
    endloop
  endfacet
  facet normal -9.033632e-01 -1.230845e-01 -4.108346e-01
    outer loop
      vertex   9.977287e+01 1.456440e+01 -1.271174e+01
      vertex   9.979394e+01 1.457651e+01 -1.276169e+01
      vertex   9.987213e+01 1.456440e+01 -1.293000e+01
    endloop
  endfacet
  facet normal -8.919409e-01 1.532033e-01 -4.254060e-01
    outer loop
      vertex   9.987213e+01 1.456440e+01 -1.293000e+01
      vertex   9.979394e+01 1.457651e+01 -1.276169e+01
      vertex   9.990299e+01 1.457651e+01 -1.299034e+01
    endloop
  endfacet
  facet normal -8.903260e-01 -0.000000e+00 -4.553237e-01
    outer loop
      vertex   9.987213e+01 1.456440e+01 -1.293000e+01
      vertex   9.990299e+01 1.457651e+01 -1.299034e+01
      vertex   9.987213e+01 9.832400e+00 -1.293000e+01
    endloop
  endfacet
  facet normal -8.769987e-01 -4.068259e-04 -4.804925e-01
    outer loop
      vertex   9.987213e+01 9.832400e+00 -1.293000e+01
      vertex   9.990299e+01 1.457651e+01 -1.299034e+01
      vertex   9.999635e+01 9.832400e+00 -1.315673e+01
    endloop
  endfacet
  facet normal -8.674860e-01 3.755326e-04 -4.974614e-01
    outer loop
      vertex   9.999635e+01 9.832400e+00 -1.315673e+01
      vertex   9.990299e+01 1.457651e+01 -1.299034e+01
      vertex   1.000290e+02 1.457651e+01 -1.321010e+01
    endloop
  endfacet
  facet normal -8.373333e-01 -3.857901e-04 -5.466925e-01
    outer loop
      vertex   9.999635e+01 9.832400e+00 -1.315673e+01
      vertex   1.000290e+02 1.457651e+01 -1.321010e+01
      vertex   1.001377e+02 9.832400e+00 -1.337321e+01
    endloop
  endfacet
  facet normal -8.274154e-01 3.536417e-04 -5.615903e-01
    outer loop
      vertex   1.001377e+02 9.832400e+00 -1.337321e+01
      vertex   1.000290e+02 1.457651e+01 -1.321010e+01
      vertex   1.001713e+02 1.457651e+01 -1.341970e+01
    endloop
  endfacet
  facet normal -7.926810e-01 -3.630442e-04 -6.096366e-01
    outer loop
      vertex   1.001377e+02 9.832400e+00 -1.337321e+01
      vertex   1.001713e+02 1.457651e+01 -1.341970e+01
      vertex   1.002953e+02 9.832400e+00 -1.357814e+01
    endloop
  endfacet
  facet normal -7.826134e-01 3.300409e-04 -6.225079e-01
    outer loop
      vertex   1.002953e+02 9.832400e+00 -1.357814e+01
      vertex   1.001713e+02 1.457651e+01 -1.341970e+01
      vertex   1.003290e+02 1.457651e+01 -1.361795e+01
    endloop
  endfacet
  facet normal -7.433076e-01 -3.385885e-04 -6.689497e-01
    outer loop
      vertex   1.002953e+02 9.832400e+00 -1.357814e+01
      vertex   1.003290e+02 1.457651e+01 -1.361795e+01
      vertex   1.004682e+02 9.832400e+00 -1.377031e+01
    endloop
  endfacet
  facet normal -7.333364e-01 3.047302e-04 -6.798659e-01
    outer loop
      vertex   1.004682e+02 9.832400e+00 -1.377031e+01
      vertex   1.003290e+02 1.457651e+01 -1.361795e+01
      vertex   1.005012e+02 1.457651e+01 -1.380372e+01
    endloop
  endfacet
  facet normal -6.895072e-01 -3.124228e-04 -7.242788e-01
    outer loop
      vertex   1.004682e+02 9.832400e+00 -1.377031e+01
      vertex   1.005012e+02 1.457651e+01 -1.380372e+01
      vertex   1.006555e+02 9.832400e+00 -1.394857e+01
    endloop
  endfacet
  facet normal -6.798659e-01 2.777097e-04 -7.333364e-01
    outer loop
      vertex   1.006555e+02 9.832400e+00 -1.394857e+01
      vertex   1.005012e+02 1.457651e+01 -1.380372e+01
      vertex   1.006870e+02 1.457651e+01 -1.397595e+01
    endloop
  endfacet
  facet normal -6.316002e-01 -2.845474e-04 -7.752942e-01
    outer loop
      vertex   1.006555e+02 9.832400e+00 -1.394857e+01
      vertex   1.006870e+02 1.457651e+01 -1.397595e+01
      vertex   1.008559e+02 9.832400e+00 -1.411186e+01
    endloop
  endfacet
  facet normal -6.225079e-01 2.489794e-04 -7.826134e-01
    outer loop
      vertex   1.008559e+02 9.832400e+00 -1.411186e+01
      vertex   1.006870e+02 1.457651e+01 -1.397595e+01
      vertex   1.008852e+02 1.457651e+01 -1.413364e+01
    endloop
  endfacet
  facet normal -5.699316e-01 -2.549622e-04 -8.216921e-01
    outer loop
      vertex   1.008559e+02 9.832400e+00 -1.411186e+01
      vertex   1.008852e+02 1.457651e+01 -1.413364e+01
      vertex   1.010684e+02 9.832400e+00 -1.425921e+01
    endloop
  endfacet
  facet normal -5.615903e-01 2.185393e-04 -8.274154e-01
    outer loop
      vertex   1.010684e+02 9.832400e+00 -1.425921e+01
      vertex   1.008852e+02 1.457651e+01 -1.413364e+01
      vertex   1.010948e+02 1.457651e+01 -1.427591e+01
    endloop
  endfacet
  facet normal -5.048685e-01 -2.236674e-04 -8.631962e-01
    outer loop
      vertex   1.010684e+02 9.832400e+00 -1.425921e+01
      vertex   1.010948e+02 1.457651e+01 -1.427591e+01
      vertex   1.012915e+02 9.832400e+00 -1.438973e+01
    endloop
  endfacet
  facet normal -4.974615e-01 1.863897e-04 -8.674861e-01
    outer loop
      vertex   1.012915e+02 9.832400e+00 -1.438973e+01
      vertex   1.010948e+02 1.457651e+01 -1.427591e+01
      vertex   1.013146e+02 1.457651e+01 -1.440192e+01
    endloop
  endfacet
  facet normal -4.367986e-01 -1.906630e-04 -8.995593e-01
    outer loop
      vertex   1.012915e+02 9.832400e+00 -1.438973e+01
      vertex   1.013146e+02 1.457651e+01 -1.440192e+01
      vertex   1.015241e+02 9.832400e+00 -1.450266e+01
    endloop
  endfacet
  facet normal -4.304880e-01 1.525305e-04 -9.025963e-01
    outer loop
      vertex   1.015241e+02 9.832400e+00 -1.450266e+01
      vertex   1.013146e+02 1.457651e+01 -1.440192e+01
      vertex   1.015432e+02 1.457651e+01 -1.451098e+01
    endloop
  endfacet
  facet normal -3.661272e-01 -1.559491e-04 -9.305648e-01
    outer loop
      vertex   1.015241e+02 9.832400e+00 -1.450266e+01
      vertex   1.015432e+02 1.457651e+01 -1.451098e+01
      vertex   1.017647e+02 9.832400e+00 -1.459731e+01
    endloop
  endfacet
  facet normal -3.610530e-01 1.169619e-04 -9.325453e-01
    outer loop
      vertex   1.017647e+02 9.832400e+00 -1.459731e+01
      vertex   1.015432e+02 1.457651e+01 -1.451098e+01
      vertex   1.017795e+02 1.457651e+01 -1.460244e+01
    endloop
  endfacet
  facet normal -2.932752e-01 -1.195257e-04 -9.560280e-01
    outer loop
      vertex   1.017647e+02 9.832400e+00 -1.459731e+01
      vertex   1.017795e+02 1.457651e+01 -1.460244e+01
      vertex   1.020118e+02 9.832400e+00 -1.467313e+01
    endloop
  endfacet
  facet normal -2.895533e-01 7.968384e-05 -9.571619e-01
    outer loop
      vertex   1.020118e+02 9.832400e+00 -1.467313e+01
      vertex   1.017795e+02 1.457651e+01 -1.460244e+01
      vertex   1.020219e+02 1.457651e+01 -1.467579e+01
    endloop
  endfacet
  facet normal -2.186766e-01 -8.139301e-05 -9.757974e-01
    outer loop
      vertex   1.020118e+02 9.832400e+00 -1.467313e+01
      vertex   1.020219e+02 1.457651e+01 -1.467579e+01
      vertex   1.022641e+02 9.832400e+00 -1.472967e+01
    endloop
  endfacet
  facet normal -2.163980e-01 4.069652e-05 -9.763052e-01
    outer loop
      vertex   1.022641e+02 9.832400e+00 -1.472967e+01
      vertex   1.020219e+02 1.457651e+01 -1.467579e+01
      vertex   1.022692e+02 1.457651e+01 -1.473061e+01
    endloop
  endfacet
  facet normal -1.427755e-01 -4.155108e-05 -9.897551e-01
    outer loop
      vertex   1.022641e+02 9.832400e+00 -1.472967e+01
      vertex   1.022692e+02 1.457651e+01 -1.473061e+01
      vertex   1.025200e+02 9.832400e+00 -1.476658e+01
    endloop
  endfacet
  facet normal -1.420053e-01 0.000000e+00 -9.898659e-01
    outer loop
      vertex   1.025200e+02 9.832400e+00 -1.476658e+01
      vertex   1.022692e+02 1.457651e+01 -1.473061e+01
      vertex   1.025200e+02 1.457651e+01 -1.476658e+01
    endloop
  endfacet
  facet normal 1.179799e-14 -1.000000e+00 3.783384e-16
    outer loop
      vertex   1.080094e+02 9.832400e+00 -1.110495e+01
      vertex   1.074065e+02 9.832400e+00 -1.108491e+01
      vertex   1.080200e+02 9.832400e+00 -1.143491e+01
    endloop
  endfacet
  facet normal 5.791069e-15 -1.000000e+00 -1.015061e-14
    outer loop
      vertex   1.080200e+02 9.832400e+00 -1.143491e+01
      vertex   1.074065e+02 9.832400e+00 -1.108491e+01
      vertex   1.074065e+02 9.832400e+00 -1.178491e+01
    endloop
  endfacet
  facet normal 0.000000e+00 -1.000000e+00 0.000000e+00
    outer loop
      vertex   1.080200e+02 9.832400e+00 -1.143491e+01
      vertex   1.074065e+02 9.832400e+00 -1.178491e+01
      vertex   1.080094e+02 9.832400e+00 -1.176488e+01
    endloop
  endfacet
  facet normal 0.000000e+00 -1.000000e+00 0.000000e+00
    outer loop
      vertex   1.080094e+02 9.832400e+00 -1.176488e+01
      vertex   1.074065e+02 9.832400e+00 -1.178491e+01
      vertex   1.079777e+02 9.832400e+00 -1.209348e+01
    endloop
  endfacet
  facet normal 0.000000e+00 -1.000000e+00 0.000000e+00
    outer loop
      vertex   1.079777e+02 9.832400e+00 -1.209348e+01
      vertex   1.074065e+02 9.832400e+00 -1.178491e+01
      vertex   1.073726e+02 9.832400e+00 -1.208995e+01
    endloop
  endfacet
  facet normal -0.000000e+00 -1.000000e+00 0.000000e+00
    outer loop
      vertex   1.079777e+02 9.832400e+00 -1.209348e+01
      vertex   1.073726e+02 9.832400e+00 -1.208995e+01
      vertex   1.079250e+02 9.832400e+00 -1.241938e+01
    endloop
  endfacet
  facet normal 0.000000e+00 -1.000000e+00 0.000000e+00
    outer loop
      vertex   1.079250e+02 9.832400e+00 -1.241938e+01
      vertex   1.073726e+02 9.832400e+00 -1.208995e+01
      vertex   1.073182e+02 9.832400e+00 -1.239200e+01
    endloop
  endfacet
  facet normal -0.000000e+00 -1.000000e+00 0.000000e+00
    outer loop
      vertex   1.079250e+02 9.832400e+00 -1.241938e+01
      vertex   1.073182e+02 9.832400e+00 -1.239200e+01
      vertex   1.078516e+02 9.832400e+00 -1.274124e+01
    endloop
  endfacet
  facet normal 0.000000e+00 -1.000000e+00 0.000000e+00
    outer loop
      vertex   1.078516e+02 9.832400e+00 -1.274124e+01
      vertex   1.073182e+02 9.832400e+00 -1.239200e+01
      vertex   1.072436e+02 9.832400e+00 -1.268970e+01
    endloop
  endfacet
  facet normal -0.000000e+00 -1.000000e+00 0.000000e+00
    outer loop
      vertex   1.078516e+02 9.832400e+00 -1.274124e+01
      vertex   1.072436e+02 9.832400e+00 -1.268970e+01
      vertex   1.077576e+02 9.832400e+00 -1.305772e+01
    endloop
  endfacet
  facet normal 0.000000e+00 -1.000000e+00 0.000000e+00
    outer loop
      vertex   1.077576e+02 9.832400e+00 -1.305772e+01
      vertex   1.072436e+02 9.832400e+00 -1.268970e+01
      vertex   1.071490e+02 9.832400e+00 -1.298169e+01
    endloop
  endfacet
  facet normal -0.000000e+00 -1.000000e+00 0.000000e+00
    outer loop
      vertex   1.077576e+02 9.832400e+00 -1.305772e+01
      vertex   1.071490e+02 9.832400e+00 -1.298169e+01
      vertex   1.076436e+02 9.832400e+00 -1.336754e+01
    endloop
  endfacet
  facet normal 0.000000e+00 -1.000000e+00 0.000000e+00
    outer loop
      vertex   1.076436e+02 9.832400e+00 -1.336754e+01
      vertex   1.071490e+02 9.832400e+00 -1.298169e+01
      vertex   1.070350e+02 9.832400e+00 -1.326665e+01
    endloop
  endfacet
  facet normal -0.000000e+00 -1.000000e+00 0.000000e+00
    outer loop
      vertex   1.076436e+02 9.832400e+00 -1.336754e+01
      vertex   1.070350e+02 9.832400e+00 -1.326665e+01
      vertex   1.075100e+02 9.832400e+00 -1.366942e+01
    endloop
  endfacet
  facet normal 0.000000e+00 -1.000000e+00 0.000000e+00
    outer loop
      vertex   1.075100e+02 9.832400e+00 -1.366942e+01
      vertex   1.070350e+02 9.832400e+00 -1.326665e+01
      vertex   1.069020e+02 9.832400e+00 -1.354327e+01
    endloop
  endfacet
  facet normal -0.000000e+00 -1.000000e+00 0.000000e+00
    outer loop
      vertex   1.075100e+02 9.832400e+00 -1.366942e+01
      vertex   1.069020e+02 9.832400e+00 -1.354327e+01
      vertex   1.073573e+02 9.832400e+00 -1.396211e+01
    endloop
  endfacet
  facet normal 0.000000e+00 -1.000000e+00 0.000000e+00
    outer loop
      vertex   1.073573e+02 9.832400e+00 -1.396211e+01
      vertex   1.069020e+02 9.832400e+00 -1.354327e+01
      vertex   1.067507e+02 9.832400e+00 -1.381029e+01
    endloop
  endfacet
  facet normal -0.000000e+00 -1.000000e+00 0.000000e+00
    outer loop
      vertex   1.073573e+02 9.832400e+00 -1.396211e+01
      vertex   1.067507e+02 9.832400e+00 -1.381029e+01
      vertex   1.071862e+02 9.832400e+00 -1.424442e+01
    endloop
  endfacet
  facet normal 0.000000e+00 -1.000000e+00 0.000000e+00
    outer loop
      vertex   1.071862e+02 9.832400e+00 -1.424442e+01
      vertex   1.067507e+02 9.832400e+00 -1.381029e+01
      vertex   1.065818e+02 9.832400e+00 -1.406651e+01
    endloop
  endfacet
  facet normal -0.000000e+00 -1.000000e+00 0.000000e+00
    outer loop
      vertex   1.071862e+02 9.832400e+00 -1.424442e+01
      vertex   1.065818e+02 9.832400e+00 -1.406651e+01
      vertex   1.069973e+02 9.832400e+00 -1.451518e+01
    endloop
  endfacet
  facet normal 0.000000e+00 -1.000000e+00 0.000000e+00
    outer loop
      vertex   1.069973e+02 9.832400e+00 -1.451518e+01
      vertex   1.065818e+02 9.832400e+00 -1.406651e+01
      vertex   1.063959e+02 9.832400e+00 -1.431075e+01
    endloop
  endfacet
  facet normal -0.000000e+00 -1.000000e+00 0.000000e+00
    outer loop
      vertex   1.069973e+02 9.832400e+00 -1.451518e+01
      vertex   1.063959e+02 9.832400e+00 -1.431075e+01
      vertex   1.067914e+02 9.832400e+00 -1.477329e+01
    endloop
  endfacet
  facet normal 0.000000e+00 -1.000000e+00 0.000000e+00
    outer loop
      vertex   1.067914e+02 9.832400e+00 -1.477329e+01
      vertex   1.063959e+02 9.832400e+00 -1.431075e+01
      vertex   1.061940e+02 9.832400e+00 -1.454191e+01
    endloop
  endfacet
  facet normal -0.000000e+00 -1.000000e+00 0.000000e+00
    outer loop
      vertex   1.067914e+02 9.832400e+00 -1.477329e+01
      vertex   1.061940e+02 9.832400e+00 -1.454191e+01
      vertex   1.065695e+02 9.832400e+00 -1.501768e+01
    endloop
  endfacet
  facet normal 0.000000e+00 -1.000000e+00 0.000000e+00
    outer loop
      vertex   1.065695e+02 9.832400e+00 -1.501768e+01
      vertex   1.061940e+02 9.832400e+00 -1.454191e+01
      vertex   1.059770e+02 9.832400e+00 -1.475893e+01
    endloop
  endfacet
  facet normal -0.000000e+00 -1.000000e+00 0.000000e+00
    outer loop
      vertex   1.065695e+02 9.832400e+00 -1.501768e+01
      vertex   1.059770e+02 9.832400e+00 -1.475893e+01
      vertex   1.063323e+02 9.832400e+00 -1.524735e+01
    endloop
  endfacet
  facet normal 0.000000e+00 -1.000000e+00 0.000000e+00
    outer loop
      vertex   1.063323e+02 9.832400e+00 -1.524735e+01
      vertex   1.059770e+02 9.832400e+00 -1.475893e+01
      vertex   1.057458e+02 9.832400e+00 -1.496083e+01
    endloop
  endfacet
  facet normal -0.000000e+00 -1.000000e+00 0.000000e+00
    outer loop
      vertex   1.063323e+02 9.832400e+00 -1.524735e+01
      vertex   1.057458e+02 9.832400e+00 -1.496083e+01
      vertex   1.060810e+02 9.832400e+00 -1.546135e+01
    endloop
  endfacet
  facet normal 0.000000e+00 -1.000000e+00 0.000000e+00
    outer loop
      vertex   1.060810e+02 9.832400e+00 -1.546135e+01
      vertex   1.057458e+02 9.832400e+00 -1.496083e+01
      vertex   1.055016e+02 9.832400e+00 -1.514668e+01
    endloop
  endfacet
  facet normal -0.000000e+00 -1.000000e+00 0.000000e+00
    outer loop
      vertex   1.060810e+02 9.832400e+00 -1.546135e+01
      vertex   1.055016e+02 9.832400e+00 -1.514668e+01
      vertex   1.058164e+02 9.832400e+00 -1.565880e+01
    endloop
  endfacet
  facet normal 0.000000e+00 -1.000000e+00 0.000000e+00
    outer loop
      vertex   1.058164e+02 9.832400e+00 -1.565880e+01
      vertex   1.055016e+02 9.832400e+00 -1.514668e+01
      vertex   1.052454e+02 9.832400e+00 -1.531565e+01
    endloop
  endfacet
  facet normal -0.000000e+00 -1.000000e+00 0.000000e+00
    outer loop
      vertex   1.058164e+02 9.832400e+00 -1.565880e+01
      vertex   1.052454e+02 9.832400e+00 -1.531565e+01
      vertex   1.055397e+02 9.832400e+00 -1.583890e+01
    endloop
  endfacet
  facet normal 0.000000e+00 -1.000000e+00 0.000000e+00
    outer loop
      vertex   1.055397e+02 9.832400e+00 -1.583890e+01
      vertex   1.052454e+02 9.832400e+00 -1.531565e+01
      vertex   1.049784e+02 9.832400e+00 -1.546696e+01
    endloop
  endfacet
  facet normal -0.000000e+00 -1.000000e+00 0.000000e+00
    outer loop
      vertex   1.055397e+02 9.832400e+00 -1.583890e+01
      vertex   1.049784e+02 9.832400e+00 -1.546696e+01
      vertex   1.052521e+02 9.832400e+00 -1.600090e+01
    endloop
  endfacet
  facet normal -0.000000e+00 -1.000000e+00 0.000000e+00
    outer loop
      vertex   1.052521e+02 9.832400e+00 -1.600090e+01
      vertex   1.049784e+02 9.832400e+00 -1.546696e+01
      vertex   1.049546e+02 9.832400e+00 -1.614414e+01
    endloop
  endfacet
  facet normal 0.000000e+00 -1.000000e+00 0.000000e+00
    outer loop
      vertex   1.049546e+02 9.832400e+00 -1.614414e+01
      vertex   1.049784e+02 9.832400e+00 -1.546696e+01
      vertex   1.047017e+02 9.832400e+00 -1.559992e+01
    endloop
  endfacet
  facet normal -0.000000e+00 -1.000000e+00 0.000000e+00
    outer loop
      vertex   1.049546e+02 9.832400e+00 -1.614414e+01
      vertex   1.047017e+02 9.832400e+00 -1.559992e+01
      vertex   1.046486e+02 9.832400e+00 -1.626803e+01
    endloop
  endfacet
  facet normal 0.000000e+00 -1.000000e+00 0.000000e+00
    outer loop
      vertex   1.046486e+02 9.832400e+00 -1.626803e+01
      vertex   1.047017e+02 9.832400e+00 -1.559992e+01
      vertex   1.044168e+02 9.832400e+00 -1.571393e+01
    endloop
  endfacet
  facet normal -0.000000e+00 -1.000000e+00 0.000000e+00
    outer loop
      vertex   1.046486e+02 9.832400e+00 -1.626803e+01
      vertex   1.044168e+02 9.832400e+00 -1.571393e+01
      vertex   1.043353e+02 9.832400e+00 -1.637205e+01
    endloop
  endfacet
  facet normal 0.000000e+00 -1.000000e+00 0.000000e+00
    outer loop
      vertex   1.043353e+02 9.832400e+00 -1.637205e+01
      vertex   1.044168e+02 9.832400e+00 -1.571393e+01
      vertex   1.041248e+02 9.832400e+00 -1.580847e+01
    endloop
  endfacet
  facet normal -0.000000e+00 -1.000000e+00 0.000000e+00
    outer loop
      vertex   1.043353e+02 9.832400e+00 -1.637205e+01
      vertex   1.041248e+02 9.832400e+00 -1.580847e+01
      vertex   1.040160e+02 9.832400e+00 -1.645579e+01
    endloop
  endfacet
  facet normal 0.000000e+00 -1.000000e+00 0.000000e+00
    outer loop
      vertex   1.040160e+02 9.832400e+00 -1.645579e+01
      vertex   1.041248e+02 9.832400e+00 -1.580847e+01
      vertex   1.038271e+02 9.832400e+00 -1.588311e+01
    endloop
  endfacet
  facet normal -0.000000e+00 -1.000000e+00 0.000000e+00
    outer loop
      vertex   1.040160e+02 9.832400e+00 -1.645579e+01
      vertex   1.038271e+02 9.832400e+00 -1.588311e+01
      vertex   1.036919e+02 9.832400e+00 -1.651890e+01
    endloop
  endfacet
  facet normal 0.000000e+00 -1.000000e+00 0.000000e+00
    outer loop
      vertex   1.036919e+02 9.832400e+00 -1.651890e+01
      vertex   1.038271e+02 9.832400e+00 -1.588311e+01
      vertex   1.035250e+02 9.832400e+00 -1.593752e+01
    endloop
  endfacet
  facet normal -0.000000e+00 -1.000000e+00 0.000000e+00
    outer loop
      vertex   1.036919e+02 9.832400e+00 -1.651890e+01
      vertex   1.035250e+02 9.832400e+00 -1.593752e+01
      vertex   1.033645e+02 9.832400e+00 -1.656112e+01
    endloop
  endfacet
  facet normal 2.398012e-14 -1.000000e+00 -6.172551e-15
    outer loop
      vertex   1.033645e+02 9.832400e+00 -1.656112e+01
      vertex   1.035250e+02 9.832400e+00 -1.593752e+01
      vertex   1.032200e+02 9.832400e+00 -1.597143e+01
    endloop
  endfacet
  facet normal 7.616231e-16 -1.000000e+00 -1.186289e-14
    outer loop
      vertex   1.033645e+02 9.832400e+00 -1.656112e+01
      vertex   1.032200e+02 9.832400e+00 -1.597143e+01
      vertex   1.030351e+02 9.832400e+00 -1.658227e+01
    endloop
  endfacet
  facet normal -1.015061e-14 -1.000000e+00 -8.559146e-15
    outer loop
      vertex   1.030351e+02 9.832400e+00 -1.658227e+01
      vertex   1.032200e+02 9.832400e+00 -1.597143e+01
      vertex   1.025200e+02 9.832400e+00 -1.597143e+01
    endloop
  endfacet
  facet normal 0.000000e+00 -1.000000e+00 0.000000e+00
    outer loop
      vertex   1.030351e+02 9.832400e+00 -1.658227e+01
      vertex   1.025200e+02 9.832400e+00 -1.597143e+01
      vertex   1.027049e+02 9.832400e+00 -1.658227e+01
    endloop
  endfacet
  facet normal 0.000000e+00 -1.000000e+00 0.000000e+00
    outer loop
      vertex   1.027049e+02 9.832400e+00 -1.658227e+01
      vertex   1.025200e+02 9.832400e+00 -1.597143e+01
      vertex   1.023755e+02 9.832400e+00 -1.656112e+01
    endloop
  endfacet
  facet normal 0.000000e+00 -1.000000e+00 0.000000e+00
    outer loop
      vertex   1.023755e+02 9.832400e+00 -1.656112e+01
      vertex   1.025200e+02 9.832400e+00 -1.597143e+01
      vertex   1.022150e+02 9.832400e+00 -1.593752e+01
    endloop
  endfacet
  facet normal 0.000000e+00 -1.000000e+00 0.000000e+00
    outer loop
      vertex   1.023755e+02 9.832400e+00 -1.656112e+01
      vertex   1.022150e+02 9.832400e+00 -1.593752e+01
      vertex   1.020481e+02 9.832400e+00 -1.651890e+01
    endloop
  endfacet
  facet normal 0.000000e+00 -1.000000e+00 0.000000e+00
    outer loop
      vertex   1.020481e+02 9.832400e+00 -1.651890e+01
      vertex   1.022150e+02 9.832400e+00 -1.593752e+01
      vertex   1.019129e+02 9.832400e+00 -1.588311e+01
    endloop
  endfacet
  facet normal 0.000000e+00 -1.000000e+00 0.000000e+00
    outer loop
      vertex   1.020481e+02 9.832400e+00 -1.651890e+01
      vertex   1.019129e+02 9.832400e+00 -1.588311e+01
      vertex   1.017240e+02 9.832400e+00 -1.645579e+01
    endloop
  endfacet
  facet normal 0.000000e+00 -1.000000e+00 0.000000e+00
    outer loop
      vertex   1.017240e+02 9.832400e+00 -1.645579e+01
      vertex   1.019129e+02 9.832400e+00 -1.588311e+01
      vertex   1.016152e+02 9.832400e+00 -1.580847e+01
    endloop
  endfacet
  facet normal 0.000000e+00 -1.000000e+00 0.000000e+00
    outer loop
      vertex   1.017240e+02 9.832400e+00 -1.645579e+01
      vertex   1.016152e+02 9.832400e+00 -1.580847e+01
      vertex   1.014047e+02 9.832400e+00 -1.637205e+01
    endloop
  endfacet
  facet normal 0.000000e+00 -1.000000e+00 0.000000e+00
    outer loop
      vertex   1.014047e+02 9.832400e+00 -1.637205e+01
      vertex   1.016152e+02 9.832400e+00 -1.580847e+01
      vertex   1.013232e+02 9.832400e+00 -1.571393e+01
    endloop
  endfacet
  facet normal 0.000000e+00 -1.000000e+00 0.000000e+00
    outer loop
      vertex   1.014047e+02 9.832400e+00 -1.637205e+01
      vertex   1.013232e+02 9.832400e+00 -1.571393e+01
      vertex   1.010914e+02 9.832400e+00 -1.626803e+01
    endloop
  endfacet
  facet normal 0.000000e+00 -1.000000e+00 0.000000e+00
    outer loop
      vertex   1.010914e+02 9.832400e+00 -1.626803e+01
      vertex   1.013232e+02 9.832400e+00 -1.571393e+01
      vertex   1.010383e+02 9.832400e+00 -1.559992e+01
    endloop
  endfacet
  facet normal 0.000000e+00 -1.000000e+00 0.000000e+00
    outer loop
      vertex   1.010914e+02 9.832400e+00 -1.626803e+01
      vertex   1.010383e+02 9.832400e+00 -1.559992e+01
      vertex   1.007854e+02 9.832400e+00 -1.614414e+01
    endloop
  endfacet
  facet normal 0.000000e+00 -1.000000e+00 0.000000e+00
    outer loop
      vertex   1.007854e+02 9.832400e+00 -1.614414e+01
      vertex   1.010383e+02 9.832400e+00 -1.559992e+01
      vertex   1.007616e+02 9.832400e+00 -1.546696e+01
    endloop
  endfacet
  facet normal 0.000000e+00 -1.000000e+00 0.000000e+00
    outer loop
      vertex   1.007854e+02 9.832400e+00 -1.614414e+01
      vertex   1.007616e+02 9.832400e+00 -1.546696e+01
      vertex   1.004879e+02 9.832400e+00 -1.600090e+01
    endloop
  endfacet
  facet normal 0.000000e+00 -1.000000e+00 0.000000e+00
    outer loop
      vertex   1.004879e+02 9.832400e+00 -1.600090e+01
      vertex   1.007616e+02 9.832400e+00 -1.546696e+01
      vertex   1.002003e+02 9.832400e+00 -1.583890e+01
    endloop
  endfacet
  facet normal 0.000000e+00 -1.000000e+00 0.000000e+00
    outer loop
      vertex   1.002003e+02 9.832400e+00 -1.583890e+01
      vertex   1.007616e+02 9.832400e+00 -1.546696e+01
      vertex   1.004946e+02 9.832400e+00 -1.531565e+01
    endloop
  endfacet
  facet normal 0.000000e+00 -1.000000e+00 0.000000e+00
    outer loop
      vertex   1.002003e+02 9.832400e+00 -1.583890e+01
      vertex   1.004946e+02 9.832400e+00 -1.531565e+01
      vertex   9.992360e+01 9.832400e+00 -1.565880e+01
    endloop
  endfacet
  facet normal 0.000000e+00 -1.000000e+00 0.000000e+00
    outer loop
      vertex   9.992360e+01 9.832400e+00 -1.565880e+01
      vertex   1.004946e+02 9.832400e+00 -1.531565e+01
      vertex   1.002384e+02 9.832400e+00 -1.514668e+01
    endloop
  endfacet
  facet normal 0.000000e+00 -1.000000e+00 0.000000e+00
    outer loop
      vertex   9.992360e+01 9.832400e+00 -1.565880e+01
      vertex   1.002384e+02 9.832400e+00 -1.514668e+01
      vertex   9.965903e+01 9.832400e+00 -1.546135e+01
    endloop
  endfacet
  facet normal 0.000000e+00 -1.000000e+00 0.000000e+00
    outer loop
      vertex   9.965903e+01 9.832400e+00 -1.546135e+01
      vertex   1.002384e+02 9.832400e+00 -1.514668e+01
      vertex   9.999416e+01 9.832400e+00 -1.496083e+01
    endloop
  endfacet
  facet normal 0.000000e+00 -1.000000e+00 0.000000e+00
    outer loop
      vertex   9.965903e+01 9.832400e+00 -1.546135e+01
      vertex   9.999416e+01 9.832400e+00 -1.496083e+01
      vertex   9.940765e+01 9.832400e+00 -1.524735e+01
    endloop
  endfacet
  facet normal 0.000000e+00 -1.000000e+00 0.000000e+00
    outer loop
      vertex   9.940765e+01 9.832400e+00 -1.524735e+01
      vertex   9.999416e+01 9.832400e+00 -1.496083e+01
      vertex   9.976301e+01 9.832400e+00 -1.475893e+01
    endloop
  endfacet
  facet normal 0.000000e+00 -1.000000e+00 0.000000e+00
    outer loop
      vertex   9.940765e+01 9.832400e+00 -1.524735e+01
      vertex   9.976301e+01 9.832400e+00 -1.475893e+01
      vertex   9.917050e+01 9.832400e+00 -1.501768e+01
    endloop
  endfacet
  facet normal 0.000000e+00 -1.000000e+00 0.000000e+00
    outer loop
      vertex   9.917050e+01 9.832400e+00 -1.501768e+01
      vertex   9.976301e+01 9.832400e+00 -1.475893e+01
      vertex   9.954598e+01 9.832400e+00 -1.454191e+01
    endloop
  endfacet
  facet normal 0.000000e+00 -1.000000e+00 0.000000e+00
    outer loop
      vertex   9.917050e+01 9.832400e+00 -1.501768e+01
      vertex   9.954598e+01 9.832400e+00 -1.454191e+01
      vertex   9.894855e+01 9.832400e+00 -1.477329e+01
    endloop
  endfacet
  facet normal 0.000000e+00 -1.000000e+00 0.000000e+00
    outer loop
      vertex   9.894855e+01 9.832400e+00 -1.477329e+01
      vertex   9.954598e+01 9.832400e+00 -1.454191e+01
      vertex   9.934409e+01 9.832400e+00 -1.431075e+01
    endloop
  endfacet
  facet normal 0.000000e+00 -1.000000e+00 0.000000e+00
    outer loop
      vertex   9.894855e+01 9.832400e+00 -1.477329e+01
      vertex   9.934409e+01 9.832400e+00 -1.431075e+01
      vertex   9.874272e+01 9.832400e+00 -1.451518e+01
    endloop
  endfacet
  facet normal 0.000000e+00 -1.000000e+00 0.000000e+00
    outer loop
      vertex   9.874272e+01 9.832400e+00 -1.451518e+01
      vertex   9.934409e+01 9.832400e+00 -1.431075e+01
      vertex   9.915823e+01 9.832400e+00 -1.406651e+01
    endloop
  endfacet
  facet normal 0.000000e+00 -1.000000e+00 0.000000e+00
    outer loop
      vertex   9.874272e+01 9.832400e+00 -1.451518e+01
      vertex   9.915823e+01 9.832400e+00 -1.406651e+01
      vertex   9.855385e+01 9.832400e+00 -1.424442e+01
    endloop
  endfacet
  facet normal 0.000000e+00 -1.000000e+00 0.000000e+00
    outer loop
      vertex   9.855385e+01 9.832400e+00 -1.424442e+01
      vertex   9.915823e+01 9.832400e+00 -1.406651e+01
      vertex   9.898927e+01 9.832400e+00 -1.381029e+01
    endloop
  endfacet
  facet normal 0.000000e+00 -1.000000e+00 0.000000e+00
    outer loop
      vertex   9.855385e+01 9.832400e+00 -1.424442e+01
      vertex   9.898927e+01 9.832400e+00 -1.381029e+01
      vertex   9.838271e+01 9.832400e+00 -1.396211e+01
    endloop
  endfacet
  facet normal 0.000000e+00 -1.000000e+00 0.000000e+00
    outer loop
      vertex   9.838271e+01 9.832400e+00 -1.396211e+01
      vertex   9.898927e+01 9.832400e+00 -1.381029e+01
      vertex   9.883796e+01 9.832400e+00 -1.354327e+01
    endloop
  endfacet
  facet normal 0.000000e+00 -1.000000e+00 0.000000e+00
    outer loop
      vertex   9.838271e+01 9.832400e+00 -1.396211e+01
      vertex   9.883796e+01 9.832400e+00 -1.354327e+01
      vertex   9.823001e+01 9.832400e+00 -1.366942e+01
    endloop
  endfacet
  facet normal 0.000000e+00 -1.000000e+00 0.000000e+00
    outer loop
      vertex   9.823001e+01 9.832400e+00 -1.366942e+01
      vertex   9.883796e+01 9.832400e+00 -1.354327e+01
      vertex   9.870500e+01 9.832400e+00 -1.326665e+01
    endloop
  endfacet
  facet normal 0.000000e+00 -1.000000e+00 0.000000e+00
    outer loop
      vertex   9.823001e+01 9.832400e+00 -1.366942e+01
      vertex   9.870500e+01 9.832400e+00 -1.326665e+01
      vertex   9.809638e+01 9.832400e+00 -1.336754e+01
    endloop
  endfacet
  facet normal 0.000000e+00 -1.000000e+00 0.000000e+00
    outer loop
      vertex   9.809638e+01 9.832400e+00 -1.336754e+01
      vertex   9.870500e+01 9.832400e+00 -1.326665e+01
      vertex   9.859098e+01 9.832400e+00 -1.298169e+01
    endloop
  endfacet
  facet normal 0.000000e+00 -1.000000e+00 0.000000e+00
    outer loop
      vertex   9.809638e+01 9.832400e+00 -1.336754e+01
      vertex   9.859098e+01 9.832400e+00 -1.298169e+01
      vertex   9.798236e+01 9.832400e+00 -1.305772e+01
    endloop
  endfacet
  facet normal 0.000000e+00 -1.000000e+00 0.000000e+00
    outer loop
      vertex   9.798236e+01 9.832400e+00 -1.305772e+01
      vertex   9.859098e+01 9.832400e+00 -1.298169e+01
      vertex   9.849644e+01 9.832400e+00 -1.268970e+01
    endloop
  endfacet
  facet normal 0.000000e+00 -1.000000e+00 0.000000e+00
    outer loop
      vertex   9.798236e+01 9.832400e+00 -1.305772e+01
      vertex   9.849644e+01 9.832400e+00 -1.268970e+01
      vertex   9.788843e+01 9.832400e+00 -1.274124e+01
    endloop
  endfacet
  facet normal 0.000000e+00 -1.000000e+00 0.000000e+00
    outer loop
      vertex   9.788843e+01 9.832400e+00 -1.274124e+01
      vertex   9.849644e+01 9.832400e+00 -1.268970e+01
      vertex   9.842180e+01 9.832400e+00 -1.239200e+01
    endloop
  endfacet
  facet normal 0.000000e+00 -1.000000e+00 0.000000e+00
    outer loop
      vertex   9.788843e+01 9.832400e+00 -1.274124e+01
      vertex   9.842180e+01 9.832400e+00 -1.239200e+01
      vertex   9.781497e+01 9.832400e+00 -1.241938e+01
    endloop
  endfacet
  facet normal 0.000000e+00 -1.000000e+00 0.000000e+00
    outer loop
      vertex   9.781497e+01 9.832400e+00 -1.241938e+01
      vertex   9.842180e+01 9.832400e+00 -1.239200e+01
      vertex   9.836740e+01 9.832400e+00 -1.208995e+01
    endloop
  endfacet
  facet normal 0.000000e+00 -1.000000e+00 0.000000e+00
    outer loop
      vertex   9.781497e+01 9.832400e+00 -1.241938e+01
      vertex   9.836740e+01 9.832400e+00 -1.208995e+01
      vertex   9.776228e+01 9.832400e+00 -1.209348e+01
    endloop
  endfacet
  facet normal 1.358912e-16 -1.000000e+00 -2.327870e-14
    outer loop
      vertex   9.776228e+01 9.832400e+00 -1.209348e+01
      vertex   9.836740e+01 9.832400e+00 -1.208995e+01
      vertex   9.833348e+01 9.832400e+00 -1.178491e+01
    endloop
  endfacet
  facet normal -1.182332e-14 -1.000000e+00 -1.140581e-15
    outer loop
      vertex   9.776228e+01 9.832400e+00 -1.209348e+01
      vertex   9.833348e+01 9.832400e+00 -1.178491e+01
      vertex   9.773058e+01 9.832400e+00 -1.176488e+01
    endloop
  endfacet
  facet normal -1.179799e-14 -1.000000e+00 -3.783384e-16
    outer loop
      vertex   9.773058e+01 9.832400e+00 -1.176488e+01
      vertex   9.833348e+01 9.832400e+00 -1.178491e+01
      vertex   9.772000e+01 9.832400e+00 -1.143491e+01
    endloop
  endfacet
  facet normal -5.791069e-15 -1.000000e+00 1.015061e-14
    outer loop
      vertex   9.772000e+01 9.832400e+00 -1.143491e+01
      vertex   9.833348e+01 9.832400e+00 -1.178491e+01
      vertex   9.833348e+01 9.832400e+00 -1.108491e+01
    endloop
  endfacet
  facet normal 0.000000e+00 -1.000000e+00 0.000000e+00
    outer loop
      vertex   9.772000e+01 9.832400e+00 -1.143491e+01
      vertex   9.833348e+01 9.832400e+00 -1.108491e+01
      vertex   9.773058e+01 9.832400e+00 -1.110495e+01
    endloop
  endfacet
  facet normal 0.000000e+00 -1.000000e+00 0.000000e+00
    outer loop
      vertex   9.773058e+01 9.832400e+00 -1.110495e+01
      vertex   9.833348e+01 9.832400e+00 -1.108491e+01
      vertex   9.776228e+01 9.832400e+00 -1.077635e+01
    endloop
  endfacet
  facet normal 0.000000e+00 -1.000000e+00 0.000000e+00
    outer loop
      vertex   9.776228e+01 9.832400e+00 -1.077635e+01
      vertex   9.833348e+01 9.832400e+00 -1.108491e+01
      vertex   9.836740e+01 9.832400e+00 -1.077988e+01
    endloop
  endfacet
  facet normal 0.000000e+00 -1.000000e+00 0.000000e+00
    outer loop
      vertex   9.776228e+01 9.832400e+00 -1.077635e+01
      vertex   9.836740e+01 9.832400e+00 -1.077988e+01
      vertex   9.781497e+01 9.832400e+00 -1.045045e+01
    endloop
  endfacet
  facet normal 0.000000e+00 -1.000000e+00 0.000000e+00
    outer loop
      vertex   9.781497e+01 9.832400e+00 -1.045045e+01
      vertex   9.836740e+01 9.832400e+00 -1.077988e+01
      vertex   9.842180e+01 9.832400e+00 -1.047783e+01
    endloop
  endfacet
  facet normal 0.000000e+00 -1.000000e+00 0.000000e+00
    outer loop
      vertex   9.781497e+01 9.832400e+00 -1.045045e+01
      vertex   9.842180e+01 9.832400e+00 -1.047783e+01
      vertex   9.788843e+01 9.832400e+00 -1.012859e+01
    endloop
  endfacet
  facet normal 0.000000e+00 -1.000000e+00 0.000000e+00
    outer loop
      vertex   9.788843e+01 9.832400e+00 -1.012859e+01
      vertex   9.842180e+01 9.832400e+00 -1.047783e+01
      vertex   9.849644e+01 9.832400e+00 -1.018013e+01
    endloop
  endfacet
  facet normal 0.000000e+00 -1.000000e+00 0.000000e+00
    outer loop
      vertex   9.788843e+01 9.832400e+00 -1.012859e+01
      vertex   9.849644e+01 9.832400e+00 -1.018013e+01
      vertex   9.798236e+01 9.832400e+00 -9.812108e+00
    endloop
  endfacet
  facet normal 0.000000e+00 -1.000000e+00 0.000000e+00
    outer loop
      vertex   9.798236e+01 9.832400e+00 -9.812108e+00
      vertex   9.849644e+01 9.832400e+00 -1.018013e+01
      vertex   9.859098e+01 9.832400e+00 -9.888135e+00
    endloop
  endfacet
  facet normal 0.000000e+00 -1.000000e+00 0.000000e+00
    outer loop
      vertex   9.798236e+01 9.832400e+00 -9.812108e+00
      vertex   9.859098e+01 9.832400e+00 -9.888135e+00
      vertex   9.809638e+01 9.832400e+00 -9.502290e+00
    endloop
  endfacet
  facet normal 0.000000e+00 -1.000000e+00 0.000000e+00
    outer loop
      vertex   9.809638e+01 9.832400e+00 -9.502290e+00
      vertex   9.859098e+01 9.832400e+00 -9.888135e+00
      vertex   9.870500e+01 9.832400e+00 -9.603183e+00
    endloop
  endfacet
  facet normal 0.000000e+00 -1.000000e+00 0.000000e+00
    outer loop
      vertex   9.809638e+01 9.832400e+00 -9.502290e+00
      vertex   9.870500e+01 9.832400e+00 -9.603183e+00
      vertex   9.823001e+01 9.832400e+00 -9.200414e+00
    endloop
  endfacet
  facet normal 0.000000e+00 -1.000000e+00 0.000000e+00
    outer loop
      vertex   9.823001e+01 9.832400e+00 -9.200414e+00
      vertex   9.870500e+01 9.832400e+00 -9.603183e+00
      vertex   9.883796e+01 9.832400e+00 -9.326564e+00
    endloop
  endfacet
  facet normal 0.000000e+00 -1.000000e+00 0.000000e+00
    outer loop
      vertex   9.823001e+01 9.832400e+00 -9.200414e+00
      vertex   9.883796e+01 9.832400e+00 -9.326564e+00
      vertex   9.838271e+01 9.832400e+00 -8.907720e+00
    endloop
  endfacet
  facet normal 0.000000e+00 -1.000000e+00 0.000000e+00
    outer loop
      vertex   9.838271e+01 9.832400e+00 -8.907720e+00
      vertex   9.883796e+01 9.832400e+00 -9.326564e+00
      vertex   9.898927e+01 9.832400e+00 -9.059539e+00
    endloop
  endfacet
  facet normal 0.000000e+00 -1.000000e+00 0.000000e+00
    outer loop
      vertex   9.838271e+01 9.832400e+00 -8.907720e+00
      vertex   9.898927e+01 9.832400e+00 -9.059539e+00
      vertex   9.855385e+01 9.832400e+00 -8.625410e+00
    endloop
  endfacet
  facet normal 0.000000e+00 -1.000000e+00 0.000000e+00
    outer loop
      vertex   9.855385e+01 9.832400e+00 -8.625410e+00
      vertex   9.898927e+01 9.832400e+00 -9.059539e+00
      vertex   9.915823e+01 9.832400e+00 -8.803322e+00
    endloop
  endfacet
  facet normal 0.000000e+00 -1.000000e+00 0.000000e+00
    outer loop
      vertex   9.855385e+01 9.832400e+00 -8.625410e+00
      vertex   9.915823e+01 9.832400e+00 -8.803322e+00
      vertex   9.874272e+01 9.832400e+00 -8.354646e+00
    endloop
  endfacet
  facet normal 0.000000e+00 -1.000000e+00 0.000000e+00
    outer loop
      vertex   9.874272e+01 9.832400e+00 -8.354646e+00
      vertex   9.915823e+01 9.832400e+00 -8.803322e+00
      vertex   9.934409e+01 9.832400e+00 -8.559079e+00
    endloop
  endfacet
  facet normal 0.000000e+00 -1.000000e+00 0.000000e+00
    outer loop
      vertex   9.874272e+01 9.832400e+00 -8.354646e+00
      vertex   9.934409e+01 9.832400e+00 -8.559079e+00
      vertex   9.894855e+01 9.832400e+00 -8.096539e+00
    endloop
  endfacet
  facet normal 0.000000e+00 -1.000000e+00 0.000000e+00
    outer loop
      vertex   9.894855e+01 9.832400e+00 -8.096539e+00
      vertex   9.934409e+01 9.832400e+00 -8.559079e+00
      vertex   9.954598e+01 9.832400e+00 -8.327920e+00
    endloop
  endfacet
  facet normal 0.000000e+00 -1.000000e+00 0.000000e+00
    outer loop
      vertex   9.894855e+01 9.832400e+00 -8.096539e+00
      vertex   9.954598e+01 9.832400e+00 -8.327920e+00
      vertex   9.917050e+01 9.832400e+00 -7.852150e+00
    endloop
  endfacet
  facet normal 0.000000e+00 -1.000000e+00 0.000000e+00
    outer loop
      vertex   9.917050e+01 9.832400e+00 -7.852150e+00
      vertex   9.954598e+01 9.832400e+00 -8.327920e+00
      vertex   9.976301e+01 9.832400e+00 -8.110899e+00
    endloop
  endfacet
  facet normal 0.000000e+00 -1.000000e+00 0.000000e+00
    outer loop
      vertex   9.917050e+01 9.832400e+00 -7.852150e+00
      vertex   9.976301e+01 9.832400e+00 -8.110899e+00
      vertex   9.940765e+01 9.832400e+00 -7.622483e+00
    endloop
  endfacet
  facet normal 0.000000e+00 -1.000000e+00 0.000000e+00
    outer loop
      vertex   9.940765e+01 9.832400e+00 -7.622483e+00
      vertex   9.976301e+01 9.832400e+00 -8.110899e+00
      vertex   9.999416e+01 9.832400e+00 -7.909002e+00
    endloop
  endfacet
  facet normal 0.000000e+00 -1.000000e+00 0.000000e+00
    outer loop
      vertex   9.940765e+01 9.832400e+00 -7.622483e+00
      vertex   9.999416e+01 9.832400e+00 -7.909002e+00
      vertex   9.965903e+01 9.832400e+00 -7.408483e+00
    endloop
  endfacet
  facet normal 0.000000e+00 -1.000000e+00 0.000000e+00
    outer loop
      vertex   9.965903e+01 9.832400e+00 -7.408483e+00
      vertex   9.999416e+01 9.832400e+00 -7.909002e+00
      vertex   1.002384e+02 9.832400e+00 -7.723147e+00
    endloop
  endfacet
  facet normal 0.000000e+00 -1.000000e+00 0.000000e+00
    outer loop
      vertex   9.965903e+01 9.832400e+00 -7.408483e+00
      vertex   1.002384e+02 9.832400e+00 -7.723147e+00
      vertex   9.992360e+01 9.832400e+00 -7.211028e+00
    endloop
  endfacet
  facet normal 0.000000e+00 -1.000000e+00 0.000000e+00
    outer loop
      vertex   9.992360e+01 9.832400e+00 -7.211028e+00
      vertex   1.002384e+02 9.832400e+00 -7.723147e+00
      vertex   1.004946e+02 9.832400e+00 -7.554182e+00
    endloop
  endfacet
  facet normal 0.000000e+00 -1.000000e+00 0.000000e+00
    outer loop
      vertex   9.992360e+01 9.832400e+00 -7.211028e+00
      vertex   1.004946e+02 9.832400e+00 -7.554182e+00
      vertex   1.002003e+02 9.832400e+00 -7.030930e+00
    endloop
  endfacet
  facet normal 0.000000e+00 -1.000000e+00 0.000000e+00
    outer loop
      vertex   1.002003e+02 9.832400e+00 -7.030930e+00
      vertex   1.004946e+02 9.832400e+00 -7.554182e+00
      vertex   1.007616e+02 9.832400e+00 -7.402874e+00
    endloop
  endfacet
  facet normal 0.000000e+00 -1.000000e+00 0.000000e+00
    outer loop
      vertex   1.002003e+02 9.832400e+00 -7.030930e+00
      vertex   1.007616e+02 9.832400e+00 -7.402874e+00
      vertex   1.004879e+02 9.832400e+00 -6.868929e+00
    endloop
  endfacet
  facet normal 0.000000e+00 -1.000000e+00 0.000000e+00
    outer loop
      vertex   1.004879e+02 9.832400e+00 -6.868929e+00
      vertex   1.007616e+02 9.832400e+00 -7.402874e+00
      vertex   1.007854e+02 9.832400e+00 -6.725690e+00
    endloop
  endfacet
  facet normal 0.000000e+00 -1.000000e+00 -0.000000e+00
    outer loop
      vertex   1.007854e+02 9.832400e+00 -6.725690e+00
      vertex   1.007616e+02 9.832400e+00 -7.402874e+00
      vertex   1.010383e+02 9.832400e+00 -7.269911e+00
    endloop
  endfacet
  facet normal 0.000000e+00 -1.000000e+00 0.000000e+00
    outer loop
      vertex   1.007854e+02 9.832400e+00 -6.725690e+00
      vertex   1.010383e+02 9.832400e+00 -7.269911e+00
      vertex   1.010914e+02 9.832400e+00 -6.601803e+00
    endloop
  endfacet
  facet normal 0.000000e+00 -1.000000e+00 -0.000000e+00
    outer loop
      vertex   1.010914e+02 9.832400e+00 -6.601803e+00
      vertex   1.010383e+02 9.832400e+00 -7.269911e+00
      vertex   1.013232e+02 9.832400e+00 -7.155900e+00
    endloop
  endfacet
  facet normal 0.000000e+00 -1.000000e+00 0.000000e+00
    outer loop
      vertex   1.010914e+02 9.832400e+00 -6.601803e+00
      vertex   1.013232e+02 9.832400e+00 -7.155900e+00
      vertex   1.014047e+02 9.832400e+00 -6.497776e+00
    endloop
  endfacet
  facet normal 0.000000e+00 -1.000000e+00 -0.000000e+00
    outer loop
      vertex   1.014047e+02 9.832400e+00 -6.497776e+00
      vertex   1.013232e+02 9.832400e+00 -7.155900e+00
      vertex   1.016152e+02 9.832400e+00 -7.061358e+00
    endloop
  endfacet
  facet normal 0.000000e+00 -1.000000e+00 0.000000e+00
    outer loop
      vertex   1.014047e+02 9.832400e+00 -6.497776e+00
      vertex   1.016152e+02 9.832400e+00 -7.061358e+00
      vertex   1.017240e+02 9.832400e+00 -6.414036e+00
    endloop
  endfacet
  facet normal 0.000000e+00 -1.000000e+00 -0.000000e+00
    outer loop
      vertex   1.017240e+02 9.832400e+00 -6.414036e+00
      vertex   1.016152e+02 9.832400e+00 -7.061358e+00
      vertex   1.019129e+02 9.832400e+00 -6.986715e+00
    endloop
  endfacet
  facet normal 0.000000e+00 -1.000000e+00 0.000000e+00
    outer loop
      vertex   1.017240e+02 9.832400e+00 -6.414036e+00
      vertex   1.019129e+02 9.832400e+00 -6.986715e+00
      vertex   1.020481e+02 9.832400e+00 -6.350929e+00
    endloop
  endfacet
  facet normal 0.000000e+00 -1.000000e+00 -0.000000e+00
    outer loop
      vertex   1.020481e+02 9.832400e+00 -6.350929e+00
      vertex   1.019129e+02 9.832400e+00 -6.986715e+00
      vertex   1.022150e+02 9.832400e+00 -6.932312e+00
    endloop
  endfacet
  facet normal 0.000000e+00 -1.000000e+00 0.000000e+00
    outer loop
      vertex   1.020481e+02 9.832400e+00 -6.350929e+00
      vertex   1.022150e+02 9.832400e+00 -6.932312e+00
      vertex   1.023755e+02 9.832400e+00 -6.308713e+00
    endloop
  endfacet
  facet normal -2.398012e-14 -1.000000e+00 6.172551e-15
    outer loop
      vertex   1.023755e+02 9.832400e+00 -6.308713e+00
      vertex   1.022150e+02 9.832400e+00 -6.932312e+00
      vertex   1.025200e+02 9.832400e+00 -6.898396e+00
    endloop
  endfacet
  facet normal -7.616231e-16 -1.000000e+00 1.186289e-14
    outer loop
      vertex   1.023755e+02 9.832400e+00 -6.308713e+00
      vertex   1.025200e+02 9.832400e+00 -6.898396e+00
      vertex   1.027049e+02 9.832400e+00 -6.287561e+00
    endloop
  endfacet
  facet normal 1.015061e-14 -1.000000e+00 8.559146e-15
    outer loop
      vertex   1.027049e+02 9.832400e+00 -6.287561e+00
      vertex   1.025200e+02 9.832400e+00 -6.898396e+00
      vertex   1.032200e+02 9.832400e+00 -6.898396e+00
    endloop
  endfacet
  facet normal 0.000000e+00 -1.000000e+00 0.000000e+00
    outer loop
      vertex   1.027049e+02 9.832400e+00 -6.287561e+00
      vertex   1.032200e+02 9.832400e+00 -6.898396e+00
      vertex   1.030351e+02 9.832400e+00 -6.287561e+00
    endloop
  endfacet
  facet normal 0.000000e+00 -1.000000e+00 0.000000e+00
    outer loop
      vertex   1.030351e+02 9.832400e+00 -6.287561e+00
      vertex   1.032200e+02 9.832400e+00 -6.898396e+00
      vertex   1.033645e+02 9.832400e+00 -6.308713e+00
    endloop
  endfacet
  facet normal 0.000000e+00 -1.000000e+00 -0.000000e+00
    outer loop
      vertex   1.033645e+02 9.832400e+00 -6.308713e+00
      vertex   1.032200e+02 9.832400e+00 -6.898396e+00
      vertex   1.035250e+02 9.832400e+00 -6.932312e+00
    endloop
  endfacet
  facet normal 0.000000e+00 -1.000000e+00 0.000000e+00
    outer loop
      vertex   1.033645e+02 9.832400e+00 -6.308713e+00
      vertex   1.035250e+02 9.832400e+00 -6.932312e+00
      vertex   1.036919e+02 9.832400e+00 -6.350929e+00
    endloop
  endfacet
  facet normal 0.000000e+00 -1.000000e+00 -0.000000e+00
    outer loop
      vertex   1.036919e+02 9.832400e+00 -6.350929e+00
      vertex   1.035250e+02 9.832400e+00 -6.932312e+00
      vertex   1.038271e+02 9.832400e+00 -6.986715e+00
    endloop
  endfacet
  facet normal 0.000000e+00 -1.000000e+00 0.000000e+00
    outer loop
      vertex   1.036919e+02 9.832400e+00 -6.350929e+00
      vertex   1.038271e+02 9.832400e+00 -6.986715e+00
      vertex   1.040160e+02 9.832400e+00 -6.414036e+00
    endloop
  endfacet
  facet normal 0.000000e+00 -1.000000e+00 -0.000000e+00
    outer loop
      vertex   1.040160e+02 9.832400e+00 -6.414036e+00
      vertex   1.038271e+02 9.832400e+00 -6.986715e+00
      vertex   1.041248e+02 9.832400e+00 -7.061358e+00
    endloop
  endfacet
  facet normal 0.000000e+00 -1.000000e+00 0.000000e+00
    outer loop
      vertex   1.040160e+02 9.832400e+00 -6.414036e+00
      vertex   1.041248e+02 9.832400e+00 -7.061358e+00
      vertex   1.043353e+02 9.832400e+00 -6.497776e+00
    endloop
  endfacet
  facet normal 0.000000e+00 -1.000000e+00 -0.000000e+00
    outer loop
      vertex   1.043353e+02 9.832400e+00 -6.497776e+00
      vertex   1.041248e+02 9.832400e+00 -7.061358e+00
      vertex   1.044168e+02 9.832400e+00 -7.155900e+00
    endloop
  endfacet
  facet normal 0.000000e+00 -1.000000e+00 0.000000e+00
    outer loop
      vertex   1.043353e+02 9.832400e+00 -6.497776e+00
      vertex   1.044168e+02 9.832400e+00 -7.155900e+00
      vertex   1.046486e+02 9.832400e+00 -6.601803e+00
    endloop
  endfacet
  facet normal 0.000000e+00 -1.000000e+00 -0.000000e+00
    outer loop
      vertex   1.046486e+02 9.832400e+00 -6.601803e+00
      vertex   1.044168e+02 9.832400e+00 -7.155900e+00
      vertex   1.047017e+02 9.832400e+00 -7.269911e+00
    endloop
  endfacet
  facet normal 0.000000e+00 -1.000000e+00 0.000000e+00
    outer loop
      vertex   1.046486e+02 9.832400e+00 -6.601803e+00
      vertex   1.047017e+02 9.832400e+00 -7.269911e+00
      vertex   1.049546e+02 9.832400e+00 -6.725690e+00
    endloop
  endfacet
  facet normal 0.000000e+00 -1.000000e+00 -0.000000e+00
    outer loop
      vertex   1.049546e+02 9.832400e+00 -6.725690e+00
      vertex   1.047017e+02 9.832400e+00 -7.269911e+00
      vertex   1.049784e+02 9.832400e+00 -7.402874e+00
    endloop
  endfacet
  facet normal 0.000000e+00 -1.000000e+00 0.000000e+00
    outer loop
      vertex   1.049546e+02 9.832400e+00 -6.725690e+00
      vertex   1.049784e+02 9.832400e+00 -7.402874e+00
      vertex   1.052521e+02 9.832400e+00 -6.868929e+00
    endloop
  endfacet
  facet normal 0.000000e+00 -1.000000e+00 -0.000000e+00
    outer loop
      vertex   1.052521e+02 9.832400e+00 -6.868929e+00
      vertex   1.049784e+02 9.832400e+00 -7.402874e+00
      vertex   1.055397e+02 9.832400e+00 -7.030930e+00
    endloop
  endfacet
  facet normal 0.000000e+00 -1.000000e+00 0.000000e+00
    outer loop
      vertex   1.055397e+02 9.832400e+00 -7.030930e+00
      vertex   1.049784e+02 9.832400e+00 -7.402874e+00
      vertex   1.052454e+02 9.832400e+00 -7.554182e+00
    endloop
  endfacet
  facet normal 0.000000e+00 -1.000000e+00 -0.000000e+00
    outer loop
      vertex   1.055397e+02 9.832400e+00 -7.030930e+00
      vertex   1.052454e+02 9.832400e+00 -7.554182e+00
      vertex   1.058164e+02 9.832400e+00 -7.211028e+00
    endloop
  endfacet
  facet normal 0.000000e+00 -1.000000e+00 0.000000e+00
    outer loop
      vertex   1.058164e+02 9.832400e+00 -7.211028e+00
      vertex   1.052454e+02 9.832400e+00 -7.554182e+00
      vertex   1.055016e+02 9.832400e+00 -7.723147e+00
    endloop
  endfacet
  facet normal 0.000000e+00 -1.000000e+00 -0.000000e+00
    outer loop
      vertex   1.058164e+02 9.832400e+00 -7.211028e+00
      vertex   1.055016e+02 9.832400e+00 -7.723147e+00
      vertex   1.060810e+02 9.832400e+00 -7.408483e+00
    endloop
  endfacet
  facet normal 0.000000e+00 -1.000000e+00 0.000000e+00
    outer loop
      vertex   1.060810e+02 9.832400e+00 -7.408483e+00
      vertex   1.055016e+02 9.832400e+00 -7.723147e+00
      vertex   1.057458e+02 9.832400e+00 -7.909002e+00
    endloop
  endfacet
  facet normal 0.000000e+00 -1.000000e+00 -0.000000e+00
    outer loop
      vertex   1.060810e+02 9.832400e+00 -7.408483e+00
      vertex   1.057458e+02 9.832400e+00 -7.909002e+00
      vertex   1.063323e+02 9.832400e+00 -7.622483e+00
    endloop
  endfacet
  facet normal 0.000000e+00 -1.000000e+00 0.000000e+00
    outer loop
      vertex   1.063323e+02 9.832400e+00 -7.622483e+00
      vertex   1.057458e+02 9.832400e+00 -7.909002e+00
      vertex   1.059770e+02 9.832400e+00 -8.110899e+00
    endloop
  endfacet
  facet normal 0.000000e+00 -1.000000e+00 -0.000000e+00
    outer loop
      vertex   1.063323e+02 9.832400e+00 -7.622483e+00
      vertex   1.059770e+02 9.832400e+00 -8.110899e+00
      vertex   1.065695e+02 9.832400e+00 -7.852150e+00
    endloop
  endfacet
  facet normal 0.000000e+00 -1.000000e+00 0.000000e+00
    outer loop
      vertex   1.065695e+02 9.832400e+00 -7.852150e+00
      vertex   1.059770e+02 9.832400e+00 -8.110899e+00
      vertex   1.061940e+02 9.832400e+00 -8.327920e+00
    endloop
  endfacet
  facet normal 0.000000e+00 -1.000000e+00 -0.000000e+00
    outer loop
      vertex   1.065695e+02 9.832400e+00 -7.852150e+00
      vertex   1.061940e+02 9.832400e+00 -8.327920e+00
      vertex   1.067914e+02 9.832400e+00 -8.096539e+00
    endloop
  endfacet
  facet normal 0.000000e+00 -1.000000e+00 0.000000e+00
    outer loop
      vertex   1.067914e+02 9.832400e+00 -8.096539e+00
      vertex   1.061940e+02 9.832400e+00 -8.327920e+00
      vertex   1.063959e+02 9.832400e+00 -8.559079e+00
    endloop
  endfacet
  facet normal 0.000000e+00 -1.000000e+00 -0.000000e+00
    outer loop
      vertex   1.067914e+02 9.832400e+00 -8.096539e+00
      vertex   1.063959e+02 9.832400e+00 -8.559079e+00
      vertex   1.069973e+02 9.832400e+00 -8.354646e+00
    endloop
  endfacet
  facet normal 0.000000e+00 -1.000000e+00 0.000000e+00
    outer loop
      vertex   1.069973e+02 9.832400e+00 -8.354646e+00
      vertex   1.063959e+02 9.832400e+00 -8.559079e+00
      vertex   1.065818e+02 9.832400e+00 -8.803322e+00
    endloop
  endfacet
  facet normal 0.000000e+00 -1.000000e+00 -0.000000e+00
    outer loop
      vertex   1.069973e+02 9.832400e+00 -8.354646e+00
      vertex   1.065818e+02 9.832400e+00 -8.803322e+00
      vertex   1.071862e+02 9.832400e+00 -8.625410e+00
    endloop
  endfacet
  facet normal 0.000000e+00 -1.000000e+00 0.000000e+00
    outer loop
      vertex   1.071862e+02 9.832400e+00 -8.625410e+00
      vertex   1.065818e+02 9.832400e+00 -8.803322e+00
      vertex   1.067507e+02 9.832400e+00 -9.059539e+00
    endloop
  endfacet
  facet normal 0.000000e+00 -1.000000e+00 -0.000000e+00
    outer loop
      vertex   1.071862e+02 9.832400e+00 -8.625410e+00
      vertex   1.067507e+02 9.832400e+00 -9.059539e+00
      vertex   1.073573e+02 9.832400e+00 -8.907720e+00
    endloop
  endfacet
  facet normal 0.000000e+00 -1.000000e+00 0.000000e+00
    outer loop
      vertex   1.073573e+02 9.832400e+00 -8.907720e+00
      vertex   1.067507e+02 9.832400e+00 -9.059539e+00
      vertex   1.069020e+02 9.832400e+00 -9.326564e+00
    endloop
  endfacet
  facet normal 0.000000e+00 -1.000000e+00 -0.000000e+00
    outer loop
      vertex   1.073573e+02 9.832400e+00 -8.907720e+00
      vertex   1.069020e+02 9.832400e+00 -9.326564e+00
      vertex   1.075100e+02 9.832400e+00 -9.200414e+00
    endloop
  endfacet
  facet normal 0.000000e+00 -1.000000e+00 0.000000e+00
    outer loop
      vertex   1.075100e+02 9.832400e+00 -9.200414e+00
      vertex   1.069020e+02 9.832400e+00 -9.326564e+00
      vertex   1.070350e+02 9.832400e+00 -9.603183e+00
    endloop
  endfacet
  facet normal 0.000000e+00 -1.000000e+00 -0.000000e+00
    outer loop
      vertex   1.075100e+02 9.832400e+00 -9.200414e+00
      vertex   1.070350e+02 9.832400e+00 -9.603183e+00
      vertex   1.076436e+02 9.832400e+00 -9.502290e+00
    endloop
  endfacet
  facet normal 0.000000e+00 -1.000000e+00 0.000000e+00
    outer loop
      vertex   1.076436e+02 9.832400e+00 -9.502290e+00
      vertex   1.070350e+02 9.832400e+00 -9.603183e+00
      vertex   1.071490e+02 9.832400e+00 -9.888135e+00
    endloop
  endfacet
  facet normal 0.000000e+00 -1.000000e+00 -0.000000e+00
    outer loop
      vertex   1.076436e+02 9.832400e+00 -9.502290e+00
      vertex   1.071490e+02 9.832400e+00 -9.888135e+00
      vertex   1.077576e+02 9.832400e+00 -9.812108e+00
    endloop
  endfacet
  facet normal 0.000000e+00 -1.000000e+00 0.000000e+00
    outer loop
      vertex   1.077576e+02 9.832400e+00 -9.812108e+00
      vertex   1.071490e+02 9.832400e+00 -9.888135e+00
      vertex   1.072436e+02 9.832400e+00 -1.018013e+01
    endloop
  endfacet
  facet normal 0.000000e+00 -1.000000e+00 -0.000000e+00
    outer loop
      vertex   1.077576e+02 9.832400e+00 -9.812108e+00
      vertex   1.072436e+02 9.832400e+00 -1.018013e+01
      vertex   1.078516e+02 9.832400e+00 -1.012859e+01
    endloop
  endfacet
  facet normal 0.000000e+00 -1.000000e+00 0.000000e+00
    outer loop
      vertex   1.078516e+02 9.832400e+00 -1.012859e+01
      vertex   1.072436e+02 9.832400e+00 -1.018013e+01
      vertex   1.073182e+02 9.832400e+00 -1.047783e+01
    endloop
  endfacet
  facet normal 0.000000e+00 -1.000000e+00 -0.000000e+00
    outer loop
      vertex   1.078516e+02 9.832400e+00 -1.012859e+01
      vertex   1.073182e+02 9.832400e+00 -1.047783e+01
      vertex   1.079250e+02 9.832400e+00 -1.045045e+01
    endloop
  endfacet
  facet normal 0.000000e+00 -1.000000e+00 0.000000e+00
    outer loop
      vertex   1.079250e+02 9.832400e+00 -1.045045e+01
      vertex   1.073182e+02 9.832400e+00 -1.047783e+01
      vertex   1.073726e+02 9.832400e+00 -1.077988e+01
    endloop
  endfacet
  facet normal 0.000000e+00 -1.000000e+00 -0.000000e+00
    outer loop
      vertex   1.079250e+02 9.832400e+00 -1.045045e+01
      vertex   1.073726e+02 9.832400e+00 -1.077988e+01
      vertex   1.079777e+02 9.832400e+00 -1.077635e+01
    endloop
  endfacet
  facet normal -1.358912e-16 -1.000000e+00 2.327870e-14
    outer loop
      vertex   1.079777e+02 9.832400e+00 -1.077635e+01
      vertex   1.073726e+02 9.832400e+00 -1.077988e+01
      vertex   1.074065e+02 9.832400e+00 -1.108491e+01
    endloop
  endfacet
  facet normal 1.182332e-14 -1.000000e+00 1.140581e-15
    outer loop
      vertex   1.079777e+02 9.832400e+00 -1.077635e+01
      vertex   1.074065e+02 9.832400e+00 -1.108491e+01
      vertex   1.080094e+02 9.832400e+00 -1.110495e+01
    endloop
  endfacet
  facet normal 1.497117e-15 -1.000000e+00 1.015061e-14
    outer loop
      vertex   9.833348e+01 9.832400e+00 -1.178491e+01
      vertex   9.952000e+01 9.832400e+00 -1.178491e+01
      vertex   9.833348e+01 9.832400e+00 -1.108491e+01
    endloop
  endfacet
  facet normal -2.782127e-26 -1.000000e+00 7.612958e-15
    outer loop
      vertex   9.833348e+01 9.832400e+00 -1.108491e+01
      vertex   9.952000e+01 9.832400e+00 -1.178491e+01
      vertex   9.952000e+01 9.832400e+00 -1.108491e+01
    endloop
  endfacet
  facet normal 1.015061e-14 -1.000000e+00 -8.021459e-27
    outer loop
      vertex   1.032200e+02 9.832400e+00 -6.898396e+00
      vertex   1.025200e+02 9.832400e+00 -6.898396e+00
      vertex   1.032200e+02 9.832400e+00 -8.103249e+00
    endloop
  endfacet
  facet normal 7.612958e-15 -1.000000e+00 -1.474336e-15
    outer loop
      vertex   1.032200e+02 9.832400e+00 -8.103249e+00
      vertex   1.025200e+02 9.832400e+00 -6.898396e+00
      vertex   1.025200e+02 9.832400e+00 -8.103249e+00
    endloop
  endfacet
  facet normal 7.612958e-15 -1.000000e+00 -5.985802e-27
    outer loop
      vertex   1.032200e+02 9.832400e+00 -8.103249e+00
      vertex   1.025200e+02 9.832400e+00 -8.103249e+00
      vertex   1.032200e+02 9.832400e+00 -8.808130e+00
    endloop
  endfacet
  facet normal 7.612958e-15 -1.000000e+00 2.072008e-26
    outer loop
      vertex   1.032200e+02 9.832400e+00 -8.808130e+00
      vertex   1.025200e+02 9.832400e+00 -8.103249e+00
      vertex   1.025200e+02 9.832400e+00 -8.808130e+00
    endloop
  endfacet
  facet normal 7.612958e-15 -1.000000e+00 1.560408e-15
    outer loop
      vertex   1.032200e+02 9.832400e+00 -8.808130e+00
      vertex   1.025200e+02 9.832400e+00 -8.808130e+00
      vertex   1.032200e+02 9.832400e+00 -1.108491e+01
    endloop
  endfacet
  facet normal 3.112382e-27 -1.000000e+00 -7.802040e-16
    outer loop
      vertex   1.032200e+02 9.832400e+00 -1.108491e+01
      vertex   1.025200e+02 9.832400e+00 -8.808130e+00
      vertex   1.025200e+02 9.832400e+00 -1.108491e+01
    endloop
  endfacet
  facet normal 0.000000e+00 -1.000000e+00 0.000000e+00
    outer loop
      vertex   1.032200e+02 9.832400e+00 -1.108491e+01
      vertex   1.025200e+02 9.832400e+00 -1.108491e+01
      vertex   1.032200e+02 9.832400e+00 -1.178491e+01
    endloop
  endfacet
  facet normal 0.000000e+00 -1.000000e+00 0.000000e+00
    outer loop
      vertex   1.032200e+02 9.832400e+00 -1.178491e+01
      vertex   1.025200e+02 9.832400e+00 -1.108491e+01
      vertex   1.025200e+02 9.832400e+00 -1.178491e+01
    endloop
  endfacet
  facet normal 1.599748e-27 -1.000000e+00 7.802040e-16
    outer loop
      vertex   1.032200e+02 9.832400e+00 -1.178491e+01
      vertex   1.025200e+02 9.832400e+00 -1.178491e+01
      vertex   1.032200e+02 9.832400e+00 -1.406170e+01
    endloop
  endfacet
  facet normal -7.612958e-15 -1.000000e+00 -1.560408e-15
    outer loop
      vertex   1.032200e+02 9.832400e+00 -1.406170e+01
      vertex   1.025200e+02 9.832400e+00 -1.178491e+01
      vertex   1.025200e+02 9.832400e+00 -1.406170e+01
    endloop
  endfacet
  facet normal -7.612958e-15 -1.000000e+00 -7.560240e-15
    outer loop
      vertex   1.032200e+02 9.832400e+00 -1.406170e+01
      vertex   1.025200e+02 9.832400e+00 -1.406170e+01
      vertex   1.032200e+02 9.832400e+00 -1.476658e+01
    endloop
  endfacet
  facet normal 0.000000e+00 -1.000000e+00 0.000000e+00
    outer loop
      vertex   1.032200e+02 9.832400e+00 -1.476658e+01
      vertex   1.025200e+02 9.832400e+00 -1.406170e+01
      vertex   1.025200e+02 9.832400e+00 -1.476658e+01
    endloop
  endfacet
  facet normal 8.395594e-27 -1.000000e+00 5.897343e-15
    outer loop
      vertex   1.032200e+02 9.832400e+00 -1.476658e+01
      vertex   1.025200e+02 9.832400e+00 -1.476658e+01
      vertex   1.032200e+02 9.832400e+00 -1.597143e+01
    endloop
  endfacet
  facet normal -1.015061e-14 -1.000000e+00 -2.765608e-26
    outer loop
      vertex   1.032200e+02 9.832400e+00 -1.597143e+01
      vertex   1.025200e+02 9.832400e+00 -1.476658e+01
      vertex   1.025200e+02 9.832400e+00 -1.597143e+01
    endloop
  endfacet
  facet normal -2.089408e-14 -1.000000e+00 -5.686713e-26
    outer loop
      vertex   1.025200e+02 9.832400e+00 -8.103249e+00
      vertex   1.022649e+02 9.832400e+00 -8.140008e+00
      vertex   1.025200e+02 9.832400e+00 -8.808130e+00
    endloop
  endfacet
  facet normal -2.302919e-14 -1.000000e+00 -8.150663e-16
    outer loop
      vertex   1.025200e+02 9.832400e+00 -8.808130e+00
      vertex   1.022649e+02 9.832400e+00 -8.140008e+00
      vertex   1.022900e+02 9.832400e+00 -8.849155e+00
    endloop
  endfacet
  facet normal 0.000000e+00 -1.000000e+00 0.000000e+00
    outer loop
      vertex   1.022900e+02 9.832400e+00 -8.849155e+00
      vertex   1.022649e+02 9.832400e+00 -8.140008e+00
      vertex   1.020135e+02 9.832400e+00 -8.196263e+00
    endloop
  endfacet
  facet normal -0.000000e+00 -1.000000e+00 0.000000e+00
    outer loop
      vertex   1.022900e+02 9.832400e+00 -8.849155e+00
      vertex   1.020135e+02 9.832400e+00 -8.196263e+00
      vertex   1.020646e+02 9.832400e+00 -8.910270e+00
    endloop
  endfacet
  facet normal 0.000000e+00 -1.000000e+00 0.000000e+00
    outer loop
      vertex   1.020646e+02 9.832400e+00 -8.910270e+00
      vertex   1.020135e+02 9.832400e+00 -8.196263e+00
      vertex   1.017671e+02 9.832400e+00 -8.271681e+00
    endloop
  endfacet
  facet normal -0.000000e+00 -1.000000e+00 0.000000e+00
    outer loop
      vertex   1.020646e+02 9.832400e+00 -8.910270e+00
      vertex   1.017671e+02 9.832400e+00 -8.271681e+00
      vertex   1.018454e+02 9.832400e+00 -8.991001e+00
    endloop
  endfacet
  facet normal 0.000000e+00 -1.000000e+00 0.000000e+00
    outer loop
      vertex   1.018454e+02 9.832400e+00 -8.991001e+00
      vertex   1.017671e+02 9.832400e+00 -8.271681e+00
      vertex   1.015272e+02 9.832400e+00 -8.365815e+00
    endloop
  endfacet
  facet normal -0.000000e+00 -1.000000e+00 0.000000e+00
    outer loop
      vertex   1.018454e+02 9.832400e+00 -8.991001e+00
      vertex   1.015272e+02 9.832400e+00 -8.365815e+00
      vertex   1.016342e+02 9.832400e+00 -9.090719e+00
    endloop
  endfacet
  facet normal 0.000000e+00 -1.000000e+00 0.000000e+00
    outer loop
      vertex   1.016342e+02 9.832400e+00 -9.090719e+00
      vertex   1.015272e+02 9.832400e+00 -8.365815e+00
      vertex   1.012953e+02 9.832400e+00 -8.478109e+00
    endloop
  endfacet
  facet normal 0.000000e+00 -1.000000e+00 0.000000e+00
    outer loop
      vertex   1.016342e+02 9.832400e+00 -9.090719e+00
      vertex   1.012953e+02 9.832400e+00 -8.478109e+00
      vertex   1.010726e+02 9.832400e+00 -8.607898e+00
    endloop
  endfacet
  facet normal -0.000000e+00 -1.000000e+00 0.000000e+00
    outer loop
      vertex   1.016342e+02 9.832400e+00 -9.090719e+00
      vertex   1.010726e+02 9.832400e+00 -8.607898e+00
      vertex   1.014326e+02 9.832400e+00 -9.208651e+00
    endloop
  endfacet
  facet normal 0.000000e+00 -1.000000e+00 0.000000e+00
    outer loop
      vertex   1.014326e+02 9.832400e+00 -9.208651e+00
      vertex   1.010726e+02 9.832400e+00 -8.607898e+00
      vertex   1.008607e+02 9.832400e+00 -8.754414e+00
    endloop
  endfacet
  facet normal -0.000000e+00 -1.000000e+00 0.000000e+00
    outer loop
      vertex   1.014326e+02 9.832400e+00 -9.208651e+00
      vertex   1.008607e+02 9.832400e+00 -8.754414e+00
      vertex   1.012421e+02 9.832400e+00 -9.343880e+00
    endloop
  endfacet
  facet normal 0.000000e+00 -1.000000e+00 0.000000e+00
    outer loop
      vertex   1.012421e+02 9.832400e+00 -9.343880e+00
      vertex   1.008607e+02 9.832400e+00 -8.754414e+00
      vertex   1.006606e+02 9.832400e+00 -8.916791e+00
    endloop
  endfacet
  facet normal -0.000000e+00 -1.000000e+00 0.000000e+00
    outer loop
      vertex   1.012421e+02 9.832400e+00 -9.343880e+00
      vertex   1.006606e+02 9.832400e+00 -8.916791e+00
      vertex   1.010643e+02 9.832400e+00 -9.495355e+00
    endloop
  endfacet
  facet normal 0.000000e+00 -1.000000e+00 0.000000e+00
    outer loop
      vertex   1.010643e+02 9.832400e+00 -9.495355e+00
      vertex   1.006606e+02 9.832400e+00 -8.916791e+00
      vertex   1.004736e+02 9.832400e+00 -9.094067e+00
    endloop
  endfacet
  facet normal -0.000000e+00 -1.000000e+00 0.000000e+00
    outer loop
      vertex   1.010643e+02 9.832400e+00 -9.495355e+00
      vertex   1.004736e+02 9.832400e+00 -9.094067e+00
      vertex   1.009005e+02 9.832400e+00 -9.661900e+00
    endloop
  endfacet
  facet normal 0.000000e+00 -1.000000e+00 0.000000e+00
    outer loop
      vertex   1.009005e+02 9.832400e+00 -9.661900e+00
      vertex   1.004736e+02 9.832400e+00 -9.094067e+00
      vertex   1.003007e+02 9.832400e+00 -9.285194e+00
    endloop
  endfacet
  facet normal -0.000000e+00 -1.000000e+00 0.000000e+00
    outer loop
      vertex   1.009005e+02 9.832400e+00 -9.661900e+00
      vertex   1.003007e+02 9.832400e+00 -9.285194e+00
      vertex   1.007520e+02 9.832400e+00 -9.842220e+00
    endloop
  endfacet
  facet normal -0.000000e+00 -1.000000e+00 0.000000e+00
    outer loop
      vertex   1.007520e+02 9.832400e+00 -9.842220e+00
      vertex   1.003007e+02 9.832400e+00 -9.285194e+00
      vertex   1.006200e+02 9.832400e+00 -9.930000e+00
    endloop
  endfacet
  facet normal 0.000000e+00 -1.000000e+00 0.000000e+00
    outer loop
      vertex   1.007520e+02 9.832400e+00 -9.842220e+00
      vertex   1.006200e+02 9.832400e+00 -9.930000e+00
      vertex   1.006200e+02 9.832400e+00 -1.003491e+01
    endloop
  endfacet
  facet normal 0.000000e+00 -1.000000e+00 -0.000000e+00
    outer loop
      vertex   1.003007e+02 9.832400e+00 -9.285194e+00
      vertex   1.001431e+02 9.832400e+00 -9.489040e+00
      vertex   1.006200e+02 9.832400e+00 -9.930000e+00
    endloop
  endfacet
  facet normal 0.000000e+00 -1.000000e+00 0.000000e+00
    outer loop
      vertex   1.006200e+02 9.832400e+00 -9.930000e+00
      vertex   1.001431e+02 9.832400e+00 -9.489040e+00
      vertex   1.000016e+02 9.832400e+00 -9.704401e+00
    endloop
  endfacet
  facet normal 0.000000e+00 -1.000000e+00 0.000000e+00
    outer loop
      vertex   1.006200e+02 9.832400e+00 -9.930000e+00
      vertex   1.000016e+02 9.832400e+00 -9.704401e+00
      vertex   9.987705e+01 9.832400e+00 -9.930000e+00
    endloop
  endfacet
  facet normal -1.869849e-15 -1.000000e+00 -5.086670e-27
    outer loop
      vertex   1.025200e+02 9.832400e+00 -1.108491e+01
      vertex   1.006200e+02 9.832400e+00 -1.108491e+01
      vertex   1.025200e+02 9.832400e+00 -1.178491e+01
    endloop
  endfacet
  facet normal 1.041534e-26 -1.000000e+00 5.075305e-15
    outer loop
      vertex   1.025200e+02 9.832400e+00 -1.178491e+01
      vertex   1.006200e+02 9.832400e+00 -1.108491e+01
      vertex   1.006200e+02 9.832400e+00 -1.178491e+01
    endloop
  endfacet
  facet normal 0.000000e+00 -1.000000e+00 0.000000e+00
    outer loop
      vertex   1.025200e+02 9.832400e+00 -1.476658e+01
      vertex   1.025200e+02 9.832400e+00 -1.406170e+01
      vertex   1.022641e+02 9.832400e+00 -1.472967e+01
    endloop
  endfacet
  facet normal 0.000000e+00 -1.000000e+00 0.000000e+00
    outer loop
      vertex   1.022641e+02 9.832400e+00 -1.472967e+01
      vertex   1.025200e+02 9.832400e+00 -1.406170e+01
      vertex   1.022900e+02 9.832400e+00 -1.402067e+01
    endloop
  endfacet
  facet normal 0.000000e+00 -1.000000e+00 0.000000e+00
    outer loop
      vertex   1.022641e+02 9.832400e+00 -1.472967e+01
      vertex   1.022900e+02 9.832400e+00 -1.402067e+01
      vertex   1.020118e+02 9.832400e+00 -1.467313e+01
    endloop
  endfacet
  facet normal 0.000000e+00 -1.000000e+00 0.000000e+00
    outer loop
      vertex   1.020118e+02 9.832400e+00 -1.467313e+01
      vertex   1.022900e+02 9.832400e+00 -1.402067e+01
      vertex   1.020646e+02 9.832400e+00 -1.395956e+01
    endloop
  endfacet
  facet normal 0.000000e+00 -1.000000e+00 0.000000e+00
    outer loop
      vertex   1.020118e+02 9.832400e+00 -1.467313e+01
      vertex   1.020646e+02 9.832400e+00 -1.395956e+01
      vertex   1.017647e+02 9.832400e+00 -1.459731e+01
    endloop
  endfacet
  facet normal 0.000000e+00 -1.000000e+00 0.000000e+00
    outer loop
      vertex   1.017647e+02 9.832400e+00 -1.459731e+01
      vertex   1.020646e+02 9.832400e+00 -1.395956e+01
      vertex   1.018454e+02 9.832400e+00 -1.387883e+01
    endloop
  endfacet
  facet normal 0.000000e+00 -1.000000e+00 0.000000e+00
    outer loop
      vertex   1.017647e+02 9.832400e+00 -1.459731e+01
      vertex   1.018454e+02 9.832400e+00 -1.387883e+01
      vertex   1.015241e+02 9.832400e+00 -1.450266e+01
    endloop
  endfacet
  facet normal 0.000000e+00 -1.000000e+00 0.000000e+00
    outer loop
      vertex   1.015241e+02 9.832400e+00 -1.450266e+01
      vertex   1.018454e+02 9.832400e+00 -1.387883e+01
      vertex   1.016342e+02 9.832400e+00 -1.377911e+01
    endloop
  endfacet
  facet normal 0.000000e+00 -1.000000e+00 0.000000e+00
    outer loop
      vertex   1.015241e+02 9.832400e+00 -1.450266e+01
      vertex   1.016342e+02 9.832400e+00 -1.377911e+01
      vertex   1.012915e+02 9.832400e+00 -1.438973e+01
    endloop
  endfacet
  facet normal 0.000000e+00 -1.000000e+00 0.000000e+00
    outer loop
      vertex   1.012915e+02 9.832400e+00 -1.438973e+01
      vertex   1.016342e+02 9.832400e+00 -1.377911e+01
      vertex   1.010684e+02 9.832400e+00 -1.425921e+01
    endloop
  endfacet
  facet normal 0.000000e+00 -1.000000e+00 0.000000e+00
    outer loop
      vertex   1.010684e+02 9.832400e+00 -1.425921e+01
      vertex   1.016342e+02 9.832400e+00 -1.377911e+01
      vertex   1.014326e+02 9.832400e+00 -1.366118e+01
    endloop
  endfacet
  facet normal 0.000000e+00 -1.000000e+00 0.000000e+00
    outer loop
      vertex   1.010684e+02 9.832400e+00 -1.425921e+01
      vertex   1.014326e+02 9.832400e+00 -1.366118e+01
      vertex   1.008559e+02 9.832400e+00 -1.411186e+01
    endloop
  endfacet
  facet normal 0.000000e+00 -1.000000e+00 0.000000e+00
    outer loop
      vertex   1.008559e+02 9.832400e+00 -1.411186e+01
      vertex   1.014326e+02 9.832400e+00 -1.366118e+01
      vertex   1.012421e+02 9.832400e+00 -1.352595e+01
    endloop
  endfacet
  facet normal 0.000000e+00 -1.000000e+00 0.000000e+00
    outer loop
      vertex   1.008559e+02 9.832400e+00 -1.411186e+01
      vertex   1.012421e+02 9.832400e+00 -1.352595e+01
      vertex   1.006555e+02 9.832400e+00 -1.394857e+01
    endloop
  endfacet
  facet normal 0.000000e+00 -1.000000e+00 0.000000e+00
    outer loop
      vertex   1.006555e+02 9.832400e+00 -1.394857e+01
      vertex   1.012421e+02 9.832400e+00 -1.352595e+01
      vertex   1.010643e+02 9.832400e+00 -1.337447e+01
    endloop
  endfacet
  facet normal 0.000000e+00 -1.000000e+00 0.000000e+00
    outer loop
      vertex   1.006555e+02 9.832400e+00 -1.394857e+01
      vertex   1.010643e+02 9.832400e+00 -1.337447e+01
      vertex   1.004682e+02 9.832400e+00 -1.377031e+01
    endloop
  endfacet
  facet normal 0.000000e+00 -1.000000e+00 0.000000e+00
    outer loop
      vertex   1.004682e+02 9.832400e+00 -1.377031e+01
      vertex   1.010643e+02 9.832400e+00 -1.337447e+01
      vertex   1.009005e+02 9.832400e+00 -1.320793e+01
    endloop
  endfacet
  facet normal 0.000000e+00 -1.000000e+00 0.000000e+00
    outer loop
      vertex   1.004682e+02 9.832400e+00 -1.377031e+01
      vertex   1.009005e+02 9.832400e+00 -1.320793e+01
      vertex   1.002953e+02 9.832400e+00 -1.357814e+01
    endloop
  endfacet
  facet normal 0.000000e+00 -1.000000e+00 0.000000e+00
    outer loop
      vertex   1.002953e+02 9.832400e+00 -1.357814e+01
      vertex   1.009005e+02 9.832400e+00 -1.320793e+01
      vertex   1.007520e+02 9.832400e+00 -1.302761e+01
    endloop
  endfacet
  facet normal 0.000000e+00 -1.000000e+00 0.000000e+00
    outer loop
      vertex   1.002953e+02 9.832400e+00 -1.357814e+01
      vertex   1.007520e+02 9.832400e+00 -1.302761e+01
      vertex   1.001377e+02 9.832400e+00 -1.337321e+01
    endloop
  endfacet
  facet normal 0.000000e+00 -1.000000e+00 0.000000e+00
    outer loop
      vertex   1.001377e+02 9.832400e+00 -1.337321e+01
      vertex   1.007520e+02 9.832400e+00 -1.302761e+01
      vertex   1.006200e+02 9.832400e+00 -1.293000e+01
    endloop
  endfacet
  facet normal 0.000000e+00 -1.000000e+00 0.000000e+00
    outer loop
      vertex   1.001377e+02 9.832400e+00 -1.337321e+01
      vertex   1.006200e+02 9.832400e+00 -1.293000e+01
      vertex   9.999635e+01 9.832400e+00 -1.315673e+01
    endloop
  endfacet
  facet normal 0.000000e+00 -1.000000e+00 0.000000e+00
    outer loop
      vertex   9.999635e+01 9.832400e+00 -1.315673e+01
      vertex   1.006200e+02 9.832400e+00 -1.293000e+01
      vertex   9.987213e+01 9.832400e+00 -1.293000e+01
    endloop
  endfacet
  facet normal 0.000000e+00 -1.000000e+00 0.000000e+00
    outer loop
      vertex   1.007520e+02 9.832400e+00 -1.302761e+01
      vertex   1.006200e+02 9.832400e+00 -1.283491e+01
      vertex   1.006200e+02 9.832400e+00 -1.293000e+01
    endloop
  endfacet
  facet normal 1.090590e-15 -1.000000e+00 -7.560240e-15
    outer loop
      vertex   1.032200e+02 9.832400e+00 -1.476658e+01
      vertex   1.034759e+02 9.832400e+00 -1.472967e+01
      vertex   1.032200e+02 9.832400e+00 -1.406170e+01
    endloop
  endfacet
  facet normal 2.302437e-14 -1.000000e+00 8.420815e-16
    outer loop
      vertex   1.032200e+02 9.832400e+00 -1.406170e+01
      vertex   1.034759e+02 9.832400e+00 -1.472967e+01
      vertex   1.034500e+02 9.832400e+00 -1.402067e+01
    endloop
  endfacet
  facet normal 0.000000e+00 -1.000000e+00 0.000000e+00
    outer loop
      vertex   1.034500e+02 9.832400e+00 -1.402067e+01
      vertex   1.034759e+02 9.832400e+00 -1.472967e+01
      vertex   1.037282e+02 9.832400e+00 -1.467313e+01
    endloop
  endfacet
  facet normal 0.000000e+00 -1.000000e+00 0.000000e+00
    outer loop
      vertex   1.034500e+02 9.832400e+00 -1.402067e+01
      vertex   1.037282e+02 9.832400e+00 -1.467313e+01
      vertex   1.036754e+02 9.832400e+00 -1.395956e+01
    endloop
  endfacet
  facet normal 0.000000e+00 -1.000000e+00 0.000000e+00
    outer loop
      vertex   1.036754e+02 9.832400e+00 -1.395956e+01
      vertex   1.037282e+02 9.832400e+00 -1.467313e+01
      vertex   1.039753e+02 9.832400e+00 -1.459731e+01
    endloop
  endfacet
  facet normal 0.000000e+00 -1.000000e+00 0.000000e+00
    outer loop
      vertex   1.036754e+02 9.832400e+00 -1.395956e+01
      vertex   1.039753e+02 9.832400e+00 -1.459731e+01
      vertex   1.038946e+02 9.832400e+00 -1.387883e+01
    endloop
  endfacet
  facet normal 0.000000e+00 -1.000000e+00 0.000000e+00
    outer loop
      vertex   1.038946e+02 9.832400e+00 -1.387883e+01
      vertex   1.039753e+02 9.832400e+00 -1.459731e+01
      vertex   1.042159e+02 9.832400e+00 -1.450266e+01
    endloop
  endfacet
  facet normal 0.000000e+00 -1.000000e+00 0.000000e+00
    outer loop
      vertex   1.038946e+02 9.832400e+00 -1.387883e+01
      vertex   1.042159e+02 9.832400e+00 -1.450266e+01
      vertex   1.041058e+02 9.832400e+00 -1.377911e+01
    endloop
  endfacet
  facet normal 0.000000e+00 -1.000000e+00 0.000000e+00
    outer loop
      vertex   1.041058e+02 9.832400e+00 -1.377911e+01
      vertex   1.042159e+02 9.832400e+00 -1.450266e+01
      vertex   1.044485e+02 9.832400e+00 -1.438973e+01
    endloop
  endfacet
  facet normal 0.000000e+00 -1.000000e+00 0.000000e+00
    outer loop
      vertex   1.041058e+02 9.832400e+00 -1.377911e+01
      vertex   1.044485e+02 9.832400e+00 -1.438973e+01
      vertex   1.046716e+02 9.832400e+00 -1.425921e+01
    endloop
  endfacet
  facet normal 0.000000e+00 -1.000000e+00 0.000000e+00
    outer loop
      vertex   1.041058e+02 9.832400e+00 -1.377911e+01
      vertex   1.046716e+02 9.832400e+00 -1.425921e+01
      vertex   1.043074e+02 9.832400e+00 -1.366118e+01
    endloop
  endfacet
  facet normal 0.000000e+00 -1.000000e+00 0.000000e+00
    outer loop
      vertex   1.043074e+02 9.832400e+00 -1.366118e+01
      vertex   1.046716e+02 9.832400e+00 -1.425921e+01
      vertex   1.048841e+02 9.832400e+00 -1.411186e+01
    endloop
  endfacet
  facet normal 0.000000e+00 -1.000000e+00 0.000000e+00
    outer loop
      vertex   1.043074e+02 9.832400e+00 -1.366118e+01
      vertex   1.048841e+02 9.832400e+00 -1.411186e+01
      vertex   1.044979e+02 9.832400e+00 -1.352595e+01
    endloop
  endfacet
  facet normal 0.000000e+00 -1.000000e+00 0.000000e+00
    outer loop
      vertex   1.044979e+02 9.832400e+00 -1.352595e+01
      vertex   1.048841e+02 9.832400e+00 -1.411186e+01
      vertex   1.050845e+02 9.832400e+00 -1.394857e+01
    endloop
  endfacet
  facet normal 0.000000e+00 -1.000000e+00 0.000000e+00
    outer loop
      vertex   1.044979e+02 9.832400e+00 -1.352595e+01
      vertex   1.050845e+02 9.832400e+00 -1.394857e+01
      vertex   1.046757e+02 9.832400e+00 -1.337447e+01
    endloop
  endfacet
  facet normal 0.000000e+00 -1.000000e+00 0.000000e+00
    outer loop
      vertex   1.046757e+02 9.832400e+00 -1.337447e+01
      vertex   1.050845e+02 9.832400e+00 -1.394857e+01
      vertex   1.052718e+02 9.832400e+00 -1.377031e+01
    endloop
  endfacet
  facet normal 0.000000e+00 -1.000000e+00 0.000000e+00
    outer loop
      vertex   1.046757e+02 9.832400e+00 -1.337447e+01
      vertex   1.052718e+02 9.832400e+00 -1.377031e+01
      vertex   1.048395e+02 9.832400e+00 -1.320793e+01
    endloop
  endfacet
  facet normal 0.000000e+00 -1.000000e+00 0.000000e+00
    outer loop
      vertex   1.048395e+02 9.832400e+00 -1.320793e+01
      vertex   1.052718e+02 9.832400e+00 -1.377031e+01
      vertex   1.054447e+02 9.832400e+00 -1.357814e+01
    endloop
  endfacet
  facet normal 0.000000e+00 -1.000000e+00 0.000000e+00
    outer loop
      vertex   1.048395e+02 9.832400e+00 -1.320793e+01
      vertex   1.054447e+02 9.832400e+00 -1.357814e+01
      vertex   1.049880e+02 9.832400e+00 -1.302761e+01
    endloop
  endfacet
  facet normal 0.000000e+00 -1.000000e+00 0.000000e+00
    outer loop
      vertex   1.049880e+02 9.832400e+00 -1.302761e+01
      vertex   1.054447e+02 9.832400e+00 -1.357814e+01
      vertex   1.056023e+02 9.832400e+00 -1.337321e+01
    endloop
  endfacet
  facet normal 0.000000e+00 -1.000000e+00 0.000000e+00
    outer loop
      vertex   1.049880e+02 9.832400e+00 -1.302761e+01
      vertex   1.056023e+02 9.832400e+00 -1.337321e+01
      vertex   1.051200e+02 9.832400e+00 -1.293000e+01
    endloop
  endfacet
  facet normal 0.000000e+00 -1.000000e+00 0.000000e+00
    outer loop
      vertex   1.051200e+02 9.832400e+00 -1.293000e+01
      vertex   1.056023e+02 9.832400e+00 -1.337321e+01
      vertex   1.057436e+02 9.832400e+00 -1.315673e+01
    endloop
  endfacet
  facet normal 0.000000e+00 -1.000000e+00 0.000000e+00
    outer loop
      vertex   1.051200e+02 9.832400e+00 -1.293000e+01
      vertex   1.057436e+02 9.832400e+00 -1.315673e+01
      vertex   1.058679e+02 9.832400e+00 -1.293000e+01
    endloop
  endfacet
  facet normal -0.000000e+00 -1.000000e+00 0.000000e+00
    outer loop
      vertex   1.051200e+02 9.832400e+00 -1.293000e+01
      vertex   1.051200e+02 9.832400e+00 -1.283491e+01
      vertex   1.049880e+02 9.832400e+00 -1.302761e+01
    endloop
  endfacet
  facet normal 1.869849e-15 -1.000000e+00 -1.480449e-27
    outer loop
      vertex   1.032200e+02 9.832400e+00 -1.178491e+01
      vertex   1.051200e+02 9.832400e+00 -1.178491e+01
      vertex   1.032200e+02 9.832400e+00 -1.108491e+01
    endloop
  endfacet
  facet normal 2.023754e-26 -1.000000e+00 -5.075305e-15
    outer loop
      vertex   1.032200e+02 9.832400e+00 -1.108491e+01
      vertex   1.051200e+02 9.832400e+00 -1.178491e+01
      vertex   1.051200e+02 9.832400e+00 -1.108491e+01
    endloop
  endfacet
  facet normal 0.000000e+00 -1.000000e+00 -0.000000e+00
    outer loop
      vertex   1.032200e+02 9.832400e+00 -8.103249e+00
      vertex   1.032200e+02 9.832400e+00 -8.808130e+00
      vertex   1.034751e+02 9.832400e+00 -8.140008e+00
    endloop
  endfacet
  facet normal 0.000000e+00 -1.000000e+00 0.000000e+00
    outer loop
      vertex   1.034751e+02 9.832400e+00 -8.140008e+00
      vertex   1.032200e+02 9.832400e+00 -8.808130e+00
      vertex   1.034500e+02 9.832400e+00 -8.849155e+00
    endloop
  endfacet
  facet normal 0.000000e+00 -1.000000e+00 -0.000000e+00
    outer loop
      vertex   1.034751e+02 9.832400e+00 -8.140008e+00
      vertex   1.034500e+02 9.832400e+00 -8.849155e+00
      vertex   1.037265e+02 9.832400e+00 -8.196263e+00
    endloop
  endfacet
  facet normal 0.000000e+00 -1.000000e+00 0.000000e+00
    outer loop
      vertex   1.037265e+02 9.832400e+00 -8.196263e+00
      vertex   1.034500e+02 9.832400e+00 -8.849155e+00
      vertex   1.036754e+02 9.832400e+00 -8.910270e+00
    endloop
  endfacet
  facet normal 0.000000e+00 -1.000000e+00 -0.000000e+00
    outer loop
      vertex   1.037265e+02 9.832400e+00 -8.196263e+00
      vertex   1.036754e+02 9.832400e+00 -8.910270e+00
      vertex   1.039729e+02 9.832400e+00 -8.271681e+00
    endloop
  endfacet
  facet normal 0.000000e+00 -1.000000e+00 0.000000e+00
    outer loop
      vertex   1.039729e+02 9.832400e+00 -8.271681e+00
      vertex   1.036754e+02 9.832400e+00 -8.910270e+00
      vertex   1.038946e+02 9.832400e+00 -8.991001e+00
    endloop
  endfacet
  facet normal 0.000000e+00 -1.000000e+00 -0.000000e+00
    outer loop
      vertex   1.039729e+02 9.832400e+00 -8.271681e+00
      vertex   1.038946e+02 9.832400e+00 -8.991001e+00
      vertex   1.042128e+02 9.832400e+00 -8.365815e+00
    endloop
  endfacet
  facet normal 0.000000e+00 -1.000000e+00 0.000000e+00
    outer loop
      vertex   1.042128e+02 9.832400e+00 -8.365815e+00
      vertex   1.038946e+02 9.832400e+00 -8.991001e+00
      vertex   1.041058e+02 9.832400e+00 -9.090719e+00
    endloop
  endfacet
  facet normal 0.000000e+00 -1.000000e+00 -0.000000e+00
    outer loop
      vertex   1.042128e+02 9.832400e+00 -8.365815e+00
      vertex   1.041058e+02 9.832400e+00 -9.090719e+00
      vertex   1.044447e+02 9.832400e+00 -8.478109e+00
    endloop
  endfacet
  facet normal 0.000000e+00 -1.000000e+00 -0.000000e+00
    outer loop
      vertex   1.044447e+02 9.832400e+00 -8.478109e+00
      vertex   1.041058e+02 9.832400e+00 -9.090719e+00
      vertex   1.046674e+02 9.832400e+00 -8.607898e+00
    endloop
  endfacet
  facet normal 0.000000e+00 -1.000000e+00 0.000000e+00
    outer loop
      vertex   1.046674e+02 9.832400e+00 -8.607898e+00
      vertex   1.041058e+02 9.832400e+00 -9.090719e+00
      vertex   1.043074e+02 9.832400e+00 -9.208651e+00
    endloop
  endfacet
  facet normal 0.000000e+00 -1.000000e+00 -0.000000e+00
    outer loop
      vertex   1.046674e+02 9.832400e+00 -8.607898e+00
      vertex   1.043074e+02 9.832400e+00 -9.208651e+00
      vertex   1.048793e+02 9.832400e+00 -8.754414e+00
    endloop
  endfacet
  facet normal 0.000000e+00 -1.000000e+00 0.000000e+00
    outer loop
      vertex   1.048793e+02 9.832400e+00 -8.754414e+00
      vertex   1.043074e+02 9.832400e+00 -9.208651e+00
      vertex   1.044979e+02 9.832400e+00 -9.343880e+00
    endloop
  endfacet
  facet normal 0.000000e+00 -1.000000e+00 -0.000000e+00
    outer loop
      vertex   1.048793e+02 9.832400e+00 -8.754414e+00
      vertex   1.044979e+02 9.832400e+00 -9.343880e+00
      vertex   1.050794e+02 9.832400e+00 -8.916791e+00
    endloop
  endfacet
  facet normal 0.000000e+00 -1.000000e+00 0.000000e+00
    outer loop
      vertex   1.050794e+02 9.832400e+00 -8.916791e+00
      vertex   1.044979e+02 9.832400e+00 -9.343880e+00
      vertex   1.046757e+02 9.832400e+00 -9.495355e+00
    endloop
  endfacet
  facet normal 0.000000e+00 -1.000000e+00 -0.000000e+00
    outer loop
      vertex   1.050794e+02 9.832400e+00 -8.916791e+00
      vertex   1.046757e+02 9.832400e+00 -9.495355e+00
      vertex   1.052664e+02 9.832400e+00 -9.094067e+00
    endloop
  endfacet
  facet normal 0.000000e+00 -1.000000e+00 0.000000e+00
    outer loop
      vertex   1.052664e+02 9.832400e+00 -9.094067e+00
      vertex   1.046757e+02 9.832400e+00 -9.495355e+00
      vertex   1.048395e+02 9.832400e+00 -9.661900e+00
    endloop
  endfacet
  facet normal 0.000000e+00 -1.000000e+00 -0.000000e+00
    outer loop
      vertex   1.052664e+02 9.832400e+00 -9.094067e+00
      vertex   1.048395e+02 9.832400e+00 -9.661900e+00
      vertex   1.054393e+02 9.832400e+00 -9.285194e+00
    endloop
  endfacet
  facet normal 0.000000e+00 -1.000000e+00 0.000000e+00
    outer loop
      vertex   1.054393e+02 9.832400e+00 -9.285194e+00
      vertex   1.048395e+02 9.832400e+00 -9.661900e+00
      vertex   1.049880e+02 9.832400e+00 -9.842220e+00
    endloop
  endfacet
  facet normal 0.000000e+00 -1.000000e+00 0.000000e+00
    outer loop
      vertex   1.054393e+02 9.832400e+00 -9.285194e+00
      vertex   1.049880e+02 9.832400e+00 -9.842220e+00
      vertex   1.051200e+02 9.832400e+00 -9.930000e+00
    endloop
  endfacet
  facet normal -0.000000e+00 -1.000000e+00 -0.000000e+00
    outer loop
      vertex   1.051200e+02 9.832400e+00 -9.930000e+00
      vertex   1.049880e+02 9.832400e+00 -9.842220e+00
      vertex   1.051200e+02 9.832400e+00 -1.003491e+01
    endloop
  endfacet
  facet normal 0.000000e+00 -1.000000e+00 0.000000e+00
    outer loop
      vertex   1.058629e+02 9.832400e+00 -9.930000e+00
      vertex   1.057384e+02 9.832400e+00 -9.704401e+00
      vertex   1.051200e+02 9.832400e+00 -9.930000e+00
    endloop
  endfacet
  facet normal 0.000000e+00 -1.000000e+00 0.000000e+00
    outer loop
      vertex   1.051200e+02 9.832400e+00 -9.930000e+00
      vertex   1.057384e+02 9.832400e+00 -9.704401e+00
      vertex   1.055969e+02 9.832400e+00 -9.489040e+00
    endloop
  endfacet
  facet normal 0.000000e+00 -1.000000e+00 0.000000e+00
    outer loop
      vertex   1.051200e+02 9.832400e+00 -9.930000e+00
      vertex   1.055969e+02 9.832400e+00 -9.489040e+00
      vertex   1.054393e+02 9.832400e+00 -9.285194e+00
    endloop
  endfacet
  facet normal -1.497117e-15 -1.000000e+00 -7.612958e-15
    outer loop
      vertex   1.062200e+02 9.832400e+00 -1.108491e+01
      vertex   1.062200e+02 9.832400e+00 -1.178491e+01
      vertex   1.074065e+02 9.832400e+00 -1.108491e+01
    endloop
  endfacet
  facet normal -1.904140e-26 -1.000000e+00 -1.015061e-14
    outer loop
      vertex   1.074065e+02 9.832400e+00 -1.108491e+01
      vertex   1.062200e+02 9.832400e+00 -1.178491e+01
      vertex   1.074065e+02 9.832400e+00 -1.178491e+01
    endloop
  endfacet
  facet normal -1.000000e+00 0.000000e+00 -2.719929e-12
    outer loop
      vertex   1.025200e+02 9.832400e+00 -1.597143e+01
      vertex   1.025200e+02 1.459440e+01 -1.572065e+01
      vertex   1.025200e+02 1.434440e+01 -1.597143e+01
    endloop
  endfacet
  facet normal -1.000000e+00 2.155720e-13 -2.934825e-12
    outer loop
      vertex   1.025200e+02 1.434440e+01 -1.597143e+01
      vertex   1.025200e+02 1.459440e+01 -1.572065e+01
      vertex   1.025200e+02 1.458933e+01 -1.576944e+01
    endloop
  endfacet
  facet normal -1.000000e+00 -9.398149e-13 -1.533846e-12
    outer loop
      vertex   1.025200e+02 1.434440e+01 -1.597143e+01
      vertex   1.025200e+02 1.458933e+01 -1.576944e+01
      vertex   1.025200e+02 1.457542e+01 -1.581651e+01
    endloop
  endfacet
  facet normal -1.000000e+00 3.057749e-15 -2.724573e-12
    outer loop
      vertex   1.025200e+02 9.832400e+00 -1.476658e+01
      vertex   1.025200e+02 1.459334e+01 -1.532976e+01
      vertex   1.025200e+02 9.832400e+00 -1.597143e+01
    endloop
  endfacet
  facet normal -1.000000e+00 4.090955e-16 -2.704921e-12
    outer loop
      vertex   1.025200e+02 9.832400e+00 -1.597143e+01
      vertex   1.025200e+02 1.459334e+01 -1.532976e+01
      vertex   1.025200e+02 1.459440e+01 -1.550839e+01
    endloop
  endfacet
  facet normal -1.000000e+00 -2.207590e-15 -2.678011e-12
    outer loop
      vertex   1.025200e+02 9.832400e+00 -1.597143e+01
      vertex   1.025200e+02 1.459440e+01 -1.550839e+01
      vertex   1.025200e+02 1.459440e+01 -1.572065e+01
    endloop
  endfacet
  facet normal -1.000000e+00 -0.000000e+00 -2.774054e-12
    outer loop
      vertex   1.025200e+02 1.457651e+01 -1.476658e+01
      vertex   1.025200e+02 1.459008e+01 -1.514567e+01
      vertex   1.025200e+02 9.832400e+00 -1.476658e+01
    endloop
  endfacet
  facet normal -1.000000e+00 5.768421e-15 -2.701658e-12
    outer loop
      vertex   1.025200e+02 9.832400e+00 -1.476658e+01
      vertex   1.025200e+02 1.459008e+01 -1.514567e+01
      vertex   1.025200e+02 1.459334e+01 -1.532976e+01
    endloop
  endfacet
  facet normal -1.000000e+00 3.759084e-13 -3.495813e-12
    outer loop
      vertex   1.025200e+02 1.457542e+01 -1.581651e+01
      vertex   1.025200e+02 1.455214e+01 -1.585966e+01
      vertex   1.025200e+02 1.434440e+01 -1.597143e+01
    endloop
  endfacet
  facet normal -1.000000e+00 1.703491e-13 -3.113763e-12
    outer loop
      vertex   1.025200e+02 1.434440e+01 -1.597143e+01
      vertex   1.025200e+02 1.455214e+01 -1.585966e+01
      vertex   1.025200e+02 1.452130e+01 -1.589786e+01
    endloop
  endfacet
  facet normal -1.000000e+00 4.318796e-13 -3.742609e-12
    outer loop
      vertex   1.025200e+02 1.434440e+01 -1.597143e+01
      vertex   1.025200e+02 1.452130e+01 -1.589786e+01
      vertex   1.025200e+02 1.448329e+01 -1.592883e+01
    endloop
  endfacet
  facet normal -1.000000e+00 6.114636e-14 -2.534079e-12
    outer loop
      vertex   1.025200e+02 1.448329e+01 -1.592883e+01
      vertex   1.025200e+02 1.444019e+01 -1.595230e+01
      vertex   1.025200e+02 1.434440e+01 -1.597143e+01
    endloop
  endfacet
  facet normal -1.000000e+00 4.919521e-13 -4.690618e-12
    outer loop
      vertex   1.025200e+02 1.434440e+01 -1.597143e+01
      vertex   1.025200e+02 1.444019e+01 -1.595230e+01
      vertex   1.025200e+02 1.439319e+01 -1.596632e+01
    endloop
  endfacet
  facet normal 1.000000e+00 7.041505e-15 -8.703534e-13
    outer loop
      vertex   1.032200e+02 1.459440e+01 -1.572065e+01
      vertex   1.032200e+02 1.459440e+01 -1.550839e+01
      vertex   1.032200e+02 9.832400e+00 -1.597143e+01
    endloop
  endfacet
  facet normal 1.000000e+00 -1.569343e-14 -6.365458e-13
    outer loop
      vertex   1.032200e+02 9.832400e+00 -1.597143e+01
      vertex   1.032200e+02 1.459440e+01 -1.550839e+01
      vertex   1.032200e+02 1.459334e+01 -1.532976e+01
    endloop
  endfacet
  facet normal 1.000000e+00 3.432116e-15 -7.784493e-13
    outer loop
      vertex   1.032200e+02 9.832400e+00 -1.597143e+01
      vertex   1.032200e+02 1.459334e+01 -1.532976e+01
      vertex   1.032200e+02 9.832400e+00 -1.476658e+01
    endloop
  endfacet
  facet normal 1.000000e+00 4.211964e-15 -7.718567e-13
    outer loop
      vertex   1.032200e+02 9.832400e+00 -1.476658e+01
      vertex   1.032200e+02 1.459334e+01 -1.532976e+01
      vertex   1.032200e+02 1.459008e+01 -1.514567e+01
    endloop
  endfacet
  facet normal 1.000000e+00 0.000000e+00 -8.247186e-13
    outer loop
      vertex   1.032200e+02 9.832400e+00 -1.476658e+01
      vertex   1.032200e+02 1.459008e+01 -1.514567e+01
      vertex   1.032200e+02 1.457651e+01 -1.476658e+01
    endloop
  endfacet
  facet normal 1.000000e+00 0.000000e+00 -7.366474e-13
    outer loop
      vertex   1.032200e+02 9.832400e+00 -1.597143e+01
      vertex   1.032200e+02 1.434440e+01 -1.597143e+01
      vertex   1.032200e+02 1.459440e+01 -1.572065e+01
    endloop
  endfacet
  facet normal 1.000000e+00 -1.151148e-12 4.108908e-13
    outer loop
      vertex   1.032200e+02 1.459440e+01 -1.572065e+01
      vertex   1.032200e+02 1.434440e+01 -1.597143e+01
      vertex   1.032200e+02 1.458933e+01 -1.576944e+01
    endloop
  endfacet
  facet normal 1.000000e+00 9.013782e-13 -2.077926e-12
    outer loop
      vertex   1.032200e+02 1.458933e+01 -1.576944e+01
      vertex   1.032200e+02 1.434440e+01 -1.597143e+01
      vertex   1.032200e+02 1.457542e+01 -1.581651e+01
    endloop
  endfacet
  facet normal 1.000000e+00 -4.250880e-13 -9.993889e-14
    outer loop
      vertex   1.032200e+02 1.457542e+01 -1.581651e+01
      vertex   1.032200e+02 1.434440e+01 -1.597143e+01
      vertex   1.032200e+02 1.455214e+01 -1.585966e+01
    endloop
  endfacet
  facet normal 1.000000e+00 9.226933e-13 -2.604912e-12
    outer loop
      vertex   1.032200e+02 1.455214e+01 -1.585966e+01
      vertex   1.032200e+02 1.434440e+01 -1.597143e+01
      vertex   1.032200e+02 1.452130e+01 -1.589786e+01
    endloop
  endfacet
  facet normal 1.000000e+00 -3.282437e-13 4.029489e-13
    outer loop
      vertex   1.032200e+02 1.452130e+01 -1.589786e+01
      vertex   1.032200e+02 1.434440e+01 -1.597143e+01
      vertex   1.032200e+02 1.448329e+01 -1.592883e+01
    endloop
  endfacet
  facet normal 1.000000e+00 -8.940020e-13 2.247229e-12
    outer loop
      vertex   1.032200e+02 1.448329e+01 -1.592883e+01
      vertex   1.032200e+02 1.434440e+01 -1.597143e+01
      vertex   1.032200e+02 1.444019e+01 -1.595230e+01
    endloop
  endfacet
  facet normal 1.000000e+00 -1.212153e-13 -1.621208e-12
    outer loop
      vertex   1.032200e+02 1.444019e+01 -1.595230e+01
      vertex   1.032200e+02 1.434440e+01 -1.597143e+01
      vertex   1.032200e+02 1.439319e+01 -1.596632e+01
    endloop
  endfacet
  facet normal -2.058721e-12 2.426577e-16 -1.000000e+00
    outer loop
      vertex   9.858427e+01 1.459440e+01 -1.178491e+01
      vertex   9.879653e+01 1.459440e+01 -1.178491e+01
      vertex   9.833348e+01 9.832400e+00 -1.178491e+01
    endloop
  endfacet
  facet normal -2.048586e-12 -7.428161e-16 -1.000000e+00
    outer loop
      vertex   9.833348e+01 9.832400e+00 -1.178491e+01
      vertex   9.879653e+01 1.459440e+01 -1.178491e+01
      vertex   9.897515e+01 1.459334e+01 -1.178491e+01
    endloop
  endfacet
  facet normal -1.881876e-12 -2.321174e-14 -1.000000e+00
    outer loop
      vertex   9.833348e+01 9.832400e+00 -1.178491e+01
      vertex   9.897515e+01 1.459334e+01 -1.178491e+01
      vertex   9.952000e+01 9.832400e+00 -1.178491e+01
    endloop
  endfacet
  facet normal -2.085037e-12 -4.646174e-14 -1.000000e+00
    outer loop
      vertex   9.952000e+01 9.832400e+00 -1.178491e+01
      vertex   9.897515e+01 1.459334e+01 -1.178491e+01
      vertex   9.915925e+01 1.459008e+01 -1.178491e+01
    endloop
  endfacet
  facet normal -1.472289e-12 0.000000e+00 -1.000000e+00
    outer loop
      vertex   9.952000e+01 9.832400e+00 -1.178491e+01
      vertex   9.915925e+01 1.459008e+01 -1.178491e+01
      vertex   9.952000e+01 1.456440e+01 -1.178491e+01
    endloop
  endfacet
  facet normal -2.611000e-12 -1.599756e-11 -1.000000e+00
    outer loop
      vertex   9.952000e+01 1.456440e+01 -1.178491e+01
      vertex   9.915925e+01 1.459008e+01 -1.178491e+01
      vertex   9.953833e+01 1.457651e+01 -1.178491e+01
    endloop
  endfacet
  facet normal -1.317704e-11 0.000000e+00 -1.000000e+00
    outer loop
      vertex   9.952000e+01 1.456440e+01 -1.178491e+01
      vertex   9.953833e+01 1.457651e+01 -1.178491e+01
      vertex   9.953833e+01 1.456440e+01 -1.178491e+01
    endloop
  endfacet
  facet normal -2.054113e-12 0.000000e+00 -1.000000e+00
    outer loop
      vertex   9.833348e+01 9.832400e+00 -1.178491e+01
      vertex   9.833348e+01 1.434440e+01 -1.178491e+01
      vertex   9.858427e+01 1.459440e+01 -1.178491e+01
    endloop
  endfacet
  facet normal -2.077541e-12 2.350180e-14 -1.000000e+00
    outer loop
      vertex   9.858427e+01 1.459440e+01 -1.178491e+01
      vertex   9.833348e+01 1.434440e+01 -1.178491e+01
      vertex   9.853547e+01 1.458933e+01 -1.178491e+01
    endloop
  endfacet
  facet normal -1.984553e-12 -5.318544e-14 -1.000000e+00
    outer loop
      vertex   9.853547e+01 1.458933e+01 -1.178491e+01
      vertex   9.833348e+01 1.434440e+01 -1.178491e+01
      vertex   9.848841e+01 1.457542e+01 -1.178491e+01
    endloop
  endfacet
  facet normal -2.119362e-12 3.721962e-14 -1.000000e+00
    outer loop
      vertex   9.848841e+01 1.457542e+01 -1.178491e+01
      vertex   9.833348e+01 1.434440e+01 -1.178491e+01
      vertex   9.844525e+01 1.455214e+01 -1.178491e+01
    endloop
  endfacet
  facet normal -1.796501e-12 -1.364934e-13 -1.000000e+00
    outer loop
      vertex   9.844525e+01 1.455214e+01 -1.178491e+01
      vertex   9.833348e+01 1.434440e+01 -1.178491e+01
      vertex   9.840705e+01 1.452130e+01 -1.178491e+01
    endloop
  endfacet
  facet normal -2.003014e-12 -5.060681e-14 -1.000000e+00
    outer loop
      vertex   9.840705e+01 1.452130e+01 -1.178491e+01
      vertex   9.833348e+01 1.434440e+01 -1.178491e+01
      vertex   9.837609e+01 1.448329e+01 -1.178491e+01
    endloop
  endfacet
  facet normal -2.229271e-12 1.880075e-14 -1.000000e+00
    outer loop
      vertex   9.837609e+01 1.448329e+01 -1.178491e+01
      vertex   9.833348e+01 1.434440e+01 -1.178491e+01
      vertex   9.835262e+01 1.444019e+01 -1.178491e+01
    endloop
  endfacet
  facet normal -1.809442e-12 -6.506738e-14 -1.000000e+00
    outer loop
      vertex   9.835262e+01 1.444019e+01 -1.178491e+01
      vertex   9.833348e+01 1.434440e+01 -1.178491e+01
      vertex   9.833860e+01 1.439319e+01 -1.178491e+01
    endloop
  endfacet
  facet normal -1.346771e-11 0.000000e+00 -1.000000e+00
    outer loop
      vertex   1.062017e+02 1.454240e+01 -1.178491e+01
      vertex   1.062017e+02 1.457651e+01 -1.178491e+01
      vertex   1.062200e+02 1.454240e+01 -1.178491e+01
    endloop
  endfacet
  facet normal -2.272506e-12 6.017467e-12 -1.000000e+00
    outer loop
      vertex   1.062200e+02 1.454240e+01 -1.178491e+01
      vertex   1.062017e+02 1.457651e+01 -1.178491e+01
      vertex   1.065808e+02 1.459008e+01 -1.178491e+01
    endloop
  endfacet
  facet normal -1.477213e-12 -0.000000e+00 -1.000000e+00
    outer loop
      vertex   1.062200e+02 1.454240e+01 -1.178491e+01
      vertex   1.065808e+02 1.459008e+01 -1.178491e+01
      vertex   1.062200e+02 9.832400e+00 -1.178491e+01
    endloop
  endfacet
  facet normal -2.056044e-12 4.388998e-14 -1.000000e+00
    outer loop
      vertex   1.062200e+02 9.832400e+00 -1.178491e+01
      vertex   1.065808e+02 1.459008e+01 -1.178491e+01
      vertex   1.067648e+02 1.459334e+01 -1.178491e+01
    endloop
  endfacet
  facet normal -1.875887e-12 2.327263e-14 -1.000000e+00
    outer loop
      vertex   1.062200e+02 9.832400e+00 -1.178491e+01
      vertex   1.067648e+02 1.459334e+01 -1.178491e+01
      vertex   1.074065e+02 9.832400e+00 -1.178491e+01
    endloop
  endfacet
  facet normal -2.048581e-12 -2.808007e-18 -1.000000e+00
    outer loop
      vertex   1.074065e+02 9.832400e+00 -1.178491e+01
      vertex   1.067648e+02 1.459334e+01 -1.178491e+01
      vertex   1.069435e+02 1.459440e+01 -1.178491e+01
    endloop
  endfacet
  facet normal -2.041983e-12 6.388108e-16 -1.000000e+00
    outer loop
      vertex   1.074065e+02 9.832400e+00 -1.178491e+01
      vertex   1.069435e+02 1.459440e+01 -1.178491e+01
      vertex   1.071557e+02 1.459440e+01 -1.178491e+01
    endloop
  endfacet
  facet normal -2.054113e-12 0.000000e+00 -1.000000e+00
    outer loop
      vertex   1.074065e+02 9.832400e+00 -1.178491e+01
      vertex   1.071557e+02 1.459440e+01 -1.178491e+01
      vertex   1.074065e+02 1.434440e+01 -1.178491e+01
    endloop
  endfacet
  facet normal -2.118184e-12 -6.427253e-14 -1.000000e+00
    outer loop
      vertex   1.074065e+02 1.434440e+01 -1.178491e+01
      vertex   1.071557e+02 1.459440e+01 -1.178491e+01
      vertex   1.072045e+02 1.458933e+01 -1.178491e+01
    endloop
  endfacet
  facet normal -1.937485e-12 8.475021e-14 -1.000000e+00
    outer loop
      vertex   1.074065e+02 1.434440e+01 -1.178491e+01
      vertex   1.072045e+02 1.458933e+01 -1.178491e+01
      vertex   1.072516e+02 1.457542e+01 -1.178491e+01
    endloop
  endfacet
  facet normal -2.248365e-12 -1.237305e-13 -1.000000e+00
    outer loop
      vertex   1.072516e+02 1.457542e+01 -1.178491e+01
      vertex   1.072947e+02 1.455214e+01 -1.178491e+01
      vertex   1.074065e+02 1.434440e+01 -1.178491e+01
    endloop
  endfacet
  facet normal -1.985308e-12 1.780537e-14 -1.000000e+00
    outer loop
      vertex   1.074065e+02 1.434440e+01 -1.178491e+01
      vertex   1.072947e+02 1.455214e+01 -1.178491e+01
      vertex   1.073329e+02 1.452130e+01 -1.178491e+01
    endloop
  endfacet
  facet normal -1.869349e-12 6.603108e-14 -1.000000e+00
    outer loop
      vertex   1.074065e+02 1.434440e+01 -1.178491e+01
      vertex   1.073329e+02 1.452130e+01 -1.178491e+01
      vertex   1.073639e+02 1.448329e+01 -1.178491e+01
    endloop
  endfacet
  facet normal -2.163529e-12 -2.421255e-14 -1.000000e+00
    outer loop
      vertex   1.073639e+02 1.448329e+01 -1.178491e+01
      vertex   1.073874e+02 1.444019e+01 -1.178491e+01
      vertex   1.074065e+02 1.434440e+01 -1.178491e+01
    endloop
  endfacet
  facet normal -1.997676e-12 8.919460e-15 -1.000000e+00
    outer loop
      vertex   1.074065e+02 1.434440e+01 -1.178491e+01
      vertex   1.073874e+02 1.444019e+01 -1.178491e+01
      vertex   1.074014e+02 1.439319e+01 -1.178491e+01
    endloop
  endfacet
  facet normal -3.651468e-12 4.514004e-14 1.000000e+00
    outer loop
      vertex   1.074065e+02 9.832400e+00 -1.108491e+01
      vertex   1.067648e+02 1.459334e+01 -1.108491e+01
      vertex   1.062200e+02 9.832400e+00 -1.108491e+01
    endloop
  endfacet
  facet normal -3.996243e-12 8.459640e-14 1.000000e+00
    outer loop
      vertex   1.062200e+02 9.832400e+00 -1.108491e+01
      vertex   1.067648e+02 1.459334e+01 -1.108491e+01
      vertex   1.065808e+02 1.459008e+01 -1.108491e+01
    endloop
  endfacet
  facet normal -2.880565e-12 0.000000e+00 1.000000e+00
    outer loop
      vertex   1.062200e+02 9.832400e+00 -1.108491e+01
      vertex   1.065808e+02 1.459008e+01 -1.108491e+01
      vertex   1.062200e+02 1.454240e+01 -1.108491e+01
    endloop
  endfacet
  facet normal -4.405360e-12 1.153713e-11 1.000000e+00
    outer loop
      vertex   1.062200e+02 1.454240e+01 -1.108491e+01
      vertex   1.065808e+02 1.459008e+01 -1.108491e+01
      vertex   1.062017e+02 1.457651e+01 -1.108491e+01
    endloop
  endfacet
  facet normal -2.586963e-11 0.000000e+00 1.000000e+00
    outer loop
      vertex   1.062200e+02 1.454240e+01 -1.108491e+01
      vertex   1.062017e+02 1.457651e+01 -1.108491e+01
      vertex   1.062017e+02 1.454240e+01 -1.108491e+01
    endloop
  endfacet
  facet normal -3.994896e-12 0.000000e+00 1.000000e+00
    outer loop
      vertex   1.074065e+02 1.434440e+01 -1.108491e+01
      vertex   1.071557e+02 1.459440e+01 -1.108491e+01
      vertex   1.074065e+02 9.832400e+00 -1.108491e+01
    endloop
  endfacet
  facet normal -3.983541e-12 5.979930e-16 1.000000e+00
    outer loop
      vertex   1.074065e+02 9.832400e+00 -1.108491e+01
      vertex   1.071557e+02 1.459440e+01 -1.108491e+01
      vertex   1.069435e+02 1.459440e+01 -1.108491e+01
    endloop
  endfacet
  facet normal -3.977835e-12 1.152799e-15 1.000000e+00
    outer loop
      vertex   1.074065e+02 9.832400e+00 -1.108491e+01
      vertex   1.069435e+02 1.459440e+01 -1.108491e+01
      vertex   1.067648e+02 1.459334e+01 -1.108491e+01
    endloop
  endfacet
  facet normal -4.198003e-12 3.299083e-14 1.000000e+00
    outer loop
      vertex   1.074014e+02 1.439319e+01 -1.108491e+01
      vertex   1.073874e+02 1.444019e+01 -1.108491e+01
      vertex   1.074065e+02 1.434440e+01 -1.108491e+01
    endloop
  endfacet
  facet normal -3.568024e-12 1.588400e-13 1.000000e+00
    outer loop
      vertex   1.074065e+02 1.434440e+01 -1.108491e+01
      vertex   1.073874e+02 1.444019e+01 -1.108491e+01
      vertex   1.073639e+02 1.448329e+01 -1.108491e+01
    endloop
  endfacet
  facet normal -3.789068e-12 9.103171e-14 1.000000e+00
    outer loop
      vertex   1.074065e+02 1.434440e+01 -1.108491e+01
      vertex   1.073639e+02 1.448329e+01 -1.108491e+01
      vertex   1.073329e+02 1.452130e+01 -1.108491e+01
    endloop
  endfacet
  facet normal -3.855010e-12 6.360707e-14 1.000000e+00
    outer loop
      vertex   1.073329e+02 1.452130e+01 -1.108491e+01
      vertex   1.072947e+02 1.455214e+01 -1.108491e+01
      vertex   1.074065e+02 1.434440e+01 -1.108491e+01
    endloop
  endfacet
  facet normal -4.058733e-12 -4.600468e-14 1.000000e+00
    outer loop
      vertex   1.074065e+02 1.434440e+01 -1.108491e+01
      vertex   1.072947e+02 1.455214e+01 -1.108491e+01
      vertex   1.072516e+02 1.457542e+01 -1.108491e+01
    endloop
  endfacet
  facet normal -4.097248e-12 -7.183325e-14 1.000000e+00
    outer loop
      vertex   1.074065e+02 1.434440e+01 -1.108491e+01
      vertex   1.072516e+02 1.457542e+01 -1.108491e+01
      vertex   1.072045e+02 1.458933e+01 -1.108491e+01
    endloop
  endfacet
  facet normal -3.924417e-12 7.070052e-14 1.000000e+00
    outer loop
      vertex   1.072045e+02 1.458933e+01 -1.108491e+01
      vertex   1.071557e+02 1.459440e+01 -1.108491e+01
      vertex   1.074065e+02 1.434440e+01 -1.108491e+01
    endloop
  endfacet
  facet normal 0.000000e+00 0.000000e+00 -1.000000e+00
    outer loop
      vertex   1.058679e+02 1.454240e+01 -1.293000e+01
      vertex   1.062200e+02 1.454240e+01 -1.293000e+01
      vertex   1.058679e+02 9.832400e+00 -1.293000e+01
    endloop
  endfacet
  facet normal 0.000000e+00 0.000000e+00 -1.000000e+00
    outer loop
      vertex   1.058679e+02 9.832400e+00 -1.293000e+01
      vertex   1.062200e+02 1.454240e+01 -1.293000e+01
      vertex   1.062200e+02 6.832400e+00 -1.293000e+01
    endloop
  endfacet
  facet normal 0.000000e+00 -0.000000e+00 -1.000000e+00
    outer loop
      vertex   1.058679e+02 9.832400e+00 -1.293000e+01
      vertex   1.062200e+02 6.832400e+00 -1.293000e+01
      vertex   1.051200e+02 6.832400e+00 -1.293000e+01
    endloop
  endfacet
  facet normal 0.000000e+00 0.000000e+00 -1.000000e+00
    outer loop
      vertex   1.051200e+02 6.832400e+00 -1.293000e+01
      vertex   1.051200e+02 9.832400e+00 -1.293000e+01
      vertex   1.058679e+02 9.832400e+00 -1.293000e+01
    endloop
  endfacet
  facet normal 0.000000e+00 1.000000e+00 -0.000000e+00
    outer loop
      vertex   1.062200e+02 1.454240e+01 -1.108491e+01
      vertex   1.061677e+02 1.454240e+01 -1.084534e+01
      vertex   1.062200e+02 1.454240e+01 -9.930000e+00
    endloop
  endfacet
  facet normal 0.000000e+00 1.000000e+00 0.000000e+00
    outer loop
      vertex   1.062200e+02 1.454240e+01 -9.930000e+00
      vertex   1.061677e+02 1.454240e+01 -1.084534e+01
      vertex   1.061166e+02 1.454240e+01 -1.060883e+01
    endloop
  endfacet
  facet normal 0.000000e+00 1.000000e+00 0.000000e+00
    outer loop
      vertex   1.062200e+02 1.454240e+01 -9.930000e+00
      vertex   1.061166e+02 1.454240e+01 -1.060883e+01
      vertex   1.060485e+02 1.454240e+01 -1.037664e+01
    endloop
  endfacet
  facet normal 0.000000e+00 1.000000e+00 0.000000e+00
    outer loop
      vertex   1.062200e+02 1.454240e+01 -1.108491e+01
      vertex   1.062017e+02 1.454240e+01 -1.108491e+01
      vertex   1.061677e+02 1.454240e+01 -1.084534e+01
    endloop
  endfacet
  facet normal 0.000000e+00 1.000000e+00 -0.000000e+00
    outer loop
      vertex   1.060485e+02 1.454240e+01 -1.037664e+01
      vertex   1.059638e+02 1.454240e+01 -1.014997e+01
      vertex   1.062200e+02 1.454240e+01 -9.930000e+00
    endloop
  endfacet
  facet normal 0.000000e+00 1.000000e+00 0.000000e+00
    outer loop
      vertex   1.062200e+02 1.454240e+01 -9.930000e+00
      vertex   1.059638e+02 1.454240e+01 -1.014997e+01
      vertex   1.058629e+02 1.454240e+01 -9.930000e+00
    endloop
  endfacet
  facet normal 0.000000e+00 1.000000e+00 0.000000e+00
    outer loop
      vertex   1.062017e+02 1.454240e+01 -1.178491e+01
      vertex   1.062200e+02 1.454240e+01 -1.178491e+01
      vertex   1.061681e+02 1.454240e+01 -1.202233e+01
    endloop
  endfacet
  facet normal -0.000000e+00 1.000000e+00 0.000000e+00
    outer loop
      vertex   1.061681e+02 1.454240e+01 -1.202233e+01
      vertex   1.062200e+02 1.454240e+01 -1.178491e+01
      vertex   1.062200e+02 1.454240e+01 -1.293000e+01
    endloop
  endfacet
  facet normal 0.000000e+00 1.000000e+00 0.000000e+00
    outer loop
      vertex   1.061681e+02 1.454240e+01 -1.202233e+01
      vertex   1.062200e+02 1.454240e+01 -1.293000e+01
      vertex   1.061176e+02 1.454240e+01 -1.225673e+01
    endloop
  endfacet
  facet normal 0.000000e+00 1.000000e+00 0.000000e+00
    outer loop
      vertex   1.061176e+02 1.454240e+01 -1.225673e+01
      vertex   1.062200e+02 1.454240e+01 -1.293000e+01
      vertex   1.060505e+02 1.454240e+01 -1.248693e+01
    endloop
  endfacet
  facet normal 0.000000e+00 1.000000e+00 0.000000e+00
    outer loop
      vertex   1.060505e+02 1.454240e+01 -1.248693e+01
      vertex   1.062200e+02 1.454240e+01 -1.293000e+01
      vertex   1.059671e+02 1.454240e+01 -1.271174e+01
    endloop
  endfacet
  facet normal 0.000000e+00 1.000000e+00 0.000000e+00
    outer loop
      vertex   1.059671e+02 1.454240e+01 -1.271174e+01
      vertex   1.062200e+02 1.454240e+01 -1.293000e+01
      vertex   1.058679e+02 1.454240e+01 -1.293000e+01
    endloop
  endfacet
  facet normal 0.000000e+00 1.000000e+00 -0.000000e+00
    outer loop
      vertex   1.080094e+02 1.534440e+01 -1.176488e+01
      vertex   9.773058e+01 1.534440e+01 -1.176488e+01
      vertex   1.080200e+02 1.534440e+01 -1.143491e+01
    endloop
  endfacet
  facet normal 0.000000e+00 1.000000e+00 0.000000e+00
    outer loop
      vertex   1.080200e+02 1.534440e+01 -1.143491e+01
      vertex   9.773058e+01 1.534440e+01 -1.176488e+01
      vertex   9.772000e+01 1.534440e+01 -1.143491e+01
    endloop
  endfacet
  facet normal 0.000000e+00 1.000000e+00 0.000000e+00
    outer loop
      vertex   1.080200e+02 1.534440e+01 -1.143491e+01
      vertex   9.772000e+01 1.534440e+01 -1.143491e+01
      vertex   1.080094e+02 1.534440e+01 -1.110495e+01
    endloop
  endfacet
  facet normal 0.000000e+00 1.000000e+00 0.000000e+00
    outer loop
      vertex   1.080094e+02 1.534440e+01 -1.110495e+01
      vertex   9.772000e+01 1.534440e+01 -1.143491e+01
      vertex   9.773058e+01 1.534440e+01 -1.110495e+01
    endloop
  endfacet
  facet normal 0.000000e+00 1.000000e+00 0.000000e+00
    outer loop
      vertex   1.080094e+02 1.534440e+01 -1.110495e+01
      vertex   9.773058e+01 1.534440e+01 -1.110495e+01
      vertex   1.079777e+02 1.534440e+01 -1.077635e+01
    endloop
  endfacet
  facet normal 0.000000e+00 1.000000e+00 0.000000e+00
    outer loop
      vertex   1.079777e+02 1.534440e+01 -1.077635e+01
      vertex   9.773058e+01 1.534440e+01 -1.110495e+01
      vertex   9.776228e+01 1.534440e+01 -1.077635e+01
    endloop
  endfacet
  facet normal 0.000000e+00 1.000000e+00 0.000000e+00
    outer loop
      vertex   1.079777e+02 1.534440e+01 -1.077635e+01
      vertex   9.776228e+01 1.534440e+01 -1.077635e+01
      vertex   1.079250e+02 1.534440e+01 -1.045045e+01
    endloop
  endfacet
  facet normal 0.000000e+00 1.000000e+00 0.000000e+00
    outer loop
      vertex   1.079250e+02 1.534440e+01 -1.045045e+01
      vertex   9.776228e+01 1.534440e+01 -1.077635e+01
      vertex   9.781497e+01 1.534440e+01 -1.045045e+01
    endloop
  endfacet
  facet normal 0.000000e+00 1.000000e+00 0.000000e+00
    outer loop
      vertex   1.079250e+02 1.534440e+01 -1.045045e+01
      vertex   9.781497e+01 1.534440e+01 -1.045045e+01
      vertex   1.078516e+02 1.534440e+01 -1.012859e+01
    endloop
  endfacet
  facet normal 0.000000e+00 1.000000e+00 0.000000e+00
    outer loop
      vertex   1.078516e+02 1.534440e+01 -1.012859e+01
      vertex   9.781497e+01 1.534440e+01 -1.045045e+01
      vertex   9.788843e+01 1.534440e+01 -1.012859e+01
    endloop
  endfacet
  facet normal 0.000000e+00 1.000000e+00 0.000000e+00
    outer loop
      vertex   1.078516e+02 1.534440e+01 -1.012859e+01
      vertex   9.788843e+01 1.534440e+01 -1.012859e+01
      vertex   1.077576e+02 1.534440e+01 -9.812108e+00
    endloop
  endfacet
  facet normal 0.000000e+00 1.000000e+00 0.000000e+00
    outer loop
      vertex   1.077576e+02 1.534440e+01 -9.812108e+00
      vertex   9.788843e+01 1.534440e+01 -1.012859e+01
      vertex   9.798236e+01 1.534440e+01 -9.812108e+00
    endloop
  endfacet
  facet normal 0.000000e+00 1.000000e+00 0.000000e+00
    outer loop
      vertex   1.077576e+02 1.534440e+01 -9.812108e+00
      vertex   9.798236e+01 1.534440e+01 -9.812108e+00
      vertex   1.076436e+02 1.534440e+01 -9.502290e+00
    endloop
  endfacet
  facet normal 0.000000e+00 1.000000e+00 0.000000e+00
    outer loop
      vertex   1.076436e+02 1.534440e+01 -9.502290e+00
      vertex   9.798236e+01 1.534440e+01 -9.812108e+00
      vertex   9.809638e+01 1.534440e+01 -9.502290e+00
    endloop
  endfacet
  facet normal 0.000000e+00 1.000000e+00 0.000000e+00
    outer loop
      vertex   1.076436e+02 1.534440e+01 -9.502290e+00
      vertex   9.809638e+01 1.534440e+01 -9.502290e+00
      vertex   1.075100e+02 1.534440e+01 -9.200414e+00
    endloop
  endfacet
  facet normal 0.000000e+00 1.000000e+00 0.000000e+00
    outer loop
      vertex   1.075100e+02 1.534440e+01 -9.200414e+00
      vertex   9.809638e+01 1.534440e+01 -9.502290e+00
      vertex   9.823001e+01 1.534440e+01 -9.200414e+00
    endloop
  endfacet
  facet normal 0.000000e+00 1.000000e+00 0.000000e+00
    outer loop
      vertex   1.075100e+02 1.534440e+01 -9.200414e+00
      vertex   9.823001e+01 1.534440e+01 -9.200414e+00
      vertex   1.073573e+02 1.534440e+01 -8.907720e+00
    endloop
  endfacet
  facet normal 0.000000e+00 1.000000e+00 0.000000e+00
    outer loop
      vertex   1.073573e+02 1.534440e+01 -8.907720e+00
      vertex   9.823001e+01 1.534440e+01 -9.200414e+00
      vertex   9.838271e+01 1.534440e+01 -8.907720e+00
    endloop
  endfacet
  facet normal 0.000000e+00 1.000000e+00 0.000000e+00
    outer loop
      vertex   1.073573e+02 1.534440e+01 -8.907720e+00
      vertex   9.838271e+01 1.534440e+01 -8.907720e+00
      vertex   1.071862e+02 1.534440e+01 -8.625410e+00
    endloop
  endfacet
  facet normal 0.000000e+00 1.000000e+00 0.000000e+00
    outer loop
      vertex   1.071862e+02 1.534440e+01 -8.625410e+00
      vertex   9.838271e+01 1.534440e+01 -8.907720e+00
      vertex   9.855385e+01 1.534440e+01 -8.625410e+00
    endloop
  endfacet
  facet normal 0.000000e+00 1.000000e+00 0.000000e+00
    outer loop
      vertex   1.071862e+02 1.534440e+01 -8.625410e+00
      vertex   9.855385e+01 1.534440e+01 -8.625410e+00
      vertex   1.069973e+02 1.534440e+01 -8.354646e+00
    endloop
  endfacet
  facet normal 0.000000e+00 1.000000e+00 0.000000e+00
    outer loop
      vertex   1.069973e+02 1.534440e+01 -8.354646e+00
      vertex   9.855385e+01 1.534440e+01 -8.625410e+00
      vertex   9.874272e+01 1.534440e+01 -8.354646e+00
    endloop
  endfacet
  facet normal 0.000000e+00 1.000000e+00 0.000000e+00
    outer loop
      vertex   1.069973e+02 1.534440e+01 -8.354646e+00
      vertex   9.874272e+01 1.534440e+01 -8.354646e+00
      vertex   1.067914e+02 1.534440e+01 -8.096539e+00
    endloop
  endfacet
  facet normal 0.000000e+00 1.000000e+00 0.000000e+00
    outer loop
      vertex   1.067914e+02 1.534440e+01 -8.096539e+00
      vertex   9.874272e+01 1.534440e+01 -8.354646e+00
      vertex   9.894855e+01 1.534440e+01 -8.096539e+00
    endloop
  endfacet
  facet normal 0.000000e+00 1.000000e+00 0.000000e+00
    outer loop
      vertex   1.067914e+02 1.534440e+01 -8.096539e+00
      vertex   9.894855e+01 1.534440e+01 -8.096539e+00
      vertex   1.065695e+02 1.534440e+01 -7.852150e+00
    endloop
  endfacet
  facet normal 0.000000e+00 1.000000e+00 0.000000e+00
    outer loop
      vertex   1.065695e+02 1.534440e+01 -7.852150e+00
      vertex   9.894855e+01 1.534440e+01 -8.096539e+00
      vertex   9.917050e+01 1.534440e+01 -7.852150e+00
    endloop
  endfacet
  facet normal 0.000000e+00 1.000000e+00 0.000000e+00
    outer loop
      vertex   1.065695e+02 1.534440e+01 -7.852150e+00
      vertex   9.917050e+01 1.534440e+01 -7.852150e+00
      vertex   1.063323e+02 1.534440e+01 -7.622483e+00
    endloop
  endfacet
  facet normal 0.000000e+00 1.000000e+00 0.000000e+00
    outer loop
      vertex   1.063323e+02 1.534440e+01 -7.622483e+00
      vertex   9.917050e+01 1.534440e+01 -7.852150e+00
      vertex   9.940765e+01 1.534440e+01 -7.622483e+00
    endloop
  endfacet
  facet normal 0.000000e+00 1.000000e+00 0.000000e+00
    outer loop
      vertex   1.063323e+02 1.534440e+01 -7.622483e+00
      vertex   9.940765e+01 1.534440e+01 -7.622483e+00
      vertex   1.060810e+02 1.534440e+01 -7.408483e+00
    endloop
  endfacet
  facet normal 0.000000e+00 1.000000e+00 0.000000e+00
    outer loop
      vertex   1.060810e+02 1.534440e+01 -7.408483e+00
      vertex   9.940765e+01 1.534440e+01 -7.622483e+00
      vertex   9.965903e+01 1.534440e+01 -7.408483e+00
    endloop
  endfacet
  facet normal 0.000000e+00 1.000000e+00 0.000000e+00
    outer loop
      vertex   1.060810e+02 1.534440e+01 -7.408483e+00
      vertex   9.965903e+01 1.534440e+01 -7.408483e+00
      vertex   1.058164e+02 1.534440e+01 -7.211028e+00
    endloop
  endfacet
  facet normal 0.000000e+00 1.000000e+00 0.000000e+00
    outer loop
      vertex   1.058164e+02 1.534440e+01 -7.211028e+00
      vertex   9.965903e+01 1.534440e+01 -7.408483e+00
      vertex   9.992360e+01 1.534440e+01 -7.211028e+00
    endloop
  endfacet
  facet normal 0.000000e+00 1.000000e+00 0.000000e+00
    outer loop
      vertex   1.058164e+02 1.534440e+01 -7.211028e+00
      vertex   9.992360e+01 1.534440e+01 -7.211028e+00
      vertex   1.055397e+02 1.534440e+01 -7.030930e+00
    endloop
  endfacet
  facet normal 0.000000e+00 1.000000e+00 0.000000e+00
    outer loop
      vertex   1.055397e+02 1.534440e+01 -7.030930e+00
      vertex   9.992360e+01 1.534440e+01 -7.211028e+00
      vertex   1.002003e+02 1.534440e+01 -7.030930e+00
    endloop
  endfacet
  facet normal 0.000000e+00 1.000000e+00 0.000000e+00
    outer loop
      vertex   1.055397e+02 1.534440e+01 -7.030930e+00
      vertex   1.002003e+02 1.534440e+01 -7.030930e+00
      vertex   1.052521e+02 1.534440e+01 -6.868929e+00
    endloop
  endfacet
  facet normal 0.000000e+00 1.000000e+00 0.000000e+00
    outer loop
      vertex   1.052521e+02 1.534440e+01 -6.868929e+00
      vertex   1.002003e+02 1.534440e+01 -7.030930e+00
      vertex   1.004879e+02 1.534440e+01 -6.868929e+00
    endloop
  endfacet
  facet normal 0.000000e+00 1.000000e+00 0.000000e+00
    outer loop
      vertex   1.052521e+02 1.534440e+01 -6.868929e+00
      vertex   1.004879e+02 1.534440e+01 -6.868929e+00
      vertex   1.049546e+02 1.534440e+01 -6.725690e+00
    endloop
  endfacet
  facet normal 0.000000e+00 1.000000e+00 0.000000e+00
    outer loop
      vertex   1.049546e+02 1.534440e+01 -6.725690e+00
      vertex   1.004879e+02 1.534440e+01 -6.868929e+00
      vertex   1.007854e+02 1.534440e+01 -6.725690e+00
    endloop
  endfacet
  facet normal 0.000000e+00 1.000000e+00 0.000000e+00
    outer loop
      vertex   1.049546e+02 1.534440e+01 -6.725690e+00
      vertex   1.007854e+02 1.534440e+01 -6.725690e+00
      vertex   1.046486e+02 1.534440e+01 -6.601803e+00
    endloop
  endfacet
  facet normal 0.000000e+00 1.000000e+00 0.000000e+00
    outer loop
      vertex   1.046486e+02 1.534440e+01 -6.601803e+00
      vertex   1.007854e+02 1.534440e+01 -6.725690e+00
      vertex   1.010914e+02 1.534440e+01 -6.601803e+00
    endloop
  endfacet
  facet normal 0.000000e+00 1.000000e+00 0.000000e+00
    outer loop
      vertex   1.046486e+02 1.534440e+01 -6.601803e+00
      vertex   1.010914e+02 1.534440e+01 -6.601803e+00
      vertex   1.043353e+02 1.534440e+01 -6.497776e+00
    endloop
  endfacet
  facet normal 0.000000e+00 1.000000e+00 0.000000e+00
    outer loop
      vertex   1.043353e+02 1.534440e+01 -6.497776e+00
      vertex   1.010914e+02 1.534440e+01 -6.601803e+00
      vertex   1.014047e+02 1.534440e+01 -6.497776e+00
    endloop
  endfacet
  facet normal 0.000000e+00 1.000000e+00 0.000000e+00
    outer loop
      vertex   1.043353e+02 1.534440e+01 -6.497776e+00
      vertex   1.014047e+02 1.534440e+01 -6.497776e+00
      vertex   1.040160e+02 1.534440e+01 -6.414036e+00
    endloop
  endfacet
  facet normal 0.000000e+00 1.000000e+00 0.000000e+00
    outer loop
      vertex   1.040160e+02 1.534440e+01 -6.414036e+00
      vertex   1.014047e+02 1.534440e+01 -6.497776e+00
      vertex   1.017240e+02 1.534440e+01 -6.414036e+00
    endloop
  endfacet
  facet normal 0.000000e+00 1.000000e+00 0.000000e+00
    outer loop
      vertex   1.040160e+02 1.534440e+01 -6.414036e+00
      vertex   1.017240e+02 1.534440e+01 -6.414036e+00
      vertex   1.036919e+02 1.534440e+01 -6.350929e+00
    endloop
  endfacet
  facet normal 0.000000e+00 1.000000e+00 0.000000e+00
    outer loop
      vertex   1.036919e+02 1.534440e+01 -6.350929e+00
      vertex   1.017240e+02 1.534440e+01 -6.414036e+00
      vertex   1.020481e+02 1.534440e+01 -6.350929e+00
    endloop
  endfacet
  facet normal 0.000000e+00 1.000000e+00 0.000000e+00
    outer loop
      vertex   1.036919e+02 1.534440e+01 -6.350929e+00
      vertex   1.020481e+02 1.534440e+01 -6.350929e+00
      vertex   1.033645e+02 1.534440e+01 -6.308713e+00
    endloop
  endfacet
  facet normal 0.000000e+00 1.000000e+00 0.000000e+00
    outer loop
      vertex   1.033645e+02 1.534440e+01 -6.308713e+00
      vertex   1.020481e+02 1.534440e+01 -6.350929e+00
      vertex   1.023755e+02 1.534440e+01 -6.308713e+00
    endloop
  endfacet
  facet normal 0.000000e+00 1.000000e+00 0.000000e+00
    outer loop
      vertex   1.033645e+02 1.534440e+01 -6.308713e+00
      vertex   1.023755e+02 1.534440e+01 -6.308713e+00
      vertex   1.030351e+02 1.534440e+01 -6.287561e+00
    endloop
  endfacet
  facet normal 0.000000e+00 1.000000e+00 0.000000e+00
    outer loop
      vertex   1.030351e+02 1.534440e+01 -6.287561e+00
      vertex   1.023755e+02 1.534440e+01 -6.308713e+00
      vertex   1.027049e+02 1.534440e+01 -6.287561e+00
    endloop
  endfacet
  facet normal 0.000000e+00 1.000000e+00 0.000000e+00
    outer loop
      vertex   9.773058e+01 1.534440e+01 -1.176488e+01
      vertex   1.080094e+02 1.534440e+01 -1.176488e+01
      vertex   9.776228e+01 1.534440e+01 -1.209348e+01
    endloop
  endfacet
  facet normal 0.000000e+00 1.000000e+00 0.000000e+00
    outer loop
      vertex   9.776228e+01 1.534440e+01 -1.209348e+01
      vertex   1.080094e+02 1.534440e+01 -1.176488e+01
      vertex   1.079777e+02 1.534440e+01 -1.209348e+01
    endloop
  endfacet
  facet normal -0.000000e+00 1.000000e+00 0.000000e+00
    outer loop
      vertex   9.776228e+01 1.534440e+01 -1.209348e+01
      vertex   1.079777e+02 1.534440e+01 -1.209348e+01
      vertex   9.781497e+01 1.534440e+01 -1.241938e+01
    endloop
  endfacet
  facet normal -0.000000e+00 1.000000e+00 0.000000e+00
    outer loop
      vertex   9.781497e+01 1.534440e+01 -1.241938e+01
      vertex   1.079777e+02 1.534440e+01 -1.209348e+01
      vertex   1.079250e+02 1.534440e+01 -1.241938e+01
    endloop
  endfacet
  facet normal 0.000000e+00 1.000000e+00 0.000000e+00
    outer loop
      vertex   9.781497e+01 1.534440e+01 -1.241938e+01
      vertex   1.079250e+02 1.534440e+01 -1.241938e+01
      vertex   9.788843e+01 1.534440e+01 -1.274124e+01
    endloop
  endfacet
  facet normal 0.000000e+00 1.000000e+00 0.000000e+00
    outer loop
      vertex   9.788843e+01 1.534440e+01 -1.274124e+01
      vertex   1.079250e+02 1.534440e+01 -1.241938e+01
      vertex   1.078516e+02 1.534440e+01 -1.274124e+01
    endloop
  endfacet
  facet normal -0.000000e+00 1.000000e+00 0.000000e+00
    outer loop
      vertex   9.788843e+01 1.534440e+01 -1.274124e+01
      vertex   1.078516e+02 1.534440e+01 -1.274124e+01
      vertex   9.798236e+01 1.534440e+01 -1.305772e+01
    endloop
  endfacet
  facet normal 0.000000e+00 1.000000e+00 0.000000e+00
    outer loop
      vertex   9.798236e+01 1.534440e+01 -1.305772e+01
      vertex   1.078516e+02 1.534440e+01 -1.274124e+01
      vertex   1.077576e+02 1.534440e+01 -1.305772e+01
    endloop
  endfacet
  facet normal -0.000000e+00 1.000000e+00 0.000000e+00
    outer loop
      vertex   9.798236e+01 1.534440e+01 -1.305772e+01
      vertex   1.077576e+02 1.534440e+01 -1.305772e+01
      vertex   9.809638e+01 1.534440e+01 -1.336754e+01
    endloop
  endfacet
  facet normal 0.000000e+00 1.000000e+00 0.000000e+00
    outer loop
      vertex   9.809638e+01 1.534440e+01 -1.336754e+01
      vertex   1.077576e+02 1.534440e+01 -1.305772e+01
      vertex   1.076436e+02 1.534440e+01 -1.336754e+01
    endloop
  endfacet
  facet normal -0.000000e+00 1.000000e+00 0.000000e+00
    outer loop
      vertex   9.809638e+01 1.534440e+01 -1.336754e+01
      vertex   1.076436e+02 1.534440e+01 -1.336754e+01
      vertex   9.823001e+01 1.534440e+01 -1.366942e+01
    endloop
  endfacet
  facet normal 0.000000e+00 1.000000e+00 0.000000e+00
    outer loop
      vertex   9.823001e+01 1.534440e+01 -1.366942e+01
      vertex   1.076436e+02 1.534440e+01 -1.336754e+01
      vertex   1.075100e+02 1.534440e+01 -1.366942e+01
    endloop
  endfacet
  facet normal -0.000000e+00 1.000000e+00 0.000000e+00
    outer loop
      vertex   9.823001e+01 1.534440e+01 -1.366942e+01
      vertex   1.075100e+02 1.534440e+01 -1.366942e+01
      vertex   9.838271e+01 1.534440e+01 -1.396211e+01
    endloop
  endfacet
  facet normal 0.000000e+00 1.000000e+00 0.000000e+00
    outer loop
      vertex   9.838271e+01 1.534440e+01 -1.396211e+01
      vertex   1.075100e+02 1.534440e+01 -1.366942e+01
      vertex   1.073573e+02 1.534440e+01 -1.396211e+01
    endloop
  endfacet
  facet normal -0.000000e+00 1.000000e+00 0.000000e+00
    outer loop
      vertex   9.838271e+01 1.534440e+01 -1.396211e+01
      vertex   1.073573e+02 1.534440e+01 -1.396211e+01
      vertex   9.855385e+01 1.534440e+01 -1.424442e+01
    endloop
  endfacet
  facet normal 0.000000e+00 1.000000e+00 0.000000e+00
    outer loop
      vertex   9.855385e+01 1.534440e+01 -1.424442e+01
      vertex   1.073573e+02 1.534440e+01 -1.396211e+01
      vertex   1.071862e+02 1.534440e+01 -1.424442e+01
    endloop
  endfacet
  facet normal -0.000000e+00 1.000000e+00 0.000000e+00
    outer loop
      vertex   9.855385e+01 1.534440e+01 -1.424442e+01
      vertex   1.071862e+02 1.534440e+01 -1.424442e+01
      vertex   9.874272e+01 1.534440e+01 -1.451518e+01
    endloop
  endfacet
  facet normal 0.000000e+00 1.000000e+00 0.000000e+00
    outer loop
      vertex   9.874272e+01 1.534440e+01 -1.451518e+01
      vertex   1.071862e+02 1.534440e+01 -1.424442e+01
      vertex   1.069973e+02 1.534440e+01 -1.451518e+01
    endloop
  endfacet
  facet normal -0.000000e+00 1.000000e+00 0.000000e+00
    outer loop
      vertex   9.874272e+01 1.534440e+01 -1.451518e+01
      vertex   1.069973e+02 1.534440e+01 -1.451518e+01
      vertex   9.894855e+01 1.534440e+01 -1.477329e+01
    endloop
  endfacet
  facet normal 0.000000e+00 1.000000e+00 0.000000e+00
    outer loop
      vertex   9.894855e+01 1.534440e+01 -1.477329e+01
      vertex   1.069973e+02 1.534440e+01 -1.451518e+01
      vertex   1.067914e+02 1.534440e+01 -1.477329e+01
    endloop
  endfacet
  facet normal -0.000000e+00 1.000000e+00 0.000000e+00
    outer loop
      vertex   9.894855e+01 1.534440e+01 -1.477329e+01
      vertex   1.067914e+02 1.534440e+01 -1.477329e+01
      vertex   9.917050e+01 1.534440e+01 -1.501768e+01
    endloop
  endfacet
  facet normal -0.000000e+00 1.000000e+00 0.000000e+00
    outer loop
      vertex   9.917050e+01 1.534440e+01 -1.501768e+01
      vertex   1.067914e+02 1.534440e+01 -1.477329e+01
      vertex   1.065695e+02 1.534440e+01 -1.501768e+01
    endloop
  endfacet
  facet normal 0.000000e+00 1.000000e+00 0.000000e+00
    outer loop
      vertex   9.917050e+01 1.534440e+01 -1.501768e+01
      vertex   1.065695e+02 1.534440e+01 -1.501768e+01
      vertex   9.940765e+01 1.534440e+01 -1.524735e+01
    endloop
  endfacet
  facet normal 0.000000e+00 1.000000e+00 0.000000e+00
    outer loop
      vertex   9.940765e+01 1.534440e+01 -1.524735e+01
      vertex   1.065695e+02 1.534440e+01 -1.501768e+01
      vertex   1.063323e+02 1.534440e+01 -1.524735e+01
    endloop
  endfacet
  facet normal -0.000000e+00 1.000000e+00 0.000000e+00
    outer loop
      vertex   9.940765e+01 1.534440e+01 -1.524735e+01
      vertex   1.063323e+02 1.534440e+01 -1.524735e+01
      vertex   9.965903e+01 1.534440e+01 -1.546135e+01
    endloop
  endfacet
  facet normal 0.000000e+00 1.000000e+00 0.000000e+00
    outer loop
      vertex   9.965903e+01 1.534440e+01 -1.546135e+01
      vertex   1.063323e+02 1.534440e+01 -1.524735e+01
      vertex   1.060810e+02 1.534440e+01 -1.546135e+01
    endloop
  endfacet
  facet normal -0.000000e+00 1.000000e+00 0.000000e+00
    outer loop
      vertex   9.965903e+01 1.534440e+01 -1.546135e+01
      vertex   1.060810e+02 1.534440e+01 -1.546135e+01
      vertex   9.992360e+01 1.534440e+01 -1.565880e+01
    endloop
  endfacet
  facet normal 0.000000e+00 1.000000e+00 0.000000e+00
    outer loop
      vertex   9.992360e+01 1.534440e+01 -1.565880e+01
      vertex   1.060810e+02 1.534440e+01 -1.546135e+01
      vertex   1.058164e+02 1.534440e+01 -1.565880e+01
    endloop
  endfacet
  facet normal -0.000000e+00 1.000000e+00 0.000000e+00
    outer loop
      vertex   9.992360e+01 1.534440e+01 -1.565880e+01
      vertex   1.058164e+02 1.534440e+01 -1.565880e+01
      vertex   1.002003e+02 1.534440e+01 -1.583890e+01
    endloop
  endfacet
  facet normal -0.000000e+00 1.000000e+00 0.000000e+00
    outer loop
      vertex   1.002003e+02 1.534440e+01 -1.583890e+01
      vertex   1.058164e+02 1.534440e+01 -1.565880e+01
      vertex   1.055397e+02 1.534440e+01 -1.583890e+01
    endloop
  endfacet
  facet normal 0.000000e+00 1.000000e+00 0.000000e+00
    outer loop
      vertex   1.002003e+02 1.534440e+01 -1.583890e+01
      vertex   1.055397e+02 1.534440e+01 -1.583890e+01
      vertex   1.004879e+02 1.534440e+01 -1.600090e+01
    endloop
  endfacet
  facet normal 0.000000e+00 1.000000e+00 0.000000e+00
    outer loop
      vertex   1.004879e+02 1.534440e+01 -1.600090e+01
      vertex   1.055397e+02 1.534440e+01 -1.583890e+01
      vertex   1.052521e+02 1.534440e+01 -1.600090e+01
    endloop
  endfacet
  facet normal -0.000000e+00 1.000000e+00 0.000000e+00
    outer loop
      vertex   1.004879e+02 1.534440e+01 -1.600090e+01
      vertex   1.052521e+02 1.534440e+01 -1.600090e+01
      vertex   1.007854e+02 1.534440e+01 -1.614414e+01
    endloop
  endfacet
  facet normal 0.000000e+00 1.000000e+00 0.000000e+00
    outer loop
      vertex   1.007854e+02 1.534440e+01 -1.614414e+01
      vertex   1.052521e+02 1.534440e+01 -1.600090e+01
      vertex   1.049546e+02 1.534440e+01 -1.614414e+01
    endloop
  endfacet
  facet normal -0.000000e+00 1.000000e+00 0.000000e+00
    outer loop
      vertex   1.007854e+02 1.534440e+01 -1.614414e+01
      vertex   1.049546e+02 1.534440e+01 -1.614414e+01
      vertex   1.010914e+02 1.534440e+01 -1.626803e+01
    endloop
  endfacet
  facet normal 0.000000e+00 1.000000e+00 0.000000e+00
    outer loop
      vertex   1.010914e+02 1.534440e+01 -1.626803e+01
      vertex   1.049546e+02 1.534440e+01 -1.614414e+01
      vertex   1.046486e+02 1.534440e+01 -1.626803e+01
    endloop
  endfacet
  facet normal -0.000000e+00 1.000000e+00 0.000000e+00
    outer loop
      vertex   1.010914e+02 1.534440e+01 -1.626803e+01
      vertex   1.046486e+02 1.534440e+01 -1.626803e+01
      vertex   1.014047e+02 1.534440e+01 -1.637205e+01
    endloop
  endfacet
  facet normal 0.000000e+00 1.000000e+00 0.000000e+00
    outer loop
      vertex   1.014047e+02 1.534440e+01 -1.637205e+01
      vertex   1.046486e+02 1.534440e+01 -1.626803e+01
      vertex   1.043353e+02 1.534440e+01 -1.637205e+01
    endloop
  endfacet
  facet normal -0.000000e+00 1.000000e+00 0.000000e+00
    outer loop
      vertex   1.014047e+02 1.534440e+01 -1.637205e+01
      vertex   1.043353e+02 1.534440e+01 -1.637205e+01
      vertex   1.017240e+02 1.534440e+01 -1.645579e+01
    endloop
  endfacet
  facet normal 0.000000e+00 1.000000e+00 0.000000e+00
    outer loop
      vertex   1.017240e+02 1.534440e+01 -1.645579e+01
      vertex   1.043353e+02 1.534440e+01 -1.637205e+01
      vertex   1.040160e+02 1.534440e+01 -1.645579e+01
    endloop
  endfacet
  facet normal -0.000000e+00 1.000000e+00 0.000000e+00
    outer loop
      vertex   1.017240e+02 1.534440e+01 -1.645579e+01
      vertex   1.040160e+02 1.534440e+01 -1.645579e+01
      vertex   1.020481e+02 1.534440e+01 -1.651890e+01
    endloop
  endfacet
  facet normal 0.000000e+00 1.000000e+00 0.000000e+00
    outer loop
      vertex   1.020481e+02 1.534440e+01 -1.651890e+01
      vertex   1.040160e+02 1.534440e+01 -1.645579e+01
      vertex   1.036919e+02 1.534440e+01 -1.651890e+01
    endloop
  endfacet
  facet normal -0.000000e+00 1.000000e+00 0.000000e+00
    outer loop
      vertex   1.020481e+02 1.534440e+01 -1.651890e+01
      vertex   1.036919e+02 1.534440e+01 -1.651890e+01
      vertex   1.023755e+02 1.534440e+01 -1.656112e+01
    endloop
  endfacet
  facet normal 0.000000e+00 1.000000e+00 0.000000e+00
    outer loop
      vertex   1.023755e+02 1.534440e+01 -1.656112e+01
      vertex   1.036919e+02 1.534440e+01 -1.651890e+01
      vertex   1.033645e+02 1.534440e+01 -1.656112e+01
    endloop
  endfacet
  facet normal -0.000000e+00 1.000000e+00 0.000000e+00
    outer loop
      vertex   1.023755e+02 1.534440e+01 -1.656112e+01
      vertex   1.033645e+02 1.534440e+01 -1.656112e+01
      vertex   1.027049e+02 1.534440e+01 -1.658227e+01
    endloop
  endfacet
  facet normal 0.000000e+00 1.000000e+00 0.000000e+00
    outer loop
      vertex   1.027049e+02 1.534440e+01 -1.658227e+01
      vertex   1.033645e+02 1.534440e+01 -1.656112e+01
      vertex   1.030351e+02 1.534440e+01 -1.658227e+01
    endloop
  endfacet
  facet normal 1.105063e-01 0.000000e+00 -9.938754e-01
    outer loop
      vertex   1.025200e+02 1.434440e+01 -6.898396e+00
      vertex   1.025200e+02 9.832400e+00 -6.898396e+00
      vertex   1.022150e+02 1.434440e+01 -6.932312e+00
    endloop
  endfacet
  facet normal 1.105063e-01 0.000000e+00 -9.938754e-01
    outer loop
      vertex   1.022150e+02 1.434440e+01 -6.932312e+00
      vertex   1.025200e+02 9.832400e+00 -6.898396e+00
      vertex   1.022150e+02 9.832400e+00 -6.932312e+00
    endloop
  endfacet
  facet normal 1.772574e-01 0.000000e+00 -9.841645e-01
    outer loop
      vertex   1.022150e+02 1.434440e+01 -6.932312e+00
      vertex   1.022150e+02 9.832400e+00 -6.932312e+00
      vertex   1.019129e+02 1.434440e+01 -6.986715e+00
    endloop
  endfacet
  facet normal 1.772574e-01 0.000000e+00 -9.841645e-01
    outer loop
      vertex   1.019129e+02 1.434440e+01 -6.986715e+00
      vertex   1.022150e+02 9.832400e+00 -6.932312e+00
      vertex   1.019129e+02 9.832400e+00 -6.986715e+00
    endloop
  endfacet
  facet normal 2.432020e-01 0.000000e+00 -9.699757e-01
    outer loop
      vertex   1.019129e+02 1.434440e+01 -6.986715e+00
      vertex   1.019129e+02 9.832400e+00 -6.986715e+00
      vertex   1.016152e+02 1.434440e+01 -7.061358e+00
    endloop
  endfacet
  facet normal 2.432020e-01 0.000000e+00 -9.699757e-01
    outer loop
      vertex   1.016152e+02 1.434440e+01 -7.061358e+00
      vertex   1.019129e+02 9.832400e+00 -6.986715e+00
      vertex   1.016152e+02 9.832400e+00 -7.061358e+00
    endloop
  endfacet
  facet normal 3.080400e-01 0.000000e+00 -9.513734e-01
    outer loop
      vertex   1.016152e+02 1.434440e+01 -7.061358e+00
      vertex   1.016152e+02 9.832400e+00 -7.061358e+00
      vertex   1.013232e+02 1.434440e+01 -7.155900e+00
    endloop
  endfacet
  facet normal 3.080400e-01 0.000000e+00 -9.513734e-01
    outer loop
      vertex   1.013232e+02 1.434440e+01 -7.155900e+00
      vertex   1.016152e+02 9.832400e+00 -7.061358e+00
      vertex   1.013232e+02 9.832400e+00 -7.155900e+00
    endloop
  endfacet
  facet normal 3.714764e-01 0.000000e+00 -9.284424e-01
    outer loop
      vertex   1.013232e+02 1.434440e+01 -7.155900e+00
      vertex   1.013232e+02 9.832400e+00 -7.155900e+00
      vertex   1.010383e+02 1.434440e+01 -7.269911e+00
    endloop
  endfacet
  facet normal 3.714764e-01 0.000000e+00 -9.284424e-01
    outer loop
      vertex   1.010383e+02 1.434440e+01 -7.269911e+00
      vertex   1.013232e+02 9.832400e+00 -7.155900e+00
      vertex   1.010383e+02 9.832400e+00 -7.269911e+00
    endloop
  endfacet
  facet normal 4.332226e-01 0.000000e+00 -9.012869e-01
    outer loop
      vertex   1.010383e+02 1.434440e+01 -7.269911e+00
      vertex   1.010383e+02 9.832400e+00 -7.269911e+00
      vertex   1.007616e+02 1.434440e+01 -7.402874e+00
    endloop
  endfacet
  facet normal 4.332226e-01 0.000000e+00 -9.012869e-01
    outer loop
      vertex   1.007616e+02 1.434440e+01 -7.402874e+00
      vertex   1.010383e+02 9.832400e+00 -7.269911e+00
      vertex   1.007616e+02 9.832400e+00 -7.402874e+00
    endloop
  endfacet
  facet normal 4.929977e-01 0.000000e+00 -8.700306e-01
    outer loop
      vertex   1.007616e+02 1.434440e+01 -7.402874e+00
      vertex   1.007616e+02 9.832400e+00 -7.402874e+00
      vertex   1.004946e+02 1.434440e+01 -7.554182e+00
    endloop
  endfacet
  facet normal 4.929977e-01 0.000000e+00 -8.700306e-01
    outer loop
      vertex   1.004946e+02 1.434440e+01 -7.554182e+00
      vertex   1.007616e+02 9.832400e+00 -7.402874e+00
      vertex   1.004946e+02 9.832400e+00 -7.554182e+00
    endloop
  endfacet
  facet normal 5.505296e-01 0.000000e+00 -8.348157e-01
    outer loop
      vertex   1.004946e+02 1.434440e+01 -7.554182e+00
      vertex   1.004946e+02 9.832400e+00 -7.554182e+00
      vertex   1.002384e+02 1.434440e+01 -7.723147e+00
    endloop
  endfacet
  facet normal 5.505296e-01 0.000000e+00 -8.348157e-01
    outer loop
      vertex   1.002384e+02 1.434440e+01 -7.723147e+00
      vertex   1.004946e+02 9.832400e+00 -7.554182e+00
      vertex   1.002384e+02 9.832400e+00 -7.723147e+00
    endloop
  endfacet
  facet normal 6.055565e-01 0.000000e+00 -7.958023e-01
    outer loop
      vertex   1.002384e+02 1.434440e+01 -7.723147e+00
      vertex   1.002384e+02 9.832400e+00 -7.723147e+00
      vertex   9.999416e+01 1.434440e+01 -7.909002e+00
    endloop
  endfacet
  facet normal 6.055565e-01 0.000000e+00 -7.958023e-01
    outer loop
      vertex   9.999416e+01 1.434440e+01 -7.909002e+00
      vertex   1.002384e+02 9.832400e+00 -7.723147e+00
      vertex   9.999416e+01 9.832400e+00 -7.909002e+00
    endloop
  endfacet
  facet normal 6.578282e-01 0.000000e+00 -7.531680e-01
    outer loop
      vertex   9.999416e+01 1.434440e+01 -7.909002e+00
      vertex   9.999416e+01 9.832400e+00 -7.909002e+00
      vertex   9.976301e+01 1.434440e+01 -8.110899e+00
    endloop
  endfacet
  facet normal 6.578282e-01 0.000000e+00 -7.531680e-01
    outer loop
      vertex   9.976301e+01 1.434440e+01 -8.110899e+00
      vertex   9.999416e+01 9.832400e+00 -7.909002e+00
      vertex   9.976301e+01 9.832400e+00 -8.110899e+00
    endloop
  endfacet
  facet normal 7.071068e-01 0.000000e+00 -7.071068e-01
    outer loop
      vertex   9.976301e+01 1.434440e+01 -8.110899e+00
      vertex   9.976301e+01 9.832400e+00 -8.110899e+00
      vertex   9.954598e+01 1.434440e+01 -8.327920e+00
    endloop
  endfacet
  facet normal 7.071068e-01 0.000000e+00 -7.071068e-01
    outer loop
      vertex   9.954598e+01 1.434440e+01 -8.327920e+00
      vertex   9.976301e+01 9.832400e+00 -8.110899e+00
      vertex   9.954598e+01 9.832400e+00 -8.327920e+00
    endloop
  endfacet
  facet normal 7.531680e-01 0.000000e+00 -6.578282e-01
    outer loop
      vertex   9.954598e+01 1.434440e+01 -8.327920e+00
      vertex   9.954598e+01 9.832400e+00 -8.327920e+00
      vertex   9.934409e+01 1.434440e+01 -8.559079e+00
    endloop
  endfacet
  facet normal 7.531680e-01 0.000000e+00 -6.578282e-01
    outer loop
      vertex   9.934409e+01 1.434440e+01 -8.559079e+00
      vertex   9.954598e+01 9.832400e+00 -8.327920e+00
      vertex   9.934409e+01 9.832400e+00 -8.559079e+00
    endloop
  endfacet
  facet normal 7.958023e-01 0.000000e+00 -6.055565e-01
    outer loop
      vertex   9.934409e+01 1.434440e+01 -8.559079e+00
      vertex   9.934409e+01 9.832400e+00 -8.559079e+00
      vertex   9.915823e+01 1.434440e+01 -8.803322e+00
    endloop
  endfacet
  facet normal 7.958023e-01 0.000000e+00 -6.055565e-01
    outer loop
      vertex   9.915823e+01 1.434440e+01 -8.803322e+00
      vertex   9.934409e+01 9.832400e+00 -8.559079e+00
      vertex   9.915823e+01 9.832400e+00 -8.803322e+00
    endloop
  endfacet
  facet normal 8.348157e-01 0.000000e+00 -5.505296e-01
    outer loop
      vertex   9.915823e+01 1.434440e+01 -8.803322e+00
      vertex   9.915823e+01 9.832400e+00 -8.803322e+00
      vertex   9.898927e+01 1.434440e+01 -9.059539e+00
    endloop
  endfacet
  facet normal 8.348157e-01 0.000000e+00 -5.505296e-01
    outer loop
      vertex   9.898927e+01 1.434440e+01 -9.059539e+00
      vertex   9.915823e+01 9.832400e+00 -8.803322e+00
      vertex   9.898927e+01 9.832400e+00 -9.059539e+00
    endloop
  endfacet
  facet normal 8.700306e-01 0.000000e+00 -4.929977e-01
    outer loop
      vertex   9.898927e+01 1.434440e+01 -9.059539e+00
      vertex   9.898927e+01 9.832400e+00 -9.059539e+00
      vertex   9.883796e+01 1.434440e+01 -9.326564e+00
    endloop
  endfacet
  facet normal 8.700306e-01 0.000000e+00 -4.929977e-01
    outer loop
      vertex   9.883796e+01 1.434440e+01 -9.326564e+00
      vertex   9.898927e+01 9.832400e+00 -9.059539e+00
      vertex   9.883796e+01 9.832400e+00 -9.326564e+00
    endloop
  endfacet
  facet normal 9.012869e-01 0.000000e+00 -4.332226e-01
    outer loop
      vertex   9.883796e+01 1.434440e+01 -9.326564e+00
      vertex   9.883796e+01 9.832400e+00 -9.326564e+00
      vertex   9.870500e+01 1.434440e+01 -9.603183e+00
    endloop
  endfacet
  facet normal 9.012869e-01 0.000000e+00 -4.332226e-01
    outer loop
      vertex   9.870500e+01 1.434440e+01 -9.603183e+00
      vertex   9.883796e+01 9.832400e+00 -9.326564e+00
      vertex   9.870500e+01 9.832400e+00 -9.603183e+00
    endloop
  endfacet
  facet normal 9.284424e-01 0.000000e+00 -3.714764e-01
    outer loop
      vertex   9.870500e+01 1.434440e+01 -9.603183e+00
      vertex   9.870500e+01 9.832400e+00 -9.603183e+00
      vertex   9.859098e+01 1.434440e+01 -9.888135e+00
    endloop
  endfacet
  facet normal 9.284424e-01 0.000000e+00 -3.714764e-01
    outer loop
      vertex   9.859098e+01 1.434440e+01 -9.888135e+00
      vertex   9.870500e+01 9.832400e+00 -9.603183e+00
      vertex   9.859098e+01 9.832400e+00 -9.888135e+00
    endloop
  endfacet
  facet normal 9.513734e-01 0.000000e+00 -3.080400e-01
    outer loop
      vertex   9.859098e+01 1.434440e+01 -9.888135e+00
      vertex   9.859098e+01 9.832400e+00 -9.888135e+00
      vertex   9.849644e+01 1.434440e+01 -1.018013e+01
    endloop
  endfacet
  facet normal 9.513734e-01 0.000000e+00 -3.080400e-01
    outer loop
      vertex   9.849644e+01 1.434440e+01 -1.018013e+01
      vertex   9.859098e+01 9.832400e+00 -9.888135e+00
      vertex   9.849644e+01 9.832400e+00 -1.018013e+01
    endloop
  endfacet
  facet normal 9.699757e-01 0.000000e+00 -2.432020e-01
    outer loop
      vertex   9.849644e+01 1.434440e+01 -1.018013e+01
      vertex   9.849644e+01 9.832400e+00 -1.018013e+01
      vertex   9.842180e+01 1.434440e+01 -1.047783e+01
    endloop
  endfacet
  facet normal 9.699757e-01 0.000000e+00 -2.432020e-01
    outer loop
      vertex   9.842180e+01 1.434440e+01 -1.047783e+01
      vertex   9.849644e+01 9.832400e+00 -1.018013e+01
      vertex   9.842180e+01 9.832400e+00 -1.047783e+01
    endloop
  endfacet
  facet normal 9.841645e-01 0.000000e+00 -1.772574e-01
    outer loop
      vertex   9.842180e+01 1.434440e+01 -1.047783e+01
      vertex   9.842180e+01 9.832400e+00 -1.047783e+01
      vertex   9.836740e+01 1.434440e+01 -1.077988e+01
    endloop
  endfacet
  facet normal 9.841645e-01 0.000000e+00 -1.772574e-01
    outer loop
      vertex   9.836740e+01 1.434440e+01 -1.077988e+01
      vertex   9.842180e+01 9.832400e+00 -1.047783e+01
      vertex   9.836740e+01 9.832400e+00 -1.077988e+01
    endloop
  endfacet
  facet normal 9.938754e-01 0.000000e+00 -1.105063e-01
    outer loop
      vertex   9.836740e+01 1.434440e+01 -1.077988e+01
      vertex   9.836740e+01 9.832400e+00 -1.077988e+01
      vertex   9.833348e+01 1.434440e+01 -1.108491e+01
    endloop
  endfacet
  facet normal 9.938754e-01 0.000000e+00 -1.105063e-01
    outer loop
      vertex   9.833348e+01 1.434440e+01 -1.108491e+01
      vertex   9.836740e+01 9.832400e+00 -1.077988e+01
      vertex   9.833348e+01 9.832400e+00 -1.108491e+01
    endloop
  endfacet
  facet normal 1.105063e-01 -0.000000e+00 9.938754e-01
    outer loop
      vertex   1.025200e+02 9.832400e+00 -1.597143e+01
      vertex   1.025200e+02 1.434440e+01 -1.597143e+01
      vertex   1.022150e+02 9.832400e+00 -1.593752e+01
    endloop
  endfacet
  facet normal 1.105063e-01 -0.000000e+00 9.938754e-01
    outer loop
      vertex   1.022150e+02 9.832400e+00 -1.593752e+01
      vertex   1.025200e+02 1.434440e+01 -1.597143e+01
      vertex   1.022150e+02 1.434440e+01 -1.593752e+01
    endloop
  endfacet
  facet normal 1.772574e-01 -0.000000e+00 9.841645e-01
    outer loop
      vertex   1.022150e+02 9.832400e+00 -1.593752e+01
      vertex   1.022150e+02 1.434440e+01 -1.593752e+01
      vertex   1.019129e+02 9.832400e+00 -1.588311e+01
    endloop
  endfacet
  facet normal 1.772574e-01 -0.000000e+00 9.841645e-01
    outer loop
      vertex   1.019129e+02 9.832400e+00 -1.588311e+01
      vertex   1.022150e+02 1.434440e+01 -1.593752e+01
      vertex   1.019129e+02 1.434440e+01 -1.588311e+01
    endloop
  endfacet
  facet normal 2.432020e-01 -0.000000e+00 9.699757e-01
    outer loop
      vertex   1.019129e+02 9.832400e+00 -1.588311e+01
      vertex   1.019129e+02 1.434440e+01 -1.588311e+01
      vertex   1.016152e+02 9.832400e+00 -1.580847e+01
    endloop
  endfacet
  facet normal 2.432020e-01 -0.000000e+00 9.699757e-01
    outer loop
      vertex   1.016152e+02 9.832400e+00 -1.580847e+01
      vertex   1.019129e+02 1.434440e+01 -1.588311e+01
      vertex   1.016152e+02 1.434440e+01 -1.580847e+01
    endloop
  endfacet
  facet normal 3.080400e-01 -0.000000e+00 9.513734e-01
    outer loop
      vertex   1.016152e+02 9.832400e+00 -1.580847e+01
      vertex   1.016152e+02 1.434440e+01 -1.580847e+01
      vertex   1.013232e+02 9.832400e+00 -1.571393e+01
    endloop
  endfacet
  facet normal 3.080400e-01 -0.000000e+00 9.513734e-01
    outer loop
      vertex   1.013232e+02 9.832400e+00 -1.571393e+01
      vertex   1.016152e+02 1.434440e+01 -1.580847e+01
      vertex   1.013232e+02 1.434440e+01 -1.571393e+01
    endloop
  endfacet
  facet normal 3.714764e-01 -0.000000e+00 9.284424e-01
    outer loop
      vertex   1.013232e+02 9.832400e+00 -1.571393e+01
      vertex   1.013232e+02 1.434440e+01 -1.571393e+01
      vertex   1.010383e+02 9.832400e+00 -1.559992e+01
    endloop
  endfacet
  facet normal 3.714764e-01 -0.000000e+00 9.284424e-01
    outer loop
      vertex   1.010383e+02 9.832400e+00 -1.559992e+01
      vertex   1.013232e+02 1.434440e+01 -1.571393e+01
      vertex   1.010383e+02 1.434440e+01 -1.559992e+01
    endloop
  endfacet
  facet normal 4.332226e-01 -0.000000e+00 9.012869e-01
    outer loop
      vertex   1.010383e+02 9.832400e+00 -1.559992e+01
      vertex   1.010383e+02 1.434440e+01 -1.559992e+01
      vertex   1.007616e+02 9.832400e+00 -1.546696e+01
    endloop
  endfacet
  facet normal 4.332226e-01 -0.000000e+00 9.012869e-01
    outer loop
      vertex   1.007616e+02 9.832400e+00 -1.546696e+01
      vertex   1.010383e+02 1.434440e+01 -1.559992e+01
      vertex   1.007616e+02 1.434440e+01 -1.546696e+01
    endloop
  endfacet
  facet normal 4.929977e-01 -0.000000e+00 8.700306e-01
    outer loop
      vertex   1.007616e+02 9.832400e+00 -1.546696e+01
      vertex   1.007616e+02 1.434440e+01 -1.546696e+01
      vertex   1.004946e+02 9.832400e+00 -1.531565e+01
    endloop
  endfacet
  facet normal 4.929977e-01 -0.000000e+00 8.700306e-01
    outer loop
      vertex   1.004946e+02 9.832400e+00 -1.531565e+01
      vertex   1.007616e+02 1.434440e+01 -1.546696e+01
      vertex   1.004946e+02 1.434440e+01 -1.531565e+01
    endloop
  endfacet
  facet normal 5.505296e-01 -0.000000e+00 8.348157e-01
    outer loop
      vertex   1.004946e+02 9.832400e+00 -1.531565e+01
      vertex   1.004946e+02 1.434440e+01 -1.531565e+01
      vertex   1.002384e+02 9.832400e+00 -1.514668e+01
    endloop
  endfacet
  facet normal 5.505296e-01 -0.000000e+00 8.348157e-01
    outer loop
      vertex   1.002384e+02 9.832400e+00 -1.514668e+01
      vertex   1.004946e+02 1.434440e+01 -1.531565e+01
      vertex   1.002384e+02 1.434440e+01 -1.514668e+01
    endloop
  endfacet
  facet normal 6.055565e-01 -0.000000e+00 7.958023e-01
    outer loop
      vertex   1.002384e+02 9.832400e+00 -1.514668e+01
      vertex   1.002384e+02 1.434440e+01 -1.514668e+01
      vertex   9.999416e+01 9.832400e+00 -1.496083e+01
    endloop
  endfacet
  facet normal 6.055565e-01 -0.000000e+00 7.958023e-01
    outer loop
      vertex   9.999416e+01 9.832400e+00 -1.496083e+01
      vertex   1.002384e+02 1.434440e+01 -1.514668e+01
      vertex   9.999416e+01 1.434440e+01 -1.496083e+01
    endloop
  endfacet
  facet normal 6.578282e-01 -0.000000e+00 7.531680e-01
    outer loop
      vertex   9.999416e+01 9.832400e+00 -1.496083e+01
      vertex   9.999416e+01 1.434440e+01 -1.496083e+01
      vertex   9.976301e+01 9.832400e+00 -1.475893e+01
    endloop
  endfacet
  facet normal 6.578282e-01 -0.000000e+00 7.531680e-01
    outer loop
      vertex   9.976301e+01 9.832400e+00 -1.475893e+01
      vertex   9.999416e+01 1.434440e+01 -1.496083e+01
      vertex   9.976301e+01 1.434440e+01 -1.475893e+01
    endloop
  endfacet
  facet normal 7.071068e-01 -0.000000e+00 7.071068e-01
    outer loop
      vertex   9.976301e+01 9.832400e+00 -1.475893e+01
      vertex   9.976301e+01 1.434440e+01 -1.475893e+01
      vertex   9.954598e+01 9.832400e+00 -1.454191e+01
    endloop
  endfacet
  facet normal 7.071068e-01 -0.000000e+00 7.071068e-01
    outer loop
      vertex   9.954598e+01 9.832400e+00 -1.454191e+01
      vertex   9.976301e+01 1.434440e+01 -1.475893e+01
      vertex   9.954598e+01 1.434440e+01 -1.454191e+01
    endloop
  endfacet
  facet normal 7.531680e-01 -0.000000e+00 6.578282e-01
    outer loop
      vertex   9.954598e+01 9.832400e+00 -1.454191e+01
      vertex   9.954598e+01 1.434440e+01 -1.454191e+01
      vertex   9.934409e+01 9.832400e+00 -1.431075e+01
    endloop
  endfacet
  facet normal 7.531680e-01 -0.000000e+00 6.578282e-01
    outer loop
      vertex   9.934409e+01 9.832400e+00 -1.431075e+01
      vertex   9.954598e+01 1.434440e+01 -1.454191e+01
      vertex   9.934409e+01 1.434440e+01 -1.431075e+01
    endloop
  endfacet
  facet normal 7.958023e-01 -0.000000e+00 6.055565e-01
    outer loop
      vertex   9.934409e+01 9.832400e+00 -1.431075e+01
      vertex   9.934409e+01 1.434440e+01 -1.431075e+01
      vertex   9.915823e+01 9.832400e+00 -1.406651e+01
    endloop
  endfacet
  facet normal 7.958023e-01 -0.000000e+00 6.055565e-01
    outer loop
      vertex   9.915823e+01 9.832400e+00 -1.406651e+01
      vertex   9.934409e+01 1.434440e+01 -1.431075e+01
      vertex   9.915823e+01 1.434440e+01 -1.406651e+01
    endloop
  endfacet
  facet normal 8.348157e-01 -0.000000e+00 5.505296e-01
    outer loop
      vertex   9.915823e+01 9.832400e+00 -1.406651e+01
      vertex   9.915823e+01 1.434440e+01 -1.406651e+01
      vertex   9.898927e+01 9.832400e+00 -1.381029e+01
    endloop
  endfacet
  facet normal 8.348157e-01 -0.000000e+00 5.505296e-01
    outer loop
      vertex   9.898927e+01 9.832400e+00 -1.381029e+01
      vertex   9.915823e+01 1.434440e+01 -1.406651e+01
      vertex   9.898927e+01 1.434440e+01 -1.381029e+01
    endloop
  endfacet
  facet normal 8.700306e-01 -0.000000e+00 4.929977e-01
    outer loop
      vertex   9.898927e+01 9.832400e+00 -1.381029e+01
      vertex   9.898927e+01 1.434440e+01 -1.381029e+01
      vertex   9.883796e+01 9.832400e+00 -1.354327e+01
    endloop
  endfacet
  facet normal 8.700306e-01 -0.000000e+00 4.929977e-01
    outer loop
      vertex   9.883796e+01 9.832400e+00 -1.354327e+01
      vertex   9.898927e+01 1.434440e+01 -1.381029e+01
      vertex   9.883796e+01 1.434440e+01 -1.354327e+01
    endloop
  endfacet
  facet normal 9.012869e-01 -0.000000e+00 4.332226e-01
    outer loop
      vertex   9.883796e+01 9.832400e+00 -1.354327e+01
      vertex   9.883796e+01 1.434440e+01 -1.354327e+01
      vertex   9.870500e+01 9.832400e+00 -1.326665e+01
    endloop
  endfacet
  facet normal 9.012869e-01 -0.000000e+00 4.332226e-01
    outer loop
      vertex   9.870500e+01 9.832400e+00 -1.326665e+01
      vertex   9.883796e+01 1.434440e+01 -1.354327e+01
      vertex   9.870500e+01 1.434440e+01 -1.326665e+01
    endloop
  endfacet
  facet normal 9.284424e-01 -0.000000e+00 3.714764e-01
    outer loop
      vertex   9.870500e+01 9.832400e+00 -1.326665e+01
      vertex   9.870500e+01 1.434440e+01 -1.326665e+01
      vertex   9.859098e+01 9.832400e+00 -1.298169e+01
    endloop
  endfacet
  facet normal 9.284424e-01 -0.000000e+00 3.714764e-01
    outer loop
      vertex   9.859098e+01 9.832400e+00 -1.298169e+01
      vertex   9.870500e+01 1.434440e+01 -1.326665e+01
      vertex   9.859098e+01 1.434440e+01 -1.298169e+01
    endloop
  endfacet
  facet normal 9.513734e-01 -0.000000e+00 3.080400e-01
    outer loop
      vertex   9.859098e+01 9.832400e+00 -1.298169e+01
      vertex   9.859098e+01 1.434440e+01 -1.298169e+01
      vertex   9.849644e+01 9.832400e+00 -1.268970e+01
    endloop
  endfacet
  facet normal 9.513734e-01 -0.000000e+00 3.080400e-01
    outer loop
      vertex   9.849644e+01 9.832400e+00 -1.268970e+01
      vertex   9.859098e+01 1.434440e+01 -1.298169e+01
      vertex   9.849644e+01 1.434440e+01 -1.268970e+01
    endloop
  endfacet
  facet normal 9.699757e-01 -0.000000e+00 2.432020e-01
    outer loop
      vertex   9.849644e+01 9.832400e+00 -1.268970e+01
      vertex   9.849644e+01 1.434440e+01 -1.268970e+01
      vertex   9.842180e+01 9.832400e+00 -1.239200e+01
    endloop
  endfacet
  facet normal 9.699757e-01 -0.000000e+00 2.432020e-01
    outer loop
      vertex   9.842180e+01 9.832400e+00 -1.239200e+01
      vertex   9.849644e+01 1.434440e+01 -1.268970e+01
      vertex   9.842180e+01 1.434440e+01 -1.239200e+01
    endloop
  endfacet
  facet normal 9.841645e-01 -0.000000e+00 1.772574e-01
    outer loop
      vertex   9.842180e+01 9.832400e+00 -1.239200e+01
      vertex   9.842180e+01 1.434440e+01 -1.239200e+01
      vertex   9.836740e+01 9.832400e+00 -1.208995e+01
    endloop
  endfacet
  facet normal 9.841645e-01 -0.000000e+00 1.772574e-01
    outer loop
      vertex   9.836740e+01 9.832400e+00 -1.208995e+01
      vertex   9.842180e+01 1.434440e+01 -1.239200e+01
      vertex   9.836740e+01 1.434440e+01 -1.208995e+01
    endloop
  endfacet
  facet normal 9.938754e-01 -0.000000e+00 1.105063e-01
    outer loop
      vertex   9.836740e+01 9.832400e+00 -1.208995e+01
      vertex   9.836740e+01 1.434440e+01 -1.208995e+01
      vertex   9.833348e+01 9.832400e+00 -1.178491e+01
    endloop
  endfacet
  facet normal 9.938754e-01 -0.000000e+00 1.105063e-01
    outer loop
      vertex   9.833348e+01 9.832400e+00 -1.178491e+01
      vertex   9.836740e+01 1.434440e+01 -1.208995e+01
      vertex   9.833348e+01 1.434440e+01 -1.178491e+01
    endloop
  endfacet
  facet normal -9.938754e-01 -0.000000e+00 -1.105063e-01
    outer loop
      vertex   1.074065e+02 1.434440e+01 -1.108491e+01
      vertex   1.074065e+02 9.832400e+00 -1.108491e+01
      vertex   1.073726e+02 1.434440e+01 -1.077988e+01
    endloop
  endfacet
  facet normal -9.938754e-01 -0.000000e+00 -1.105063e-01
    outer loop
      vertex   1.073726e+02 1.434440e+01 -1.077988e+01
      vertex   1.074065e+02 9.832400e+00 -1.108491e+01
      vertex   1.073726e+02 9.832400e+00 -1.077988e+01
    endloop
  endfacet
  facet normal -9.841645e-01 -0.000000e+00 -1.772574e-01
    outer loop
      vertex   1.073726e+02 1.434440e+01 -1.077988e+01
      vertex   1.073726e+02 9.832400e+00 -1.077988e+01
      vertex   1.073182e+02 1.434440e+01 -1.047783e+01
    endloop
  endfacet
  facet normal -9.841645e-01 -0.000000e+00 -1.772574e-01
    outer loop
      vertex   1.073182e+02 1.434440e+01 -1.047783e+01
      vertex   1.073726e+02 9.832400e+00 -1.077988e+01
      vertex   1.073182e+02 9.832400e+00 -1.047783e+01
    endloop
  endfacet
  facet normal -9.699757e-01 -0.000000e+00 -2.432020e-01
    outer loop
      vertex   1.073182e+02 1.434440e+01 -1.047783e+01
      vertex   1.073182e+02 9.832400e+00 -1.047783e+01
      vertex   1.072436e+02 1.434440e+01 -1.018013e+01
    endloop
  endfacet
  facet normal -9.699757e-01 -0.000000e+00 -2.432020e-01
    outer loop
      vertex   1.072436e+02 1.434440e+01 -1.018013e+01
      vertex   1.073182e+02 9.832400e+00 -1.047783e+01
      vertex   1.072436e+02 9.832400e+00 -1.018013e+01
    endloop
  endfacet
  facet normal -9.513734e-01 -0.000000e+00 -3.080400e-01
    outer loop
      vertex   1.072436e+02 1.434440e+01 -1.018013e+01
      vertex   1.072436e+02 9.832400e+00 -1.018013e+01
      vertex   1.071490e+02 1.434440e+01 -9.888135e+00
    endloop
  endfacet
  facet normal -9.513734e-01 -0.000000e+00 -3.080400e-01
    outer loop
      vertex   1.071490e+02 1.434440e+01 -9.888135e+00
      vertex   1.072436e+02 9.832400e+00 -1.018013e+01
      vertex   1.071490e+02 9.832400e+00 -9.888135e+00
    endloop
  endfacet
  facet normal -9.284424e-01 -0.000000e+00 -3.714764e-01
    outer loop
      vertex   1.071490e+02 1.434440e+01 -9.888135e+00
      vertex   1.071490e+02 9.832400e+00 -9.888135e+00
      vertex   1.070350e+02 1.434440e+01 -9.603183e+00
    endloop
  endfacet
  facet normal -9.284424e-01 -0.000000e+00 -3.714764e-01
    outer loop
      vertex   1.070350e+02 1.434440e+01 -9.603183e+00
      vertex   1.071490e+02 9.832400e+00 -9.888135e+00
      vertex   1.070350e+02 9.832400e+00 -9.603183e+00
    endloop
  endfacet
  facet normal -9.012869e-01 -0.000000e+00 -4.332226e-01
    outer loop
      vertex   1.070350e+02 1.434440e+01 -9.603183e+00
      vertex   1.070350e+02 9.832400e+00 -9.603183e+00
      vertex   1.069020e+02 1.434440e+01 -9.326564e+00
    endloop
  endfacet
  facet normal -9.012869e-01 -0.000000e+00 -4.332226e-01
    outer loop
      vertex   1.069020e+02 1.434440e+01 -9.326564e+00
      vertex   1.070350e+02 9.832400e+00 -9.603183e+00
      vertex   1.069020e+02 9.832400e+00 -9.326564e+00
    endloop
  endfacet
  facet normal -8.700306e-01 -0.000000e+00 -4.929977e-01
    outer loop
      vertex   1.069020e+02 1.434440e+01 -9.326564e+00
      vertex   1.069020e+02 9.832400e+00 -9.326564e+00
      vertex   1.067507e+02 1.434440e+01 -9.059539e+00
    endloop
  endfacet
  facet normal -8.700306e-01 -0.000000e+00 -4.929977e-01
    outer loop
      vertex   1.067507e+02 1.434440e+01 -9.059539e+00
      vertex   1.069020e+02 9.832400e+00 -9.326564e+00
      vertex   1.067507e+02 9.832400e+00 -9.059539e+00
    endloop
  endfacet
  facet normal -8.348157e-01 -0.000000e+00 -5.505296e-01
    outer loop
      vertex   1.067507e+02 1.434440e+01 -9.059539e+00
      vertex   1.067507e+02 9.832400e+00 -9.059539e+00
      vertex   1.065818e+02 1.434440e+01 -8.803322e+00
    endloop
  endfacet
  facet normal -8.348157e-01 -0.000000e+00 -5.505296e-01
    outer loop
      vertex   1.065818e+02 1.434440e+01 -8.803322e+00
      vertex   1.067507e+02 9.832400e+00 -9.059539e+00
      vertex   1.065818e+02 9.832400e+00 -8.803322e+00
    endloop
  endfacet
  facet normal -7.958023e-01 -0.000000e+00 -6.055565e-01
    outer loop
      vertex   1.065818e+02 1.434440e+01 -8.803322e+00
      vertex   1.065818e+02 9.832400e+00 -8.803322e+00
      vertex   1.063959e+02 1.434440e+01 -8.559079e+00
    endloop
  endfacet
  facet normal -7.958023e-01 -0.000000e+00 -6.055565e-01
    outer loop
      vertex   1.063959e+02 1.434440e+01 -8.559079e+00
      vertex   1.065818e+02 9.832400e+00 -8.803322e+00
      vertex   1.063959e+02 9.832400e+00 -8.559079e+00
    endloop
  endfacet
  facet normal -7.531680e-01 -0.000000e+00 -6.578282e-01
    outer loop
      vertex   1.063959e+02 1.434440e+01 -8.559079e+00
      vertex   1.063959e+02 9.832400e+00 -8.559079e+00
      vertex   1.061940e+02 1.434440e+01 -8.327920e+00
    endloop
  endfacet
  facet normal -7.531680e-01 -0.000000e+00 -6.578282e-01
    outer loop
      vertex   1.061940e+02 1.434440e+01 -8.327920e+00
      vertex   1.063959e+02 9.832400e+00 -8.559079e+00
      vertex   1.061940e+02 9.832400e+00 -8.327920e+00
    endloop
  endfacet
  facet normal -7.071068e-01 -0.000000e+00 -7.071068e-01
    outer loop
      vertex   1.061940e+02 1.434440e+01 -8.327920e+00
      vertex   1.061940e+02 9.832400e+00 -8.327920e+00
      vertex   1.059770e+02 1.434440e+01 -8.110899e+00
    endloop
  endfacet
  facet normal -7.071068e-01 -0.000000e+00 -7.071068e-01
    outer loop
      vertex   1.059770e+02 1.434440e+01 -8.110899e+00
      vertex   1.061940e+02 9.832400e+00 -8.327920e+00
      vertex   1.059770e+02 9.832400e+00 -8.110899e+00
    endloop
  endfacet
  facet normal -6.578282e-01 -0.000000e+00 -7.531680e-01
    outer loop
      vertex   1.059770e+02 1.434440e+01 -8.110899e+00
      vertex   1.059770e+02 9.832400e+00 -8.110899e+00
      vertex   1.057458e+02 1.434440e+01 -7.909002e+00
    endloop
  endfacet
  facet normal -6.578282e-01 -0.000000e+00 -7.531680e-01
    outer loop
      vertex   1.057458e+02 1.434440e+01 -7.909002e+00
      vertex   1.059770e+02 9.832400e+00 -8.110899e+00
      vertex   1.057458e+02 9.832400e+00 -7.909002e+00
    endloop
  endfacet
  facet normal -6.055565e-01 -0.000000e+00 -7.958023e-01
    outer loop
      vertex   1.057458e+02 1.434440e+01 -7.909002e+00
      vertex   1.057458e+02 9.832400e+00 -7.909002e+00
      vertex   1.055016e+02 1.434440e+01 -7.723147e+00
    endloop
  endfacet
  facet normal -6.055565e-01 -0.000000e+00 -7.958023e-01
    outer loop
      vertex   1.055016e+02 1.434440e+01 -7.723147e+00
      vertex   1.057458e+02 9.832400e+00 -7.909002e+00
      vertex   1.055016e+02 9.832400e+00 -7.723147e+00
    endloop
  endfacet
  facet normal -5.505296e-01 -0.000000e+00 -8.348157e-01
    outer loop
      vertex   1.055016e+02 1.434440e+01 -7.723147e+00
      vertex   1.055016e+02 9.832400e+00 -7.723147e+00
      vertex   1.052454e+02 1.434440e+01 -7.554182e+00
    endloop
  endfacet
  facet normal -5.505296e-01 -0.000000e+00 -8.348157e-01
    outer loop
      vertex   1.052454e+02 1.434440e+01 -7.554182e+00
      vertex   1.055016e+02 9.832400e+00 -7.723147e+00
      vertex   1.052454e+02 9.832400e+00 -7.554182e+00
    endloop
  endfacet
  facet normal -4.929977e-01 -0.000000e+00 -8.700306e-01
    outer loop
      vertex   1.052454e+02 1.434440e+01 -7.554182e+00
      vertex   1.052454e+02 9.832400e+00 -7.554182e+00
      vertex   1.049784e+02 1.434440e+01 -7.402874e+00
    endloop
  endfacet
  facet normal -4.929977e-01 -0.000000e+00 -8.700306e-01
    outer loop
      vertex   1.049784e+02 1.434440e+01 -7.402874e+00
      vertex   1.052454e+02 9.832400e+00 -7.554182e+00
      vertex   1.049784e+02 9.832400e+00 -7.402874e+00
    endloop
  endfacet
  facet normal -4.332226e-01 -0.000000e+00 -9.012869e-01
    outer loop
      vertex   1.049784e+02 1.434440e+01 -7.402874e+00
      vertex   1.049784e+02 9.832400e+00 -7.402874e+00
      vertex   1.047017e+02 1.434440e+01 -7.269911e+00
    endloop
  endfacet
  facet normal -4.332226e-01 -0.000000e+00 -9.012869e-01
    outer loop
      vertex   1.047017e+02 1.434440e+01 -7.269911e+00
      vertex   1.049784e+02 9.832400e+00 -7.402874e+00
      vertex   1.047017e+02 9.832400e+00 -7.269911e+00
    endloop
  endfacet
  facet normal -3.714764e-01 -0.000000e+00 -9.284424e-01
    outer loop
      vertex   1.047017e+02 1.434440e+01 -7.269911e+00
      vertex   1.047017e+02 9.832400e+00 -7.269911e+00
      vertex   1.044168e+02 1.434440e+01 -7.155900e+00
    endloop
  endfacet
  facet normal -3.714764e-01 -0.000000e+00 -9.284424e-01
    outer loop
      vertex   1.044168e+02 1.434440e+01 -7.155900e+00
      vertex   1.047017e+02 9.832400e+00 -7.269911e+00
      vertex   1.044168e+02 9.832400e+00 -7.155900e+00
    endloop
  endfacet
  facet normal -3.080400e-01 -0.000000e+00 -9.513734e-01
    outer loop
      vertex   1.044168e+02 1.434440e+01 -7.155900e+00
      vertex   1.044168e+02 9.832400e+00 -7.155900e+00
      vertex   1.041248e+02 1.434440e+01 -7.061358e+00
    endloop
  endfacet
  facet normal -3.080400e-01 -0.000000e+00 -9.513734e-01
    outer loop
      vertex   1.041248e+02 1.434440e+01 -7.061358e+00
      vertex   1.044168e+02 9.832400e+00 -7.155900e+00
      vertex   1.041248e+02 9.832400e+00 -7.061358e+00
    endloop
  endfacet
  facet normal -2.432020e-01 -0.000000e+00 -9.699757e-01
    outer loop
      vertex   1.041248e+02 1.434440e+01 -7.061358e+00
      vertex   1.041248e+02 9.832400e+00 -7.061358e+00
      vertex   1.038271e+02 1.434440e+01 -6.986715e+00
    endloop
  endfacet
  facet normal -2.432020e-01 -0.000000e+00 -9.699757e-01
    outer loop
      vertex   1.038271e+02 1.434440e+01 -6.986715e+00
      vertex   1.041248e+02 9.832400e+00 -7.061358e+00
      vertex   1.038271e+02 9.832400e+00 -6.986715e+00
    endloop
  endfacet
  facet normal -1.772574e-01 -0.000000e+00 -9.841645e-01
    outer loop
      vertex   1.038271e+02 1.434440e+01 -6.986715e+00
      vertex   1.038271e+02 9.832400e+00 -6.986715e+00
      vertex   1.035250e+02 1.434440e+01 -6.932312e+00
    endloop
  endfacet
  facet normal -1.772574e-01 -0.000000e+00 -9.841645e-01
    outer loop
      vertex   1.035250e+02 1.434440e+01 -6.932312e+00
      vertex   1.038271e+02 9.832400e+00 -6.986715e+00
      vertex   1.035250e+02 9.832400e+00 -6.932312e+00
    endloop
  endfacet
  facet normal -1.105063e-01 -0.000000e+00 -9.938754e-01
    outer loop
      vertex   1.035250e+02 1.434440e+01 -6.932312e+00
      vertex   1.035250e+02 9.832400e+00 -6.932312e+00
      vertex   1.032200e+02 1.434440e+01 -6.898396e+00
    endloop
  endfacet
  facet normal -1.105063e-01 -0.000000e+00 -9.938754e-01
    outer loop
      vertex   1.032200e+02 1.434440e+01 -6.898396e+00
      vertex   1.035250e+02 9.832400e+00 -6.932312e+00
      vertex   1.032200e+02 9.832400e+00 -6.898396e+00
    endloop
  endfacet
  facet normal -7.207374e-04 -9.999821e-01 -5.942504e-03
    outer loop
      vertex   1.025200e+02 1.459440e+01 -1.550839e+01
      vertex   1.025200e+02 1.459334e+01 -1.532976e+01
      vertex   1.022361e+02 1.459440e+01 -1.547395e+01
    endloop
  endfacet
  facet normal 3.931541e-03 -9.998782e-01 -1.510263e-02
    outer loop
      vertex   1.022361e+02 1.459440e+01 -1.547395e+01
      vertex   1.025200e+02 1.459334e+01 -1.532976e+01
      vertex   1.024284e+02 1.458993e+01 -1.512773e+01
    endloop
  endfacet
  facet normal -1.639583e-03 -9.999265e-01 -1.200915e-02
    outer loop
      vertex   1.022361e+02 1.459440e+01 -1.547395e+01
      vertex   1.024284e+02 1.458993e+01 -1.512773e+01
      vertex   1.023056e+02 1.458993e+01 -1.511097e+01
    endloop
  endfacet
  facet normal -4.876607e-03 -9.993500e-01 -3.571878e-02
    outer loop
      vertex   1.023056e+02 1.458993e+01 -1.511097e+01
      vertex   1.024284e+02 1.458993e+01 -1.512773e+01
      vertex   1.022692e+02 1.457651e+01 -1.473061e+01
    endloop
  endfacet
  facet normal -6.114999e-03 -9.993390e-01 -3.583671e-02
    outer loop
      vertex   1.023056e+02 1.458993e+01 -1.511097e+01
      vertex   1.022692e+02 1.457651e+01 -1.473061e+01
      vertex   1.021834e+02 1.458993e+01 -1.509013e+01
    endloop
  endfacet
  facet normal -7.851374e-03 -9.993416e-01 -3.542240e-02
    outer loop
      vertex   1.021834e+02 1.458993e+01 -1.509013e+01
      vertex   1.022692e+02 1.457651e+01 -1.473061e+01
      vertex   1.020219e+02 1.457651e+01 -1.467579e+01
    endloop
  endfacet
  facet normal -7.215531e-03 -9.993551e-01 -3.517498e-02
    outer loop
      vertex   1.021834e+02 1.458993e+01 -1.509013e+01
      vertex   1.020219e+02 1.457651e+01 -1.467579e+01
      vertex   1.020621e+02 1.458993e+01 -1.506523e+01
    endloop
  endfacet
  facet normal -8.476774e-03 -9.993407e-01 -3.530446e-02
    outer loop
      vertex   1.020621e+02 1.458993e+01 -1.506523e+01
      vertex   1.020219e+02 1.457651e+01 -1.467579e+01
      vertex   1.019416e+02 1.458993e+01 -1.503630e+01
    endloop
  endfacet
  facet normal -2.825090e-03 -9.999268e-01 -1.176606e-02
    outer loop
      vertex   1.020621e+02 1.458993e+01 -1.506523e+01
      vertex   1.019416e+02 1.458993e+01 -1.503630e+01
      vertex   1.019552e+02 1.459440e+01 -1.541975e+01
    endloop
  endfacet
  facet normal -3.141004e-03 -9.999257e-01 -1.177732e-02
    outer loop
      vertex   1.019552e+02 1.459440e+01 -1.541975e+01
      vertex   1.019416e+02 1.458993e+01 -1.503630e+01
      vertex   1.016789e+02 1.459440e+01 -1.534605e+01
    endloop
  endfacet
  facet normal -3.226367e-03 -9.999263e-01 -1.170494e-02
    outer loop
      vertex   1.016789e+02 1.459440e+01 -1.534605e+01
      vertex   1.019416e+02 1.458993e+01 -1.503630e+01
      vertex   1.018221e+02 1.458993e+01 -1.500337e+01
    endloop
  endfacet
  facet normal -3.601188e-03 -9.999268e-01 -1.154829e-02
    outer loop
      vertex   1.016789e+02 1.459440e+01 -1.534605e+01
      vertex   1.018221e+02 1.458993e+01 -1.500337e+01
      vertex   1.017038e+02 1.458993e+01 -1.496648e+01
    endloop
  endfacet
  facet normal -1.078699e-02 -9.993433e-01 -3.459173e-02
    outer loop
      vertex   1.017038e+02 1.458993e+01 -1.496648e+01
      vertex   1.018221e+02 1.458993e+01 -1.500337e+01
      vertex   1.017795e+02 1.457651e+01 -1.460244e+01
    endloop
  endfacet
  facet normal -1.197893e-02 -9.993383e-01 -3.434393e-02
    outer loop
      vertex   1.017038e+02 1.458993e+01 -1.496648e+01
      vertex   1.017795e+02 1.457651e+01 -1.460244e+01
      vertex   1.015868e+02 1.458993e+01 -1.492568e+01
    endloop
  endfacet
  facet normal -1.303486e-02 -9.993465e-01 -3.371502e-02
    outer loop
      vertex   1.015868e+02 1.458993e+01 -1.492568e+01
      vertex   1.017795e+02 1.457651e+01 -1.460244e+01
      vertex   1.014713e+02 1.458993e+01 -1.488099e+01
    endloop
  endfacet
  facet normal -4.361365e-03 -9.999269e-01 -1.128079e-02
    outer loop
      vertex   1.015868e+02 1.458993e+01 -1.492568e+01
      vertex   1.014713e+02 1.458993e+01 -1.488099e+01
      vertex   1.014084e+02 1.459440e+01 -1.525321e+01
    endloop
  endfacet
  facet normal -4.749274e-03 -9.999258e-01 -1.121525e-02
    outer loop
      vertex   1.014084e+02 1.459440e+01 -1.525321e+01
      vertex   1.014713e+02 1.458993e+01 -1.488099e+01
      vertex   1.011450e+02 1.459440e+01 -1.514168e+01
    endloop
  endfacet
  facet normal -4.763663e-03 -9.999260e-01 -1.119724e-02
    outer loop
      vertex   1.011450e+02 1.459440e+01 -1.514168e+01
      vertex   1.014713e+02 1.458993e+01 -1.488099e+01
      vertex   1.013572e+02 1.458993e+01 -1.483249e+01
    endloop
  endfacet
  facet normal -5.102532e-03 -9.999269e-01 -1.096467e-02
    outer loop
      vertex   1.011450e+02 1.459440e+01 -1.514168e+01
      vertex   1.013572e+02 1.458993e+01 -1.483249e+01
      vertex   1.012449e+02 1.458993e+01 -1.478021e+01
    endloop
  endfacet
  facet normal -1.519320e-02 -9.993514e-01 -3.264819e-02
    outer loop
      vertex   1.012449e+02 1.458993e+01 -1.478021e+01
      vertex   1.013572e+02 1.458993e+01 -1.483249e+01
      vertex   1.013146e+02 1.457651e+01 -1.440192e+01
    endloop
  endfacet
  facet normal -1.642295e-02 -9.993394e-01 -3.242125e-02
    outer loop
      vertex   1.012449e+02 1.458993e+01 -1.478021e+01
      vertex   1.013146e+02 1.457651e+01 -1.440192e+01
      vertex   1.011344e+02 1.458993e+01 -1.472421e+01
    endloop
  endfacet
  facet normal -1.806539e-02 -9.993404e-01 -3.150289e-02
    outer loop
      vertex   1.011344e+02 1.458993e+01 -1.472421e+01
      vertex   1.013146e+02 1.457651e+01 -1.440192e+01
      vertex   1.010948e+02 1.457651e+01 -1.427591e+01
    endloop
  endfacet
  facet normal -1.726118e-02 -9.993568e-01 -3.143246e-02
    outer loop
      vertex   1.011344e+02 1.458993e+01 -1.472421e+01
      vertex   1.010948e+02 1.457651e+01 -1.427591e+01
      vertex   1.010257e+02 1.458993e+01 -1.466457e+01
    endloop
  endfacet
  facet normal -1.851743e-02 -9.993413e-01 -3.120867e-02
    outer loop
      vertex   1.010257e+02 1.458993e+01 -1.466457e+01
      vertex   1.010948e+02 1.457651e+01 -1.427591e+01
      vertex   1.009192e+02 1.458993e+01 -1.460134e+01
    endloop
  endfacet
  facet normal -6.202032e-03 -9.999261e-01 -1.045270e-02
    outer loop
      vertex   1.010257e+02 1.458993e+01 -1.466457e+01
      vertex   1.009192e+02 1.458993e+01 -1.460134e+01
      vertex   1.008901e+02 1.459440e+01 -1.501201e+01
    endloop
  endfacet
  facet normal -6.269982e-03 -9.999258e-01 -1.044788e-02
    outer loop
      vertex   1.008901e+02 1.459440e+01 -1.501201e+01
      vertex   1.009192e+02 1.458993e+01 -1.460134e+01
      vertex   1.006449e+02 1.459440e+01 -1.486484e+01
    endloop
  endfacet
  facet normal -6.515862e-03 -9.999268e-01 -1.019191e-02
    outer loop
      vertex   1.006449e+02 1.459440e+01 -1.486484e+01
      vertex   1.009192e+02 1.458993e+01 -1.460134e+01
      vertex   1.008148e+02 1.458993e+01 -1.453460e+01
    endloop
  endfacet
  facet normal -6.877079e-03 -9.999263e-01 -1.000604e-02
    outer loop
      vertex   1.006449e+02 1.459440e+01 -1.486484e+01
      vertex   1.008148e+02 1.458993e+01 -1.453460e+01
      vertex   1.007127e+02 1.458993e+01 -1.446441e+01
    endloop
  endfacet
  facet normal -2.050853e-02 -9.993443e-01 -2.983957e-02
    outer loop
      vertex   1.007127e+02 1.458993e+01 -1.446441e+01
      vertex   1.008148e+02 1.458993e+01 -1.453460e+01
      vertex   1.008852e+02 1.457651e+01 -1.413364e+01
    endloop
  endfacet
  facet normal -2.159072e-02 -9.993382e-01 -2.927480e-02
    outer loop
      vertex   1.007127e+02 1.458993e+01 -1.446441e+01
      vertex   1.008852e+02 1.457651e+01 -1.413364e+01
      vertex   1.006129e+02 1.458993e+01 -1.439087e+01
    endloop
  endfacet
  facet normal -2.251117e-02 -9.993459e-01 -2.830091e-02
    outer loop
      vertex   1.006129e+02 1.458993e+01 -1.439087e+01
      vertex   1.008852e+02 1.457651e+01 -1.413364e+01
      vertex   1.006870e+02 1.457651e+01 -1.397595e+01
    endloop
  endfacet
  facet normal -2.238358e-02 -9.993482e-01 -2.832374e-02
    outer loop
      vertex   1.006129e+02 1.458993e+01 -1.439087e+01
      vertex   1.006870e+02 1.457651e+01 -1.397595e+01
      vertex   1.005157e+02 1.458993e+01 -1.431404e+01
    endloop
  endfacet
  facet normal -2.348607e-02 -9.993385e-01 -2.776499e-02
    outer loop
      vertex   1.005157e+02 1.458993e+01 -1.431404e+01
      vertex   1.006870e+02 1.457651e+01 -1.397595e+01
      vertex   1.004211e+02 1.458993e+01 -1.423402e+01
    endloop
  endfacet
  facet normal -7.818134e-03 -9.999267e-01 -9.242514e-03
    outer loop
      vertex   1.005157e+02 1.458993e+01 -1.431404e+01
      vertex   1.004211e+02 1.458993e+01 -1.423402e+01
      vertex   1.001882e+02 1.459440e+01 -1.452095e+01
    endloop
  endfacet
  facet normal -8.131670e-03 -9.999265e-01 -8.987983e-03
    outer loop
      vertex   1.001882e+02 1.459440e+01 -1.452095e+01
      vertex   1.004211e+02 1.458993e+01 -1.423402e+01
      vertex   1.003292e+02 1.458993e+01 -1.415088e+01
    endloop
  endfacet
  facet normal -8.314974e-03 -9.999257e-01 -8.918108e-03
    outer loop
      vertex   1.001882e+02 1.459440e+01 -1.452095e+01
      vertex   1.003292e+02 1.458993e+01 -1.415088e+01
      vertex   9.997901e+01 1.459440e+01 -1.432591e+01
    endloop
  endfacet
  facet normal -8.420872e-03 -9.999266e-01 -8.706223e-03
    outer loop
      vertex   9.997901e+01 1.459440e+01 -1.432591e+01
      vertex   1.003292e+02 1.458993e+01 -1.415088e+01
      vertex   1.002402e+02 1.458993e+01 -1.406474e+01
    endloop
  endfacet
  facet normal -8.706223e-03 -9.999266e-01 -8.420872e-03
    outer loop
      vertex   9.997901e+01 1.459440e+01 -1.432591e+01
      vertex   1.002402e+02 1.458993e+01 -1.406474e+01
      vertex   1.001540e+02 1.458993e+01 -1.397567e+01
    endloop
  endfacet
  facet normal -2.611356e-02 -9.993398e-01 -2.525767e-02
    outer loop
      vertex   1.001540e+02 1.458993e+01 -1.397567e+01
      vertex   1.002402e+02 1.458993e+01 -1.406474e+01
      vertex   1.005012e+02 1.457651e+01 -1.380372e+01
    endloop
  endfacet
  facet normal -2.646957e-02 -9.993484e-01 -2.453957e-02
    outer loop
      vertex   1.001540e+02 1.458993e+01 -1.397567e+01
      vertex   1.005012e+02 1.457651e+01 -1.380372e+01
      vertex   1.003290e+02 1.457651e+01 -1.361795e+01
    endloop
  endfacet
  facet normal -1.808903e-03 -9.998416e-01 -1.770593e-02
    outer loop
      vertex   1.025200e+02 1.459334e+01 -1.532976e+01
      vertex   1.025200e+02 1.459008e+01 -1.514567e+01
      vertex   1.024284e+02 1.458993e+01 -1.512773e+01
    endloop
  endfacet
  facet normal -5.345265e-03 -9.993457e-01 -3.577159e-02
    outer loop
      vertex   1.024284e+02 1.458993e+01 -1.512773e+01
      vertex   1.025200e+02 1.459008e+01 -1.514567e+01
      vertex   1.025200e+02 1.457651e+01 -1.476658e+01
    endloop
  endfacet
  facet normal -5.139256e-03 -9.993449e-01 -3.582384e-02
    outer loop
      vertex   1.024284e+02 1.458993e+01 -1.512773e+01
      vertex   1.025200e+02 1.457651e+01 -1.476658e+01
      vertex   1.022692e+02 1.457651e+01 -1.473061e+01
    endloop
  endfacet
  facet normal -9.658748e-03 -9.993392e-01 -3.504097e-02
    outer loop
      vertex   1.019416e+02 1.458993e+01 -1.503630e+01
      vertex   1.020219e+02 1.457651e+01 -1.467579e+01
      vertex   1.018221e+02 1.458993e+01 -1.500337e+01
    endloop
  endfacet
  facet normal -1.045375e-02 -9.993481e-01 -3.455643e-02
    outer loop
      vertex   1.018221e+02 1.458993e+01 -1.500337e+01
      vertex   1.020219e+02 1.457651e+01 -1.467579e+01
      vertex   1.017795e+02 1.457651e+01 -1.460244e+01
    endloop
  endfacet
  facet normal -1.304786e-02 -9.993468e-01 -3.370065e-02
    outer loop
      vertex   1.017795e+02 1.457651e+01 -1.460244e+01
      vertex   1.015432e+02 1.457651e+01 -1.451098e+01
      vertex   1.014713e+02 1.458993e+01 -1.488099e+01
    endloop
  endfacet
  facet normal -1.423867e-02 -9.993383e-01 -3.346875e-02
    outer loop
      vertex   1.014713e+02 1.458993e+01 -1.488099e+01
      vertex   1.015432e+02 1.457651e+01 -1.451098e+01
      vertex   1.013572e+02 1.458993e+01 -1.483249e+01
    endloop
  endfacet
  facet normal -1.559001e-02 -9.993440e-01 -3.268728e-02
    outer loop
      vertex   1.015432e+02 1.457651e+01 -1.451098e+01
      vertex   1.013146e+02 1.457651e+01 -1.440192e+01
      vertex   1.013572e+02 1.458993e+01 -1.483249e+01
    endloop
  endfacet
  facet normal -1.958412e-02 -9.993388e-01 -3.063288e-02
    outer loop
      vertex   1.009192e+02 1.458993e+01 -1.460134e+01
      vertex   1.010948e+02 1.457651e+01 -1.427591e+01
      vertex   1.008148e+02 1.458993e+01 -1.453460e+01
    endloop
  endfacet
  facet normal -2.028026e-02 -9.993477e-01 -2.987978e-02
    outer loop
      vertex   1.008148e+02 1.458993e+01 -1.453460e+01
      vertex   1.010948e+02 1.457651e+01 -1.427591e+01
      vertex   1.008852e+02 1.457651e+01 -1.413364e+01
    endloop
  endfacet
  facet normal -2.463936e-02 -9.993431e-01 -2.657721e-02
    outer loop
      vertex   1.006870e+02 1.457651e+01 -1.397595e+01
      vertex   1.005012e+02 1.457651e+01 -1.380372e+01
      vertex   1.004211e+02 1.458993e+01 -1.423402e+01
    endloop
  endfacet
  facet normal -2.413098e-02 -9.993529e-01 -2.667212e-02
    outer loop
      vertex   1.004211e+02 1.458993e+01 -1.423402e+01
      vertex   1.005012e+02 1.457651e+01 -1.380372e+01
      vertex   1.003292e+02 1.458993e+01 -1.415088e+01
    endloop
  endfacet
  facet normal -2.827110e-02 -9.993473e-01 -2.248746e-02
    outer loop
      vertex   1.001713e+02 1.457651e+01 -1.341970e+01
      vertex   9.999088e+01 1.458993e+01 -1.378918e+01
      vertex   1.003290e+02 1.457651e+01 -1.361795e+01
    endloop
  endfacet
  facet normal -2.776499e-02 -9.993385e-01 -2.348607e-02
    outer loop
      vertex   1.003290e+02 1.457651e+01 -1.361795e+01
      vertex   9.999088e+01 1.458993e+01 -1.378918e+01
      vertex   1.000709e+02 1.458993e+01 -1.388379e+01
    endloop
  endfacet
  facet normal -2.689403e-02 -9.993421e-01 -2.433176e-02
    outer loop
      vertex   1.003290e+02 1.457651e+01 -1.361795e+01
      vertex   1.000709e+02 1.458993e+01 -1.388379e+01
      vertex   1.001540e+02 1.458993e+01 -1.397567e+01
    endloop
  endfacet
  facet normal -8.987983e-03 -9.999265e-01 -8.131670e-03
    outer loop
      vertex   1.001540e+02 1.458993e+01 -1.397567e+01
      vertex   1.000709e+02 1.458993e+01 -1.388379e+01
      vertex   9.978397e+01 1.459440e+01 -1.411672e+01
    endloop
  endfacet
  facet normal -8.918108e-03 -9.999257e-01 -8.314974e-03
    outer loop
      vertex   1.001540e+02 1.458993e+01 -1.397567e+01
      vertex   9.978397e+01 1.459440e+01 -1.411672e+01
      vertex   9.997901e+01 1.459440e+01 -1.432591e+01
    endloop
  endfacet
  facet normal -2.993805e-02 -9.993452e-01 -2.031981e-02
    outer loop
      vertex   1.000290e+02 1.457651e+01 -1.321010e+01
      vertex   9.984050e+01 1.458993e+01 -1.359225e+01
      vertex   1.001713e+02 1.457651e+01 -1.341970e+01
    endloop
  endfacet
  facet normal -2.927480e-02 -9.993382e-01 -2.159072e-02
    outer loop
      vertex   1.001713e+02 1.457651e+01 -1.341970e+01
      vertex   9.984050e+01 1.458993e+01 -1.359225e+01
      vertex   9.991405e+01 1.458993e+01 -1.369197e+01
    endloop
  endfacet
  facet normal -2.838483e-02 -9.993453e-01 -2.243186e-02
    outer loop
      vertex   1.001713e+02 1.457651e+01 -1.341970e+01
      vertex   9.991405e+01 1.458993e+01 -1.369197e+01
      vertex   9.999088e+01 1.458993e+01 -1.378918e+01
    endloop
  endfacet
  facet normal -9.517109e-03 -9.999264e-01 -7.521146e-03
    outer loop
      vertex   9.999088e+01 1.458993e+01 -1.378918e+01
      vertex   9.991405e+01 1.458993e+01 -1.369197e+01
      vertex   9.960403e+01 1.459440e+01 -1.389441e+01
    endloop
  endfacet
  facet normal -9.476534e-03 -9.999257e-01 -7.670286e-03
    outer loop
      vertex   9.999088e+01 1.458993e+01 -1.378918e+01
      vertex   9.960403e+01 1.459440e+01 -1.389441e+01
      vertex   9.978397e+01 1.459440e+01 -1.411672e+01
    endloop
  endfacet
  facet normal -3.146453e-02 -9.993420e-01 -1.804339e-02
    outer loop
      vertex   9.990299e+01 1.457651e+01 -1.299034e+01
      vertex   9.970357e+01 1.458993e+01 -1.338573e+01
      vertex   1.000290e+02 1.457651e+01 -1.321010e+01
    endloop
  endfacet
  facet normal -3.063288e-02 -9.993388e-01 -1.958412e-02
    outer loop
      vertex   1.000290e+02 1.457651e+01 -1.321010e+01
      vertex   9.970357e+01 1.458993e+01 -1.338573e+01
      vertex   9.977032e+01 1.458993e+01 -1.349013e+01
    endloop
  endfacet
  facet normal -2.972099e-02 -9.993495e-01 -2.042703e-02
    outer loop
      vertex   1.000290e+02 1.457651e+01 -1.321010e+01
      vertex   9.977032e+01 1.458993e+01 -1.349013e+01
      vertex   9.984050e+01 1.458993e+01 -1.359225e+01
    endloop
  endfacet
  facet normal -1.000604e-02 -9.999263e-01 -6.877079e-03
    outer loop
      vertex   9.984050e+01 1.458993e+01 -1.359225e+01
      vertex   9.977032e+01 1.458993e+01 -1.349013e+01
      vertex   9.944007e+01 1.459440e+01 -1.366006e+01
    endloop
  endfacet
  facet normal -9.987341e-03 -9.999257e-01 -6.987426e-03
    outer loop
      vertex   9.984050e+01 1.458993e+01 -1.359225e+01
      vertex   9.944007e+01 1.459440e+01 -1.366006e+01
      vertex   9.960403e+01 1.459440e+01 -1.389441e+01
    endloop
  endfacet
  facet normal -3.258405e-02 -9.993482e-01 -1.554077e-02
    outer loop
      vertex   9.979394e+01 1.457651e+01 -1.276169e+01
      vertex   9.952471e+01 1.458993e+01 -1.306002e+01
      vertex   9.990299e+01 1.457651e+01 -1.299034e+01
    endloop
  endfacet
  facet normal -3.242125e-02 -9.993394e-01 -1.642295e-02
    outer loop
      vertex   9.990299e+01 1.457651e+01 -1.299034e+01
      vertex   9.952471e+01 1.458993e+01 -1.306002e+01
      vertex   9.958070e+01 1.458993e+01 -1.317056e+01
    endloop
  endfacet
  facet normal -3.183039e-02 -9.993404e-01 -1.747971e-02
    outer loop
      vertex   9.990299e+01 1.457651e+01 -1.299034e+01
      vertex   9.958070e+01 1.458993e+01 -1.317056e+01
      vertex   9.964034e+01 1.458993e+01 -1.327917e+01
    endloop
  endfacet
  facet normal -1.060122e-02 -9.999269e-01 -5.821675e-03
    outer loop
      vertex   9.964034e+01 1.458993e+01 -1.327917e+01
      vertex   9.958070e+01 1.458993e+01 -1.317056e+01
      vertex   9.929290e+01 1.459440e+01 -1.341482e+01
    endloop
  endfacet
  facet normal -1.045270e-02 -9.999261e-01 -6.202032e-03
    outer loop
      vertex   9.964034e+01 1.458993e+01 -1.327917e+01
      vertex   9.929290e+01 1.459440e+01 -1.341482e+01
      vertex   9.970357e+01 1.458993e+01 -1.338573e+01
    endloop
  endfacet
  facet normal -1.044788e-02 -9.999258e-01 -6.269982e-03
    outer loop
      vertex   9.970357e+01 1.458993e+01 -1.338573e+01
      vertex   9.929290e+01 1.459440e+01 -1.341482e+01
      vertex   9.944007e+01 1.459440e+01 -1.366006e+01
    endloop
  endfacet
  facet normal -1.019191e-02 -9.999268e-01 -6.515862e-03
    outer loop
      vertex   9.970357e+01 1.458993e+01 -1.338573e+01
      vertex   9.944007e+01 1.459440e+01 -1.366006e+01
      vertex   9.977032e+01 1.458993e+01 -1.349013e+01
    endloop
  endfacet
  facet normal -3.370065e-02 -9.993468e-01 -1.304786e-02
    outer loop
      vertex   9.970248e+01 1.457651e+01 -1.252546e+01
      vertex   9.942392e+01 1.458993e+01 -1.283366e+01
      vertex   9.979394e+01 1.457651e+01 -1.276169e+01
    endloop
  endfacet
  facet normal -3.346875e-02 -9.993383e-01 -1.423867e-02
    outer loop
      vertex   9.979394e+01 1.457651e+01 -1.276169e+01
      vertex   9.942392e+01 1.458993e+01 -1.283366e+01
      vertex   9.947243e+01 1.458993e+01 -1.294768e+01
    endloop
  endfacet
  facet normal -3.285981e-02 -9.993430e-01 -1.529168e-02
    outer loop
      vertex   9.979394e+01 1.457651e+01 -1.276169e+01
      vertex   9.947243e+01 1.458993e+01 -1.294768e+01
      vertex   9.952471e+01 1.458993e+01 -1.306002e+01
    endloop
  endfacet
  facet normal -1.096467e-02 -9.999269e-01 -5.102532e-03
    outer loop
      vertex   9.952471e+01 1.458993e+01 -1.306002e+01
      vertex   9.947243e+01 1.458993e+01 -1.294768e+01
      vertex   9.916324e+01 1.459440e+01 -1.315990e+01
    endloop
  endfacet
  facet normal -1.085519e-02 -9.999260e-01 -5.498687e-03
    outer loop
      vertex   9.952471e+01 1.458993e+01 -1.306002e+01
      vertex   9.916324e+01 1.459440e+01 -1.315990e+01
      vertex   9.958070e+01 1.458993e+01 -1.317056e+01
    endloop
  endfacet
  facet normal -1.085578e-02 -9.999258e-01 -5.521729e-03
    outer loop
      vertex   9.958070e+01 1.458993e+01 -1.317056e+01
      vertex   9.916324e+01 1.459440e+01 -1.315990e+01
      vertex   9.929290e+01 1.459440e+01 -1.341482e+01
    endloop
  endfacet
  facet normal -3.465481e-02 -9.993444e-01 -1.048351e-02
    outer loop
      vertex   9.962913e+01 1.457651e+01 -1.228299e+01
      vertex   9.933843e+01 1.458993e+01 -1.260109e+01
      vertex   9.970248e+01 1.457651e+01 -1.252546e+01
    endloop
  endfacet
  facet normal -3.434393e-02 -9.993383e-01 -1.197893e-02
    outer loop
      vertex   9.970248e+01 1.457651e+01 -1.252546e+01
      vertex   9.933843e+01 1.458993e+01 -1.260109e+01
      vertex   9.937924e+01 1.458993e+01 -1.271808e+01
    endloop
  endfacet
  facet normal -3.371502e-02 -9.993465e-01 -1.303486e-02
    outer loop
      vertex   9.970248e+01 1.457651e+01 -1.252546e+01
      vertex   9.937924e+01 1.458993e+01 -1.271808e+01
      vertex   9.942392e+01 1.458993e+01 -1.283366e+01
    endloop
  endfacet
  facet normal -1.128079e-02 -9.999269e-01 -4.361365e-03
    outer loop
      vertex   9.942392e+01 1.458993e+01 -1.283366e+01
      vertex   9.937924e+01 1.458993e+01 -1.271808e+01
      vertex   9.905171e+01 1.459440e+01 -1.289653e+01
    endloop
  endfacet
  facet normal -1.121525e-02 -9.999258e-01 -4.749274e-03
    outer loop
      vertex   9.942392e+01 1.458993e+01 -1.283366e+01
      vertex   9.905171e+01 1.459440e+01 -1.289653e+01
      vertex   9.916324e+01 1.459440e+01 -1.315990e+01
    endloop
  endfacet
  facet normal -3.544285e-02 -9.993408e-01 -7.855906e-03
    outer loop
      vertex   9.957431e+01 1.457651e+01 -1.203567e+01
      vertex   9.926862e+01 1.458993e+01 -1.236334e+01
      vertex   9.962913e+01 1.457651e+01 -1.228299e+01
    endloop
  endfacet
  facet normal -3.504097e-02 -9.993392e-01 -9.658748e-03
    outer loop
      vertex   9.962913e+01 1.457651e+01 -1.228299e+01
      vertex   9.926862e+01 1.458993e+01 -1.236334e+01
      vertex   9.930154e+01 1.458993e+01 -1.248280e+01
    endloop
  endfacet
  facet normal -3.439139e-02 -9.993509e-01 -1.072452e-02
    outer loop
      vertex   9.962913e+01 1.457651e+01 -1.228299e+01
      vertex   9.930154e+01 1.458993e+01 -1.248280e+01
      vertex   9.933843e+01 1.458993e+01 -1.260109e+01
    endloop
  endfacet
  facet normal -1.154829e-02 -9.999268e-01 -3.601188e-03
    outer loop
      vertex   9.933843e+01 1.458993e+01 -1.260109e+01
      vertex   9.930154e+01 1.458993e+01 -1.248280e+01
      vertex   9.895887e+01 1.459440e+01 -1.262601e+01
    endloop
  endfacet
  facet normal -1.152502e-02 -9.999258e-01 -3.955355e-03
    outer loop
      vertex   9.933843e+01 1.458993e+01 -1.260109e+01
      vertex   9.895887e+01 1.459440e+01 -1.262601e+01
      vertex   9.905171e+01 1.459440e+01 -1.289653e+01
    endloop
  endfacet
  facet normal -3.574268e-02 -9.993479e-01 -5.127613e-03
    outer loop
      vertex   9.953833e+01 1.457651e+01 -1.178491e+01
      vertex   9.919394e+01 1.458993e+01 -1.199933e+01
      vertex   9.957431e+01 1.457651e+01 -1.203567e+01
    endloop
  endfacet
  facet normal -3.583671e-02 -9.993390e-01 -6.114999e-03
    outer loop
      vertex   9.957431e+01 1.457651e+01 -1.203567e+01
      vertex   9.919394e+01 1.458993e+01 -1.199933e+01
      vertex   9.921479e+01 1.458993e+01 -1.212147e+01
    endloop
  endfacet
  facet normal -3.555551e-02 -9.993411e-01 -7.293590e-03
    outer loop
      vertex   9.957431e+01 1.457651e+01 -1.203567e+01
      vertex   9.921479e+01 1.458993e+01 -1.212147e+01
      vertex   9.923969e+01 1.458993e+01 -1.224286e+01
    endloop
  endfacet
  facet normal -1.188282e-02 -9.999264e-01 -2.437552e-03
    outer loop
      vertex   9.923969e+01 1.458993e+01 -1.224286e+01
      vertex   9.921479e+01 1.458993e+01 -1.212147e+01
      vertex   9.888517e+01 1.459440e+01 -1.234967e+01
    endloop
  endfacet
  facet normal -1.176606e-02 -9.999268e-01 -2.825090e-03
    outer loop
      vertex   9.923969e+01 1.458993e+01 -1.224286e+01
      vertex   9.888517e+01 1.459440e+01 -1.234967e+01
      vertex   9.926862e+01 1.458993e+01 -1.236334e+01
    endloop
  endfacet
  facet normal -1.177732e-02 -9.999257e-01 -3.141004e-03
    outer loop
      vertex   9.926862e+01 1.458993e+01 -1.236334e+01
      vertex   9.888517e+01 1.459440e+01 -1.234967e+01
      vertex   9.895887e+01 1.459440e+01 -1.262601e+01
    endloop
  endfacet
  facet normal -1.170494e-02 -9.999263e-01 -3.226367e-03
    outer loop
      vertex   9.926862e+01 1.458993e+01 -1.236334e+01
      vertex   9.895887e+01 1.459440e+01 -1.262601e+01
      vertex   9.930154e+01 1.458993e+01 -1.248280e+01
    endloop
  endfacet
  facet normal -3.588470e-02 -9.993439e-01 -4.899260e-03
    outer loop
      vertex   9.919394e+01 1.458993e+01 -1.199933e+01
      vertex   9.953833e+01 1.457651e+01 -1.178491e+01
      vertex   9.917718e+01 1.458993e+01 -1.187656e+01
    endloop
  endfacet
  facet normal -3.577159e-02 -9.993457e-01 -5.345265e-03
    outer loop
      vertex   9.917718e+01 1.458993e+01 -1.187656e+01
      vertex   9.953833e+01 1.457651e+01 -1.178491e+01
      vertex   9.915925e+01 1.459008e+01 -1.178491e+01
    endloop
  endfacet
  facet normal -1.770593e-02 -9.998416e-01 -1.808903e-03
    outer loop
      vertex   9.917718e+01 1.458993e+01 -1.187656e+01
      vertex   9.915925e+01 1.459008e+01 -1.178491e+01
      vertex   9.897515e+01 1.459334e+01 -1.178491e+01
    endloop
  endfacet
  facet normal -5.942504e-03 -9.999821e-01 -7.207374e-04
    outer loop
      vertex   9.879653e+01 1.459440e+01 -1.178491e+01
      vertex   9.883096e+01 1.459440e+01 -1.206884e+01
      vertex   9.897515e+01 1.459334e+01 -1.178491e+01
    endloop
  endfacet
  facet normal -1.510263e-02 -9.998782e-01 3.931541e-03
    outer loop
      vertex   9.897515e+01 1.459334e+01 -1.178491e+01
      vertex   9.883096e+01 1.459440e+01 -1.206884e+01
      vertex   9.917718e+01 1.458993e+01 -1.187656e+01
    endloop
  endfacet
  facet normal -1.197079e-02 -9.999257e-01 -2.310467e-03
    outer loop
      vertex   9.888517e+01 1.459440e+01 -1.234967e+01
      vertex   9.921479e+01 1.458993e+01 -1.212147e+01
      vertex   9.883096e+01 1.459440e+01 -1.206884e+01
    endloop
  endfacet
  facet normal -1.193319e-02 -9.999267e-01 -2.036221e-03
    outer loop
      vertex   9.883096e+01 1.459440e+01 -1.206884e+01
      vertex   9.921479e+01 1.458993e+01 -1.212147e+01
      vertex   9.919394e+01 1.458993e+01 -1.199933e+01
    endloop
  endfacet
  facet normal -1.200915e-02 -9.999265e-01 -1.639583e-03
    outer loop
      vertex   9.883096e+01 1.459440e+01 -1.206884e+01
      vertex   9.919394e+01 1.458993e+01 -1.199933e+01
      vertex   9.917718e+01 1.458993e+01 -1.187656e+01
    endloop
  endfacet
  facet normal -7.670286e-03 -9.999257e-01 -9.476534e-03
    outer loop
      vertex   1.001882e+02 1.459440e+01 -1.452095e+01
      vertex   1.004105e+02 1.459440e+01 -1.470089e+01
      vertex   1.005157e+02 1.458993e+01 -1.431404e+01
    endloop
  endfacet
  facet normal -7.521146e-03 -9.999264e-01 -9.517109e-03
    outer loop
      vertex   1.005157e+02 1.458993e+01 -1.431404e+01
      vertex   1.004105e+02 1.459440e+01 -1.470089e+01
      vertex   1.006129e+02 1.458993e+01 -1.439087e+01
    endloop
  endfacet
  facet normal -7.182259e-03 -9.999268e-01 -9.738406e-03
    outer loop
      vertex   1.006129e+02 1.458993e+01 -1.439087e+01
      vertex   1.004105e+02 1.459440e+01 -1.470089e+01
      vertex   1.007127e+02 1.458993e+01 -1.446441e+01
    endloop
  endfacet
  facet normal -6.987426e-03 -9.999257e-01 -9.987341e-03
    outer loop
      vertex   1.007127e+02 1.458993e+01 -1.446441e+01
      vertex   1.004105e+02 1.459440e+01 -1.470089e+01
      vertex   1.006449e+02 1.459440e+01 -1.486484e+01
    endloop
  endfacet
  facet normal -5.821675e-03 -9.999269e-01 -1.060122e-02
    outer loop
      vertex   1.010257e+02 1.458993e+01 -1.466457e+01
      vertex   1.008901e+02 1.459440e+01 -1.501201e+01
      vertex   1.011344e+02 1.458993e+01 -1.472421e+01
    endloop
  endfacet
  facet normal -5.521729e-03 -9.999258e-01 -1.085578e-02
    outer loop
      vertex   1.011344e+02 1.458993e+01 -1.472421e+01
      vertex   1.008901e+02 1.459440e+01 -1.501201e+01
      vertex   1.011450e+02 1.459440e+01 -1.514168e+01
    endloop
  endfacet
  facet normal -5.498687e-03 -9.999260e-01 -1.085519e-02
    outer loop
      vertex   1.011344e+02 1.458993e+01 -1.472421e+01
      vertex   1.011450e+02 1.459440e+01 -1.514168e+01
      vertex   1.012449e+02 1.458993e+01 -1.478021e+01
    endloop
  endfacet
  facet normal -4.002800e-03 -9.999261e-01 -1.147614e-02
    outer loop
      vertex   1.015868e+02 1.458993e+01 -1.492568e+01
      vertex   1.014084e+02 1.459440e+01 -1.525321e+01
      vertex   1.017038e+02 1.458993e+01 -1.496648e+01
    endloop
  endfacet
  facet normal -3.955355e-03 -9.999258e-01 -1.152502e-02
    outer loop
      vertex   1.017038e+02 1.458993e+01 -1.496648e+01
      vertex   1.014084e+02 1.459440e+01 -1.525321e+01
      vertex   1.016789e+02 1.459440e+01 -1.534605e+01
    endloop
  endfacet
  facet normal -2.437552e-03 -9.999264e-01 -1.188282e-02
    outer loop
      vertex   1.020621e+02 1.458993e+01 -1.506523e+01
      vertex   1.019552e+02 1.459440e+01 -1.541975e+01
      vertex   1.021834e+02 1.458993e+01 -1.509013e+01
    endloop
  endfacet
  facet normal -2.310467e-03 -9.999257e-01 -1.197079e-02
    outer loop
      vertex   1.021834e+02 1.458993e+01 -1.509013e+01
      vertex   1.019552e+02 1.459440e+01 -1.541975e+01
      vertex   1.022361e+02 1.459440e+01 -1.547395e+01
    endloop
  endfacet
  facet normal -2.036221e-03 -9.999267e-01 -1.193319e-02
    outer loop
      vertex   1.021834e+02 1.458993e+01 -1.509013e+01
      vertex   1.022361e+02 1.459440e+01 -1.547395e+01
      vertex   1.023056e+02 1.458993e+01 -1.511097e+01
    endloop
  endfacet
  facet normal -3.488577e-02 -9.993562e-01 -8.376245e-03
    outer loop
      vertex   9.926862e+01 1.458993e+01 -1.236334e+01
      vertex   9.957431e+01 1.457651e+01 -1.203567e+01
      vertex   9.923969e+01 1.458993e+01 -1.224286e+01
    endloop
  endfacet
  facet normal -1.147614e-02 -9.999261e-01 -4.002800e-03
    outer loop
      vertex   9.933843e+01 1.458993e+01 -1.260109e+01
      vertex   9.905171e+01 1.459440e+01 -1.289653e+01
      vertex   9.937924e+01 1.458993e+01 -1.271808e+01
    endloop
  endfacet
  facet normal -1.119724e-02 -9.999260e-01 -4.763663e-03
    outer loop
      vertex   9.942392e+01 1.458993e+01 -1.283366e+01
      vertex   9.916324e+01 1.459440e+01 -1.315990e+01
      vertex   9.947243e+01 1.458993e+01 -1.294768e+01
    endloop
  endfacet
  facet normal -3.089477e-02 -9.993545e-01 -1.833118e-02
    outer loop
      vertex   9.970357e+01 1.458993e+01 -1.338573e+01
      vertex   9.990299e+01 1.457651e+01 -1.299034e+01
      vertex   9.964034e+01 1.458993e+01 -1.327917e+01
    endloop
  endfacet
  facet normal -2.525767e-02 -9.993398e-01 -2.611356e-02
    outer loop
      vertex   1.005012e+02 1.457651e+01 -1.380372e+01
      vertex   1.002402e+02 1.458993e+01 -1.406474e+01
      vertex   1.003292e+02 1.458993e+01 -1.415088e+01
    endloop
  endfacet
  facet normal -9.242514e-03 -9.999267e-01 -7.818134e-03
    outer loop
      vertex   9.999088e+01 1.458993e+01 -1.378918e+01
      vertex   9.978397e+01 1.459440e+01 -1.411672e+01
      vertex   1.000709e+02 1.458993e+01 -1.388379e+01
    endloop
  endfacet
  facet normal -9.738406e-03 -9.999268e-01 -7.182259e-03
    outer loop
      vertex   9.984050e+01 1.458993e+01 -1.359225e+01
      vertex   9.960403e+01 1.459440e+01 -1.389441e+01
      vertex   9.991405e+01 1.458993e+01 -1.369197e+01
    endloop
  endfacet
  facet normal -5.345265e-03 -9.993457e-01 3.577159e-02
    outer loop
      vertex   1.025200e+02 1.459008e+01 -7.724163e+00
      vertex   1.024284e+02 1.458993e+01 -7.742098e+00
      vertex   1.025200e+02 1.457651e+01 -8.103249e+00
    endloop
  endfacet
  facet normal -4.899260e-03 -9.993439e-01 3.588470e-02
    outer loop
      vertex   1.025200e+02 1.457651e+01 -8.103249e+00
      vertex   1.024284e+02 1.458993e+01 -7.742098e+00
      vertex   1.023056e+02 1.458993e+01 -7.758860e+00
    endloop
  endfacet
  facet normal -5.127613e-03 -9.993479e-01 3.574268e-02
    outer loop
      vertex   1.025200e+02 1.457651e+01 -8.103249e+00
      vertex   1.023056e+02 1.458993e+01 -7.758860e+00
      vertex   1.022692e+02 1.457651e+01 -8.139222e+00
    endloop
  endfacet
  facet normal -6.114999e-03 -9.993390e-01 3.583671e-02
    outer loop
      vertex   1.022692e+02 1.457651e+01 -8.139222e+00
      vertex   1.023056e+02 1.458993e+01 -7.758860e+00
      vertex   1.021834e+02 1.458993e+01 -7.779702e+00
    endloop
  endfacet
  facet normal -7.293590e-03 -9.993411e-01 3.555551e-02
    outer loop
      vertex   1.022692e+02 1.457651e+01 -8.139222e+00
      vertex   1.021834e+02 1.458993e+01 -7.779702e+00
      vertex   1.020621e+02 1.458993e+01 -7.804601e+00
    endloop
  endfacet
  facet normal -2.437552e-03 -9.999264e-01 1.188282e-02
    outer loop
      vertex   1.020621e+02 1.458993e+01 -7.804601e+00
      vertex   1.021834e+02 1.458993e+01 -7.779702e+00
      vertex   1.019552e+02 1.459440e+01 -7.450080e+00
    endloop
  endfacet
  facet normal -2.825090e-03 -9.999268e-01 1.176606e-02
    outer loop
      vertex   1.020621e+02 1.458993e+01 -7.804601e+00
      vertex   1.019552e+02 1.459440e+01 -7.450080e+00
      vertex   1.019416e+02 1.458993e+01 -7.833531e+00
    endloop
  endfacet
  facet normal -3.141004e-03 -9.999257e-01 1.177732e-02
    outer loop
      vertex   1.019416e+02 1.458993e+01 -7.833531e+00
      vertex   1.019552e+02 1.459440e+01 -7.450080e+00
      vertex   1.016789e+02 1.459440e+01 -7.523782e+00
    endloop
  endfacet
  facet normal -3.226367e-03 -9.999263e-01 1.170494e-02
    outer loop
      vertex   1.019416e+02 1.458993e+01 -7.833531e+00
      vertex   1.016789e+02 1.459440e+01 -7.523782e+00
      vertex   1.018221e+02 1.458993e+01 -7.866457e+00
    endloop
  endfacet
  facet normal -3.601188e-03 -9.999268e-01 1.154829e-02
    outer loop
      vertex   1.018221e+02 1.458993e+01 -7.866457e+00
      vertex   1.016789e+02 1.459440e+01 -7.523782e+00
      vertex   1.017038e+02 1.458993e+01 -7.903345e+00
    endloop
  endfacet
  facet normal -1.072452e-02 -9.993509e-01 3.439139e-02
    outer loop
      vertex   1.018221e+02 1.458993e+01 -7.866457e+00
      vertex   1.017038e+02 1.458993e+01 -7.903345e+00
      vertex   1.020219e+02 1.457651e+01 -8.194040e+00
    endloop
  endfacet
  facet normal -1.048351e-02 -9.993444e-01 3.465481e-02
    outer loop
      vertex   1.020219e+02 1.457651e+01 -8.194040e+00
      vertex   1.017038e+02 1.458993e+01 -7.903345e+00
      vertex   1.017795e+02 1.457651e+01 -8.267391e+00
    endloop
  endfacet
  facet normal -1.197893e-02 -9.993383e-01 3.434393e-02
    outer loop
      vertex   1.017795e+02 1.457651e+01 -8.267391e+00
      vertex   1.017038e+02 1.458993e+01 -7.903345e+00
      vertex   1.015868e+02 1.458993e+01 -7.944153e+00
    endloop
  endfacet
  facet normal -1.303486e-02 -9.993465e-01 3.371502e-02
    outer loop
      vertex   1.017795e+02 1.457651e+01 -8.267391e+00
      vertex   1.015868e+02 1.458993e+01 -7.944153e+00
      vertex   1.014713e+02 1.458993e+01 -7.988836e+00
    endloop
  endfacet
  facet normal -4.361365e-03 -9.999269e-01 1.128079e-02
    outer loop
      vertex   1.014713e+02 1.458993e+01 -7.988836e+00
      vertex   1.015868e+02 1.458993e+01 -7.944153e+00
      vertex   1.014084e+02 1.459440e+01 -7.616624e+00
    endloop
  endfacet
  facet normal -4.749274e-03 -9.999258e-01 1.121525e-02
    outer loop
      vertex   1.014713e+02 1.458993e+01 -7.988836e+00
      vertex   1.014084e+02 1.459440e+01 -7.616624e+00
      vertex   1.011450e+02 1.459440e+01 -7.728150e+00
    endloop
  endfacet
  facet normal -1.808903e-03 -9.998416e-01 1.770593e-02
    outer loop
      vertex   1.025200e+02 1.459008e+01 -7.724163e+00
      vertex   1.025200e+02 1.459334e+01 -7.540068e+00
      vertex   1.024284e+02 1.458993e+01 -7.742098e+00
    endloop
  endfacet
  facet normal 3.931541e-03 -9.998782e-01 1.510263e-02
    outer loop
      vertex   1.024284e+02 1.458993e+01 -7.742098e+00
      vertex   1.025200e+02 1.459334e+01 -7.540068e+00
      vertex   1.022361e+02 1.459440e+01 -7.395879e+00
    endloop
  endfacet
  facet normal -1.639583e-03 -9.999265e-01 1.200915e-02
    outer loop
      vertex   1.024284e+02 1.458993e+01 -7.742098e+00
      vertex   1.022361e+02 1.459440e+01 -7.395879e+00
      vertex   1.023056e+02 1.458993e+01 -7.758860e+00
    endloop
  endfacet
  facet normal -2.036221e-03 -9.999267e-01 1.193319e-02
    outer loop
      vertex   1.023056e+02 1.458993e+01 -7.758860e+00
      vertex   1.022361e+02 1.459440e+01 -7.395879e+00
      vertex   1.021834e+02 1.458993e+01 -7.779702e+00
    endloop
  endfacet
  facet normal -7.207374e-04 -9.999821e-01 5.942504e-03
    outer loop
      vertex   1.025200e+02 1.459334e+01 -7.540068e+00
      vertex   1.025200e+02 1.459440e+01 -7.361443e+00
      vertex   1.022361e+02 1.459440e+01 -7.395879e+00
    endloop
  endfacet
  facet normal -2.310467e-03 -9.999257e-01 1.197079e-02
    outer loop
      vertex   1.022361e+02 1.459440e+01 -7.395879e+00
      vertex   1.019552e+02 1.459440e+01 -7.450080e+00
      vertex   1.021834e+02 1.458993e+01 -7.779702e+00
    endloop
  endfacet
  facet normal -3.955355e-03 -9.999258e-01 1.152502e-02
    outer loop
      vertex   1.016789e+02 1.459440e+01 -7.523782e+00
      vertex   1.014084e+02 1.459440e+01 -7.616624e+00
      vertex   1.017038e+02 1.458993e+01 -7.903345e+00
    endloop
  endfacet
  facet normal -4.002800e-03 -9.999261e-01 1.147614e-02
    outer loop
      vertex   1.017038e+02 1.458993e+01 -7.903345e+00
      vertex   1.014084e+02 1.459440e+01 -7.616624e+00
      vertex   1.015868e+02 1.458993e+01 -7.944153e+00
    endloop
  endfacet
  facet normal -5.521729e-03 -9.999258e-01 1.085578e-02
    outer loop
      vertex   1.008901e+02 1.459440e+01 -7.857817e+00
      vertex   1.011344e+02 1.458993e+01 -8.145615e+00
      vertex   1.011450e+02 1.459440e+01 -7.728150e+00
    endloop
  endfacet
  facet normal -5.498687e-03 -9.999260e-01 1.085519e-02
    outer loop
      vertex   1.011450e+02 1.459440e+01 -7.728150e+00
      vertex   1.011344e+02 1.458993e+01 -8.145615e+00
      vertex   1.012449e+02 1.458993e+01 -8.089623e+00
    endloop
  endfacet
  facet normal -5.102532e-03 -9.999269e-01 1.096467e-02
    outer loop
      vertex   1.011450e+02 1.459440e+01 -7.728150e+00
      vertex   1.012449e+02 1.458993e+01 -8.089623e+00
      vertex   1.013572e+02 1.458993e+01 -8.037344e+00
    endloop
  endfacet
  facet normal -1.529168e-02 -9.993430e-01 3.285981e-02
    outer loop
      vertex   1.013572e+02 1.458993e+01 -8.037344e+00
      vertex   1.012449e+02 1.458993e+01 -8.089623e+00
      vertex   1.015432e+02 1.457651e+01 -8.358853e+00
    endloop
  endfacet
  facet normal -1.423867e-02 -9.993383e-01 3.346875e-02
    outer loop
      vertex   1.013572e+02 1.458993e+01 -8.037344e+00
      vertex   1.015432e+02 1.457651e+01 -8.358853e+00
      vertex   1.014713e+02 1.458993e+01 -7.988836e+00
    endloop
  endfacet
  facet normal -1.304786e-02 -9.993468e-01 3.370065e-02
    outer loop
      vertex   1.014713e+02 1.458993e+01 -7.988836e+00
      vertex   1.015432e+02 1.457651e+01 -8.358853e+00
      vertex   1.017795e+02 1.457651e+01 -8.267391e+00
    endloop
  endfacet
  facet normal -6.269982e-03 -9.999258e-01 1.044788e-02
    outer loop
      vertex   1.006449e+02 1.459440e+01 -8.004988e+00
      vertex   1.009192e+02 1.458993e+01 -8.268488e+00
      vertex   1.008901e+02 1.459440e+01 -7.857817e+00
    endloop
  endfacet
  facet normal -6.202032e-03 -9.999261e-01 1.045270e-02
    outer loop
      vertex   1.008901e+02 1.459440e+01 -7.857817e+00
      vertex   1.009192e+02 1.458993e+01 -8.268488e+00
      vertex   1.010257e+02 1.458993e+01 -8.205259e+00
    endloop
  endfacet
  facet normal -5.821675e-03 -9.999269e-01 1.060122e-02
    outer loop
      vertex   1.008901e+02 1.459440e+01 -7.857817e+00
      vertex   1.010257e+02 1.458993e+01 -8.205259e+00
      vertex   1.011344e+02 1.458993e+01 -8.145615e+00
    endloop
  endfacet
  facet normal -1.747971e-02 -9.993404e-01 3.183039e-02
    outer loop
      vertex   1.011344e+02 1.458993e+01 -8.145615e+00
      vertex   1.010257e+02 1.458993e+01 -8.205259e+00
      vertex   1.013146e+02 1.457651e+01 -8.467905e+00
    endloop
  endfacet
  facet normal -1.642295e-02 -9.993394e-01 3.242125e-02
    outer loop
      vertex   1.011344e+02 1.458993e+01 -8.145615e+00
      vertex   1.013146e+02 1.457651e+01 -8.467905e+00
      vertex   1.012449e+02 1.458993e+01 -8.089623e+00
    endloop
  endfacet
  facet normal -1.554077e-02 -9.993482e-01 3.258405e-02
    outer loop
      vertex   1.012449e+02 1.458993e+01 -8.089623e+00
      vertex   1.013146e+02 1.457651e+01 -8.467905e+00
      vertex   1.015432e+02 1.457651e+01 -8.358853e+00
    endloop
  endfacet
  facet normal -6.987426e-03 -9.999257e-01 9.987341e-03
    outer loop
      vertex   1.004105e+02 1.459440e+01 -8.168944e+00
      vertex   1.007127e+02 1.458993e+01 -8.405416e+00
      vertex   1.006449e+02 1.459440e+01 -8.004988e+00
    endloop
  endfacet
  facet normal -6.877079e-03 -9.999263e-01 1.000604e-02
    outer loop
      vertex   1.006449e+02 1.459440e+01 -8.004988e+00
      vertex   1.007127e+02 1.458993e+01 -8.405416e+00
      vertex   1.008148e+02 1.458993e+01 -8.335231e+00
    endloop
  endfacet
  facet normal -6.515862e-03 -9.999268e-01 1.019191e-02
    outer loop
      vertex   1.006449e+02 1.459440e+01 -8.004988e+00
      vertex   1.008148e+02 1.458993e+01 -8.335231e+00
      vertex   1.009192e+02 1.458993e+01 -8.268488e+00
    endloop
  endfacet
  facet normal -1.958412e-02 -9.993388e-01 3.063288e-02
    outer loop
      vertex   1.009192e+02 1.458993e+01 -8.268488e+00
      vertex   1.008148e+02 1.458993e+01 -8.335231e+00
      vertex   1.010948e+02 1.457651e+01 -8.593924e+00
    endloop
  endfacet
  facet normal -1.804339e-02 -9.993420e-01 3.146453e-02
    outer loop
      vertex   1.009192e+02 1.458993e+01 -8.268488e+00
      vertex   1.010948e+02 1.457651e+01 -8.593924e+00
      vertex   1.013146e+02 1.457651e+01 -8.467905e+00
    endloop
  endfacet
  facet normal -7.670286e-03 -9.999257e-01 9.476534e-03
    outer loop
      vertex   1.001882e+02 1.459440e+01 -8.348882e+00
      vertex   1.005157e+02 1.458993e+01 -8.555791e+00
      vertex   1.004105e+02 1.459440e+01 -8.168944e+00
    endloop
  endfacet
  facet normal -7.521146e-03 -9.999264e-01 9.517109e-03
    outer loop
      vertex   1.004105e+02 1.459440e+01 -8.168944e+00
      vertex   1.005157e+02 1.458993e+01 -8.555791e+00
      vertex   1.006129e+02 1.458993e+01 -8.478962e+00
    endloop
  endfacet
  facet normal -7.182259e-03 -9.999268e-01 9.738406e-03
    outer loop
      vertex   1.004105e+02 1.459440e+01 -8.168944e+00
      vertex   1.006129e+02 1.458993e+01 -8.478962e+00
      vertex   1.007127e+02 1.458993e+01 -8.405416e+00
    endloop
  endfacet
  facet normal -2.159072e-02 -9.993382e-01 2.927480e-02
    outer loop
      vertex   1.007127e+02 1.458993e+01 -8.405416e+00
      vertex   1.006129e+02 1.458993e+01 -8.478962e+00
      vertex   1.008852e+02 1.457651e+01 -8.736187e+00
    endloop
  endfacet
  facet normal -2.031981e-02 -9.993452e-01 2.993805e-02
    outer loop
      vertex   1.007127e+02 1.458993e+01 -8.405416e+00
      vertex   1.008852e+02 1.457651e+01 -8.736187e+00
      vertex   1.010948e+02 1.457651e+01 -8.593924e+00
    endloop
  endfacet
  facet normal -8.314974e-03 -9.999257e-01 8.918108e-03
    outer loop
      vertex   9.997901e+01 1.459440e+01 -8.543922e+00
      vertex   1.003292e+02 1.458993e+01 -8.718946e+00
      vertex   1.001882e+02 1.459440e+01 -8.348882e+00
    endloop
  endfacet
  facet normal -8.131670e-03 -9.999265e-01 8.987983e-03
    outer loop
      vertex   1.001882e+02 1.459440e+01 -8.348882e+00
      vertex   1.003292e+02 1.458993e+01 -8.718946e+00
      vertex   1.004211e+02 1.458993e+01 -8.635815e+00
    endloop
  endfacet
  facet normal -7.818134e-03 -9.999267e-01 9.242514e-03
    outer loop
      vertex   1.001882e+02 1.459440e+01 -8.348882e+00
      vertex   1.004211e+02 1.458993e+01 -8.635815e+00
      vertex   1.005157e+02 1.458993e+01 -8.555791e+00
    endloop
  endfacet
  facet normal -2.348607e-02 -9.993385e-01 2.776499e-02
    outer loop
      vertex   1.005157e+02 1.458993e+01 -8.555791e+00
      vertex   1.004211e+02 1.458993e+01 -8.635815e+00
      vertex   1.006870e+02 1.457651e+01 -8.893882e+00
    endloop
  endfacet
  facet normal -2.248746e-02 -9.993473e-01 2.827110e-02
    outer loop
      vertex   1.005157e+02 1.458993e+01 -8.555791e+00
      vertex   1.006870e+02 1.457651e+01 -8.893882e+00
      vertex   1.008852e+02 1.457651e+01 -8.736187e+00
    endloop
  endfacet
  facet normal -8.918108e-03 -9.999257e-01 8.314974e-03
    outer loop
      vertex   9.978397e+01 1.459440e+01 -8.753110e+00
      vertex   1.001540e+02 1.458993e+01 -8.894156e+00
      vertex   9.997901e+01 1.459440e+01 -8.543922e+00
    endloop
  endfacet
  facet normal -8.706223e-03 -9.999266e-01 8.420872e-03
    outer loop
      vertex   9.997901e+01 1.459440e+01 -8.543922e+00
      vertex   1.001540e+02 1.458993e+01 -8.894156e+00
      vertex   1.002402e+02 1.458993e+01 -8.805091e+00
    endloop
  endfacet
  facet normal -8.420872e-03 -9.999266e-01 8.706223e-03
    outer loop
      vertex   9.997901e+01 1.459440e+01 -8.543922e+00
      vertex   1.002402e+02 1.458993e+01 -8.805091e+00
      vertex   1.003292e+02 1.458993e+01 -8.718946e+00
    endloop
  endfacet
  facet normal -2.525767e-02 -9.993398e-01 2.611356e-02
    outer loop
      vertex   1.003292e+02 1.458993e+01 -8.718946e+00
      vertex   1.002402e+02 1.458993e+01 -8.805091e+00
      vertex   1.005012e+02 1.457651e+01 -9.066107e+00
    endloop
  endfacet
  facet normal -2.453957e-02 -9.993484e-01 2.646957e-02
    outer loop
      vertex   1.003292e+02 1.458993e+01 -8.718946e+00
      vertex   1.005012e+02 1.457651e+01 -9.066107e+00
      vertex   1.006870e+02 1.457651e+01 -8.893882e+00
    endloop
  endfacet
  facet normal -9.476534e-03 -9.999257e-01 7.670286e-03
    outer loop
      vertex   9.960403e+01 1.459440e+01 -8.975421e+00
      vertex   9.999088e+01 1.458993e+01 -9.080645e+00
      vertex   9.978397e+01 1.459440e+01 -8.753110e+00
    endloop
  endfacet
  facet normal -9.242514e-03 -9.999267e-01 7.818134e-03
    outer loop
      vertex   9.978397e+01 1.459440e+01 -8.753110e+00
      vertex   9.999088e+01 1.458993e+01 -9.080645e+00
      vertex   1.000709e+02 1.458993e+01 -8.986042e+00
    endloop
  endfacet
  facet normal -8.987983e-03 -9.999265e-01 8.131670e-03
    outer loop
      vertex   9.978397e+01 1.459440e+01 -8.753110e+00
      vertex   1.000709e+02 1.458993e+01 -8.986042e+00
      vertex   1.001540e+02 1.458993e+01 -8.894156e+00
    endloop
  endfacet
  facet normal -2.667212e-02 -9.993529e-01 2.413098e-02
    outer loop
      vertex   1.001540e+02 1.458993e+01 -8.894156e+00
      vertex   1.000709e+02 1.458993e+01 -8.986042e+00
      vertex   1.005012e+02 1.457651e+01 -9.066107e+00
    endloop
  endfacet
  facet normal -2.611356e-02 -9.993398e-01 2.525767e-02
    outer loop
      vertex   1.001540e+02 1.458993e+01 -8.894156e+00
      vertex   1.005012e+02 1.457651e+01 -9.066107e+00
      vertex   1.002402e+02 1.458993e+01 -8.805091e+00
    endloop
  endfacet
  facet normal -9.987341e-03 -9.999257e-01 6.987426e-03
    outer loop
      vertex   9.944007e+01 1.459440e+01 -9.209769e+00
      vertex   9.984050e+01 1.458993e+01 -9.277584e+00
      vertex   9.960403e+01 1.459440e+01 -8.975421e+00
    endloop
  endfacet
  facet normal -9.738406e-03 -9.999268e-01 7.182259e-03
    outer loop
      vertex   9.960403e+01 1.459440e+01 -8.975421e+00
      vertex   9.984050e+01 1.458993e+01 -9.277584e+00
      vertex   9.991405e+01 1.458993e+01 -9.177862e+00
    endloop
  endfacet
  facet normal -9.517109e-03 -9.999264e-01 7.521146e-03
    outer loop
      vertex   9.960403e+01 1.459440e+01 -8.975421e+00
      vertex   9.991405e+01 1.458993e+01 -9.177862e+00
      vertex   9.999088e+01 1.458993e+01 -9.080645e+00
    endloop
  endfacet
  facet normal -2.832374e-02 -9.993482e-01 2.238358e-02
    outer loop
      vertex   9.999088e+01 1.458993e+01 -9.080645e+00
      vertex   9.991405e+01 1.458993e+01 -9.177862e+00
      vertex   1.003290e+02 1.457651e+01 -9.251878e+00
    endloop
  endfacet
  facet normal -2.776499e-02 -9.993385e-01 2.348607e-02
    outer loop
      vertex   9.999088e+01 1.458993e+01 -9.080645e+00
      vertex   1.003290e+02 1.457651e+01 -9.251878e+00
      vertex   1.000709e+02 1.458993e+01 -8.986042e+00
    endloop
  endfacet
  facet normal -2.657721e-02 -9.993431e-01 2.463936e-02
    outer loop
      vertex   1.000709e+02 1.458993e+01 -8.986042e+00
      vertex   1.003290e+02 1.457651e+01 -9.251878e+00
      vertex   1.005012e+02 1.457651e+01 -9.066107e+00
    endloop
  endfacet
  facet normal -1.044788e-02 -9.999258e-01 6.269982e-03
    outer loop
      vertex   9.929290e+01 1.459440e+01 -9.455005e+00
      vertex   9.970357e+01 1.458993e+01 -9.484099e+00
      vertex   9.944007e+01 1.459440e+01 -9.209769e+00
    endloop
  endfacet
  facet normal -1.019191e-02 -9.999268e-01 6.515862e-03
    outer loop
      vertex   9.944007e+01 1.459440e+01 -9.209769e+00
      vertex   9.970357e+01 1.458993e+01 -9.484099e+00
      vertex   9.977032e+01 1.458993e+01 -9.379701e+00
    endloop
  endfacet
  facet normal -1.000604e-02 -9.999263e-01 6.877079e-03
    outer loop
      vertex   9.944007e+01 1.459440e+01 -9.209769e+00
      vertex   9.977032e+01 1.458993e+01 -9.379701e+00
      vertex   9.984050e+01 1.458993e+01 -9.277584e+00
    endloop
  endfacet
  facet normal -2.983957e-02 -9.993443e-01 2.050853e-02
    outer loop
      vertex   9.984050e+01 1.458993e+01 -9.277584e+00
      vertex   9.977032e+01 1.458993e+01 -9.379701e+00
      vertex   1.001713e+02 1.457651e+01 -9.450131e+00
    endloop
  endfacet
  facet normal -2.927480e-02 -9.993382e-01 2.159072e-02
    outer loop
      vertex   9.984050e+01 1.458993e+01 -9.277584e+00
      vertex   1.001713e+02 1.457651e+01 -9.450131e+00
      vertex   9.991405e+01 1.458993e+01 -9.177862e+00
    endloop
  endfacet
  facet normal -2.830091e-02 -9.993459e-01 2.251117e-02
    outer loop
      vertex   9.991405e+01 1.458993e+01 -9.177862e+00
      vertex   1.001713e+02 1.457651e+01 -9.450131e+00
      vertex   1.003290e+02 1.457651e+01 -9.251878e+00
    endloop
  endfacet
  facet normal -1.085578e-02 -9.999258e-01 5.521729e-03
    outer loop
      vertex   9.916324e+01 1.459440e+01 -9.709930e+00
      vertex   9.958070e+01 1.458993e+01 -9.699273e+00
      vertex   9.929290e+01 1.459440e+01 -9.455005e+00
    endloop
  endfacet
  facet normal -1.060122e-02 -9.999269e-01 5.821675e-03
    outer loop
      vertex   9.929290e+01 1.459440e+01 -9.455005e+00
      vertex   9.958070e+01 1.458993e+01 -9.699273e+00
      vertex   9.964034e+01 1.458993e+01 -9.590662e+00
    endloop
  endfacet
  facet normal -1.045270e-02 -9.999261e-01 6.202032e-03
    outer loop
      vertex   9.929290e+01 1.459440e+01 -9.455005e+00
      vertex   9.964034e+01 1.458993e+01 -9.590662e+00
      vertex   9.970357e+01 1.458993e+01 -9.484099e+00
    endloop
  endfacet
  facet normal -3.120867e-02 -9.993413e-01 1.851743e-02
    outer loop
      vertex   9.970357e+01 1.458993e+01 -9.484099e+00
      vertex   9.964034e+01 1.458993e+01 -9.590662e+00
      vertex   1.000290e+02 1.457651e+01 -9.659734e+00
    endloop
  endfacet
  facet normal -3.063288e-02 -9.993388e-01 1.958412e-02
    outer loop
      vertex   9.970357e+01 1.458993e+01 -9.484099e+00
      vertex   1.000290e+02 1.457651e+01 -9.659734e+00
      vertex   9.977032e+01 1.458993e+01 -9.379701e+00
    endloop
  endfacet
  facet normal -2.987978e-02 -9.993477e-01 2.028026e-02
    outer loop
      vertex   9.977032e+01 1.458993e+01 -9.379701e+00
      vertex   1.000290e+02 1.457651e+01 -9.659734e+00
      vertex   1.001713e+02 1.457651e+01 -9.450131e+00
    endloop
  endfacet
  facet normal -1.121525e-02 -9.999258e-01 4.749274e-03
    outer loop
      vertex   9.905171e+01 1.459440e+01 -9.973297e+00
      vertex   9.942392e+01 1.458993e+01 -1.003617e+01
      vertex   9.916324e+01 1.459440e+01 -9.709930e+00
    endloop
  endfacet
  facet normal -1.119724e-02 -9.999260e-01 4.763663e-03
    outer loop
      vertex   9.916324e+01 1.459440e+01 -9.709930e+00
      vertex   9.942392e+01 1.458993e+01 -1.003617e+01
      vertex   9.947243e+01 1.458993e+01 -9.922152e+00
    endloop
  endfacet
  facet normal -1.096467e-02 -9.999269e-01 5.102532e-03
    outer loop
      vertex   9.916324e+01 1.459440e+01 -9.709930e+00
      vertex   9.947243e+01 1.458993e+01 -9.922152e+00
      vertex   9.952471e+01 1.458993e+01 -9.809810e+00
    endloop
  endfacet
  facet normal -3.264819e-02 -9.993514e-01 1.519320e-02
    outer loop
      vertex   9.952471e+01 1.458993e+01 -9.809810e+00
      vertex   9.947243e+01 1.458993e+01 -9.922152e+00
      vertex   9.990299e+01 1.457651e+01 -9.879487e+00
    endloop
  endfacet
  facet normal -3.242125e-02 -9.993394e-01 1.642295e-02
    outer loop
      vertex   9.952471e+01 1.458993e+01 -9.809810e+00
      vertex   9.990299e+01 1.457651e+01 -9.879487e+00
      vertex   9.958070e+01 1.458993e+01 -9.699273e+00
    endloop
  endfacet
  facet normal -3.150289e-02 -9.993404e-01 1.806539e-02
    outer loop
      vertex   9.958070e+01 1.458993e+01 -9.699273e+00
      vertex   9.990299e+01 1.457651e+01 -9.879487e+00
      vertex   1.000290e+02 1.457651e+01 -9.659734e+00
    endloop
  endfacet
  facet normal -3.143246e-02 -9.993568e-01 1.726118e-02
    outer loop
      vertex   9.958070e+01 1.458993e+01 -9.699273e+00
      vertex   1.000290e+02 1.457651e+01 -9.659734e+00
      vertex   9.964034e+01 1.458993e+01 -9.590662e+00
    endloop
  endfacet
  facet normal -1.152502e-02 -9.999258e-01 3.955355e-03
    outer loop
      vertex   9.895887e+01 1.459440e+01 -1.024382e+01
      vertex   9.933843e+01 1.458993e+01 -1.026874e+01
      vertex   9.905171e+01 1.459440e+01 -9.973297e+00
    endloop
  endfacet
  facet normal -1.147614e-02 -9.999261e-01 4.002800e-03
    outer loop
      vertex   9.905171e+01 1.459440e+01 -9.973297e+00
      vertex   9.933843e+01 1.458993e+01 -1.026874e+01
      vertex   9.937924e+01 1.458993e+01 -1.015174e+01
    endloop
  endfacet
  facet normal -1.128079e-02 -9.999269e-01 4.361365e-03
    outer loop
      vertex   9.905171e+01 1.459440e+01 -9.973297e+00
      vertex   9.937924e+01 1.458993e+01 -1.015174e+01
      vertex   9.942392e+01 1.458993e+01 -1.003617e+01
    endloop
  endfacet
  facet normal -3.371502e-02 -9.993465e-01 1.303486e-02
    outer loop
      vertex   9.942392e+01 1.458993e+01 -1.003617e+01
      vertex   9.937924e+01 1.458993e+01 -1.015174e+01
      vertex   9.970248e+01 1.457651e+01 -1.034437e+01
    endloop
  endfacet
  facet normal -3.370065e-02 -9.993468e-01 1.304786e-02
    outer loop
      vertex   9.942392e+01 1.458993e+01 -1.003617e+01
      vertex   9.970248e+01 1.457651e+01 -1.034437e+01
      vertex   9.979394e+01 1.457651e+01 -1.010814e+01
    endloop
  endfacet
  facet normal -1.177732e-02 -9.999257e-01 3.141004e-03
    outer loop
      vertex   9.888517e+01 1.459440e+01 -1.052016e+01
      vertex   9.926862e+01 1.458993e+01 -1.050649e+01
      vertex   9.895887e+01 1.459440e+01 -1.024382e+01
    endloop
  endfacet
  facet normal -1.170494e-02 -9.999263e-01 3.226367e-03
    outer loop
      vertex   9.895887e+01 1.459440e+01 -1.024382e+01
      vertex   9.926862e+01 1.458993e+01 -1.050649e+01
      vertex   9.930154e+01 1.458993e+01 -1.038703e+01
    endloop
  endfacet
  facet normal -1.154829e-02 -9.999268e-01 3.601188e-03
    outer loop
      vertex   9.895887e+01 1.459440e+01 -1.024382e+01
      vertex   9.930154e+01 1.458993e+01 -1.038703e+01
      vertex   9.933843e+01 1.458993e+01 -1.026874e+01
    endloop
  endfacet
  facet normal -3.459173e-02 -9.993433e-01 1.078699e-02
    outer loop
      vertex   9.933843e+01 1.458993e+01 -1.026874e+01
      vertex   9.930154e+01 1.458993e+01 -1.038703e+01
      vertex   9.970248e+01 1.457651e+01 -1.034437e+01
    endloop
  endfacet
  facet normal -3.434393e-02 -9.993383e-01 1.197893e-02
    outer loop
      vertex   9.933843e+01 1.458993e+01 -1.026874e+01
      vertex   9.970248e+01 1.457651e+01 -1.034437e+01
      vertex   9.937924e+01 1.458993e+01 -1.015174e+01
    endloop
  endfacet
  facet normal -1.197079e-02 -9.999257e-01 2.310467e-03
    outer loop
      vertex   9.883096e+01 1.459440e+01 -1.080099e+01
      vertex   9.921479e+01 1.458993e+01 -1.074836e+01
      vertex   9.888517e+01 1.459440e+01 -1.052016e+01
    endloop
  endfacet
  facet normal -1.188282e-02 -9.999264e-01 2.437552e-03
    outer loop
      vertex   9.888517e+01 1.459440e+01 -1.052016e+01
      vertex   9.921479e+01 1.458993e+01 -1.074836e+01
      vertex   9.923969e+01 1.458993e+01 -1.062697e+01
    endloop
  endfacet
  facet normal -1.176606e-02 -9.999268e-01 2.825090e-03
    outer loop
      vertex   9.888517e+01 1.459440e+01 -1.052016e+01
      vertex   9.923969e+01 1.458993e+01 -1.062697e+01
      vertex   9.926862e+01 1.458993e+01 -1.050649e+01
    endloop
  endfacet
  facet normal -3.530446e-02 -9.993407e-01 8.476774e-03
    outer loop
      vertex   9.926862e+01 1.458993e+01 -1.050649e+01
      vertex   9.923969e+01 1.458993e+01 -1.062697e+01
      vertex   9.962913e+01 1.457651e+01 -1.058684e+01
    endloop
  endfacet
  facet normal -3.504097e-02 -9.993392e-01 9.658748e-03
    outer loop
      vertex   9.926862e+01 1.458993e+01 -1.050649e+01
      vertex   9.962913e+01 1.457651e+01 -1.058684e+01
      vertex   9.930154e+01 1.458993e+01 -1.038703e+01
    endloop
  endfacet
  facet normal -3.455643e-02 -9.993481e-01 1.045375e-02
    outer loop
      vertex   9.930154e+01 1.458993e+01 -1.038703e+01
      vertex   9.962913e+01 1.457651e+01 -1.058684e+01
      vertex   9.970248e+01 1.457651e+01 -1.034437e+01
    endloop
  endfacet
  facet normal -5.942504e-03 -9.999821e-01 7.207374e-04
    outer loop
      vertex   9.879653e+01 1.459440e+01 -1.108491e+01
      vertex   9.897515e+01 1.459334e+01 -1.108491e+01
      vertex   9.883096e+01 1.459440e+01 -1.080099e+01
    endloop
  endfacet
  facet normal -1.510263e-02 -9.998782e-01 -3.931541e-03
    outer loop
      vertex   9.883096e+01 1.459440e+01 -1.080099e+01
      vertex   9.897515e+01 1.459334e+01 -1.108491e+01
      vertex   9.917718e+01 1.458993e+01 -1.099327e+01
    endloop
  endfacet
  facet normal -1.200915e-02 -9.999265e-01 1.639583e-03
    outer loop
      vertex   9.883096e+01 1.459440e+01 -1.080099e+01
      vertex   9.917718e+01 1.458993e+01 -1.099327e+01
      vertex   9.919394e+01 1.458993e+01 -1.087050e+01
    endloop
  endfacet
  facet normal -3.571878e-02 -9.993500e-01 4.876607e-03
    outer loop
      vertex   9.919394e+01 1.458993e+01 -1.087050e+01
      vertex   9.917718e+01 1.458993e+01 -1.099327e+01
      vertex   9.957431e+01 1.457651e+01 -1.083416e+01
    endloop
  endfacet
  facet normal -3.583671e-02 -9.993390e-01 6.114999e-03
    outer loop
      vertex   9.919394e+01 1.458993e+01 -1.087050e+01
      vertex   9.957431e+01 1.457651e+01 -1.083416e+01
      vertex   9.921479e+01 1.458993e+01 -1.074836e+01
    endloop
  endfacet
  facet normal -3.542240e-02 -9.993416e-01 7.851374e-03
    outer loop
      vertex   9.921479e+01 1.458993e+01 -1.074836e+01
      vertex   9.957431e+01 1.457651e+01 -1.083416e+01
      vertex   9.962913e+01 1.457651e+01 -1.058684e+01
    endloop
  endfacet
  facet normal -3.517498e-02 -9.993551e-01 7.215531e-03
    outer loop
      vertex   9.921479e+01 1.458993e+01 -1.074836e+01
      vertex   9.962913e+01 1.457651e+01 -1.058684e+01
      vertex   9.923969e+01 1.458993e+01 -1.062697e+01
    endloop
  endfacet
  facet normal -1.770593e-02 -9.998416e-01 1.808903e-03
    outer loop
      vertex   9.897515e+01 1.459334e+01 -1.108491e+01
      vertex   9.915925e+01 1.459008e+01 -1.108491e+01
      vertex   9.917718e+01 1.458993e+01 -1.099327e+01
    endloop
  endfacet
  facet normal -3.577159e-02 -9.993457e-01 5.345265e-03
    outer loop
      vertex   9.917718e+01 1.458993e+01 -1.099327e+01
      vertex   9.915925e+01 1.459008e+01 -1.108491e+01
      vertex   9.953833e+01 1.457651e+01 -1.108491e+01
    endloop
  endfacet
  facet normal -3.582384e-02 -9.993449e-01 5.139256e-03
    outer loop
      vertex   9.917718e+01 1.458993e+01 -1.099327e+01
      vertex   9.953833e+01 1.457651e+01 -1.108491e+01
      vertex   9.957431e+01 1.457651e+01 -1.083416e+01
    endloop
  endfacet
  facet normal -3.346875e-02 -9.993383e-01 1.423867e-02
    outer loop
      vertex   9.942392e+01 1.458993e+01 -1.003617e+01
      vertex   9.979394e+01 1.457651e+01 -1.010814e+01
      vertex   9.947243e+01 1.458993e+01 -9.922152e+00
    endloop
  endfacet
  facet normal -3.268728e-02 -9.993440e-01 1.559001e-02
    outer loop
      vertex   9.947243e+01 1.458993e+01 -9.922152e+00
      vertex   9.979394e+01 1.457651e+01 -1.010814e+01
      vertex   9.990299e+01 1.457651e+01 -9.879487e+00
    endloop
  endfacet
  facet normal -9.658748e-03 -9.993392e-01 3.504097e-02
    outer loop
      vertex   1.018221e+02 1.458993e+01 -7.866457e+00
      vertex   1.020219e+02 1.457651e+01 -8.194040e+00
      vertex   1.019416e+02 1.458993e+01 -7.833531e+00
    endloop
  endfacet
  facet normal -7.855906e-03 -9.993408e-01 3.544285e-02
    outer loop
      vertex   1.019416e+02 1.458993e+01 -7.833531e+00
      vertex   1.020219e+02 1.457651e+01 -8.194040e+00
      vertex   1.022692e+02 1.457651e+01 -8.139222e+00
    endloop
  endfacet
  facet normal -8.376245e-03 -9.993562e-01 3.488577e-02
    outer loop
      vertex   1.019416e+02 1.458993e+01 -7.833531e+00
      vertex   1.022692e+02 1.457651e+01 -8.139222e+00
      vertex   1.020621e+02 1.458993e+01 -7.804601e+00
    endloop
  endfacet
  facet normal -4.763663e-03 -9.999260e-01 1.119724e-02
    outer loop
      vertex   1.014713e+02 1.458993e+01 -7.988836e+00
      vertex   1.011450e+02 1.459440e+01 -7.728150e+00
      vertex   1.013572e+02 1.458993e+01 -8.037344e+00
    endloop
  endfacet
  facet normal -1.833118e-02 -9.993545e-01 3.089477e-02
    outer loop
      vertex   1.009192e+02 1.458993e+01 -8.268488e+00
      vertex   1.013146e+02 1.457651e+01 -8.467905e+00
      vertex   1.010257e+02 1.458993e+01 -8.205259e+00
    endloop
  endfacet
  facet normal -2.042703e-02 -9.993495e-01 2.972099e-02
    outer loop
      vertex   1.007127e+02 1.458993e+01 -8.405416e+00
      vertex   1.010948e+02 1.457651e+01 -8.593924e+00
      vertex   1.008148e+02 1.458993e+01 -8.335231e+00
    endloop
  endfacet
  facet normal -2.243186e-02 -9.993453e-01 2.838483e-02
    outer loop
      vertex   1.005157e+02 1.458993e+01 -8.555791e+00
      vertex   1.008852e+02 1.457651e+01 -8.736187e+00
      vertex   1.006129e+02 1.458993e+01 -8.478962e+00
    endloop
  endfacet
  facet normal -2.433176e-02 -9.993421e-01 2.689403e-02
    outer loop
      vertex   1.003292e+02 1.458993e+01 -8.718946e+00
      vertex   1.006870e+02 1.457651e+01 -8.893882e+00
      vertex   1.004211e+02 1.458993e+01 -8.635815e+00
    endloop
  endfacet
  facet normal -1.085519e-02 -9.999260e-01 5.498687e-03
    outer loop
      vertex   9.958070e+01 1.458993e+01 -9.699273e+00
      vertex   9.916324e+01 1.459440e+01 -9.709930e+00
      vertex   9.952471e+01 1.458993e+01 -9.809810e+00
    endloop
  endfacet
  facet normal -1.193319e-02 -9.999267e-01 2.036221e-03
    outer loop
      vertex   9.919394e+01 1.458993e+01 -1.087050e+01
      vertex   9.921479e+01 1.458993e+01 -1.074836e+01
      vertex   9.883096e+01 1.459440e+01 -1.080099e+01
    endloop
  endfacet
  facet normal 3.577159e-02 -9.993457e-01 5.345265e-03
    outer loop
      vertex   1.065808e+02 1.459008e+01 -1.108491e+01
      vertex   1.065628e+02 1.458993e+01 -1.099327e+01
      vertex   1.062017e+02 1.457651e+01 -1.108491e+01
    endloop
  endfacet
  facet normal 3.588470e-02 -9.993439e-01 4.899260e-03
    outer loop
      vertex   1.062017e+02 1.457651e+01 -1.108491e+01
      vertex   1.065628e+02 1.458993e+01 -1.099327e+01
      vertex   1.065461e+02 1.458993e+01 -1.087050e+01
    endloop
  endfacet
  facet normal 3.574268e-02 -9.993479e-01 5.127613e-03
    outer loop
      vertex   1.062017e+02 1.457651e+01 -1.108491e+01
      vertex   1.065461e+02 1.458993e+01 -1.087050e+01
      vertex   1.061657e+02 1.457651e+01 -1.083416e+01
    endloop
  endfacet
  facet normal 3.583671e-02 -9.993390e-01 6.114999e-03
    outer loop
      vertex   1.061657e+02 1.457651e+01 -1.083416e+01
      vertex   1.065461e+02 1.458993e+01 -1.087050e+01
      vertex   1.065252e+02 1.458993e+01 -1.074836e+01
    endloop
  endfacet
  facet normal 3.555551e-02 -9.993411e-01 7.293590e-03
    outer loop
      vertex   1.061657e+02 1.457651e+01 -1.083416e+01
      vertex   1.065252e+02 1.458993e+01 -1.074836e+01
      vertex   1.065003e+02 1.458993e+01 -1.062697e+01
    endloop
  endfacet
  facet normal 1.188282e-02 -9.999264e-01 2.437552e-03
    outer loop
      vertex   1.065003e+02 1.458993e+01 -1.062697e+01
      vertex   1.065252e+02 1.458993e+01 -1.074836e+01
      vertex   1.068548e+02 1.459440e+01 -1.052016e+01
    endloop
  endfacet
  facet normal 1.176606e-02 -9.999268e-01 2.825090e-03
    outer loop
      vertex   1.065003e+02 1.458993e+01 -1.062697e+01
      vertex   1.068548e+02 1.459440e+01 -1.052016e+01
      vertex   1.064714e+02 1.458993e+01 -1.050649e+01
    endloop
  endfacet
  facet normal 1.177732e-02 -9.999257e-01 3.141004e-03
    outer loop
      vertex   1.064714e+02 1.458993e+01 -1.050649e+01
      vertex   1.068548e+02 1.459440e+01 -1.052016e+01
      vertex   1.067811e+02 1.459440e+01 -1.024382e+01
    endloop
  endfacet
  facet normal 1.170494e-02 -9.999263e-01 3.226367e-03
    outer loop
      vertex   1.064714e+02 1.458993e+01 -1.050649e+01
      vertex   1.067811e+02 1.459440e+01 -1.024382e+01
      vertex   1.064385e+02 1.458993e+01 -1.038703e+01
    endloop
  endfacet
  facet normal 1.154829e-02 -9.999268e-01 3.601188e-03
    outer loop
      vertex   1.064385e+02 1.458993e+01 -1.038703e+01
      vertex   1.067811e+02 1.459440e+01 -1.024382e+01
      vertex   1.064016e+02 1.458993e+01 -1.026874e+01
    endloop
  endfacet
  facet normal 3.439139e-02 -9.993509e-01 1.072452e-02
    outer loop
      vertex   1.064385e+02 1.458993e+01 -1.038703e+01
      vertex   1.064016e+02 1.458993e+01 -1.026874e+01
      vertex   1.061109e+02 1.457651e+01 -1.058684e+01
    endloop
  endfacet
  facet normal 3.465481e-02 -9.993444e-01 1.048351e-02
    outer loop
      vertex   1.061109e+02 1.457651e+01 -1.058684e+01
      vertex   1.064016e+02 1.458993e+01 -1.026874e+01
      vertex   1.060375e+02 1.457651e+01 -1.034437e+01
    endloop
  endfacet
  facet normal 3.434393e-02 -9.993383e-01 1.197893e-02
    outer loop
      vertex   1.060375e+02 1.457651e+01 -1.034437e+01
      vertex   1.064016e+02 1.458993e+01 -1.026874e+01
      vertex   1.063608e+02 1.458993e+01 -1.015174e+01
    endloop
  endfacet
  facet normal 3.371502e-02 -9.993465e-01 1.303486e-02
    outer loop
      vertex   1.060375e+02 1.457651e+01 -1.034437e+01
      vertex   1.063608e+02 1.458993e+01 -1.015174e+01
      vertex   1.063161e+02 1.458993e+01 -1.003617e+01
    endloop
  endfacet
  facet normal 1.128079e-02 -9.999269e-01 4.361365e-03
    outer loop
      vertex   1.063161e+02 1.458993e+01 -1.003617e+01
      vertex   1.063608e+02 1.458993e+01 -1.015174e+01
      vertex   1.066883e+02 1.459440e+01 -9.973297e+00
    endloop
  endfacet
  facet normal 1.121525e-02 -9.999258e-01 4.749274e-03
    outer loop
      vertex   1.063161e+02 1.458993e+01 -1.003617e+01
      vertex   1.066883e+02 1.459440e+01 -9.973297e+00
      vertex   1.065768e+02 1.459440e+01 -9.709930e+00
    endloop
  endfacet
  facet normal 1.770593e-02 -9.998416e-01 1.808903e-03
    outer loop
      vertex   1.065808e+02 1.459008e+01 -1.108491e+01
      vertex   1.067648e+02 1.459334e+01 -1.108491e+01
      vertex   1.065628e+02 1.458993e+01 -1.099327e+01
    endloop
  endfacet
  facet normal 1.510263e-02 -9.998782e-01 -3.931541e-03
    outer loop
      vertex   1.065628e+02 1.458993e+01 -1.099327e+01
      vertex   1.067648e+02 1.459334e+01 -1.108491e+01
      vertex   1.069090e+02 1.459440e+01 -1.080099e+01
    endloop
  endfacet
  facet normal 1.200915e-02 -9.999265e-01 1.639583e-03
    outer loop
      vertex   1.065628e+02 1.458993e+01 -1.099327e+01
      vertex   1.069090e+02 1.459440e+01 -1.080099e+01
      vertex   1.065461e+02 1.458993e+01 -1.087050e+01
    endloop
  endfacet
  facet normal 1.193319e-02 -9.999267e-01 2.036221e-03
    outer loop
      vertex   1.065461e+02 1.458993e+01 -1.087050e+01
      vertex   1.069090e+02 1.459440e+01 -1.080099e+01
      vertex   1.065252e+02 1.458993e+01 -1.074836e+01
    endloop
  endfacet
  facet normal 5.942504e-03 -9.999821e-01 7.207374e-04
    outer loop
      vertex   1.067648e+02 1.459334e+01 -1.108491e+01
      vertex   1.069435e+02 1.459440e+01 -1.108491e+01
      vertex   1.069090e+02 1.459440e+01 -1.080099e+01
    endloop
  endfacet
  facet normal 1.197079e-02 -9.999257e-01 2.310467e-03
    outer loop
      vertex   1.069090e+02 1.459440e+01 -1.080099e+01
      vertex   1.068548e+02 1.459440e+01 -1.052016e+01
      vertex   1.065252e+02 1.458993e+01 -1.074836e+01
    endloop
  endfacet
  facet normal 1.152502e-02 -9.999258e-01 3.955355e-03
    outer loop
      vertex   1.067811e+02 1.459440e+01 -1.024382e+01
      vertex   1.066883e+02 1.459440e+01 -9.973297e+00
      vertex   1.064016e+02 1.458993e+01 -1.026874e+01
    endloop
  endfacet
  facet normal 1.147614e-02 -9.999261e-01 4.002800e-03
    outer loop
      vertex   1.064016e+02 1.458993e+01 -1.026874e+01
      vertex   1.066883e+02 1.459440e+01 -9.973297e+00
      vertex   1.063608e+02 1.458993e+01 -1.015174e+01
    endloop
  endfacet
  facet normal 1.085578e-02 -9.999258e-01 5.521729e-03
    outer loop
      vertex   1.064471e+02 1.459440e+01 -9.455005e+00
      vertex   1.061593e+02 1.458993e+01 -9.699273e+00
      vertex   1.065768e+02 1.459440e+01 -9.709930e+00
    endloop
  endfacet
  facet normal 1.085519e-02 -9.999260e-01 5.498687e-03
    outer loop
      vertex   1.065768e+02 1.459440e+01 -9.709930e+00
      vertex   1.061593e+02 1.458993e+01 -9.699273e+00
      vertex   1.062153e+02 1.458993e+01 -9.809810e+00
    endloop
  endfacet
  facet normal 1.096467e-02 -9.999269e-01 5.102532e-03
    outer loop
      vertex   1.065768e+02 1.459440e+01 -9.709930e+00
      vertex   1.062153e+02 1.458993e+01 -9.809810e+00
      vertex   1.062676e+02 1.458993e+01 -9.922152e+00
    endloop
  endfacet
  facet normal 3.285981e-02 -9.993430e-01 1.529168e-02
    outer loop
      vertex   1.062676e+02 1.458993e+01 -9.922152e+00
      vertex   1.062153e+02 1.458993e+01 -9.809810e+00
      vertex   1.059461e+02 1.457651e+01 -1.010814e+01
    endloop
  endfacet
  facet normal 3.346875e-02 -9.993383e-01 1.423867e-02
    outer loop
      vertex   1.062676e+02 1.458993e+01 -9.922152e+00
      vertex   1.059461e+02 1.457651e+01 -1.010814e+01
      vertex   1.063161e+02 1.458993e+01 -1.003617e+01
    endloop
  endfacet
  facet normal 3.370065e-02 -9.993468e-01 1.304786e-02
    outer loop
      vertex   1.063161e+02 1.458993e+01 -1.003617e+01
      vertex   1.059461e+02 1.457651e+01 -1.010814e+01
      vertex   1.060375e+02 1.457651e+01 -1.034437e+01
    endloop
  endfacet
  facet normal 1.044788e-02 -9.999258e-01 6.269982e-03
    outer loop
      vertex   1.062999e+02 1.459440e+01 -9.209769e+00
      vertex   1.060364e+02 1.458993e+01 -9.484099e+00
      vertex   1.064471e+02 1.459440e+01 -9.455005e+00
    endloop
  endfacet
  facet normal 1.045270e-02 -9.999261e-01 6.202032e-03
    outer loop
      vertex   1.064471e+02 1.459440e+01 -9.455005e+00
      vertex   1.060364e+02 1.458993e+01 -9.484099e+00
      vertex   1.060997e+02 1.458993e+01 -9.590662e+00
    endloop
  endfacet
  facet normal 1.060122e-02 -9.999269e-01 5.821675e-03
    outer loop
      vertex   1.064471e+02 1.459440e+01 -9.455005e+00
      vertex   1.060997e+02 1.458993e+01 -9.590662e+00
      vertex   1.061593e+02 1.458993e+01 -9.699273e+00
    endloop
  endfacet
  facet normal 3.183039e-02 -9.993404e-01 1.747971e-02
    outer loop
      vertex   1.061593e+02 1.458993e+01 -9.699273e+00
      vertex   1.060997e+02 1.458993e+01 -9.590662e+00
      vertex   1.058370e+02 1.457651e+01 -9.879487e+00
    endloop
  endfacet
  facet normal 3.242125e-02 -9.993394e-01 1.642295e-02
    outer loop
      vertex   1.061593e+02 1.458993e+01 -9.699273e+00
      vertex   1.058370e+02 1.457651e+01 -9.879487e+00
      vertex   1.062153e+02 1.458993e+01 -9.809810e+00
    endloop
  endfacet
  facet normal 3.258405e-02 -9.993482e-01 1.554077e-02
    outer loop
      vertex   1.062153e+02 1.458993e+01 -9.809810e+00
      vertex   1.058370e+02 1.457651e+01 -9.879487e+00
      vertex   1.059461e+02 1.457651e+01 -1.010814e+01
    endloop
  endfacet
  facet normal 9.987341e-03 -9.999257e-01 6.987426e-03
    outer loop
      vertex   1.061360e+02 1.459440e+01 -8.975421e+00
      vertex   1.058995e+02 1.458993e+01 -9.277584e+00
      vertex   1.062999e+02 1.459440e+01 -9.209769e+00
    endloop
  endfacet
  facet normal 1.000604e-02 -9.999263e-01 6.877079e-03
    outer loop
      vertex   1.062999e+02 1.459440e+01 -9.209769e+00
      vertex   1.058995e+02 1.458993e+01 -9.277584e+00
      vertex   1.059697e+02 1.458993e+01 -9.379701e+00
    endloop
  endfacet
  facet normal 1.019191e-02 -9.999268e-01 6.515862e-03
    outer loop
      vertex   1.062999e+02 1.459440e+01 -9.209769e+00
      vertex   1.059697e+02 1.458993e+01 -9.379701e+00
      vertex   1.060364e+02 1.458993e+01 -9.484099e+00
    endloop
  endfacet
  facet normal 3.063288e-02 -9.993388e-01 1.958412e-02
    outer loop
      vertex   1.060364e+02 1.458993e+01 -9.484099e+00
      vertex   1.059697e+02 1.458993e+01 -9.379701e+00
      vertex   1.057110e+02 1.457651e+01 -9.659734e+00
    endloop
  endfacet
  facet normal 3.146453e-02 -9.993420e-01 1.804339e-02
    outer loop
      vertex   1.060364e+02 1.458993e+01 -9.484099e+00
      vertex   1.057110e+02 1.457651e+01 -9.659734e+00
      vertex   1.058370e+02 1.457651e+01 -9.879487e+00
    endloop
  endfacet
  facet normal 9.476534e-03 -9.999257e-01 7.670286e-03
    outer loop
      vertex   1.059560e+02 1.459440e+01 -8.753110e+00
      vertex   1.057491e+02 1.458993e+01 -9.080645e+00
      vertex   1.061360e+02 1.459440e+01 -8.975421e+00
    endloop
  endfacet
  facet normal 9.517109e-03 -9.999264e-01 7.521146e-03
    outer loop
      vertex   1.061360e+02 1.459440e+01 -8.975421e+00
      vertex   1.057491e+02 1.458993e+01 -9.080645e+00
      vertex   1.058260e+02 1.458993e+01 -9.177862e+00
    endloop
  endfacet
  facet normal 9.738406e-03 -9.999268e-01 7.182259e-03
    outer loop
      vertex   1.061360e+02 1.459440e+01 -8.975421e+00
      vertex   1.058260e+02 1.458993e+01 -9.177862e+00
      vertex   1.058995e+02 1.458993e+01 -9.277584e+00
    endloop
  endfacet
  facet normal 2.927480e-02 -9.993382e-01 2.159072e-02
    outer loop
      vertex   1.058995e+02 1.458993e+01 -9.277584e+00
      vertex   1.058260e+02 1.458993e+01 -9.177862e+00
      vertex   1.055687e+02 1.457651e+01 -9.450131e+00
    endloop
  endfacet
  facet normal 2.993805e-02 -9.993452e-01 2.031981e-02
    outer loop
      vertex   1.058995e+02 1.458993e+01 -9.277584e+00
      vertex   1.055687e+02 1.457651e+01 -9.450131e+00
      vertex   1.057110e+02 1.457651e+01 -9.659734e+00
    endloop
  endfacet
  facet normal 8.918108e-03 -9.999257e-01 8.314974e-03
    outer loop
      vertex   1.057610e+02 1.459440e+01 -8.543922e+00
      vertex   1.055860e+02 1.458993e+01 -8.894156e+00
      vertex   1.059560e+02 1.459440e+01 -8.753110e+00
    endloop
  endfacet
  facet normal 8.987983e-03 -9.999265e-01 8.131670e-03
    outer loop
      vertex   1.059560e+02 1.459440e+01 -8.753110e+00
      vertex   1.055860e+02 1.458993e+01 -8.894156e+00
      vertex   1.056691e+02 1.458993e+01 -8.986042e+00
    endloop
  endfacet
  facet normal 9.242514e-03 -9.999267e-01 7.818134e-03
    outer loop
      vertex   1.059560e+02 1.459440e+01 -8.753110e+00
      vertex   1.056691e+02 1.458993e+01 -8.986042e+00
      vertex   1.057491e+02 1.458993e+01 -9.080645e+00
    endloop
  endfacet
  facet normal 2.776499e-02 -9.993385e-01 2.348607e-02
    outer loop
      vertex   1.057491e+02 1.458993e+01 -9.080645e+00
      vertex   1.056691e+02 1.458993e+01 -8.986042e+00
      vertex   1.054110e+02 1.457651e+01 -9.251878e+00
    endloop
  endfacet
  facet normal 2.827110e-02 -9.993473e-01 2.248746e-02
    outer loop
      vertex   1.057491e+02 1.458993e+01 -9.080645e+00
      vertex   1.054110e+02 1.457651e+01 -9.251878e+00
      vertex   1.055687e+02 1.457651e+01 -9.450131e+00
    endloop
  endfacet
  facet normal 8.314974e-03 -9.999257e-01 8.918108e-03
    outer loop
      vertex   1.055518e+02 1.459440e+01 -8.348882e+00
      vertex   1.054108e+02 1.458993e+01 -8.718946e+00
      vertex   1.057610e+02 1.459440e+01 -8.543922e+00
    endloop
  endfacet
  facet normal 8.420872e-03 -9.999266e-01 8.706223e-03
    outer loop
      vertex   1.057610e+02 1.459440e+01 -8.543922e+00
      vertex   1.054108e+02 1.458993e+01 -8.718946e+00
      vertex   1.054998e+02 1.458993e+01 -8.805091e+00
    endloop
  endfacet
  facet normal 8.706223e-03 -9.999266e-01 8.420872e-03
    outer loop
      vertex   1.057610e+02 1.459440e+01 -8.543922e+00
      vertex   1.054998e+02 1.458993e+01 -8.805091e+00
      vertex   1.055860e+02 1.458993e+01 -8.894156e+00
    endloop
  endfacet
  facet normal 2.611356e-02 -9.993398e-01 2.525767e-02
    outer loop
      vertex   1.055860e+02 1.458993e+01 -8.894156e+00
      vertex   1.054998e+02 1.458993e+01 -8.805091e+00
      vertex   1.052388e+02 1.457651e+01 -9.066107e+00
    endloop
  endfacet
  facet normal 2.646957e-02 -9.993484e-01 2.453957e-02
    outer loop
      vertex   1.055860e+02 1.458993e+01 -8.894156e+00
      vertex   1.052388e+02 1.457651e+01 -9.066107e+00
      vertex   1.054110e+02 1.457651e+01 -9.251878e+00
    endloop
  endfacet
  facet normal 7.670286e-03 -9.999257e-01 9.476534e-03
    outer loop
      vertex   1.053295e+02 1.459440e+01 -8.168944e+00
      vertex   1.052243e+02 1.458993e+01 -8.555791e+00
      vertex   1.055518e+02 1.459440e+01 -8.348882e+00
    endloop
  endfacet
  facet normal 7.818134e-03 -9.999267e-01 9.242514e-03
    outer loop
      vertex   1.055518e+02 1.459440e+01 -8.348882e+00
      vertex   1.052243e+02 1.458993e+01 -8.555791e+00
      vertex   1.053189e+02 1.458993e+01 -8.635815e+00
    endloop
  endfacet
  facet normal 8.131670e-03 -9.999265e-01 8.987983e-03
    outer loop
      vertex   1.055518e+02 1.459440e+01 -8.348882e+00
      vertex   1.053189e+02 1.458993e+01 -8.635815e+00
      vertex   1.054108e+02 1.458993e+01 -8.718946e+00
    endloop
  endfacet
  facet normal 2.413098e-02 -9.993529e-01 2.667212e-02
    outer loop
      vertex   1.054108e+02 1.458993e+01 -8.718946e+00
      vertex   1.053189e+02 1.458993e+01 -8.635815e+00
      vertex   1.052388e+02 1.457651e+01 -9.066107e+00
    endloop
  endfacet
  facet normal 2.525767e-02 -9.993398e-01 2.611356e-02
    outer loop
      vertex   1.054108e+02 1.458993e+01 -8.718946e+00
      vertex   1.052388e+02 1.457651e+01 -9.066107e+00
      vertex   1.054998e+02 1.458993e+01 -8.805091e+00
    endloop
  endfacet
  facet normal 6.987426e-03 -9.999257e-01 9.987341e-03
    outer loop
      vertex   1.050951e+02 1.459440e+01 -8.004988e+00
      vertex   1.050273e+02 1.458993e+01 -8.405416e+00
      vertex   1.053295e+02 1.459440e+01 -8.168944e+00
    endloop
  endfacet
  facet normal 7.182259e-03 -9.999268e-01 9.738406e-03
    outer loop
      vertex   1.053295e+02 1.459440e+01 -8.168944e+00
      vertex   1.050273e+02 1.458993e+01 -8.405416e+00
      vertex   1.051271e+02 1.458993e+01 -8.478962e+00
    endloop
  endfacet
  facet normal 7.521146e-03 -9.999264e-01 9.517109e-03
    outer loop
      vertex   1.053295e+02 1.459440e+01 -8.168944e+00
      vertex   1.051271e+02 1.458993e+01 -8.478962e+00
      vertex   1.052243e+02 1.458993e+01 -8.555791e+00
    endloop
  endfacet
  facet normal 2.238358e-02 -9.993482e-01 2.832374e-02
    outer loop
      vertex   1.052243e+02 1.458993e+01 -8.555791e+00
      vertex   1.051271e+02 1.458993e+01 -8.478962e+00
      vertex   1.050530e+02 1.457651e+01 -8.893882e+00
    endloop
  endfacet
  facet normal 2.348607e-02 -9.993385e-01 2.776499e-02
    outer loop
      vertex   1.052243e+02 1.458993e+01 -8.555791e+00
      vertex   1.050530e+02 1.457651e+01 -8.893882e+00
      vertex   1.053189e+02 1.458993e+01 -8.635815e+00
    endloop
  endfacet
  facet normal 2.463936e-02 -9.993431e-01 2.657721e-02
    outer loop
      vertex   1.053189e+02 1.458993e+01 -8.635815e+00
      vertex   1.050530e+02 1.457651e+01 -8.893882e+00
      vertex   1.052388e+02 1.457651e+01 -9.066107e+00
    endloop
  endfacet
  facet normal 6.269982e-03 -9.999258e-01 1.044788e-02
    outer loop
      vertex   1.048499e+02 1.459440e+01 -7.857817e+00
      vertex   1.048208e+02 1.458993e+01 -8.268488e+00
      vertex   1.050951e+02 1.459440e+01 -8.004988e+00
    endloop
  endfacet
  facet normal 6.515862e-03 -9.999268e-01 1.019191e-02
    outer loop
      vertex   1.050951e+02 1.459440e+01 -8.004988e+00
      vertex   1.048208e+02 1.458993e+01 -8.268488e+00
      vertex   1.049252e+02 1.458993e+01 -8.335231e+00
    endloop
  endfacet
  facet normal 6.877079e-03 -9.999263e-01 1.000604e-02
    outer loop
      vertex   1.050951e+02 1.459440e+01 -8.004988e+00
      vertex   1.049252e+02 1.458993e+01 -8.335231e+00
      vertex   1.050273e+02 1.458993e+01 -8.405416e+00
    endloop
  endfacet
  facet normal 2.050853e-02 -9.993443e-01 2.983957e-02
    outer loop
      vertex   1.050273e+02 1.458993e+01 -8.405416e+00
      vertex   1.049252e+02 1.458993e+01 -8.335231e+00
      vertex   1.048548e+02 1.457651e+01 -8.736187e+00
    endloop
  endfacet
  facet normal 2.159072e-02 -9.993382e-01 2.927480e-02
    outer loop
      vertex   1.050273e+02 1.458993e+01 -8.405416e+00
      vertex   1.048548e+02 1.457651e+01 -8.736187e+00
      vertex   1.051271e+02 1.458993e+01 -8.478962e+00
    endloop
  endfacet
  facet normal 2.251117e-02 -9.993459e-01 2.830091e-02
    outer loop
      vertex   1.051271e+02 1.458993e+01 -8.478962e+00
      vertex   1.048548e+02 1.457651e+01 -8.736187e+00
      vertex   1.050530e+02 1.457651e+01 -8.893882e+00
    endloop
  endfacet
  facet normal 5.521729e-03 -9.999258e-01 1.085578e-02
    outer loop
      vertex   1.045950e+02 1.459440e+01 -7.728150e+00
      vertex   1.046056e+02 1.458993e+01 -8.145615e+00
      vertex   1.048499e+02 1.459440e+01 -7.857817e+00
    endloop
  endfacet
  facet normal 5.821675e-03 -9.999269e-01 1.060122e-02
    outer loop
      vertex   1.048499e+02 1.459440e+01 -7.857817e+00
      vertex   1.046056e+02 1.458993e+01 -8.145615e+00
      vertex   1.047143e+02 1.458993e+01 -8.205259e+00
    endloop
  endfacet
  facet normal 6.202032e-03 -9.999261e-01 1.045270e-02
    outer loop
      vertex   1.048499e+02 1.459440e+01 -7.857817e+00
      vertex   1.047143e+02 1.458993e+01 -8.205259e+00
      vertex   1.048208e+02 1.458993e+01 -8.268488e+00
    endloop
  endfacet
  facet normal 1.851743e-02 -9.993413e-01 3.120867e-02
    outer loop
      vertex   1.048208e+02 1.458993e+01 -8.268488e+00
      vertex   1.047143e+02 1.458993e+01 -8.205259e+00
      vertex   1.046452e+02 1.457651e+01 -8.593924e+00
    endloop
  endfacet
  facet normal 1.958412e-02 -9.993388e-01 3.063288e-02
    outer loop
      vertex   1.048208e+02 1.458993e+01 -8.268488e+00
      vertex   1.046452e+02 1.457651e+01 -8.593924e+00
      vertex   1.049252e+02 1.458993e+01 -8.335231e+00
    endloop
  endfacet
  facet normal 2.028026e-02 -9.993477e-01 2.987978e-02
    outer loop
      vertex   1.049252e+02 1.458993e+01 -8.335231e+00
      vertex   1.046452e+02 1.457651e+01 -8.593924e+00
      vertex   1.048548e+02 1.457651e+01 -8.736187e+00
    endloop
  endfacet
  facet normal 4.749274e-03 -9.999258e-01 1.121525e-02
    outer loop
      vertex   1.043316e+02 1.459440e+01 -7.616624e+00
      vertex   1.042687e+02 1.458993e+01 -7.988836e+00
      vertex   1.045950e+02 1.459440e+01 -7.728150e+00
    endloop
  endfacet
  facet normal 4.763663e-03 -9.999260e-01 1.119724e-02
    outer loop
      vertex   1.045950e+02 1.459440e+01 -7.728150e+00
      vertex   1.042687e+02 1.458993e+01 -7.988836e+00
      vertex   1.043828e+02 1.458993e+01 -8.037344e+00
    endloop
  endfacet
  facet normal 5.102532e-03 -9.999269e-01 1.096467e-02
    outer loop
      vertex   1.045950e+02 1.459440e+01 -7.728150e+00
      vertex   1.043828e+02 1.458993e+01 -8.037344e+00
      vertex   1.044951e+02 1.458993e+01 -8.089623e+00
    endloop
  endfacet
  facet normal 1.519320e-02 -9.993514e-01 3.264819e-02
    outer loop
      vertex   1.044951e+02 1.458993e+01 -8.089623e+00
      vertex   1.043828e+02 1.458993e+01 -8.037344e+00
      vertex   1.044254e+02 1.457651e+01 -8.467905e+00
    endloop
  endfacet
  facet normal 1.642295e-02 -9.993394e-01 3.242125e-02
    outer loop
      vertex   1.044951e+02 1.458993e+01 -8.089623e+00
      vertex   1.044254e+02 1.457651e+01 -8.467905e+00
      vertex   1.046056e+02 1.458993e+01 -8.145615e+00
    endloop
  endfacet
  facet normal 1.806539e-02 -9.993404e-01 3.150289e-02
    outer loop
      vertex   1.046056e+02 1.458993e+01 -8.145615e+00
      vertex   1.044254e+02 1.457651e+01 -8.467905e+00
      vertex   1.046452e+02 1.457651e+01 -8.593924e+00
    endloop
  endfacet
  facet normal 1.726118e-02 -9.993568e-01 3.143246e-02
    outer loop
      vertex   1.046056e+02 1.458993e+01 -8.145615e+00
      vertex   1.046452e+02 1.457651e+01 -8.593924e+00
      vertex   1.047143e+02 1.458993e+01 -8.205259e+00
    endloop
  endfacet
  facet normal 3.955355e-03 -9.999258e-01 1.152502e-02
    outer loop
      vertex   1.040611e+02 1.459440e+01 -7.523782e+00
      vertex   1.040362e+02 1.458993e+01 -7.903345e+00
      vertex   1.043316e+02 1.459440e+01 -7.616624e+00
    endloop
  endfacet
  facet normal 4.002800e-03 -9.999261e-01 1.147614e-02
    outer loop
      vertex   1.043316e+02 1.459440e+01 -7.616624e+00
      vertex   1.040362e+02 1.458993e+01 -7.903345e+00
      vertex   1.041532e+02 1.458993e+01 -7.944153e+00
    endloop
  endfacet
  facet normal 4.361365e-03 -9.999269e-01 1.128079e-02
    outer loop
      vertex   1.043316e+02 1.459440e+01 -7.616624e+00
      vertex   1.041532e+02 1.458993e+01 -7.944153e+00
      vertex   1.042687e+02 1.458993e+01 -7.988836e+00
    endloop
  endfacet
  facet normal 1.303486e-02 -9.993465e-01 3.371502e-02
    outer loop
      vertex   1.042687e+02 1.458993e+01 -7.988836e+00
      vertex   1.041532e+02 1.458993e+01 -7.944153e+00
      vertex   1.039605e+02 1.457651e+01 -8.267391e+00
    endloop
  endfacet
  facet normal 1.304786e-02 -9.993468e-01 3.370065e-02
    outer loop
      vertex   1.042687e+02 1.458993e+01 -7.988836e+00
      vertex   1.039605e+02 1.457651e+01 -8.267391e+00
      vertex   1.041968e+02 1.457651e+01 -8.358853e+00
    endloop
  endfacet
  facet normal 3.141004e-03 -9.999257e-01 1.177732e-02
    outer loop
      vertex   1.037848e+02 1.459440e+01 -7.450080e+00
      vertex   1.037984e+02 1.458993e+01 -7.833531e+00
      vertex   1.040611e+02 1.459440e+01 -7.523782e+00
    endloop
  endfacet
  facet normal 3.226367e-03 -9.999263e-01 1.170494e-02
    outer loop
      vertex   1.040611e+02 1.459440e+01 -7.523782e+00
      vertex   1.037984e+02 1.458993e+01 -7.833531e+00
      vertex   1.039179e+02 1.458993e+01 -7.866457e+00
    endloop
  endfacet
  facet normal 3.601188e-03 -9.999268e-01 1.154829e-02
    outer loop
      vertex   1.040611e+02 1.459440e+01 -7.523782e+00
      vertex   1.039179e+02 1.458993e+01 -7.866457e+00
      vertex   1.040362e+02 1.458993e+01 -7.903345e+00
    endloop
  endfacet
  facet normal 1.078699e-02 -9.993433e-01 3.459173e-02
    outer loop
      vertex   1.040362e+02 1.458993e+01 -7.903345e+00
      vertex   1.039179e+02 1.458993e+01 -7.866457e+00
      vertex   1.039605e+02 1.457651e+01 -8.267391e+00
    endloop
  endfacet
  facet normal 1.197893e-02 -9.993383e-01 3.434393e-02
    outer loop
      vertex   1.040362e+02 1.458993e+01 -7.903345e+00
      vertex   1.039605e+02 1.457651e+01 -8.267391e+00
      vertex   1.041532e+02 1.458993e+01 -7.944153e+00
    endloop
  endfacet
  facet normal 2.310467e-03 -9.999257e-01 1.197079e-02
    outer loop
      vertex   1.035039e+02 1.459440e+01 -7.395879e+00
      vertex   1.035566e+02 1.458993e+01 -7.779702e+00
      vertex   1.037848e+02 1.459440e+01 -7.450080e+00
    endloop
  endfacet
  facet normal 2.437552e-03 -9.999264e-01 1.188282e-02
    outer loop
      vertex   1.037848e+02 1.459440e+01 -7.450080e+00
      vertex   1.035566e+02 1.458993e+01 -7.779702e+00
      vertex   1.036779e+02 1.458993e+01 -7.804601e+00
    endloop
  endfacet
  facet normal 2.825090e-03 -9.999268e-01 1.176606e-02
    outer loop
      vertex   1.037848e+02 1.459440e+01 -7.450080e+00
      vertex   1.036779e+02 1.458993e+01 -7.804601e+00
      vertex   1.037984e+02 1.458993e+01 -7.833531e+00
    endloop
  endfacet
  facet normal 8.476774e-03 -9.993407e-01 3.530446e-02
    outer loop
      vertex   1.037984e+02 1.458993e+01 -7.833531e+00
      vertex   1.036779e+02 1.458993e+01 -7.804601e+00
      vertex   1.037181e+02 1.457651e+01 -8.194040e+00
    endloop
  endfacet
  facet normal 9.658748e-03 -9.993392e-01 3.504097e-02
    outer loop
      vertex   1.037984e+02 1.458993e+01 -7.833531e+00
      vertex   1.037181e+02 1.457651e+01 -8.194040e+00
      vertex   1.039179e+02 1.458993e+01 -7.866457e+00
    endloop
  endfacet
  facet normal 1.045375e-02 -9.993481e-01 3.455643e-02
    outer loop
      vertex   1.039179e+02 1.458993e+01 -7.866457e+00
      vertex   1.037181e+02 1.457651e+01 -8.194040e+00
      vertex   1.039605e+02 1.457651e+01 -8.267391e+00
    endloop
  endfacet
  facet normal 7.207374e-04 -9.999821e-01 5.942504e-03
    outer loop
      vertex   1.032200e+02 1.459440e+01 -7.361443e+00
      vertex   1.032200e+02 1.459334e+01 -7.540068e+00
      vertex   1.035039e+02 1.459440e+01 -7.395879e+00
    endloop
  endfacet
  facet normal -3.931541e-03 -9.998782e-01 1.510263e-02
    outer loop
      vertex   1.035039e+02 1.459440e+01 -7.395879e+00
      vertex   1.032200e+02 1.459334e+01 -7.540068e+00
      vertex   1.033116e+02 1.458993e+01 -7.742098e+00
    endloop
  endfacet
  facet normal 1.639583e-03 -9.999265e-01 1.200915e-02
    outer loop
      vertex   1.035039e+02 1.459440e+01 -7.395879e+00
      vertex   1.033116e+02 1.458993e+01 -7.742098e+00
      vertex   1.034344e+02 1.458993e+01 -7.758860e+00
    endloop
  endfacet
  facet normal 4.876607e-03 -9.993500e-01 3.571878e-02
    outer loop
      vertex   1.034344e+02 1.458993e+01 -7.758860e+00
      vertex   1.033116e+02 1.458993e+01 -7.742098e+00
      vertex   1.034708e+02 1.457651e+01 -8.139222e+00
    endloop
  endfacet
  facet normal 6.114999e-03 -9.993390e-01 3.583671e-02
    outer loop
      vertex   1.034344e+02 1.458993e+01 -7.758860e+00
      vertex   1.034708e+02 1.457651e+01 -8.139222e+00
      vertex   1.035566e+02 1.458993e+01 -7.779702e+00
    endloop
  endfacet
  facet normal 7.851374e-03 -9.993416e-01 3.542240e-02
    outer loop
      vertex   1.035566e+02 1.458993e+01 -7.779702e+00
      vertex   1.034708e+02 1.457651e+01 -8.139222e+00
      vertex   1.037181e+02 1.457651e+01 -8.194040e+00
    endloop
  endfacet
  facet normal 7.215531e-03 -9.993551e-01 3.517498e-02
    outer loop
      vertex   1.035566e+02 1.458993e+01 -7.779702e+00
      vertex   1.037181e+02 1.457651e+01 -8.194040e+00
      vertex   1.036779e+02 1.458993e+01 -7.804601e+00
    endloop
  endfacet
  facet normal 1.808903e-03 -9.998416e-01 1.770593e-02
    outer loop
      vertex   1.032200e+02 1.459334e+01 -7.540068e+00
      vertex   1.032200e+02 1.459008e+01 -7.724163e+00
      vertex   1.033116e+02 1.458993e+01 -7.742098e+00
    endloop
  endfacet
  facet normal 5.345265e-03 -9.993457e-01 3.577159e-02
    outer loop
      vertex   1.033116e+02 1.458993e+01 -7.742098e+00
      vertex   1.032200e+02 1.459008e+01 -7.724163e+00
      vertex   1.032200e+02 1.457651e+01 -8.103249e+00
    endloop
  endfacet
  facet normal 5.139256e-03 -9.993449e-01 3.582384e-02
    outer loop
      vertex   1.033116e+02 1.458993e+01 -7.742098e+00
      vertex   1.032200e+02 1.457651e+01 -8.103249e+00
      vertex   1.034708e+02 1.457651e+01 -8.139222e+00
    endloop
  endfacet
  facet normal 1.423867e-02 -9.993383e-01 3.346875e-02
    outer loop
      vertex   1.042687e+02 1.458993e+01 -7.988836e+00
      vertex   1.041968e+02 1.457651e+01 -8.358853e+00
      vertex   1.043828e+02 1.458993e+01 -8.037344e+00
    endloop
  endfacet
  facet normal 1.559001e-02 -9.993440e-01 3.268728e-02
    outer loop
      vertex   1.043828e+02 1.458993e+01 -8.037344e+00
      vertex   1.041968e+02 1.457651e+01 -8.358853e+00
      vertex   1.044254e+02 1.457651e+01 -8.467905e+00
    endloop
  endfacet
  facet normal 3.504097e-02 -9.993392e-01 9.658748e-03
    outer loop
      vertex   1.064385e+02 1.458993e+01 -1.038703e+01
      vertex   1.061109e+02 1.457651e+01 -1.058684e+01
      vertex   1.064714e+02 1.458993e+01 -1.050649e+01
    endloop
  endfacet
  facet normal 3.544285e-02 -9.993408e-01 7.855906e-03
    outer loop
      vertex   1.064714e+02 1.458993e+01 -1.050649e+01
      vertex   1.061109e+02 1.457651e+01 -1.058684e+01
      vertex   1.061657e+02 1.457651e+01 -1.083416e+01
    endloop
  endfacet
  facet normal 3.488577e-02 -9.993562e-01 8.376245e-03
    outer loop
      vertex   1.064714e+02 1.458993e+01 -1.050649e+01
      vertex   1.061657e+02 1.457651e+01 -1.083416e+01
      vertex   1.065003e+02 1.458993e+01 -1.062697e+01
    endloop
  endfacet
  facet normal 1.119724e-02 -9.999260e-01 4.763663e-03
    outer loop
      vertex   1.063161e+02 1.458993e+01 -1.003617e+01
      vertex   1.065768e+02 1.459440e+01 -9.709930e+00
      vertex   1.062676e+02 1.458993e+01 -9.922152e+00
    endloop
  endfacet
  facet normal 3.089477e-02 -9.993545e-01 1.833118e-02
    outer loop
      vertex   1.060364e+02 1.458993e+01 -9.484099e+00
      vertex   1.058370e+02 1.457651e+01 -9.879487e+00
      vertex   1.060997e+02 1.458993e+01 -9.590662e+00
    endloop
  endfacet
  facet normal 2.972099e-02 -9.993495e-01 2.042703e-02
    outer loop
      vertex   1.058995e+02 1.458993e+01 -9.277584e+00
      vertex   1.057110e+02 1.457651e+01 -9.659734e+00
      vertex   1.059697e+02 1.458993e+01 -9.379701e+00
    endloop
  endfacet
  facet normal 2.838483e-02 -9.993453e-01 2.243186e-02
    outer loop
      vertex   1.057491e+02 1.458993e+01 -9.080645e+00
      vertex   1.055687e+02 1.457651e+01 -9.450131e+00
      vertex   1.058260e+02 1.458993e+01 -9.177862e+00
    endloop
  endfacet
  facet normal 2.689403e-02 -9.993421e-01 2.433176e-02
    outer loop
      vertex   1.055860e+02 1.458993e+01 -8.894156e+00
      vertex   1.054110e+02 1.457651e+01 -9.251878e+00
      vertex   1.056691e+02 1.458993e+01 -8.986042e+00
    endloop
  endfacet
  facet normal 5.498687e-03 -9.999260e-01 1.085519e-02
    outer loop
      vertex   1.046056e+02 1.458993e+01 -8.145615e+00
      vertex   1.045950e+02 1.459440e+01 -7.728150e+00
      vertex   1.044951e+02 1.458993e+01 -8.089623e+00
    endloop
  endfacet
  facet normal 2.036221e-03 -9.999267e-01 1.193319e-02
    outer loop
      vertex   1.034344e+02 1.458993e+01 -7.758860e+00
      vertex   1.035566e+02 1.458993e+01 -7.779702e+00
      vertex   1.035039e+02 1.459440e+01 -7.395879e+00
    endloop
  endfacet
  facet normal 5.942504e-03 -9.999821e-01 -7.207374e-04
    outer loop
      vertex   1.069435e+02 1.459440e+01 -1.178491e+01
      vertex   1.067648e+02 1.459334e+01 -1.178491e+01
      vertex   1.069090e+02 1.459440e+01 -1.206884e+01
    endloop
  endfacet
  facet normal 1.510263e-02 -9.998782e-01 3.931541e-03
    outer loop
      vertex   1.069090e+02 1.459440e+01 -1.206884e+01
      vertex   1.067648e+02 1.459334e+01 -1.178491e+01
      vertex   1.065628e+02 1.458993e+01 -1.187656e+01
    endloop
  endfacet
  facet normal 1.200915e-02 -9.999265e-01 -1.639583e-03
    outer loop
      vertex   1.069090e+02 1.459440e+01 -1.206884e+01
      vertex   1.065628e+02 1.458993e+01 -1.187656e+01
      vertex   1.065461e+02 1.458993e+01 -1.199933e+01
    endloop
  endfacet
  facet normal 3.571878e-02 -9.993500e-01 -4.876607e-03
    outer loop
      vertex   1.065461e+02 1.458993e+01 -1.199933e+01
      vertex   1.065628e+02 1.458993e+01 -1.187656e+01
      vertex   1.061657e+02 1.457651e+01 -1.203567e+01
    endloop
  endfacet
  facet normal 3.583671e-02 -9.993390e-01 -6.114999e-03
    outer loop
      vertex   1.065461e+02 1.458993e+01 -1.199933e+01
      vertex   1.061657e+02 1.457651e+01 -1.203567e+01
      vertex   1.065252e+02 1.458993e+01 -1.212147e+01
    endloop
  endfacet
  facet normal 3.542240e-02 -9.993416e-01 -7.851374e-03
    outer loop
      vertex   1.065252e+02 1.458993e+01 -1.212147e+01
      vertex   1.061657e+02 1.457651e+01 -1.203567e+01
      vertex   1.061109e+02 1.457651e+01 -1.228299e+01
    endloop
  endfacet
  facet normal 3.517498e-02 -9.993551e-01 -7.215531e-03
    outer loop
      vertex   1.065252e+02 1.458993e+01 -1.212147e+01
      vertex   1.061109e+02 1.457651e+01 -1.228299e+01
      vertex   1.065003e+02 1.458993e+01 -1.224286e+01
    endloop
  endfacet
  facet normal 3.530446e-02 -9.993407e-01 -8.476774e-03
    outer loop
      vertex   1.065003e+02 1.458993e+01 -1.224286e+01
      vertex   1.061109e+02 1.457651e+01 -1.228299e+01
      vertex   1.064714e+02 1.458993e+01 -1.236334e+01
    endloop
  endfacet
  facet normal 1.176606e-02 -9.999268e-01 -2.825090e-03
    outer loop
      vertex   1.065003e+02 1.458993e+01 -1.224286e+01
      vertex   1.064714e+02 1.458993e+01 -1.236334e+01
      vertex   1.068548e+02 1.459440e+01 -1.234967e+01
    endloop
  endfacet
  facet normal 1.177732e-02 -9.999257e-01 -3.141004e-03
    outer loop
      vertex   1.068548e+02 1.459440e+01 -1.234967e+01
      vertex   1.064714e+02 1.458993e+01 -1.236334e+01
      vertex   1.067811e+02 1.459440e+01 -1.262601e+01
    endloop
  endfacet
  facet normal 1.170494e-02 -9.999263e-01 -3.226367e-03
    outer loop
      vertex   1.067811e+02 1.459440e+01 -1.262601e+01
      vertex   1.064714e+02 1.458993e+01 -1.236334e+01
      vertex   1.064385e+02 1.458993e+01 -1.248280e+01
    endloop
  endfacet
  facet normal 1.154829e-02 -9.999268e-01 -3.601188e-03
    outer loop
      vertex   1.067811e+02 1.459440e+01 -1.262601e+01
      vertex   1.064385e+02 1.458993e+01 -1.248280e+01
      vertex   1.064016e+02 1.458993e+01 -1.260109e+01
    endloop
  endfacet
  facet normal 3.459173e-02 -9.993433e-01 -1.078699e-02
    outer loop
      vertex   1.064016e+02 1.458993e+01 -1.260109e+01
      vertex   1.064385e+02 1.458993e+01 -1.248280e+01
      vertex   1.060375e+02 1.457651e+01 -1.252546e+01
    endloop
  endfacet
  facet normal 3.434393e-02 -9.993383e-01 -1.197893e-02
    outer loop
      vertex   1.064016e+02 1.458993e+01 -1.260109e+01
      vertex   1.060375e+02 1.457651e+01 -1.252546e+01
      vertex   1.063608e+02 1.458993e+01 -1.271808e+01
    endloop
  endfacet
  facet normal 3.371502e-02 -9.993465e-01 -1.303486e-02
    outer loop
      vertex   1.063608e+02 1.458993e+01 -1.271808e+01
      vertex   1.060375e+02 1.457651e+01 -1.252546e+01
      vertex   1.063161e+02 1.458993e+01 -1.283366e+01
    endloop
  endfacet
  facet normal 1.128079e-02 -9.999269e-01 -4.361365e-03
    outer loop
      vertex   1.063608e+02 1.458993e+01 -1.271808e+01
      vertex   1.063161e+02 1.458993e+01 -1.283366e+01
      vertex   1.066883e+02 1.459440e+01 -1.289653e+01
    endloop
  endfacet
  facet normal 1.121525e-02 -9.999258e-01 -4.749274e-03
    outer loop
      vertex   1.066883e+02 1.459440e+01 -1.289653e+01
      vertex   1.063161e+02 1.458993e+01 -1.283366e+01
      vertex   1.065768e+02 1.459440e+01 -1.315990e+01
    endloop
  endfacet
  facet normal 1.119724e-02 -9.999260e-01 -4.763663e-03
    outer loop
      vertex   1.065768e+02 1.459440e+01 -1.315990e+01
      vertex   1.063161e+02 1.458993e+01 -1.283366e+01
      vertex   1.062676e+02 1.458993e+01 -1.294768e+01
    endloop
  endfacet
  facet normal 1.096467e-02 -9.999269e-01 -5.102532e-03
    outer loop
      vertex   1.065768e+02 1.459440e+01 -1.315990e+01
      vertex   1.062676e+02 1.458993e+01 -1.294768e+01
      vertex   1.062153e+02 1.458993e+01 -1.306002e+01
    endloop
  endfacet
  facet normal 3.264819e-02 -9.993514e-01 -1.519320e-02
    outer loop
      vertex   1.062153e+02 1.458993e+01 -1.306002e+01
      vertex   1.062676e+02 1.458993e+01 -1.294768e+01
      vertex   1.058370e+02 1.457651e+01 -1.299034e+01
    endloop
  endfacet
  facet normal 3.242125e-02 -9.993394e-01 -1.642295e-02
    outer loop
      vertex   1.062153e+02 1.458993e+01 -1.306002e+01
      vertex   1.058370e+02 1.457651e+01 -1.299034e+01
      vertex   1.061593e+02 1.458993e+01 -1.317056e+01
    endloop
  endfacet
  facet normal 3.150289e-02 -9.993404e-01 -1.806539e-02
    outer loop
      vertex   1.061593e+02 1.458993e+01 -1.317056e+01
      vertex   1.058370e+02 1.457651e+01 -1.299034e+01
      vertex   1.057110e+02 1.457651e+01 -1.321010e+01
    endloop
  endfacet
  facet normal 3.143246e-02 -9.993568e-01 -1.726118e-02
    outer loop
      vertex   1.061593e+02 1.458993e+01 -1.317056e+01
      vertex   1.057110e+02 1.457651e+01 -1.321010e+01
      vertex   1.060997e+02 1.458993e+01 -1.327917e+01
    endloop
  endfacet
  facet normal 3.120867e-02 -9.993413e-01 -1.851743e-02
    outer loop
      vertex   1.060997e+02 1.458993e+01 -1.327917e+01
      vertex   1.057110e+02 1.457651e+01 -1.321010e+01
      vertex   1.060364e+02 1.458993e+01 -1.338573e+01
    endloop
  endfacet
  facet normal 1.045270e-02 -9.999261e-01 -6.202032e-03
    outer loop
      vertex   1.060997e+02 1.458993e+01 -1.327917e+01
      vertex   1.060364e+02 1.458993e+01 -1.338573e+01
      vertex   1.064471e+02 1.459440e+01 -1.341482e+01
    endloop
  endfacet
  facet normal 1.044788e-02 -9.999258e-01 -6.269982e-03
    outer loop
      vertex   1.064471e+02 1.459440e+01 -1.341482e+01
      vertex   1.060364e+02 1.458993e+01 -1.338573e+01
      vertex   1.062999e+02 1.459440e+01 -1.366006e+01
    endloop
  endfacet
  facet normal 1.019191e-02 -9.999268e-01 -6.515862e-03
    outer loop
      vertex   1.062999e+02 1.459440e+01 -1.366006e+01
      vertex   1.060364e+02 1.458993e+01 -1.338573e+01
      vertex   1.059697e+02 1.458993e+01 -1.349013e+01
    endloop
  endfacet
  facet normal 1.000604e-02 -9.999263e-01 -6.877079e-03
    outer loop
      vertex   1.062999e+02 1.459440e+01 -1.366006e+01
      vertex   1.059697e+02 1.458993e+01 -1.349013e+01
      vertex   1.058995e+02 1.458993e+01 -1.359225e+01
    endloop
  endfacet
  facet normal 2.983957e-02 -9.993443e-01 -2.050853e-02
    outer loop
      vertex   1.058995e+02 1.458993e+01 -1.359225e+01
      vertex   1.059697e+02 1.458993e+01 -1.349013e+01
      vertex   1.055687e+02 1.457651e+01 -1.341970e+01
    endloop
  endfacet
  facet normal 2.927480e-02 -9.993382e-01 -2.159072e-02
    outer loop
      vertex   1.058995e+02 1.458993e+01 -1.359225e+01
      vertex   1.055687e+02 1.457651e+01 -1.341970e+01
      vertex   1.058260e+02 1.458993e+01 -1.369197e+01
    endloop
  endfacet
  facet normal 2.830091e-02 -9.993459e-01 -2.251117e-02
    outer loop
      vertex   1.058260e+02 1.458993e+01 -1.369197e+01
      vertex   1.055687e+02 1.457651e+01 -1.341970e+01
      vertex   1.054110e+02 1.457651e+01 -1.361795e+01
    endloop
  endfacet
  facet normal 2.832374e-02 -9.993482e-01 -2.238358e-02
    outer loop
      vertex   1.058260e+02 1.458993e+01 -1.369197e+01
      vertex   1.054110e+02 1.457651e+01 -1.361795e+01
      vertex   1.057491e+02 1.458993e+01 -1.378918e+01
    endloop
  endfacet
  facet normal 2.776499e-02 -9.993385e-01 -2.348607e-02
    outer loop
      vertex   1.057491e+02 1.458993e+01 -1.378918e+01
      vertex   1.054110e+02 1.457651e+01 -1.361795e+01
      vertex   1.056691e+02 1.458993e+01 -1.388379e+01
    endloop
  endfacet
  facet normal 9.242514e-03 -9.999267e-01 -7.818134e-03
    outer loop
      vertex   1.057491e+02 1.458993e+01 -1.378918e+01
      vertex   1.056691e+02 1.458993e+01 -1.388379e+01
      vertex   1.059560e+02 1.459440e+01 -1.411672e+01
    endloop
  endfacet
  facet normal 8.987983e-03 -9.999265e-01 -8.131670e-03
    outer loop
      vertex   1.059560e+02 1.459440e+01 -1.411672e+01
      vertex   1.056691e+02 1.458993e+01 -1.388379e+01
      vertex   1.055860e+02 1.458993e+01 -1.397567e+01
    endloop
  endfacet
  facet normal 8.918108e-03 -9.999257e-01 -8.314974e-03
    outer loop
      vertex   1.059560e+02 1.459440e+01 -1.411672e+01
      vertex   1.055860e+02 1.458993e+01 -1.397567e+01
      vertex   1.057610e+02 1.459440e+01 -1.432591e+01
    endloop
  endfacet
  facet normal 8.706223e-03 -9.999266e-01 -8.420872e-03
    outer loop
      vertex   1.057610e+02 1.459440e+01 -1.432591e+01
      vertex   1.055860e+02 1.458993e+01 -1.397567e+01
      vertex   1.054998e+02 1.458993e+01 -1.406474e+01
    endloop
  endfacet
  facet normal 8.420872e-03 -9.999266e-01 -8.706223e-03
    outer loop
      vertex   1.057610e+02 1.459440e+01 -1.432591e+01
      vertex   1.054998e+02 1.458993e+01 -1.406474e+01
      vertex   1.054108e+02 1.458993e+01 -1.415088e+01
    endloop
  endfacet
  facet normal 2.525767e-02 -9.993398e-01 -2.611356e-02
    outer loop
      vertex   1.054108e+02 1.458993e+01 -1.415088e+01
      vertex   1.054998e+02 1.458993e+01 -1.406474e+01
      vertex   1.052388e+02 1.457651e+01 -1.380372e+01
    endloop
  endfacet
  facet normal 2.453957e-02 -9.993484e-01 -2.646957e-02
    outer loop
      vertex   1.054108e+02 1.458993e+01 -1.415088e+01
      vertex   1.052388e+02 1.457651e+01 -1.380372e+01
      vertex   1.050530e+02 1.457651e+01 -1.397595e+01
    endloop
  endfacet
  facet normal 1.770593e-02 -9.998416e-01 -1.808903e-03
    outer loop
      vertex   1.067648e+02 1.459334e+01 -1.178491e+01
      vertex   1.065808e+02 1.459008e+01 -1.178491e+01
      vertex   1.065628e+02 1.458993e+01 -1.187656e+01
    endloop
  endfacet
  facet normal 3.577159e-02 -9.993457e-01 -5.345265e-03
    outer loop
      vertex   1.065628e+02 1.458993e+01 -1.187656e+01
      vertex   1.065808e+02 1.459008e+01 -1.178491e+01
      vertex   1.062017e+02 1.457651e+01 -1.178491e+01
    endloop
  endfacet
  facet normal 3.582384e-02 -9.993449e-01 -5.139256e-03
    outer loop
      vertex   1.065628e+02 1.458993e+01 -1.187656e+01
      vertex   1.062017e+02 1.457651e+01 -1.178491e+01
      vertex   1.061657e+02 1.457651e+01 -1.203567e+01
    endloop
  endfacet
  facet normal 3.504097e-02 -9.993392e-01 -9.658748e-03
    outer loop
      vertex   1.064714e+02 1.458993e+01 -1.236334e+01
      vertex   1.061109e+02 1.457651e+01 -1.228299e+01
      vertex   1.064385e+02 1.458993e+01 -1.248280e+01
    endloop
  endfacet
  facet normal 3.455643e-02 -9.993481e-01 -1.045375e-02
    outer loop
      vertex   1.064385e+02 1.458993e+01 -1.248280e+01
      vertex   1.061109e+02 1.457651e+01 -1.228299e+01
      vertex   1.060375e+02 1.457651e+01 -1.252546e+01
    endloop
  endfacet
  facet normal 3.370065e-02 -9.993468e-01 -1.304786e-02
    outer loop
      vertex   1.060375e+02 1.457651e+01 -1.252546e+01
      vertex   1.059461e+02 1.457651e+01 -1.276169e+01
      vertex   1.063161e+02 1.458993e+01 -1.283366e+01
    endloop
  endfacet
  facet normal 3.346875e-02 -9.993383e-01 -1.423867e-02
    outer loop
      vertex   1.063161e+02 1.458993e+01 -1.283366e+01
      vertex   1.059461e+02 1.457651e+01 -1.276169e+01
      vertex   1.062676e+02 1.458993e+01 -1.294768e+01
    endloop
  endfacet
  facet normal 3.268728e-02 -9.993440e-01 -1.559001e-02
    outer loop
      vertex   1.059461e+02 1.457651e+01 -1.276169e+01
      vertex   1.058370e+02 1.457651e+01 -1.299034e+01
      vertex   1.062676e+02 1.458993e+01 -1.294768e+01
    endloop
  endfacet
  facet normal 3.063288e-02 -9.993388e-01 -1.958412e-02
    outer loop
      vertex   1.060364e+02 1.458993e+01 -1.338573e+01
      vertex   1.057110e+02 1.457651e+01 -1.321010e+01
      vertex   1.059697e+02 1.458993e+01 -1.349013e+01
    endloop
  endfacet
  facet normal 2.987978e-02 -9.993477e-01 -2.028026e-02
    outer loop
      vertex   1.059697e+02 1.458993e+01 -1.349013e+01
      vertex   1.057110e+02 1.457651e+01 -1.321010e+01
      vertex   1.055687e+02 1.457651e+01 -1.341970e+01
    endloop
  endfacet
  facet normal 2.657721e-02 -9.993431e-01 -2.463936e-02
    outer loop
      vertex   1.054110e+02 1.457651e+01 -1.361795e+01
      vertex   1.052388e+02 1.457651e+01 -1.380372e+01
      vertex   1.056691e+02 1.458993e+01 -1.388379e+01
    endloop
  endfacet
  facet normal 2.667212e-02 -9.993529e-01 -2.413098e-02
    outer loop
      vertex   1.056691e+02 1.458993e+01 -1.388379e+01
      vertex   1.052388e+02 1.457651e+01 -1.380372e+01
      vertex   1.055860e+02 1.458993e+01 -1.397567e+01
    endloop
  endfacet
  facet normal 2.248746e-02 -9.993473e-01 -2.827110e-02
    outer loop
      vertex   1.048548e+02 1.457651e+01 -1.413364e+01
      vertex   1.052243e+02 1.458993e+01 -1.431404e+01
      vertex   1.050530e+02 1.457651e+01 -1.397595e+01
    endloop
  endfacet
  facet normal 2.348607e-02 -9.993385e-01 -2.776499e-02
    outer loop
      vertex   1.050530e+02 1.457651e+01 -1.397595e+01
      vertex   1.052243e+02 1.458993e+01 -1.431404e+01
      vertex   1.053189e+02 1.458993e+01 -1.423402e+01
    endloop
  endfacet
  facet normal 2.433176e-02 -9.993421e-01 -2.689403e-02
    outer loop
      vertex   1.050530e+02 1.457651e+01 -1.397595e+01
      vertex   1.053189e+02 1.458993e+01 -1.423402e+01
      vertex   1.054108e+02 1.458993e+01 -1.415088e+01
    endloop
  endfacet
  facet normal 8.131670e-03 -9.999265e-01 -8.987983e-03
    outer loop
      vertex   1.054108e+02 1.458993e+01 -1.415088e+01
      vertex   1.053189e+02 1.458993e+01 -1.423402e+01
      vertex   1.055518e+02 1.459440e+01 -1.452095e+01
    endloop
  endfacet
  facet normal 8.314974e-03 -9.999257e-01 -8.918108e-03
    outer loop
      vertex   1.054108e+02 1.458993e+01 -1.415088e+01
      vertex   1.055518e+02 1.459440e+01 -1.452095e+01
      vertex   1.057610e+02 1.459440e+01 -1.432591e+01
    endloop
  endfacet
  facet normal 2.031981e-02 -9.993452e-01 -2.993805e-02
    outer loop
      vertex   1.046452e+02 1.457651e+01 -1.427591e+01
      vertex   1.050273e+02 1.458993e+01 -1.446441e+01
      vertex   1.048548e+02 1.457651e+01 -1.413364e+01
    endloop
  endfacet
  facet normal 2.159072e-02 -9.993382e-01 -2.927480e-02
    outer loop
      vertex   1.048548e+02 1.457651e+01 -1.413364e+01
      vertex   1.050273e+02 1.458993e+01 -1.446441e+01
      vertex   1.051271e+02 1.458993e+01 -1.439087e+01
    endloop
  endfacet
  facet normal 2.243186e-02 -9.993453e-01 -2.838483e-02
    outer loop
      vertex   1.048548e+02 1.457651e+01 -1.413364e+01
      vertex   1.051271e+02 1.458993e+01 -1.439087e+01
      vertex   1.052243e+02 1.458993e+01 -1.431404e+01
    endloop
  endfacet
  facet normal 7.521146e-03 -9.999264e-01 -9.517109e-03
    outer loop
      vertex   1.052243e+02 1.458993e+01 -1.431404e+01
      vertex   1.051271e+02 1.458993e+01 -1.439087e+01
      vertex   1.053295e+02 1.459440e+01 -1.470089e+01
    endloop
  endfacet
  facet normal 7.670286e-03 -9.999257e-01 -9.476534e-03
    outer loop
      vertex   1.052243e+02 1.458993e+01 -1.431404e+01
      vertex   1.053295e+02 1.459440e+01 -1.470089e+01
      vertex   1.055518e+02 1.459440e+01 -1.452095e+01
    endloop
  endfacet
  facet normal 1.804339e-02 -9.993420e-01 -3.146453e-02
    outer loop
      vertex   1.044254e+02 1.457651e+01 -1.440192e+01
      vertex   1.048208e+02 1.458993e+01 -1.460134e+01
      vertex   1.046452e+02 1.457651e+01 -1.427591e+01
    endloop
  endfacet
  facet normal 1.958412e-02 -9.993388e-01 -3.063288e-02
    outer loop
      vertex   1.046452e+02 1.457651e+01 -1.427591e+01
      vertex   1.048208e+02 1.458993e+01 -1.460134e+01
      vertex   1.049252e+02 1.458993e+01 -1.453460e+01
    endloop
  endfacet
  facet normal 2.042703e-02 -9.993495e-01 -2.972099e-02
    outer loop
      vertex   1.046452e+02 1.457651e+01 -1.427591e+01
      vertex   1.049252e+02 1.458993e+01 -1.453460e+01
      vertex   1.050273e+02 1.458993e+01 -1.446441e+01
    endloop
  endfacet
  facet normal 6.877079e-03 -9.999263e-01 -1.000604e-02
    outer loop
      vertex   1.050273e+02 1.458993e+01 -1.446441e+01
      vertex   1.049252e+02 1.458993e+01 -1.453460e+01
      vertex   1.050951e+02 1.459440e+01 -1.486484e+01
    endloop
  endfacet
  facet normal 6.987426e-03 -9.999257e-01 -9.987341e-03
    outer loop
      vertex   1.050273e+02 1.458993e+01 -1.446441e+01
      vertex   1.050951e+02 1.459440e+01 -1.486484e+01
      vertex   1.053295e+02 1.459440e+01 -1.470089e+01
    endloop
  endfacet
  facet normal 1.554077e-02 -9.993482e-01 -3.258405e-02
    outer loop
      vertex   1.041968e+02 1.457651e+01 -1.451098e+01
      vertex   1.044951e+02 1.458993e+01 -1.478021e+01
      vertex   1.044254e+02 1.457651e+01 -1.440192e+01
    endloop
  endfacet
  facet normal 1.642295e-02 -9.993394e-01 -3.242125e-02
    outer loop
      vertex   1.044254e+02 1.457651e+01 -1.440192e+01
      vertex   1.044951e+02 1.458993e+01 -1.478021e+01
      vertex   1.046056e+02 1.458993e+01 -1.472421e+01
    endloop
  endfacet
  facet normal 1.747971e-02 -9.993404e-01 -3.183039e-02
    outer loop
      vertex   1.044254e+02 1.457651e+01 -1.440192e+01
      vertex   1.046056e+02 1.458993e+01 -1.472421e+01
      vertex   1.047143e+02 1.458993e+01 -1.466457e+01
    endloop
  endfacet
  facet normal 5.821675e-03 -9.999269e-01 -1.060122e-02
    outer loop
      vertex   1.047143e+02 1.458993e+01 -1.466457e+01
      vertex   1.046056e+02 1.458993e+01 -1.472421e+01
      vertex   1.048499e+02 1.459440e+01 -1.501201e+01
    endloop
  endfacet
  facet normal 6.202032e-03 -9.999261e-01 -1.045270e-02
    outer loop
      vertex   1.047143e+02 1.458993e+01 -1.466457e+01
      vertex   1.048499e+02 1.459440e+01 -1.501201e+01
      vertex   1.048208e+02 1.458993e+01 -1.460134e+01
    endloop
  endfacet
  facet normal 6.269982e-03 -9.999258e-01 -1.044788e-02
    outer loop
      vertex   1.048208e+02 1.458993e+01 -1.460134e+01
      vertex   1.048499e+02 1.459440e+01 -1.501201e+01
      vertex   1.050951e+02 1.459440e+01 -1.486484e+01
    endloop
  endfacet
  facet normal 6.515862e-03 -9.999268e-01 -1.019191e-02
    outer loop
      vertex   1.048208e+02 1.458993e+01 -1.460134e+01
      vertex   1.050951e+02 1.459440e+01 -1.486484e+01
      vertex   1.049252e+02 1.458993e+01 -1.453460e+01
    endloop
  endfacet
  facet normal 1.304786e-02 -9.993468e-01 -3.370065e-02
    outer loop
      vertex   1.039605e+02 1.457651e+01 -1.460244e+01
      vertex   1.042687e+02 1.458993e+01 -1.488099e+01
      vertex   1.041968e+02 1.457651e+01 -1.451098e+01
    endloop
  endfacet
  facet normal 1.423867e-02 -9.993383e-01 -3.346875e-02
    outer loop
      vertex   1.041968e+02 1.457651e+01 -1.451098e+01
      vertex   1.042687e+02 1.458993e+01 -1.488099e+01
      vertex   1.043828e+02 1.458993e+01 -1.483249e+01
    endloop
  endfacet
  facet normal 1.529168e-02 -9.993430e-01 -3.285981e-02
    outer loop
      vertex   1.041968e+02 1.457651e+01 -1.451098e+01
      vertex   1.043828e+02 1.458993e+01 -1.483249e+01
      vertex   1.044951e+02 1.458993e+01 -1.478021e+01
    endloop
  endfacet
  facet normal 5.102532e-03 -9.999269e-01 -1.096467e-02
    outer loop
      vertex   1.044951e+02 1.458993e+01 -1.478021e+01
      vertex   1.043828e+02 1.458993e+01 -1.483249e+01
      vertex   1.045950e+02 1.459440e+01 -1.514168e+01
    endloop
  endfacet
  facet normal 5.498687e-03 -9.999260e-01 -1.085519e-02
    outer loop
      vertex   1.044951e+02 1.458993e+01 -1.478021e+01
      vertex   1.045950e+02 1.459440e+01 -1.514168e+01
      vertex   1.046056e+02 1.458993e+01 -1.472421e+01
    endloop
  endfacet
  facet normal 5.521729e-03 -9.999258e-01 -1.085578e-02
    outer loop
      vertex   1.046056e+02 1.458993e+01 -1.472421e+01
      vertex   1.045950e+02 1.459440e+01 -1.514168e+01
      vertex   1.048499e+02 1.459440e+01 -1.501201e+01
    endloop
  endfacet
  facet normal 1.048351e-02 -9.993444e-01 -3.465481e-02
    outer loop
      vertex   1.037181e+02 1.457651e+01 -1.467579e+01
      vertex   1.040362e+02 1.458993e+01 -1.496648e+01
      vertex   1.039605e+02 1.457651e+01 -1.460244e+01
    endloop
  endfacet
  facet normal 1.197893e-02 -9.993383e-01 -3.434393e-02
    outer loop
      vertex   1.039605e+02 1.457651e+01 -1.460244e+01
      vertex   1.040362e+02 1.458993e+01 -1.496648e+01
      vertex   1.041532e+02 1.458993e+01 -1.492568e+01
    endloop
  endfacet
  facet normal 1.303486e-02 -9.993465e-01 -3.371502e-02
    outer loop
      vertex   1.039605e+02 1.457651e+01 -1.460244e+01
      vertex   1.041532e+02 1.458993e+01 -1.492568e+01
      vertex   1.042687e+02 1.458993e+01 -1.488099e+01
    endloop
  endfacet
  facet normal 4.361365e-03 -9.999269e-01 -1.128079e-02
    outer loop
      vertex   1.042687e+02 1.458993e+01 -1.488099e+01
      vertex   1.041532e+02 1.458993e+01 -1.492568e+01
      vertex   1.043316e+02 1.459440e+01 -1.525321e+01
    endloop
  endfacet
  facet normal 4.749274e-03 -9.999258e-01 -1.121525e-02
    outer loop
      vertex   1.042687e+02 1.458993e+01 -1.488099e+01
      vertex   1.043316e+02 1.459440e+01 -1.525321e+01
      vertex   1.045950e+02 1.459440e+01 -1.514168e+01
    endloop
  endfacet
  facet normal 7.855906e-03 -9.993408e-01 -3.544285e-02
    outer loop
      vertex   1.034708e+02 1.457651e+01 -1.473061e+01
      vertex   1.037984e+02 1.458993e+01 -1.503630e+01
      vertex   1.037181e+02 1.457651e+01 -1.467579e+01
    endloop
  endfacet
  facet normal 9.658748e-03 -9.993392e-01 -3.504097e-02
    outer loop
      vertex   1.037181e+02 1.457651e+01 -1.467579e+01
      vertex   1.037984e+02 1.458993e+01 -1.503630e+01
      vertex   1.039179e+02 1.458993e+01 -1.500337e+01
    endloop
  endfacet
  facet normal 1.072452e-02 -9.993509e-01 -3.439139e-02
    outer loop
      vertex   1.037181e+02 1.457651e+01 -1.467579e+01
      vertex   1.039179e+02 1.458993e+01 -1.500337e+01
      vertex   1.040362e+02 1.458993e+01 -1.496648e+01
    endloop
  endfacet
  facet normal 3.601188e-03 -9.999268e-01 -1.154829e-02
    outer loop
      vertex   1.040362e+02 1.458993e+01 -1.496648e+01
      vertex   1.039179e+02 1.458993e+01 -1.500337e+01
      vertex   1.040611e+02 1.459440e+01 -1.534605e+01
    endloop
  endfacet
  facet normal 3.955355e-03 -9.999258e-01 -1.152502e-02
    outer loop
      vertex   1.040362e+02 1.458993e+01 -1.496648e+01
      vertex   1.040611e+02 1.459440e+01 -1.534605e+01
      vertex   1.043316e+02 1.459440e+01 -1.525321e+01
    endloop
  endfacet
  facet normal 5.127613e-03 -9.993479e-01 -3.574268e-02
    outer loop
      vertex   1.032200e+02 1.457651e+01 -1.476658e+01
      vertex   1.034344e+02 1.458993e+01 -1.511097e+01
      vertex   1.034708e+02 1.457651e+01 -1.473061e+01
    endloop
  endfacet
  facet normal 6.114999e-03 -9.993390e-01 -3.583671e-02
    outer loop
      vertex   1.034708e+02 1.457651e+01 -1.473061e+01
      vertex   1.034344e+02 1.458993e+01 -1.511097e+01
      vertex   1.035566e+02 1.458993e+01 -1.509013e+01
    endloop
  endfacet
  facet normal 7.293590e-03 -9.993411e-01 -3.555551e-02
    outer loop
      vertex   1.034708e+02 1.457651e+01 -1.473061e+01
      vertex   1.035566e+02 1.458993e+01 -1.509013e+01
      vertex   1.036779e+02 1.458993e+01 -1.506523e+01
    endloop
  endfacet
  facet normal 2.437552e-03 -9.999264e-01 -1.188282e-02
    outer loop
      vertex   1.036779e+02 1.458993e+01 -1.506523e+01
      vertex   1.035566e+02 1.458993e+01 -1.509013e+01
      vertex   1.037848e+02 1.459440e+01 -1.541975e+01
    endloop
  endfacet
  facet normal 2.825090e-03 -9.999268e-01 -1.176606e-02
    outer loop
      vertex   1.036779e+02 1.458993e+01 -1.506523e+01
      vertex   1.037848e+02 1.459440e+01 -1.541975e+01
      vertex   1.037984e+02 1.458993e+01 -1.503630e+01
    endloop
  endfacet
  facet normal 3.141004e-03 -9.999257e-01 -1.177732e-02
    outer loop
      vertex   1.037984e+02 1.458993e+01 -1.503630e+01
      vertex   1.037848e+02 1.459440e+01 -1.541975e+01
      vertex   1.040611e+02 1.459440e+01 -1.534605e+01
    endloop
  endfacet
  facet normal 3.226367e-03 -9.999263e-01 -1.170494e-02
    outer loop
      vertex   1.037984e+02 1.458993e+01 -1.503630e+01
      vertex   1.040611e+02 1.459440e+01 -1.534605e+01
      vertex   1.039179e+02 1.458993e+01 -1.500337e+01
    endloop
  endfacet
  facet normal 4.899260e-03 -9.993439e-01 -3.588470e-02
    outer loop
      vertex   1.034344e+02 1.458993e+01 -1.511097e+01
      vertex   1.032200e+02 1.457651e+01 -1.476658e+01
      vertex   1.033116e+02 1.458993e+01 -1.512773e+01
    endloop
  endfacet
  facet normal 5.345265e-03 -9.993457e-01 -3.577159e-02
    outer loop
      vertex   1.033116e+02 1.458993e+01 -1.512773e+01
      vertex   1.032200e+02 1.457651e+01 -1.476658e+01
      vertex   1.032200e+02 1.459008e+01 -1.514567e+01
    endloop
  endfacet
  facet normal 1.808903e-03 -9.998416e-01 -1.770593e-02
    outer loop
      vertex   1.033116e+02 1.458993e+01 -1.512773e+01
      vertex   1.032200e+02 1.459008e+01 -1.514567e+01
      vertex   1.032200e+02 1.459334e+01 -1.532976e+01
    endloop
  endfacet
  facet normal 7.207374e-04 -9.999821e-01 -5.942504e-03
    outer loop
      vertex   1.032200e+02 1.459440e+01 -1.550839e+01
      vertex   1.035039e+02 1.459440e+01 -1.547395e+01
      vertex   1.032200e+02 1.459334e+01 -1.532976e+01
    endloop
  endfacet
  facet normal -3.931541e-03 -9.998782e-01 -1.510263e-02
    outer loop
      vertex   1.032200e+02 1.459334e+01 -1.532976e+01
      vertex   1.035039e+02 1.459440e+01 -1.547395e+01
      vertex   1.033116e+02 1.458993e+01 -1.512773e+01
    endloop
  endfacet
  facet normal 2.310467e-03 -9.999257e-01 -1.197079e-02
    outer loop
      vertex   1.037848e+02 1.459440e+01 -1.541975e+01
      vertex   1.035566e+02 1.458993e+01 -1.509013e+01
      vertex   1.035039e+02 1.459440e+01 -1.547395e+01
    endloop
  endfacet
  facet normal 2.036221e-03 -9.999267e-01 -1.193319e-02
    outer loop
      vertex   1.035039e+02 1.459440e+01 -1.547395e+01
      vertex   1.035566e+02 1.458993e+01 -1.509013e+01
      vertex   1.034344e+02 1.458993e+01 -1.511097e+01
    endloop
  endfacet
  facet normal 1.639583e-03 -9.999265e-01 -1.200915e-02
    outer loop
      vertex   1.035039e+02 1.459440e+01 -1.547395e+01
      vertex   1.034344e+02 1.458993e+01 -1.511097e+01
      vertex   1.033116e+02 1.458993e+01 -1.512773e+01
    endloop
  endfacet
  facet normal 9.476534e-03 -9.999257e-01 -7.670286e-03
    outer loop
      vertex   1.059560e+02 1.459440e+01 -1.411672e+01
      vertex   1.061360e+02 1.459440e+01 -1.389441e+01
      vertex   1.057491e+02 1.458993e+01 -1.378918e+01
    endloop
  endfacet
  facet normal 9.517109e-03 -9.999264e-01 -7.521146e-03
    outer loop
      vertex   1.057491e+02 1.458993e+01 -1.378918e+01
      vertex   1.061360e+02 1.459440e+01 -1.389441e+01
      vertex   1.058260e+02 1.458993e+01 -1.369197e+01
    endloop
  endfacet
  facet normal 9.738406e-03 -9.999268e-01 -7.182259e-03
    outer loop
      vertex   1.058260e+02 1.458993e+01 -1.369197e+01
      vertex   1.061360e+02 1.459440e+01 -1.389441e+01
      vertex   1.058995e+02 1.458993e+01 -1.359225e+01
    endloop
  endfacet
  facet normal 9.987341e-03 -9.999257e-01 -6.987426e-03
    outer loop
      vertex   1.058995e+02 1.458993e+01 -1.359225e+01
      vertex   1.061360e+02 1.459440e+01 -1.389441e+01
      vertex   1.062999e+02 1.459440e+01 -1.366006e+01
    endloop
  endfacet
  facet normal 1.060122e-02 -9.999269e-01 -5.821675e-03
    outer loop
      vertex   1.060997e+02 1.458993e+01 -1.327917e+01
      vertex   1.064471e+02 1.459440e+01 -1.341482e+01
      vertex   1.061593e+02 1.458993e+01 -1.317056e+01
    endloop
  endfacet
  facet normal 1.085578e-02 -9.999258e-01 -5.521729e-03
    outer loop
      vertex   1.061593e+02 1.458993e+01 -1.317056e+01
      vertex   1.064471e+02 1.459440e+01 -1.341482e+01
      vertex   1.065768e+02 1.459440e+01 -1.315990e+01
    endloop
  endfacet
  facet normal 1.085519e-02 -9.999260e-01 -5.498687e-03
    outer loop
      vertex   1.061593e+02 1.458993e+01 -1.317056e+01
      vertex   1.065768e+02 1.459440e+01 -1.315990e+01
      vertex   1.062153e+02 1.458993e+01 -1.306002e+01
    endloop
  endfacet
  facet normal 1.147614e-02 -9.999261e-01 -4.002800e-03
    outer loop
      vertex   1.063608e+02 1.458993e+01 -1.271808e+01
      vertex   1.066883e+02 1.459440e+01 -1.289653e+01
      vertex   1.064016e+02 1.458993e+01 -1.260109e+01
    endloop
  endfacet
  facet normal 1.152502e-02 -9.999258e-01 -3.955355e-03
    outer loop
      vertex   1.064016e+02 1.458993e+01 -1.260109e+01
      vertex   1.066883e+02 1.459440e+01 -1.289653e+01
      vertex   1.067811e+02 1.459440e+01 -1.262601e+01
    endloop
  endfacet
  facet normal 1.188282e-02 -9.999264e-01 -2.437552e-03
    outer loop
      vertex   1.065003e+02 1.458993e+01 -1.224286e+01
      vertex   1.068548e+02 1.459440e+01 -1.234967e+01
      vertex   1.065252e+02 1.458993e+01 -1.212147e+01
    endloop
  endfacet
  facet normal 1.197079e-02 -9.999257e-01 -2.310467e-03
    outer loop
      vertex   1.065252e+02 1.458993e+01 -1.212147e+01
      vertex   1.068548e+02 1.459440e+01 -1.234967e+01
      vertex   1.069090e+02 1.459440e+01 -1.206884e+01
    endloop
  endfacet
  facet normal 1.193319e-02 -9.999267e-01 -2.036221e-03
    outer loop
      vertex   1.065252e+02 1.458993e+01 -1.212147e+01
      vertex   1.069090e+02 1.459440e+01 -1.206884e+01
      vertex   1.065461e+02 1.458993e+01 -1.199933e+01
    endloop
  endfacet
  facet normal 8.376245e-03 -9.993562e-01 -3.488577e-02
    outer loop
      vertex   1.037984e+02 1.458993e+01 -1.503630e+01
      vertex   1.034708e+02 1.457651e+01 -1.473061e+01
      vertex   1.036779e+02 1.458993e+01 -1.506523e+01
    endloop
  endfacet
  facet normal 4.002800e-03 -9.999261e-01 -1.147614e-02
    outer loop
      vertex   1.040362e+02 1.458993e+01 -1.496648e+01
      vertex   1.043316e+02 1.459440e+01 -1.525321e+01
      vertex   1.041532e+02 1.458993e+01 -1.492568e+01
    endloop
  endfacet
  facet normal 4.763663e-03 -9.999260e-01 -1.119724e-02
    outer loop
      vertex   1.042687e+02 1.458993e+01 -1.488099e+01
      vertex   1.045950e+02 1.459440e+01 -1.514168e+01
      vertex   1.043828e+02 1.458993e+01 -1.483249e+01
    endloop
  endfacet
  facet normal 1.833118e-02 -9.993545e-01 -3.089477e-02
    outer loop
      vertex   1.048208e+02 1.458993e+01 -1.460134e+01
      vertex   1.044254e+02 1.457651e+01 -1.440192e+01
      vertex   1.047143e+02 1.458993e+01 -1.466457e+01
    endloop
  endfacet
  facet normal 2.611356e-02 -9.993398e-01 -2.525767e-02
    outer loop
      vertex   1.052388e+02 1.457651e+01 -1.380372e+01
      vertex   1.054998e+02 1.458993e+01 -1.406474e+01
      vertex   1.055860e+02 1.458993e+01 -1.397567e+01
    endloop
  endfacet
  facet normal 7.818134e-03 -9.999267e-01 -9.242514e-03
    outer loop
      vertex   1.052243e+02 1.458993e+01 -1.431404e+01
      vertex   1.055518e+02 1.459440e+01 -1.452095e+01
      vertex   1.053189e+02 1.458993e+01 -1.423402e+01
    endloop
  endfacet
  facet normal 7.182259e-03 -9.999268e-01 -9.738406e-03
    outer loop
      vertex   1.050273e+02 1.458993e+01 -1.446441e+01
      vertex   1.053295e+02 1.459440e+01 -1.470089e+01
      vertex   1.051271e+02 1.458993e+01 -1.439087e+01
    endloop
  endfacet
  facet normal 1.211687e-02 -9.945687e-01 -1.033743e-01
    outer loop
      vertex   1.025200e+02 1.459440e+01 -7.149183e+00
      vertex   1.025200e+02 1.458933e+01 -7.100389e+00
      vertex   1.022194e+02 1.459440e+01 -7.184413e+00
    endloop
  endfacet
  facet normal 1.936937e-02 -9.914387e-01 -1.291283e-01
    outer loop
      vertex   1.022194e+02 1.459440e+01 -7.184413e+00
      vertex   1.025200e+02 1.458933e+01 -7.100389e+00
      vertex   1.022416e+02 1.458588e+01 -7.115677e+00
    endloop
  endfacet
  facet normal 2.349126e-02 -9.911795e-01 -1.304276e-01
    outer loop
      vertex   1.022194e+02 1.459440e+01 -7.184413e+00
      vertex   1.022416e+02 1.458588e+01 -7.115677e+00
      vertex   1.019519e+02 1.458588e+01 -7.167865e+00
    endloop
  endfacet
  facet normal 6.786642e-02 -9.238025e-01 -3.768064e-01
    outer loop
      vertex   1.019519e+02 1.458588e+01 -7.167865e+00
      vertex   1.022416e+02 1.458588e+01 -7.115677e+00
      vertex   1.022330e+02 1.456091e+01 -7.056010e+00
    endloop
  endfacet
  facet normal 6.786642e-02 -9.238025e-01 -3.768064e-01
    outer loop
      vertex   1.019519e+02 1.458588e+01 -7.167865e+00
      vertex   1.022330e+02 1.456091e+01 -7.056010e+00
      vertex   1.019392e+02 1.456091e+01 -7.108919e+00
    endloop
  endfacet
  facet normal 1.079461e-01 -7.931860e-01 -5.993360e-01
    outer loop
      vertex   1.019392e+02 1.456091e+01 -7.108919e+00
      vertex   1.022330e+02 1.456091e+01 -7.056010e+00
      vertex   1.022255e+02 1.452118e+01 -7.004773e+00
    endloop
  endfacet
  facet normal 1.079461e-01 -7.931860e-01 -5.993360e-01
    outer loop
      vertex   1.019392e+02 1.456091e+01 -7.108919e+00
      vertex   1.022255e+02 1.452118e+01 -7.004773e+00
      vertex   1.019283e+02 1.452118e+01 -7.058300e+00
    endloop
  endfacet
  facet normal 1.406574e-01 -6.085434e-01 -7.809548e-01
    outer loop
      vertex   1.019283e+02 1.452118e+01 -7.058300e+00
      vertex   1.022255e+02 1.452118e+01 -7.004773e+00
      vertex   1.022198e+02 1.446940e+01 -6.965457e+00
    endloop
  endfacet
  facet normal 1.406574e-01 -6.085434e-01 -7.809548e-01
    outer loop
      vertex   1.019283e+02 1.452118e+01 -7.058300e+00
      vertex   1.022198e+02 1.446940e+01 -6.965457e+00
      vertex   1.019200e+02 1.446940e+01 -7.019460e+00
    endloop
  endfacet
  facet normal 1.637781e-01 -3.824976e-01 -9.093252e-01
    outer loop
      vertex   1.019200e+02 1.446940e+01 -7.019460e+00
      vertex   1.022198e+02 1.446940e+01 -6.965457e+00
      vertex   1.022162e+02 1.440910e+01 -6.940742e+00
    endloop
  endfacet
  facet normal 1.637781e-01 -3.824976e-01 -9.093252e-01
    outer loop
      vertex   1.019200e+02 1.446940e+01 -7.019460e+00
      vertex   1.022162e+02 1.440910e+01 -6.940742e+00
      vertex   1.019147e+02 1.440910e+01 -6.995043e+00
    endloop
  endfacet
  facet normal 1.757426e-01 -1.304532e-01 -9.757543e-01
    outer loop
      vertex   1.019147e+02 1.440910e+01 -6.995043e+00
      vertex   1.022162e+02 1.440910e+01 -6.940742e+00
      vertex   1.022150e+02 1.434440e+01 -6.932312e+00
    endloop
  endfacet
  facet normal 1.757426e-01 -1.304532e-01 -9.757543e-01
    outer loop
      vertex   1.019147e+02 1.440910e+01 -6.995043e+00
      vertex   1.022150e+02 1.434440e+01 -6.932312e+00
      vertex   1.019129e+02 1.434440e+01 -6.986715e+00
    endloop
  endfacet
  facet normal 2.743010e-02 -9.586440e-01 -2.832831e-01
    outer loop
      vertex   1.025200e+02 1.458933e+01 -7.100389e+00
      vertex   1.025200e+02 1.457542e+01 -7.053322e+00
      vertex   1.022416e+02 1.458588e+01 -7.115677e+00
    endloop
  endfacet
  facet normal 5.026713e-02 -9.238686e-01 -3.793944e-01
    outer loop
      vertex   1.022416e+02 1.458588e+01 -7.115677e+00
      vertex   1.025200e+02 1.457542e+01 -7.053322e+00
      vertex   1.022330e+02 1.456091e+01 -7.056010e+00
    endloop
  endfacet
  facet normal 4.888801e-02 -8.790154e-01 -4.742804e-01
    outer loop
      vertex   1.025200e+02 1.457542e+01 -7.053322e+00
      vertex   1.025200e+02 1.455214e+01 -7.010167e+00
      vertex   1.022330e+02 1.456091e+01 -7.056010e+00
    endloop
  endfacet
  facet normal 7.231807e-02 -7.932584e-01 -6.045753e-01
    outer loop
      vertex   1.022330e+02 1.456091e+01 -7.056010e+00
      vertex   1.025200e+02 1.455214e+01 -7.010167e+00
      vertex   1.022255e+02 1.452118e+01 -7.004773e+00
    endloop
  endfacet
  facet normal 7.012625e-02 -7.762343e-01 -6.265323e-01
    outer loop
      vertex   1.025200e+02 1.455214e+01 -7.010167e+00
      vertex   1.025200e+02 1.452130e+01 -6.971969e+00
      vertex   1.022255e+02 1.452118e+01 -7.004773e+00
    endloop
  endfacet
  facet normal 8.631340e-02 -6.292176e-01 -7.724217e-01
    outer loop
      vertex   1.022255e+02 1.452118e+01 -7.004773e+00
      vertex   1.025200e+02 1.452130e+01 -6.971969e+00
      vertex   1.025200e+02 1.448329e+01 -6.941003e+00
    endloop
  endfacet
  facet normal 9.235349e-02 -6.086133e-01 -7.880741e-01
    outer loop
      vertex   1.022255e+02 1.452118e+01 -7.004773e+00
      vertex   1.025200e+02 1.448329e+01 -6.941003e+00
      vertex   1.022198e+02 1.446940e+01 -6.965457e+00
    endloop
  endfacet
  facet normal 9.325661e-02 -4.761432e-01 -8.744089e-01
    outer loop
      vertex   1.022198e+02 1.446940e+01 -6.965457e+00
      vertex   1.025200e+02 1.448329e+01 -6.941003e+00
      vertex   1.025200e+02 1.444019e+01 -6.917531e+00
    endloop
  endfacet
  facet normal 1.092322e-01 -3.825733e-01 -9.174453e-01
    outer loop
      vertex   1.022198e+02 1.446940e+01 -6.965457e+00
      vertex   1.025200e+02 1.444019e+01 -6.917531e+00
      vertex   1.022162e+02 1.440910e+01 -6.940742e+00
    endloop
  endfacet
  facet normal 1.019219e-01 -2.843540e-01 -9.532863e-01
    outer loop
      vertex   1.022162e+02 1.440910e+01 -6.940742e+00
      vertex   1.025200e+02 1.444019e+01 -6.917531e+00
      vertex   1.025200e+02 1.439319e+01 -6.903514e+00
    endloop
  endfacet
  facet normal 1.138545e-01 -1.304708e-01 -9.848932e-01
    outer loop
      vertex   1.022162e+02 1.440910e+01 -6.940742e+00
      vertex   1.025200e+02 1.439319e+01 -6.903514e+00
      vertex   1.022150e+02 1.434440e+01 -6.932312e+00
    endloop
  endfacet
  facet normal 1.099108e-01 -1.036759e-01 -9.885196e-01
    outer loop
      vertex   1.022150e+02 1.434440e+01 -6.932312e+00
      vertex   1.025200e+02 1.439319e+01 -6.903514e+00
      vertex   1.025200e+02 1.434440e+01 -6.898396e+00
    endloop
  endfacet
  facet normal 2.411237e-01 -1.304532e-01 -9.616867e-01
    outer loop
      vertex   1.019147e+02 1.440910e+01 -6.995043e+00
      vertex   1.019129e+02 1.434440e+01 -6.986715e+00
      vertex   1.016176e+02 1.440910e+01 -7.069546e+00
    endloop
  endfacet
  facet normal 2.411237e-01 -1.304532e-01 -9.616867e-01
    outer loop
      vertex   1.016176e+02 1.440910e+01 -7.069546e+00
      vertex   1.019129e+02 1.434440e+01 -6.986715e+00
      vertex   1.016152e+02 1.434440e+01 -7.061358e+00
    endloop
  endfacet
  facet normal 3.054076e-01 -1.304532e-01 -9.432434e-01
    outer loop
      vertex   1.016176e+02 1.440910e+01 -7.069546e+00
      vertex   1.016152e+02 1.434440e+01 -7.061358e+00
      vertex   1.013261e+02 1.440910e+01 -7.163911e+00
    endloop
  endfacet
  facet normal 3.054076e-01 -1.304532e-01 -9.432434e-01
    outer loop
      vertex   1.013261e+02 1.440910e+01 -7.163911e+00
      vertex   1.016152e+02 1.434440e+01 -7.061358e+00
      vertex   1.013232e+02 1.434440e+01 -7.155900e+00
    endloop
  endfacet
  facet normal 3.683020e-01 -1.304532e-01 -9.205084e-01
    outer loop
      vertex   1.013261e+02 1.440910e+01 -7.163911e+00
      vertex   1.013232e+02 1.434440e+01 -7.155900e+00
      vertex   1.010417e+02 1.440910e+01 -7.277709e+00
    endloop
  endfacet
  facet normal 3.683020e-01 -1.304532e-01 -9.205084e-01
    outer loop
      vertex   1.010417e+02 1.440910e+01 -7.277709e+00
      vertex   1.013232e+02 1.434440e+01 -7.155900e+00
      vertex   1.010383e+02 1.434440e+01 -7.269911e+00
    endloop
  endfacet
  facet normal 4.295205e-01 -1.304532e-01 -8.935850e-01
    outer loop
      vertex   1.010417e+02 1.440910e+01 -7.277709e+00
      vertex   1.010383e+02 1.434440e+01 -7.269911e+00
      vertex   1.007656e+02 1.440910e+01 -7.410422e+00
    endloop
  endfacet
  facet normal 4.295205e-01 -1.304532e-01 -8.935850e-01
    outer loop
      vertex   1.007656e+02 1.440910e+01 -7.410422e+00
      vertex   1.010383e+02 1.434440e+01 -7.269911e+00
      vertex   1.007616e+02 1.434440e+01 -7.402874e+00
    endloop
  endfacet
  facet normal 4.887847e-01 -1.304532e-01 -8.625958e-01
    outer loop
      vertex   1.007656e+02 1.440910e+01 -7.410422e+00
      vertex   1.007616e+02 1.434440e+01 -7.402874e+00
      vertex   1.004991e+02 1.440910e+01 -7.561447e+00
    endloop
  endfacet
  facet normal 4.887847e-01 -1.304532e-01 -8.625958e-01
    outer loop
      vertex   1.004991e+02 1.440910e+01 -7.561447e+00
      vertex   1.007616e+02 1.434440e+01 -7.402874e+00
      vertex   1.004946e+02 1.434440e+01 -7.554182e+00
    endloop
  endfacet
  facet normal 5.458250e-01 -1.304532e-01 -8.276817e-01
    outer loop
      vertex   1.004991e+02 1.440910e+01 -7.561447e+00
      vertex   1.004946e+02 1.434440e+01 -7.554182e+00
      vertex   1.002433e+02 1.440910e+01 -7.730097e+00
    endloop
  endfacet
  facet normal 5.458250e-01 -1.304532e-01 -8.276817e-01
    outer loop
      vertex   1.002433e+02 1.440910e+01 -7.730097e+00
      vertex   1.004946e+02 1.434440e+01 -7.554182e+00
      vertex   1.002384e+02 1.434440e+01 -7.723147e+00
    endloop
  endfacet
  facet normal 6.003817e-01 -1.304532e-01 -7.890017e-01
    outer loop
      vertex   1.002433e+02 1.440910e+01 -7.730097e+00
      vertex   1.002384e+02 1.434440e+01 -7.723147e+00
      vertex   9.999955e+01 1.440910e+01 -7.915603e+00
    endloop
  endfacet
  facet normal 6.003817e-01 -1.304532e-01 -7.890017e-01
    outer loop
      vertex   9.999955e+01 1.440910e+01 -7.915603e+00
      vertex   1.002384e+02 1.434440e+01 -7.723147e+00
      vertex   9.999416e+01 1.434440e+01 -7.909002e+00
    endloop
  endfacet
  facet normal 6.522067e-01 -1.304532e-01 -7.467318e-01
    outer loop
      vertex   9.999955e+01 1.440910e+01 -7.915603e+00
      vertex   9.999416e+01 1.434440e+01 -7.909002e+00
      vertex   9.976882e+01 1.440910e+01 -8.117122e+00
    endloop
  endfacet
  facet normal 6.522067e-01 -1.304532e-01 -7.467318e-01
    outer loop
      vertex   9.976882e+01 1.440910e+01 -8.117122e+00
      vertex   9.999416e+01 1.434440e+01 -7.909002e+00
      vertex   9.976301e+01 1.434440e+01 -8.110899e+00
    endloop
  endfacet
  facet normal 7.010642e-01 -1.304532e-01 -7.010642e-01
    outer loop
      vertex   9.976882e+01 1.440910e+01 -8.117122e+00
      vertex   9.976301e+01 1.434440e+01 -8.110899e+00
      vertex   9.955221e+01 1.440910e+01 -8.333737e+00
    endloop
  endfacet
  facet normal 7.010642e-01 -1.304532e-01 -7.010642e-01
    outer loop
      vertex   9.955221e+01 1.440910e+01 -8.333737e+00
      vertex   9.976301e+01 1.434440e+01 -8.110899e+00
      vertex   9.954598e+01 1.434440e+01 -8.327920e+00
    endloop
  endfacet
  facet normal 7.467318e-01 -1.304532e-01 -6.522067e-01
    outer loop
      vertex   9.955221e+01 1.440910e+01 -8.333737e+00
      vertex   9.954598e+01 1.434440e+01 -8.327920e+00
      vertex   9.935069e+01 1.440910e+01 -8.564463e+00
    endloop
  endfacet
  facet normal 7.467318e-01 -1.304532e-01 -6.522067e-01
    outer loop
      vertex   9.935069e+01 1.440910e+01 -8.564463e+00
      vertex   9.954598e+01 1.434440e+01 -8.327920e+00
      vertex   9.934409e+01 1.434440e+01 -8.559079e+00
    endloop
  endfacet
  facet normal 7.890017e-01 -1.304532e-01 -6.003817e-01
    outer loop
      vertex   9.935069e+01 1.440910e+01 -8.564463e+00
      vertex   9.934409e+01 1.434440e+01 -8.559079e+00
      vertex   9.916518e+01 1.440910e+01 -8.808249e+00
    endloop
  endfacet
  facet normal 7.890017e-01 -1.304532e-01 -6.003817e-01
    outer loop
      vertex   9.916518e+01 1.440910e+01 -8.808249e+00
      vertex   9.934409e+01 1.434440e+01 -8.559079e+00
      vertex   9.915823e+01 1.434440e+01 -8.803322e+00
    endloop
  endfacet
  facet normal 8.276817e-01 -1.304532e-01 -5.458250e-01
    outer loop
      vertex   9.916518e+01 1.440910e+01 -8.808249e+00
      vertex   9.915823e+01 1.434440e+01 -8.803322e+00
      vertex   9.899653e+01 1.440910e+01 -9.063986e+00
    endloop
  endfacet
  facet normal 8.276817e-01 -1.304532e-01 -5.458250e-01
    outer loop
      vertex   9.899653e+01 1.440910e+01 -9.063986e+00
      vertex   9.915823e+01 1.434440e+01 -8.803322e+00
      vertex   9.898927e+01 1.434440e+01 -9.059539e+00
    endloop
  endfacet
  facet normal 8.625958e-01 -1.304532e-01 -4.887847e-01
    outer loop
      vertex   9.899653e+01 1.440910e+01 -9.063986e+00
      vertex   9.898927e+01 1.434440e+01 -9.059539e+00
      vertex   9.884551e+01 1.440910e+01 -9.330512e+00
    endloop
  endfacet
  facet normal 8.625958e-01 -1.304532e-01 -4.887847e-01
    outer loop
      vertex   9.884551e+01 1.440910e+01 -9.330512e+00
      vertex   9.898927e+01 1.434440e+01 -9.059539e+00
      vertex   9.883796e+01 1.434440e+01 -9.326564e+00
    endloop
  endfacet
  facet normal 8.935850e-01 -1.304532e-01 -4.295205e-01
    outer loop
      vertex   9.884551e+01 1.440910e+01 -9.330512e+00
      vertex   9.883796e+01 1.434440e+01 -9.326564e+00
      vertex   9.871279e+01 1.440910e+01 -9.606612e+00
    endloop
  endfacet
  facet normal 8.935850e-01 -1.304532e-01 -4.295205e-01
    outer loop
      vertex   9.871279e+01 1.440910e+01 -9.606612e+00
      vertex   9.883796e+01 1.434440e+01 -9.326564e+00
      vertex   9.870500e+01 1.434440e+01 -9.603183e+00
    endloop
  endfacet
  facet normal 9.205084e-01 -1.304532e-01 -3.683020e-01
    outer loop
      vertex   9.871279e+01 1.440910e+01 -9.606612e+00
      vertex   9.870500e+01 1.434440e+01 -9.603183e+00
      vertex   9.859900e+01 1.440910e+01 -9.891031e+00
    endloop
  endfacet
  facet normal 9.205084e-01 -1.304532e-01 -3.683020e-01
    outer loop
      vertex   9.859900e+01 1.440910e+01 -9.891031e+00
      vertex   9.870500e+01 1.434440e+01 -9.603183e+00
      vertex   9.859098e+01 1.434440e+01 -9.888135e+00
    endloop
  endfacet
  facet normal 9.432434e-01 -1.304532e-01 -3.054076e-01
    outer loop
      vertex   9.859900e+01 1.440910e+01 -9.891031e+00
      vertex   9.859098e+01 1.434440e+01 -9.888135e+00
      vertex   9.850463e+01 1.440910e+01 -1.018247e+01
    endloop
  endfacet
  facet normal 9.432434e-01 -1.304532e-01 -3.054076e-01
    outer loop
      vertex   9.850463e+01 1.440910e+01 -1.018247e+01
      vertex   9.859098e+01 1.434440e+01 -9.888135e+00
      vertex   9.849644e+01 1.434440e+01 -1.018013e+01
    endloop
  endfacet
  facet normal 9.616867e-01 -1.304532e-01 -2.411237e-01
    outer loop
      vertex   9.850463e+01 1.440910e+01 -1.018247e+01
      vertex   9.849644e+01 1.434440e+01 -1.018013e+01
      vertex   9.843013e+01 1.440910e+01 -1.047962e+01
    endloop
  endfacet
  facet normal 9.616867e-01 -1.304532e-01 -2.411237e-01
    outer loop
      vertex   9.843013e+01 1.440910e+01 -1.047962e+01
      vertex   9.849644e+01 1.434440e+01 -1.018013e+01
      vertex   9.842180e+01 1.434440e+01 -1.047783e+01
    endloop
  endfacet
  facet normal 9.757543e-01 -1.304532e-01 -1.757426e-01
    outer loop
      vertex   9.843013e+01 1.440910e+01 -1.047962e+01
      vertex   9.842180e+01 1.434440e+01 -1.047783e+01
      vertex   9.837583e+01 1.440910e+01 -1.078111e+01
    endloop
  endfacet
  facet normal 9.757543e-01 -1.304532e-01 -1.757426e-01
    outer loop
      vertex   9.837583e+01 1.440910e+01 -1.078111e+01
      vertex   9.842180e+01 1.434440e+01 -1.047783e+01
      vertex   9.836740e+01 1.434440e+01 -1.077988e+01
    endloop
  endfacet
  facet normal 9.848932e-01 -1.304708e-01 -1.138545e-01
    outer loop
      vertex   9.837583e+01 1.440910e+01 -1.078111e+01
      vertex   9.836740e+01 1.434440e+01 -1.077988e+01
      vertex   9.833860e+01 1.439319e+01 -1.108491e+01
    endloop
  endfacet
  facet normal 9.885196e-01 -1.036759e-01 -1.099108e-01
    outer loop
      vertex   9.833860e+01 1.439319e+01 -1.108491e+01
      vertex   9.836740e+01 1.434440e+01 -1.077988e+01
      vertex   9.833348e+01 1.434440e+01 -1.108491e+01
    endloop
  endfacet
  facet normal 9.532863e-01 -2.843540e-01 -1.019219e-01
    outer loop
      vertex   9.833860e+01 1.439319e+01 -1.108491e+01
      vertex   9.835262e+01 1.444019e+01 -1.108491e+01
      vertex   9.837583e+01 1.440910e+01 -1.078111e+01
    endloop
  endfacet
  facet normal 9.174453e-01 -3.825733e-01 -1.092322e-01
    outer loop
      vertex   9.837583e+01 1.440910e+01 -1.078111e+01
      vertex   9.835262e+01 1.444019e+01 -1.108491e+01
      vertex   9.840054e+01 1.446940e+01 -1.078470e+01
    endloop
  endfacet
  facet normal 9.093252e-01 -3.824976e-01 -1.637781e-01
    outer loop
      vertex   9.837583e+01 1.440910e+01 -1.078111e+01
      vertex   9.840054e+01 1.446940e+01 -1.078470e+01
      vertex   9.843013e+01 1.440910e+01 -1.047962e+01
    endloop
  endfacet
  facet normal 9.093252e-01 -3.824976e-01 -1.637781e-01
    outer loop
      vertex   9.843013e+01 1.440910e+01 -1.047962e+01
      vertex   9.840054e+01 1.446940e+01 -1.078470e+01
      vertex   9.845454e+01 1.446940e+01 -1.048487e+01
    endloop
  endfacet
  facet normal 8.962153e-01 -3.824976e-01 -2.247080e-01
    outer loop
      vertex   9.843013e+01 1.440910e+01 -1.047962e+01
      vertex   9.845454e+01 1.446940e+01 -1.048487e+01
      vertex   9.850463e+01 1.440910e+01 -1.018247e+01
    endloop
  endfacet
  facet normal 8.962153e-01 -3.824976e-01 -2.247080e-01
    outer loop
      vertex   9.850463e+01 1.440910e+01 -1.018247e+01
      vertex   9.845454e+01 1.446940e+01 -1.048487e+01
      vertex   9.852864e+01 1.446940e+01 -1.018936e+01
    endloop
  endfacet
  facet normal 8.790276e-01 -3.824976e-01 -2.846155e-01
    outer loop
      vertex   9.850463e+01 1.440910e+01 -1.018247e+01
      vertex   9.852864e+01 1.446940e+01 -1.018936e+01
      vertex   9.859900e+01 1.440910e+01 -9.891031e+00
    endloop
  endfacet
  facet normal 8.790276e-01 -3.824976e-01 -2.846155e-01
    outer loop
      vertex   9.859900e+01 1.440910e+01 -9.891031e+00
      vertex   9.852864e+01 1.446940e+01 -1.018936e+01
      vertex   9.862248e+01 1.446940e+01 -9.899521e+00
    endloop
  endfacet
  facet normal 8.578404e-01 -3.824976e-01 -3.432280e-01
    outer loop
      vertex   9.859900e+01 1.440910e+01 -9.891031e+00
      vertex   9.862248e+01 1.446940e+01 -9.899521e+00
      vertex   9.871279e+01 1.440910e+01 -9.606612e+00
    endloop
  endfacet
  facet normal 8.578404e-01 -3.824976e-01 -3.432280e-01
    outer loop
      vertex   9.871279e+01 1.440910e+01 -9.606612e+00
      vertex   9.862248e+01 1.446940e+01 -9.899521e+00
      vertex   9.873566e+01 1.446940e+01 -9.616666e+00
    endloop
  endfacet
  facet normal 8.327499e-01 -3.824976e-01 -4.002789e-01
    outer loop
      vertex   9.871279e+01 1.440910e+01 -9.606612e+00
      vertex   9.873566e+01 1.446940e+01 -9.616666e+00
      vertex   9.884551e+01 1.440910e+01 -9.330512e+00
    endloop
  endfacet
  facet normal 8.327499e-01 -3.824976e-01 -4.002789e-01
    outer loop
      vertex   9.884551e+01 1.440910e+01 -9.330512e+00
      vertex   9.873566e+01 1.446940e+01 -9.616666e+00
      vertex   9.886764e+01 1.446940e+01 -9.342084e+00
    endloop
  endfacet
  facet normal 8.038705e-01 -3.824976e-01 -4.555084e-01
    outer loop
      vertex   9.884551e+01 1.440910e+01 -9.330512e+00
      vertex   9.886764e+01 1.446940e+01 -9.342084e+00
      vertex   9.899653e+01 1.440910e+01 -9.063986e+00
    endloop
  endfacet
  facet normal 8.038705e-01 -3.824976e-01 -4.555084e-01
    outer loop
      vertex   9.899653e+01 1.440910e+01 -9.063986e+00
      vertex   9.886764e+01 1.446940e+01 -9.342084e+00
      vertex   9.901783e+01 1.446940e+01 -9.077025e+00
    endloop
  endfacet
  facet normal 7.713334e-01 -3.824976e-01 -5.086654e-01
    outer loop
      vertex   9.899653e+01 1.440910e+01 -9.063986e+00
      vertex   9.901783e+01 1.446940e+01 -9.077025e+00
      vertex   9.916518e+01 1.440910e+01 -8.808249e+00
    endloop
  endfacet
  facet normal 7.713334e-01 -3.824976e-01 -5.086654e-01
    outer loop
      vertex   9.916518e+01 1.440910e+01 -8.808249e+00
      vertex   9.901783e+01 1.446940e+01 -9.077025e+00
      vertex   9.918556e+01 1.446940e+01 -8.822694e+00
    endloop
  endfacet
  facet normal 7.352867e-01 -3.824976e-01 -5.595079e-01
    outer loop
      vertex   9.916518e+01 1.440910e+01 -8.808249e+00
      vertex   9.918556e+01 1.446940e+01 -8.822694e+00
      vertex   9.935069e+01 1.440910e+01 -8.564463e+00
    endloop
  endfacet
  facet normal 7.352867e-01 -3.824976e-01 -5.595079e-01
    outer loop
      vertex   9.935069e+01 1.440910e+01 -8.564463e+00
      vertex   9.918556e+01 1.446940e+01 -8.822694e+00
      vertex   9.937004e+01 1.446940e+01 -8.580248e+00
    endloop
  endfacet
  facet normal 6.958945e-01 -3.824976e-01 -6.078047e-01
    outer loop
      vertex   9.935069e+01 1.440910e+01 -8.564463e+00
      vertex   9.937004e+01 1.446940e+01 -8.580248e+00
      vertex   9.955221e+01 1.440910e+01 -8.333737e+00
    endloop
  endfacet
  facet normal 6.958945e-01 -3.824976e-01 -6.078047e-01
    outer loop
      vertex   9.955221e+01 1.440910e+01 -8.333737e+00
      vertex   9.937004e+01 1.446940e+01 -8.580248e+00
      vertex   9.957045e+01 1.446940e+01 -8.350792e+00
    endloop
  endfacet
  facet normal 6.533359e-01 -3.824976e-01 -6.533359e-01
    outer loop
      vertex   9.955221e+01 1.440910e+01 -8.333737e+00
      vertex   9.957045e+01 1.446940e+01 -8.350792e+00
      vertex   9.976882e+01 1.440910e+01 -8.117122e+00
    endloop
  endfacet
  facet normal 6.533359e-01 -3.824976e-01 -6.533359e-01
    outer loop
      vertex   9.976882e+01 1.440910e+01 -8.117122e+00
      vertex   9.957045e+01 1.446940e+01 -8.350792e+00
      vertex   9.978588e+01 1.446940e+01 -8.135368e+00
    endloop
  endfacet
  facet normal 6.078047e-01 -3.824976e-01 -6.958945e-01
    outer loop
      vertex   9.976882e+01 1.440910e+01 -8.117122e+00
      vertex   9.978588e+01 1.446940e+01 -8.135368e+00
      vertex   9.999955e+01 1.440910e+01 -7.915603e+00
    endloop
  endfacet
  facet normal 6.078047e-01 -3.824976e-01 -6.958945e-01
    outer loop
      vertex   9.999955e+01 1.440910e+01 -7.915603e+00
      vertex   9.978588e+01 1.446940e+01 -8.135368e+00
      vertex   1.000153e+02 1.446940e+01 -7.934957e+00
    endloop
  endfacet
  facet normal 5.595079e-01 -3.824976e-01 -7.352867e-01
    outer loop
      vertex   9.999955e+01 1.440910e+01 -7.915603e+00
      vertex   1.000153e+02 1.446940e+01 -7.934957e+00
      vertex   1.002433e+02 1.440910e+01 -7.730097e+00
    endloop
  endfacet
  facet normal 5.595079e-01 -3.824976e-01 -7.352867e-01
    outer loop
      vertex   1.002433e+02 1.440910e+01 -7.730097e+00
      vertex   1.000153e+02 1.446940e+01 -7.934957e+00
      vertex   1.002578e+02 1.446940e+01 -7.750471e+00
    endloop
  endfacet
  facet normal 5.086654e-01 -3.824976e-01 -7.713334e-01
    outer loop
      vertex   1.002433e+02 1.440910e+01 -7.730097e+00
      vertex   1.002578e+02 1.446940e+01 -7.750471e+00
      vertex   1.004991e+02 1.440910e+01 -7.561447e+00
    endloop
  endfacet
  facet normal 5.086654e-01 -3.824976e-01 -7.713334e-01
    outer loop
      vertex   1.004991e+02 1.440910e+01 -7.561447e+00
      vertex   1.002578e+02 1.446940e+01 -7.750471e+00
      vertex   1.005121e+02 1.446940e+01 -7.582749e+00
    endloop
  endfacet
  facet normal 4.555084e-01 -3.824976e-01 -8.038705e-01
    outer loop
      vertex   1.004991e+02 1.440910e+01 -7.561447e+00
      vertex   1.005121e+02 1.446940e+01 -7.582749e+00
      vertex   1.007656e+02 1.440910e+01 -7.410422e+00
    endloop
  endfacet
  facet normal 4.555084e-01 -3.824976e-01 -8.038705e-01
    outer loop
      vertex   1.007656e+02 1.440910e+01 -7.410422e+00
      vertex   1.005121e+02 1.446940e+01 -7.582749e+00
      vertex   1.007772e+02 1.446940e+01 -7.432554e+00
    endloop
  endfacet
  facet normal 4.002789e-01 -3.824976e-01 -8.327499e-01
    outer loop
      vertex   1.007656e+02 1.440910e+01 -7.410422e+00
      vertex   1.007772e+02 1.446940e+01 -7.432554e+00
      vertex   1.010417e+02 1.440910e+01 -7.277709e+00
    endloop
  endfacet
  facet normal 4.002789e-01 -3.824976e-01 -8.327499e-01
    outer loop
      vertex   1.010417e+02 1.440910e+01 -7.277709e+00
      vertex   1.007772e+02 1.446940e+01 -7.432554e+00
      vertex   1.010518e+02 1.446940e+01 -7.300571e+00
    endloop
  endfacet
  facet normal 3.432280e-01 -3.824976e-01 -8.578404e-01
    outer loop
      vertex   1.010417e+02 1.440910e+01 -7.277709e+00
      vertex   1.010518e+02 1.446940e+01 -7.300571e+00
      vertex   1.013261e+02 1.440910e+01 -7.163911e+00
    endloop
  endfacet
  facet normal 3.432280e-01 -3.824976e-01 -8.578404e-01
    outer loop
      vertex   1.013261e+02 1.440910e+01 -7.163911e+00
      vertex   1.010518e+02 1.446940e+01 -7.300571e+00
      vertex   1.013346e+02 1.446940e+01 -7.187398e+00
    endloop
  endfacet
  facet normal 2.846155e-01 -3.824976e-01 -8.790276e-01
    outer loop
      vertex   1.013261e+02 1.440910e+01 -7.163911e+00
      vertex   1.013346e+02 1.446940e+01 -7.187398e+00
      vertex   1.016176e+02 1.440910e+01 -7.069546e+00
    endloop
  endfacet
  facet normal 2.846155e-01 -3.824976e-01 -8.790276e-01
    outer loop
      vertex   1.016176e+02 1.440910e+01 -7.069546e+00
      vertex   1.013346e+02 1.446940e+01 -7.187398e+00
      vertex   1.016244e+02 1.446940e+01 -7.093552e+00
    endloop
  endfacet
  facet normal 2.247080e-01 -3.824976e-01 -8.962153e-01
    outer loop
      vertex   1.016176e+02 1.440910e+01 -7.069546e+00
      vertex   1.016244e+02 1.446940e+01 -7.093552e+00
      vertex   1.019147e+02 1.440910e+01 -6.995043e+00
    endloop
  endfacet
  facet normal 2.247080e-01 -3.824976e-01 -8.962153e-01
    outer loop
      vertex   1.019147e+02 1.440910e+01 -6.995043e+00
      vertex   1.016244e+02 1.446940e+01 -7.093552e+00
      vertex   1.019200e+02 1.446940e+01 -7.019460e+00
    endloop
  endfacet
  facet normal 8.744089e-01 -4.761432e-01 -9.325661e-02
    outer loop
      vertex   9.835262e+01 1.444019e+01 -1.108491e+01
      vertex   9.837609e+01 1.448329e+01 -1.108491e+01
      vertex   9.840054e+01 1.446940e+01 -1.078470e+01
    endloop
  endfacet
  facet normal 7.880741e-01 -6.086133e-01 -9.235349e-02
    outer loop
      vertex   9.840054e+01 1.446940e+01 -1.078470e+01
      vertex   9.837609e+01 1.448329e+01 -1.108491e+01
      vertex   9.843986e+01 1.452118e+01 -1.079042e+01
    endloop
  endfacet
  facet normal 7.809548e-01 -6.085434e-01 -1.406574e-01
    outer loop
      vertex   9.840054e+01 1.446940e+01 -1.078470e+01
      vertex   9.843986e+01 1.452118e+01 -1.079042e+01
      vertex   9.845454e+01 1.446940e+01 -1.048487e+01
    endloop
  endfacet
  facet normal 7.809548e-01 -6.085434e-01 -1.406574e-01
    outer loop
      vertex   9.845454e+01 1.446940e+01 -1.048487e+01
      vertex   9.843986e+01 1.452118e+01 -1.079042e+01
      vertex   9.849339e+01 1.452118e+01 -1.049323e+01
    endloop
  endfacet
  facet normal 7.696957e-01 -6.085434e-01 -1.929858e-01
    outer loop
      vertex   9.845454e+01 1.446940e+01 -1.048487e+01
      vertex   9.849339e+01 1.452118e+01 -1.049323e+01
      vertex   9.852864e+01 1.446940e+01 -1.018936e+01
    endloop
  endfacet
  facet normal 7.696957e-01 -6.085434e-01 -1.929858e-01
    outer loop
      vertex   9.852864e+01 1.446940e+01 -1.018936e+01
      vertex   9.849339e+01 1.452118e+01 -1.049323e+01
      vertex   9.856683e+01 1.452118e+01 -1.020032e+01
    endloop
  endfacet
  facet normal 7.549344e-01 -6.085434e-01 -2.444361e-01
    outer loop
      vertex   9.852864e+01 1.446940e+01 -1.018936e+01
      vertex   9.856683e+01 1.452118e+01 -1.020032e+01
      vertex   9.862248e+01 1.446940e+01 -9.899521e+00
    endloop
  endfacet
  facet normal 7.549344e-01 -6.085434e-01 -2.444361e-01
    outer loop
      vertex   9.862248e+01 1.446940e+01 -9.899521e+00
      vertex   9.856683e+01 1.452118e+01 -1.020032e+01
      vertex   9.865985e+01 1.452118e+01 -9.913028e+00
    endloop
  endfacet
  facet normal 7.367382e-01 -6.085434e-01 -2.947742e-01
    outer loop
      vertex   9.862248e+01 1.446940e+01 -9.899521e+00
      vertex   9.865985e+01 1.452118e+01 -9.913028e+00
      vertex   9.873566e+01 1.446940e+01 -9.616666e+00
    endloop
  endfacet
  facet normal 7.367382e-01 -6.085434e-01 -2.947742e-01
    outer loop
      vertex   9.873566e+01 1.446940e+01 -9.616666e+00
      vertex   9.865985e+01 1.452118e+01 -9.913028e+00
      vertex   9.877202e+01 1.452118e+01 -9.632661e+00
    endloop
  endfacet
  facet normal 7.151898e-01 -6.085434e-01 -3.437711e-01
    outer loop
      vertex   9.873566e+01 1.446940e+01 -9.616666e+00
      vertex   9.877202e+01 1.452118e+01 -9.632661e+00
      vertex   9.886764e+01 1.446940e+01 -9.342084e+00
    endloop
  endfacet
  facet normal 7.151898e-01 -6.085434e-01 -3.437711e-01
    outer loop
      vertex   9.886764e+01 1.446940e+01 -9.342084e+00
      vertex   9.877202e+01 1.452118e+01 -9.632661e+00
      vertex   9.890285e+01 1.452118e+01 -9.360494e+00
    endloop
  endfacet
  facet normal 6.903872e-01 -6.085434e-01 -3.912038e-01
    outer loop
      vertex   9.886764e+01 1.446940e+01 -9.342084e+00
      vertex   9.890285e+01 1.452118e+01 -9.360494e+00
      vertex   9.901783e+01 1.446940e+01 -9.077025e+00
    endloop
  endfacet
  facet normal 6.903872e-01 -6.085434e-01 -3.912038e-01
    outer loop
      vertex   9.901783e+01 1.446940e+01 -9.077025e+00
      vertex   9.890285e+01 1.452118e+01 -9.360494e+00
      vertex   9.905172e+01 1.452118e+01 -9.097766e+00
    endloop
  endfacet
  facet normal 6.624434e-01 -6.085434e-01 -4.368565e-01
    outer loop
      vertex   9.901783e+01 1.446940e+01 -9.077025e+00
      vertex   9.905172e+01 1.452118e+01 -9.097766e+00
      vertex   9.918556e+01 1.446940e+01 -8.822694e+00
    endloop
  endfacet
  facet normal 6.624434e-01 -6.085434e-01 -4.368565e-01
    outer loop
      vertex   9.918556e+01 1.446940e+01 -8.822694e+00
      vertex   9.905172e+01 1.452118e+01 -9.097766e+00
      vertex   9.921797e+01 1.452118e+01 -8.845672e+00
    endloop
  endfacet
  facet normal 6.314855e-01 -6.085434e-01 -4.805216e-01
    outer loop
      vertex   9.918556e+01 1.446940e+01 -8.822694e+00
      vertex   9.921797e+01 1.452118e+01 -8.845672e+00
      vertex   9.937004e+01 1.446940e+01 -8.580248e+00
    endloop
  endfacet
  facet normal 6.314855e-01 -6.085434e-01 -4.805216e-01
    outer loop
      vertex   9.937004e+01 1.446940e+01 -8.580248e+00
      vertex   9.921797e+01 1.452118e+01 -8.845672e+00
      vertex   9.940083e+01 1.452118e+01 -8.605359e+00
    endloop
  endfacet
  facet normal 5.976543e-01 -6.085434e-01 -5.220003e-01
    outer loop
      vertex   9.937004e+01 1.446940e+01 -8.580248e+00
      vertex   9.940083e+01 1.452118e+01 -8.605359e+00
      vertex   9.957045e+01 1.446940e+01 -8.350792e+00
    endloop
  endfacet
  facet normal 5.976543e-01 -6.085434e-01 -5.220003e-01
    outer loop
      vertex   9.957045e+01 1.446940e+01 -8.350792e+00
      vertex   9.940083e+01 1.452118e+01 -8.605359e+00
      vertex   9.959948e+01 1.452118e+01 -8.377921e+00
    endloop
  endfacet
  facet normal 5.611038e-01 -6.085434e-01 -5.611038e-01
    outer loop
      vertex   9.957045e+01 1.446940e+01 -8.350792e+00
      vertex   9.959948e+01 1.452118e+01 -8.377921e+00
      vertex   9.978588e+01 1.446940e+01 -8.135368e+00
    endloop
  endfacet
  facet normal 5.611038e-01 -6.085434e-01 -5.611038e-01
    outer loop
      vertex   9.978588e+01 1.446940e+01 -8.135368e+00
      vertex   9.959948e+01 1.452118e+01 -8.377921e+00
      vertex   9.981301e+01 1.452118e+01 -8.164392e+00
    endloop
  endfacet
  facet normal 5.220003e-01 -6.085434e-01 -5.976543e-01
    outer loop
      vertex   9.978588e+01 1.446940e+01 -8.135368e+00
      vertex   9.981301e+01 1.452118e+01 -8.164392e+00
      vertex   1.000153e+02 1.446940e+01 -7.934957e+00
    endloop
  endfacet
  facet normal 5.220003e-01 -6.085434e-01 -5.976543e-01
    outer loop
      vertex   1.000153e+02 1.446940e+01 -7.934957e+00
      vertex   9.981301e+01 1.452118e+01 -8.164392e+00
      vertex   1.000404e+02 1.452118e+01 -7.965744e+00
    endloop
  endfacet
  facet normal 4.805216e-01 -6.085434e-01 -6.314855e-01
    outer loop
      vertex   1.000153e+02 1.446940e+01 -7.934957e+00
      vertex   1.000404e+02 1.452118e+01 -7.965744e+00
      vertex   1.002578e+02 1.446940e+01 -7.750471e+00
    endloop
  endfacet
  facet normal 4.805216e-01 -6.085434e-01 -6.314855e-01
    outer loop
      vertex   1.002578e+02 1.446940e+01 -7.750471e+00
      vertex   1.000404e+02 1.452118e+01 -7.965744e+00
      vertex   1.002808e+02 1.452118e+01 -7.782881e+00
    endloop
  endfacet
  facet normal 4.368565e-01 -6.085434e-01 -6.624434e-01
    outer loop
      vertex   1.002578e+02 1.446940e+01 -7.750471e+00
      vertex   1.002808e+02 1.452118e+01 -7.782881e+00
      vertex   1.005121e+02 1.446940e+01 -7.582749e+00
    endloop
  endfacet
  facet normal 4.368565e-01 -6.085434e-01 -6.624434e-01
    outer loop
      vertex   1.005121e+02 1.446940e+01 -7.582749e+00
      vertex   1.002808e+02 1.452118e+01 -7.782881e+00
      vertex   1.005329e+02 1.452118e+01 -7.616635e+00
    endloop
  endfacet
  facet normal 3.912038e-01 -6.085434e-01 -6.903872e-01
    outer loop
      vertex   1.005121e+02 1.446940e+01 -7.582749e+00
      vertex   1.005329e+02 1.452118e+01 -7.616635e+00
      vertex   1.007772e+02 1.446940e+01 -7.432554e+00
    endloop
  endfacet
  facet normal 3.912038e-01 -6.085434e-01 -6.903872e-01
    outer loop
      vertex   1.007772e+02 1.446940e+01 -7.432554e+00
      vertex   1.005329e+02 1.452118e+01 -7.616635e+00
      vertex   1.007956e+02 1.452118e+01 -7.467761e+00
    endloop
  endfacet
  facet normal 3.437711e-01 -6.085434e-01 -7.151898e-01
    outer loop
      vertex   1.007772e+02 1.446940e+01 -7.432554e+00
      vertex   1.007956e+02 1.452118e+01 -7.467761e+00
      vertex   1.010518e+02 1.446940e+01 -7.300571e+00
    endloop
  endfacet
  facet normal 3.437711e-01 -6.085434e-01 -7.151898e-01
    outer loop
      vertex   1.010518e+02 1.446940e+01 -7.300571e+00
      vertex   1.007956e+02 1.452118e+01 -7.467761e+00
      vertex   1.010677e+02 1.452118e+01 -7.336939e+00
    endloop
  endfacet
  facet normal 2.947742e-01 -6.085434e-01 -7.367382e-01
    outer loop
      vertex   1.010518e+02 1.446940e+01 -7.300571e+00
      vertex   1.010677e+02 1.452118e+01 -7.336939e+00
      vertex   1.013346e+02 1.446940e+01 -7.187398e+00
    endloop
  endfacet
  facet normal 2.947742e-01 -6.085434e-01 -7.367382e-01
    outer loop
      vertex   1.013346e+02 1.446940e+01 -7.187398e+00
      vertex   1.010677e+02 1.452118e+01 -7.336939e+00
      vertex   1.013481e+02 1.452118e+01 -7.224762e+00
    endloop
  endfacet
  facet normal 2.444361e-01 -6.085434e-01 -7.549344e-01
    outer loop
      vertex   1.013346e+02 1.446940e+01 -7.187398e+00
      vertex   1.013481e+02 1.452118e+01 -7.224762e+00
      vertex   1.016244e+02 1.446940e+01 -7.093552e+00
    endloop
  endfacet
  facet normal 2.444361e-01 -6.085434e-01 -7.549344e-01
    outer loop
      vertex   1.016244e+02 1.446940e+01 -7.093552e+00
      vertex   1.013481e+02 1.452118e+01 -7.224762e+00
      vertex   1.016354e+02 1.452118e+01 -7.131741e+00
    endloop
  endfacet
  facet normal 1.929858e-01 -6.085434e-01 -7.696957e-01
    outer loop
      vertex   1.016244e+02 1.446940e+01 -7.093552e+00
      vertex   1.016354e+02 1.452118e+01 -7.131741e+00
      vertex   1.019200e+02 1.446940e+01 -7.019460e+00
    endloop
  endfacet
  facet normal 1.929858e-01 -6.085434e-01 -7.696957e-01
    outer loop
      vertex   1.019200e+02 1.446940e+01 -7.019460e+00
      vertex   1.016354e+02 1.452118e+01 -7.131741e+00
      vertex   1.019283e+02 1.452118e+01 -7.058300e+00
    endloop
  endfacet
  facet normal 7.724217e-01 -6.292176e-01 -8.631340e-02
    outer loop
      vertex   9.837609e+01 1.448329e+01 -1.108491e+01
      vertex   9.840705e+01 1.452130e+01 -1.108491e+01
      vertex   9.843986e+01 1.452118e+01 -1.079042e+01
    endloop
  endfacet
  facet normal 6.265323e-01 -7.762343e-01 -7.012625e-02
    outer loop
      vertex   9.843986e+01 1.452118e+01 -1.079042e+01
      vertex   9.840705e+01 1.452130e+01 -1.108491e+01
      vertex   9.844525e+01 1.455214e+01 -1.108491e+01
    endloop
  endfacet
  facet normal 6.045753e-01 -7.932584e-01 -7.231807e-02
    outer loop
      vertex   9.843986e+01 1.452118e+01 -1.079042e+01
      vertex   9.844525e+01 1.455214e+01 -1.108491e+01
      vertex   9.849110e+01 1.456091e+01 -1.079788e+01
    endloop
  endfacet
  facet normal 4.742804e-01 -8.790154e-01 -4.888801e-02
    outer loop
      vertex   9.849110e+01 1.456091e+01 -1.079788e+01
      vertex   9.844525e+01 1.455214e+01 -1.108491e+01
      vertex   9.848841e+01 1.457542e+01 -1.108491e+01
    endloop
  endfacet
  facet normal 3.793944e-01 -9.238686e-01 -5.026713e-02
    outer loop
      vertex   9.849110e+01 1.456091e+01 -1.079788e+01
      vertex   9.848841e+01 1.457542e+01 -1.108491e+01
      vertex   9.855076e+01 1.458588e+01 -1.080656e+01
    endloop
  endfacet
  facet normal 2.832831e-01 -9.586440e-01 -2.743010e-02
    outer loop
      vertex   9.855076e+01 1.458588e+01 -1.080656e+01
      vertex   9.848841e+01 1.457542e+01 -1.108491e+01
      vertex   9.853547e+01 1.458933e+01 -1.108491e+01
    endloop
  endfacet
  facet normal 1.291283e-01 -9.914387e-01 -1.936937e-02
    outer loop
      vertex   9.855076e+01 1.458588e+01 -1.080656e+01
      vertex   9.853547e+01 1.458933e+01 -1.108491e+01
      vertex   9.861950e+01 1.459440e+01 -1.078435e+01
    endloop
  endfacet
  facet normal 1.033743e-01 -9.945687e-01 -1.211687e-02
    outer loop
      vertex   9.861950e+01 1.459440e+01 -1.078435e+01
      vertex   9.853547e+01 1.458933e+01 -1.108491e+01
      vertex   9.858427e+01 1.459440e+01 -1.108491e+01
    endloop
  endfacet
  facet normal 1.304276e-01 -9.911795e-01 -2.349126e-02
    outer loop
      vertex   9.855076e+01 1.458588e+01 -1.080656e+01
      vertex   9.861950e+01 1.459440e+01 -1.078435e+01
      vertex   9.860295e+01 1.458588e+01 -1.051680e+01
    endloop
  endfacet
  facet normal 1.257379e-01 -9.917780e-01 -2.380038e-02
    outer loop
      vertex   9.860295e+01 1.458588e+01 -1.051680e+01
      vertex   9.861950e+01 1.459440e+01 -1.078435e+01
      vertex   9.867578e+01 1.459440e+01 -1.048701e+01
    endloop
  endfacet
  facet normal 1.291699e-01 -9.910935e-01 -3.238676e-02
    outer loop
      vertex   9.860295e+01 1.458588e+01 -1.051680e+01
      vertex   9.867578e+01 1.459440e+01 -1.048701e+01
      vertex   9.867455e+01 1.458588e+01 -1.023123e+01
    endloop
  endfacet
  facet normal 1.232043e-01 -9.918509e-01 -3.244062e-02
    outer loop
      vertex   9.867455e+01 1.458588e+01 -1.023123e+01
      vertex   9.867578e+01 1.459440e+01 -1.048701e+01
      vertex   9.875284e+01 1.459440e+01 -1.019437e+01
    endloop
  endfacet
  facet normal 1.272364e-01 -9.910165e-01 -4.119718e-02
    outer loop
      vertex   9.867455e+01 1.458588e+01 -1.023123e+01
      vertex   9.875284e+01 1.459440e+01 -1.019437e+01
      vertex   9.876524e+01 1.458588e+01 -9.951127e+00
    endloop
  endfacet
  facet normal 1.201518e-01 -9.919140e-01 -4.086720e-02
    outer loop
      vertex   9.876524e+01 1.458588e+01 -9.951127e+00
      vertex   9.875284e+01 1.459440e+01 -1.019437e+01
      vertex   9.885028e+01 1.459440e+01 -9.907866e+00
    endloop
  endfacet
  facet normal 1.246332e-01 -9.909490e-01 -4.986663e-02
    outer loop
      vertex   9.876524e+01 1.458588e+01 -9.951127e+00
      vertex   9.885028e+01 1.459440e+01 -9.907866e+00
      vertex   9.887461e+01 1.458588e+01 -9.677778e+00
    endloop
  endfacet
  facet normal 1.165939e-01 -9.919675e-01 -4.905426e-02
    outer loop
      vertex   9.887461e+01 1.458588e+01 -9.677778e+00
      vertex   9.885028e+01 1.459440e+01 -9.907866e+00
      vertex   9.896764e+01 1.459440e+01 -9.628929e+00
    endloop
  endfacet
  facet normal 1.213713e-01 -9.908913e-01 -5.833966e-02
    outer loop
      vertex   9.887461e+01 1.458588e+01 -9.677778e+00
      vertex   9.896764e+01 1.459440e+01 -9.628929e+00
      vertex   9.900216e+01 1.458588e+01 -9.412425e+00
    endloop
  endfacet
  facet normal 1.125456e-01 -9.920117e-01 -5.697654e-02
    outer loop
      vertex   9.900216e+01 1.458588e+01 -9.412425e+00
      vertex   9.896764e+01 1.459440e+01 -9.628929e+00
      vertex   9.910432e+01 1.459440e+01 -9.358936e+00
    endloop
  endfacet
  facet normal 1.174667e-01 -9.908436e-01 -6.656180e-02
    outer loop
      vertex   9.900216e+01 1.458588e+01 -9.412425e+00
      vertex   9.910432e+01 1.459440e+01 -9.358936e+00
      vertex   9.914731e+01 1.458588e+01 -9.156274e+00
    endloop
  endfacet
  facet normal 1.080226e-01 -9.920468e-01 -6.460938e-02
    outer loop
      vertex   9.914731e+01 1.458588e+01 -9.156274e+00
      vertex   9.910432e+01 1.459440e+01 -9.358936e+00
      vertex   9.925966e+01 1.459440e+01 -9.099225e+00
    endloop
  endfacet
  facet normal 1.129405e-01 -9.908063e-01 -7.448000e-02
    outer loop
      vertex   9.914731e+01 1.458588e+01 -9.156274e+00
      vertex   9.925966e+01 1.459440e+01 -9.099225e+00
      vertex   9.930939e+01 1.458588e+01 -8.910492e+00
    endloop
  endfacet
  facet normal 1.030417e-01 -9.920729e-01 -7.192885e-02
    outer loop
      vertex   9.930939e+01 1.458588e+01 -8.910492e+00
      vertex   9.925966e+01 1.459440e+01 -9.099225e+00
      vertex   9.943288e+01 1.459440e+01 -8.851083e+00
    endloop
  endfacet
  facet normal 1.078184e-01 -9.907795e-01 -8.204320e-02
    outer loop
      vertex   9.930939e+01 1.458588e+01 -8.910492e+00
      vertex   9.943288e+01 1.459440e+01 -8.851083e+00
      vertex   9.948768e+01 1.458588e+01 -8.676195e+00
    endloop
  endfacet
  facet normal 9.762084e-02 -9.920903e-01 -7.891174e-02
    outer loop
      vertex   9.948768e+01 1.458588e+01 -8.676195e+00
      vertex   9.943288e+01 1.459440e+01 -8.851083e+00
      vertex   9.962312e+01 1.459440e+01 -8.615738e+00
    endloop
  endfacet
  facet normal 1.021310e-01 -9.907634e-01 -8.920273e-02
    outer loop
      vertex   9.948768e+01 1.458588e+01 -8.676195e+00
      vertex   9.962312e+01 1.459440e+01 -8.615738e+00
      vertex   9.968135e+01 1.458588e+01 -8.454450e+00
    endloop
  endfacet
  facet normal 9.177889e-02 -9.920989e-01 -8.553561e-02
    outer loop
      vertex   9.968135e+01 1.458588e+01 -8.454450e+00
      vertex   9.962312e+01 1.459440e+01 -8.615738e+00
      vertex   9.982944e+01 1.459440e+01 -8.394356e+00
    endloop
  endfacet
  facet normal 9.591281e-02 -9.907580e-01 -9.591281e-02
    outer loop
      vertex   9.968135e+01 1.458588e+01 -8.454450e+00
      vertex   9.982944e+01 1.459440e+01 -8.394356e+00
      vertex   9.988954e+01 1.458588e+01 -8.246267e+00
    endloop
  endfacet
  facet normal 8.553561e-02 -9.920989e-01 -9.177889e-02
    outer loop
      vertex   9.988954e+01 1.458588e+01 -8.246267e+00
      vertex   9.982944e+01 1.459440e+01 -8.394356e+00
      vertex   1.000508e+02 1.459440e+01 -8.188033e+00
    endloop
  endfacet
  facet normal 8.920273e-02 -9.907634e-01 -1.021310e-01
    outer loop
      vertex   9.988954e+01 1.458588e+01 -8.246267e+00
      vertex   1.000508e+02 1.459440e+01 -8.188033e+00
      vertex   1.001113e+02 1.458588e+01 -8.052592e+00
    endloop
  endfacet
  facet normal 7.891174e-02 -9.920903e-01 -9.762084e-02
    outer loop
      vertex   1.001113e+02 1.458588e+01 -8.052592e+00
      vertex   1.000508e+02 1.459440e+01 -8.188033e+00
      vertex   1.002862e+02 1.459440e+01 -7.997793e+00
    endloop
  endfacet
  facet normal 8.204320e-02 -9.907795e-01 -1.078184e-01
    outer loop
      vertex   1.001113e+02 1.458588e+01 -8.052592e+00
      vertex   1.002862e+02 1.459440e+01 -7.997793e+00
      vertex   1.003456e+02 1.458588e+01 -7.874306e+00
    endloop
  endfacet
  facet normal 7.192885e-02 -9.920729e-01 -1.030417e-01
    outer loop
      vertex   1.003456e+02 1.458588e+01 -7.874306e+00
      vertex   1.002862e+02 1.459440e+01 -7.997793e+00
      vertex   1.005343e+02 1.459440e+01 -7.824575e+00
    endloop
  endfacet
  facet normal 7.448000e-02 -9.908063e-01 -1.129405e-01
    outer loop
      vertex   1.003456e+02 1.458588e+01 -7.874306e+00
      vertex   1.005343e+02 1.459440e+01 -7.824575e+00
      vertex   1.005914e+02 1.458588e+01 -7.712222e+00
    endloop
  endfacet
  facet normal 6.460938e-02 -9.920468e-01 -1.080226e-01
    outer loop
      vertex   1.005914e+02 1.458588e+01 -7.712222e+00
      vertex   1.005343e+02 1.459440e+01 -7.824575e+00
      vertex   1.007940e+02 1.459440e+01 -7.669240e+00
    endloop
  endfacet
  facet normal 6.656180e-02 -9.908436e-01 -1.174667e-01
    outer loop
      vertex   1.005914e+02 1.458588e+01 -7.712222e+00
      vertex   1.007940e+02 1.459440e+01 -7.669240e+00
      vertex   1.008475e+02 1.458588e+01 -7.567075e+00
    endloop
  endfacet
  facet normal 5.697654e-02 -9.920117e-01 -1.125456e-01
    outer loop
      vertex   1.008475e+02 1.458588e+01 -7.567075e+00
      vertex   1.007940e+02 1.459440e+01 -7.669240e+00
      vertex   1.010640e+02 1.459440e+01 -7.532555e+00
    endloop
  endfacet
  facet normal 5.833966e-02 -9.908913e-01 -1.213713e-01
    outer loop
      vertex   1.008475e+02 1.458588e+01 -7.567075e+00
      vertex   1.010640e+02 1.459440e+01 -7.532555e+00
      vertex   1.011129e+02 1.458588e+01 -7.439528e+00
    endloop
  endfacet
  facet normal 4.905426e-02 -9.919675e-01 -1.165939e-01
    outer loop
      vertex   1.011129e+02 1.458588e+01 -7.439528e+00
      vertex   1.010640e+02 1.459440e+01 -7.532555e+00
      vertex   1.013430e+02 1.459440e+01 -7.415198e+00
    endloop
  endfacet
  facet normal 4.986663e-02 -9.909490e-01 -1.246332e-01
    outer loop
      vertex   1.011129e+02 1.458588e+01 -7.439528e+00
      vertex   1.013430e+02 1.459440e+01 -7.415198e+00
      vertex   1.013862e+02 1.458588e+01 -7.330159e+00
    endloop
  endfacet
  facet normal 4.086720e-02 -9.919140e-01 -1.201518e-01
    outer loop
      vertex   1.013862e+02 1.458588e+01 -7.330159e+00
      vertex   1.013430e+02 1.459440e+01 -7.415198e+00
      vertex   1.016295e+02 1.459440e+01 -7.317751e+00
    endloop
  endfacet
  facet normal 4.119718e-02 -9.910165e-01 -1.272364e-01
    outer loop
      vertex   1.013862e+02 1.458588e+01 -7.330159e+00
      vertex   1.016295e+02 1.459440e+01 -7.317751e+00
      vertex   1.016663e+02 1.458588e+01 -7.239467e+00
    endloop
  endfacet
  facet normal 3.244062e-02 -9.918509e-01 -1.232043e-01
    outer loop
      vertex   1.016663e+02 1.458588e+01 -7.239467e+00
      vertex   1.016295e+02 1.459440e+01 -7.317751e+00
      vertex   1.019221e+02 1.459440e+01 -7.240695e+00
    endloop
  endfacet
  facet normal 3.238676e-02 -9.910935e-01 -1.291699e-01
    outer loop
      vertex   1.016663e+02 1.458588e+01 -7.239467e+00
      vertex   1.019221e+02 1.459440e+01 -7.240695e+00
      vertex   1.019519e+02 1.458588e+01 -7.167865e+00
    endloop
  endfacet
  facet normal 2.380038e-02 -9.917780e-01 -1.257379e-01
    outer loop
      vertex   1.019519e+02 1.458588e+01 -7.167865e+00
      vertex   1.019221e+02 1.459440e+01 -7.240695e+00
      vertex   1.022194e+02 1.459440e+01 -7.184413e+00
    endloop
  endfacet
  facet normal 9.311458e-02 -9.238025e-01 -3.713739e-01
    outer loop
      vertex   1.016663e+02 1.458588e+01 -7.239467e+00
      vertex   1.019519e+02 1.458588e+01 -7.167865e+00
      vertex   1.019392e+02 1.456091e+01 -7.108919e+00
    endloop
  endfacet
  facet normal 1.481050e-01 -7.931860e-01 -5.906953e-01
    outer loop
      vertex   1.019392e+02 1.456091e+01 -7.108919e+00
      vertex   1.019283e+02 1.452118e+01 -7.058300e+00
      vertex   1.016497e+02 1.456091e+01 -7.181510e+00
    endloop
  endfacet
  facet normal 1.481050e-01 -7.931860e-01 -5.906953e-01
    outer loop
      vertex   1.016497e+02 1.456091e+01 -7.181510e+00
      vertex   1.019283e+02 1.452118e+01 -7.058300e+00
      vertex   1.016354e+02 1.452118e+01 -7.131741e+00
    endloop
  endfacet
  facet normal 1.875900e-01 -7.931860e-01 -5.793669e-01
    outer loop
      vertex   1.016497e+02 1.456091e+01 -7.181510e+00
      vertex   1.016354e+02 1.452118e+01 -7.131741e+00
      vertex   1.013657e+02 1.456091e+01 -7.273455e+00
    endloop
  endfacet
  facet normal 1.875900e-01 -7.931860e-01 -5.793669e-01
    outer loop
      vertex   1.013657e+02 1.456091e+01 -7.273455e+00
      vertex   1.016354e+02 1.452118e+01 -7.131741e+00
      vertex   1.013481e+02 1.452118e+01 -7.224762e+00
    endloop
  endfacet
  facet normal 2.262215e-01 -7.931860e-01 -5.654024e-01
    outer loop
      vertex   1.013657e+02 1.456091e+01 -7.273455e+00
      vertex   1.013481e+02 1.452118e+01 -7.224762e+00
      vertex   1.010886e+02 1.456091e+01 -7.384334e+00
    endloop
  endfacet
  facet normal 2.262215e-01 -7.931860e-01 -5.654024e-01
    outer loop
      vertex   1.010886e+02 1.456091e+01 -7.384334e+00
      vertex   1.013481e+02 1.452118e+01 -7.224762e+00
      vertex   1.010677e+02 1.452118e+01 -7.336939e+00
    endloop
  endfacet
  facet normal 2.638237e-01 -7.931860e-01 -5.488652e-01
    outer loop
      vertex   1.010886e+02 1.456091e+01 -7.384334e+00
      vertex   1.010677e+02 1.452118e+01 -7.336939e+00
      vertex   1.008196e+02 1.456091e+01 -7.513644e+00
    endloop
  endfacet
  facet normal 2.638237e-01 -7.931860e-01 -5.488652e-01
    outer loop
      vertex   1.008196e+02 1.456091e+01 -7.513644e+00
      vertex   1.010677e+02 1.452118e+01 -7.336939e+00
      vertex   1.007956e+02 1.452118e+01 -7.467761e+00
    endloop
  endfacet
  facet normal 3.002255e-01 -7.931860e-01 -5.298308e-01
    outer loop
      vertex   1.008196e+02 1.456091e+01 -7.513644e+00
      vertex   1.007956e+02 1.452118e+01 -7.467761e+00
      vertex   1.005599e+02 1.456091e+01 -7.660795e+00
    endloop
  endfacet
  facet normal 3.002255e-01 -7.931860e-01 -5.298308e-01
    outer loop
      vertex   1.005599e+02 1.456091e+01 -7.660795e+00
      vertex   1.007956e+02 1.452118e+01 -7.467761e+00
      vertex   1.005329e+02 1.452118e+01 -7.616635e+00
    endloop
  endfacet
  facet normal 3.352612e-01 -7.931860e-01 -5.083856e-01
    outer loop
      vertex   1.005599e+02 1.456091e+01 -7.660795e+00
      vertex   1.005329e+02 1.452118e+01 -7.616635e+00
      vertex   1.003107e+02 1.456091e+01 -7.825119e+00
    endloop
  endfacet
  facet normal 3.352612e-01 -7.931860e-01 -5.083856e-01
    outer loop
      vertex   1.003107e+02 1.456091e+01 -7.825119e+00
      vertex   1.005329e+02 1.452118e+01 -7.616635e+00
      vertex   1.002808e+02 1.452118e+01 -7.782881e+00
    endloop
  endfacet
  facet normal 3.687715e-01 -7.931860e-01 -4.846273e-01
    outer loop
      vertex   1.003107e+02 1.456091e+01 -7.825119e+00
      vertex   1.002808e+02 1.452118e+01 -7.782881e+00
      vertex   1.000732e+02 1.456091e+01 -8.005867e+00
    endloop
  endfacet
  facet normal 3.687715e-01 -7.931860e-01 -4.846273e-01
    outer loop
      vertex   1.000732e+02 1.456091e+01 -8.005867e+00
      vertex   1.002808e+02 1.452118e+01 -7.782881e+00
      vertex   1.000404e+02 1.452118e+01 -7.965744e+00
    endloop
  endfacet
  facet normal 4.006039e-01 -7.931860e-01 -4.586638e-01
    outer loop
      vertex   1.000732e+02 1.456091e+01 -8.005867e+00
      vertex   1.000404e+02 1.452118e+01 -7.965744e+00
      vertex   9.984836e+01 1.456091e+01 -8.202218e+00
    endloop
  endfacet
  facet normal 4.006039e-01 -7.931860e-01 -4.586638e-01
    outer loop
      vertex   9.984836e+01 1.456091e+01 -8.202218e+00
      vertex   1.000404e+02 1.452118e+01 -7.965744e+00
      vertex   9.981301e+01 1.452118e+01 -8.164392e+00
    endloop
  endfacet
  facet normal 4.306135e-01 -7.931860e-01 -4.306135e-01
    outer loop
      vertex   9.984836e+01 1.456091e+01 -8.202218e+00
      vertex   9.981301e+01 1.452118e+01 -8.164392e+00
      vertex   9.963730e+01 1.456091e+01 -8.413277e+00
    endloop
  endfacet
  facet normal 4.306135e-01 -7.931860e-01 -4.306135e-01
    outer loop
      vertex   9.963730e+01 1.456091e+01 -8.413277e+00
      vertex   9.981301e+01 1.452118e+01 -8.164392e+00
      vertex   9.959948e+01 1.452118e+01 -8.377921e+00
    endloop
  endfacet
  facet normal 4.586638e-01 -7.931860e-01 -4.006039e-01
    outer loop
      vertex   9.963730e+01 1.456091e+01 -8.413277e+00
      vertex   9.959948e+01 1.452118e+01 -8.377921e+00
      vertex   9.944095e+01 1.456091e+01 -8.638085e+00
    endloop
  endfacet
  facet normal 4.586638e-01 -7.931860e-01 -4.006039e-01
    outer loop
      vertex   9.944095e+01 1.456091e+01 -8.638085e+00
      vertex   9.959948e+01 1.452118e+01 -8.377921e+00
      vertex   9.940083e+01 1.452118e+01 -8.605359e+00
    endloop
  endfacet
  facet normal 4.846273e-01 -7.931860e-01 -3.687715e-01
    outer loop
      vertex   9.944095e+01 1.456091e+01 -8.638085e+00
      vertex   9.940083e+01 1.452118e+01 -8.605359e+00
      vertex   9.926020e+01 1.456091e+01 -8.875618e+00
    endloop
  endfacet
  facet normal 4.846273e-01 -7.931860e-01 -3.687715e-01
    outer loop
      vertex   9.926020e+01 1.456091e+01 -8.875618e+00
      vertex   9.940083e+01 1.452118e+01 -8.605359e+00
      vertex   9.921797e+01 1.452118e+01 -8.845672e+00
    endloop
  endfacet
  facet normal 5.083856e-01 -7.931860e-01 -3.352612e-01
    outer loop
      vertex   9.926020e+01 1.456091e+01 -8.875618e+00
      vertex   9.921797e+01 1.452118e+01 -8.845672e+00
      vertex   9.909588e+01 1.456091e+01 -9.124797e+00
    endloop
  endfacet
  facet normal 5.083856e-01 -7.931860e-01 -3.352612e-01
    outer loop
      vertex   9.909588e+01 1.456091e+01 -9.124797e+00
      vertex   9.921797e+01 1.452118e+01 -8.845672e+00
      vertex   9.905172e+01 1.452118e+01 -9.097766e+00
    endloop
  endfacet
  facet normal 5.298308e-01 -7.931860e-01 -3.002255e-01
    outer loop
      vertex   9.909588e+01 1.456091e+01 -9.124797e+00
      vertex   9.905172e+01 1.452118e+01 -9.097766e+00
      vertex   9.894873e+01 1.456091e+01 -9.384486e+00
    endloop
  endfacet
  facet normal 5.298308e-01 -7.931860e-01 -3.002255e-01
    outer loop
      vertex   9.894873e+01 1.456091e+01 -9.384486e+00
      vertex   9.905172e+01 1.452118e+01 -9.097766e+00
      vertex   9.890285e+01 1.452118e+01 -9.360494e+00
    endloop
  endfacet
  facet normal 5.488652e-01 -7.931860e-01 -2.638237e-01
    outer loop
      vertex   9.894873e+01 1.456091e+01 -9.384486e+00
      vertex   9.890285e+01 1.452118e+01 -9.360494e+00
      vertex   9.881942e+01 1.456091e+01 -9.653505e+00
    endloop
  endfacet
  facet normal 5.488652e-01 -7.931860e-01 -2.638237e-01
    outer loop
      vertex   9.881942e+01 1.456091e+01 -9.653505e+00
      vertex   9.890285e+01 1.452118e+01 -9.360494e+00
      vertex   9.877202e+01 1.452118e+01 -9.632661e+00
    endloop
  endfacet
  facet normal 5.654024e-01 -7.931860e-01 -2.262215e-01
    outer loop
      vertex   9.881942e+01 1.456091e+01 -9.653505e+00
      vertex   9.877202e+01 1.452118e+01 -9.632661e+00
      vertex   9.870854e+01 1.456091e+01 -9.930629e+00
    endloop
  endfacet
  facet normal 5.654024e-01 -7.931860e-01 -2.262215e-01
    outer loop
      vertex   9.870854e+01 1.456091e+01 -9.930629e+00
      vertex   9.877202e+01 1.452118e+01 -9.632661e+00
      vertex   9.865985e+01 1.452118e+01 -9.913028e+00
    endloop
  endfacet
  facet normal 5.793669e-01 -7.931860e-01 -1.875900e-01
    outer loop
      vertex   9.870854e+01 1.456091e+01 -9.930629e+00
      vertex   9.865985e+01 1.452118e+01 -9.913028e+00
      vertex   9.861660e+01 1.456091e+01 -1.021460e+01
    endloop
  endfacet
  facet normal 5.793669e-01 -7.931860e-01 -1.875900e-01
    outer loop
      vertex   9.861660e+01 1.456091e+01 -1.021460e+01
      vertex   9.865985e+01 1.452118e+01 -9.913028e+00
      vertex   9.856683e+01 1.452118e+01 -1.020032e+01
    endloop
  endfacet
  facet normal 5.906953e-01 -7.931860e-01 -1.481050e-01
    outer loop
      vertex   9.861660e+01 1.456091e+01 -1.021460e+01
      vertex   9.856683e+01 1.452118e+01 -1.020032e+01
      vertex   9.854400e+01 1.456091e+01 -1.050412e+01
    endloop
  endfacet
  facet normal 5.906953e-01 -7.931860e-01 -1.481050e-01
    outer loop
      vertex   9.854400e+01 1.456091e+01 -1.050412e+01
      vertex   9.856683e+01 1.452118e+01 -1.020032e+01
      vertex   9.849339e+01 1.452118e+01 -1.049323e+01
    endloop
  endfacet
  facet normal 5.993360e-01 -7.931860e-01 -1.079461e-01
    outer loop
      vertex   9.854400e+01 1.456091e+01 -1.050412e+01
      vertex   9.849339e+01 1.452118e+01 -1.049323e+01
      vertex   9.849110e+01 1.456091e+01 -1.079788e+01
    endloop
  endfacet
  facet normal 5.993360e-01 -7.931860e-01 -1.079461e-01
    outer loop
      vertex   9.849110e+01 1.456091e+01 -1.079788e+01
      vertex   9.849339e+01 1.452118e+01 -1.049323e+01
      vertex   9.843986e+01 1.452118e+01 -1.079042e+01
    endloop
  endfacet
  facet normal 1.179391e-01 -9.238025e-01 -3.642517e-01
    outer loop
      vertex   1.013862e+02 1.458588e+01 -7.330159e+00
      vertex   1.016663e+02 1.458588e+01 -7.239467e+00
      vertex   1.016497e+02 1.456091e+01 -7.181510e+00
    endloop
  endfacet
  facet normal 9.311458e-02 -9.238025e-01 -3.713739e-01
    outer loop
      vertex   1.016497e+02 1.456091e+01 -7.181510e+00
      vertex   1.016663e+02 1.458588e+01 -7.239467e+00
      vertex   1.019392e+02 1.456091e+01 -7.108919e+00
    endloop
  endfacet
  facet normal 1.179391e-01 -9.238025e-01 -3.642517e-01
    outer loop
      vertex   1.013862e+02 1.458588e+01 -7.330159e+00
      vertex   1.016497e+02 1.456091e+01 -7.181510e+00
      vertex   1.013657e+02 1.456091e+01 -7.273455e+00
    endloop
  endfacet
  facet normal 1.422269e-01 -9.238025e-01 -3.554721e-01
    outer loop
      vertex   1.011129e+02 1.458588e+01 -7.439528e+00
      vertex   1.013862e+02 1.458588e+01 -7.330159e+00
      vertex   1.013657e+02 1.456091e+01 -7.273455e+00
    endloop
  endfacet
  facet normal 1.422269e-01 -9.238025e-01 -3.554721e-01
    outer loop
      vertex   1.011129e+02 1.458588e+01 -7.439528e+00
      vertex   1.013657e+02 1.456091e+01 -7.273455e+00
      vertex   1.010886e+02 1.456091e+01 -7.384334e+00
    endloop
  endfacet
  facet normal 1.658677e-01 -9.238025e-01 -3.450751e-01
    outer loop
      vertex   1.008475e+02 1.458588e+01 -7.567075e+00
      vertex   1.011129e+02 1.458588e+01 -7.439528e+00
      vertex   1.010886e+02 1.456091e+01 -7.384334e+00
    endloop
  endfacet
  facet normal 1.658677e-01 -9.238025e-01 -3.450751e-01
    outer loop
      vertex   1.008475e+02 1.458588e+01 -7.567075e+00
      vertex   1.010886e+02 1.456091e+01 -7.384334e+00
      vertex   1.008196e+02 1.456091e+01 -7.513644e+00
    endloop
  endfacet
  facet normal 1.887537e-01 -9.238025e-01 -3.331081e-01
    outer loop
      vertex   1.005914e+02 1.458588e+01 -7.712222e+00
      vertex   1.008475e+02 1.458588e+01 -7.567075e+00
      vertex   1.008196e+02 1.456091e+01 -7.513644e+00
    endloop
  endfacet
  facet normal 1.887537e-01 -9.238025e-01 -3.331081e-01
    outer loop
      vertex   1.005914e+02 1.458588e+01 -7.712222e+00
      vertex   1.008196e+02 1.456091e+01 -7.513644e+00
      vertex   1.005599e+02 1.456091e+01 -7.660795e+00
    endloop
  endfacet
  facet normal 2.107809e-01 -9.238025e-01 -3.196253e-01
    outer loop
      vertex   1.003456e+02 1.458588e+01 -7.874306e+00
      vertex   1.005914e+02 1.458588e+01 -7.712222e+00
      vertex   1.005599e+02 1.456091e+01 -7.660795e+00
    endloop
  endfacet
  facet normal 2.107809e-01 -9.238025e-01 -3.196253e-01
    outer loop
      vertex   1.003456e+02 1.458588e+01 -7.874306e+00
      vertex   1.005599e+02 1.456091e+01 -7.660795e+00
      vertex   1.003107e+02 1.456091e+01 -7.825119e+00
    endloop
  endfacet
  facet normal 2.318490e-01 -9.238025e-01 -3.046883e-01
    outer loop
      vertex   1.001113e+02 1.458588e+01 -8.052592e+00
      vertex   1.003456e+02 1.458588e+01 -7.874306e+00
      vertex   1.003107e+02 1.456091e+01 -7.825119e+00
    endloop
  endfacet
  facet normal 2.318490e-01 -9.238025e-01 -3.046883e-01
    outer loop
      vertex   1.001113e+02 1.458588e+01 -8.052592e+00
      vertex   1.003107e+02 1.456091e+01 -7.825119e+00
      vertex   1.000732e+02 1.456091e+01 -8.005867e+00
    endloop
  endfacet
  facet normal 2.518623e-01 -9.238025e-01 -2.883649e-01
    outer loop
      vertex   9.988954e+01 1.458588e+01 -8.246267e+00
      vertex   1.001113e+02 1.458588e+01 -8.052592e+00
      vertex   1.000732e+02 1.456091e+01 -8.005867e+00
    endloop
  endfacet
  facet normal 2.518623e-01 -9.238025e-01 -2.883649e-01
    outer loop
      vertex   9.988954e+01 1.458588e+01 -8.246267e+00
      vertex   1.000732e+02 1.456091e+01 -8.005867e+00
      vertex   9.984836e+01 1.456091e+01 -8.202218e+00
    endloop
  endfacet
  facet normal 2.707295e-01 -9.238025e-01 -2.707295e-01
    outer loop
      vertex   9.968135e+01 1.458588e+01 -8.454450e+00
      vertex   9.988954e+01 1.458588e+01 -8.246267e+00
      vertex   9.984836e+01 1.456091e+01 -8.202218e+00
    endloop
  endfacet
  facet normal 2.707295e-01 -9.238025e-01 -2.707295e-01
    outer loop
      vertex   9.968135e+01 1.458588e+01 -8.454450e+00
      vertex   9.984836e+01 1.456091e+01 -8.202218e+00
      vertex   9.963730e+01 1.456091e+01 -8.413277e+00
    endloop
  endfacet
  facet normal 2.883649e-01 -9.238025e-01 -2.518623e-01
    outer loop
      vertex   9.948768e+01 1.458588e+01 -8.676195e+00
      vertex   9.968135e+01 1.458588e+01 -8.454450e+00
      vertex   9.963730e+01 1.456091e+01 -8.413277e+00
    endloop
  endfacet
  facet normal 2.883649e-01 -9.238025e-01 -2.518623e-01
    outer loop
      vertex   9.948768e+01 1.458588e+01 -8.676195e+00
      vertex   9.963730e+01 1.456091e+01 -8.413277e+00
      vertex   9.944095e+01 1.456091e+01 -8.638085e+00
    endloop
  endfacet
  facet normal 3.046883e-01 -9.238025e-01 -2.318490e-01
    outer loop
      vertex   9.930939e+01 1.458588e+01 -8.910492e+00
      vertex   9.948768e+01 1.458588e+01 -8.676195e+00
      vertex   9.944095e+01 1.456091e+01 -8.638085e+00
    endloop
  endfacet
  facet normal 3.046883e-01 -9.238025e-01 -2.318490e-01
    outer loop
      vertex   9.930939e+01 1.458588e+01 -8.910492e+00
      vertex   9.944095e+01 1.456091e+01 -8.638085e+00
      vertex   9.926020e+01 1.456091e+01 -8.875618e+00
    endloop
  endfacet
  facet normal 3.196253e-01 -9.238025e-01 -2.107809e-01
    outer loop
      vertex   9.914731e+01 1.458588e+01 -9.156274e+00
      vertex   9.930939e+01 1.458588e+01 -8.910492e+00
      vertex   9.926020e+01 1.456091e+01 -8.875618e+00
    endloop
  endfacet
  facet normal 3.196253e-01 -9.238025e-01 -2.107809e-01
    outer loop
      vertex   9.914731e+01 1.458588e+01 -9.156274e+00
      vertex   9.926020e+01 1.456091e+01 -8.875618e+00
      vertex   9.909588e+01 1.456091e+01 -9.124797e+00
    endloop
  endfacet
  facet normal 3.331081e-01 -9.238025e-01 -1.887537e-01
    outer loop
      vertex   9.900216e+01 1.458588e+01 -9.412425e+00
      vertex   9.914731e+01 1.458588e+01 -9.156274e+00
      vertex   9.909588e+01 1.456091e+01 -9.124797e+00
    endloop
  endfacet
  facet normal 3.331081e-01 -9.238025e-01 -1.887537e-01
    outer loop
      vertex   9.900216e+01 1.458588e+01 -9.412425e+00
      vertex   9.909588e+01 1.456091e+01 -9.124797e+00
      vertex   9.894873e+01 1.456091e+01 -9.384486e+00
    endloop
  endfacet
  facet normal 3.450751e-01 -9.238025e-01 -1.658677e-01
    outer loop
      vertex   9.887461e+01 1.458588e+01 -9.677778e+00
      vertex   9.900216e+01 1.458588e+01 -9.412425e+00
      vertex   9.894873e+01 1.456091e+01 -9.384486e+00
    endloop
  endfacet
  facet normal 3.450751e-01 -9.238025e-01 -1.658677e-01
    outer loop
      vertex   9.887461e+01 1.458588e+01 -9.677778e+00
      vertex   9.894873e+01 1.456091e+01 -9.384486e+00
      vertex   9.881942e+01 1.456091e+01 -9.653505e+00
    endloop
  endfacet
  facet normal 3.554721e-01 -9.238025e-01 -1.422269e-01
    outer loop
      vertex   9.876524e+01 1.458588e+01 -9.951127e+00
      vertex   9.887461e+01 1.458588e+01 -9.677778e+00
      vertex   9.881942e+01 1.456091e+01 -9.653505e+00
    endloop
  endfacet
  facet normal 3.554721e-01 -9.238025e-01 -1.422269e-01
    outer loop
      vertex   9.876524e+01 1.458588e+01 -9.951127e+00
      vertex   9.881942e+01 1.456091e+01 -9.653505e+00
      vertex   9.870854e+01 1.456091e+01 -9.930629e+00
    endloop
  endfacet
  facet normal 3.642517e-01 -9.238025e-01 -1.179391e-01
    outer loop
      vertex   9.867455e+01 1.458588e+01 -1.023123e+01
      vertex   9.876524e+01 1.458588e+01 -9.951127e+00
      vertex   9.870854e+01 1.456091e+01 -9.930629e+00
    endloop
  endfacet
  facet normal 3.642517e-01 -9.238025e-01 -1.179391e-01
    outer loop
      vertex   9.867455e+01 1.458588e+01 -1.023123e+01
      vertex   9.870854e+01 1.456091e+01 -9.930629e+00
      vertex   9.861660e+01 1.456091e+01 -1.021460e+01
    endloop
  endfacet
  facet normal 3.713739e-01 -9.238025e-01 -9.311458e-02
    outer loop
      vertex   9.860295e+01 1.458588e+01 -1.051680e+01
      vertex   9.867455e+01 1.458588e+01 -1.023123e+01
      vertex   9.861660e+01 1.456091e+01 -1.021460e+01
    endloop
  endfacet
  facet normal 3.713739e-01 -9.238025e-01 -9.311458e-02
    outer loop
      vertex   9.860295e+01 1.458588e+01 -1.051680e+01
      vertex   9.861660e+01 1.456091e+01 -1.021460e+01
      vertex   9.854400e+01 1.456091e+01 -1.050412e+01
    endloop
  endfacet
  facet normal 3.768064e-01 -9.238025e-01 -6.786642e-02
    outer loop
      vertex   9.855076e+01 1.458588e+01 -1.080656e+01
      vertex   9.860295e+01 1.458588e+01 -1.051680e+01
      vertex   9.854400e+01 1.456091e+01 -1.050412e+01
    endloop
  endfacet
  facet normal 3.768064e-01 -9.238025e-01 -6.786642e-02
    outer loop
      vertex   9.855076e+01 1.458588e+01 -1.080656e+01
      vertex   9.854400e+01 1.456091e+01 -1.050412e+01
      vertex   9.849110e+01 1.456091e+01 -1.079788e+01
    endloop
  endfacet
  facet normal 1.099108e-01 -1.036759e-01 9.885196e-01
    outer loop
      vertex   1.025200e+02 1.434440e+01 -1.597143e+01
      vertex   1.025200e+02 1.439319e+01 -1.596632e+01
      vertex   1.022150e+02 1.434440e+01 -1.593752e+01
    endloop
  endfacet
  facet normal 1.138545e-01 -1.304708e-01 9.848932e-01
    outer loop
      vertex   1.022150e+02 1.434440e+01 -1.593752e+01
      vertex   1.025200e+02 1.439319e+01 -1.596632e+01
      vertex   1.022162e+02 1.440910e+01 -1.592909e+01
    endloop
  endfacet
  facet normal 1.757426e-01 -1.304532e-01 9.757543e-01
    outer loop
      vertex   1.022150e+02 1.434440e+01 -1.593752e+01
      vertex   1.022162e+02 1.440910e+01 -1.592909e+01
      vertex   1.019129e+02 1.434440e+01 -1.588311e+01
    endloop
  endfacet
  facet normal 1.757426e-01 -1.304532e-01 9.757543e-01
    outer loop
      vertex   1.019129e+02 1.434440e+01 -1.588311e+01
      vertex   1.022162e+02 1.440910e+01 -1.592909e+01
      vertex   1.019147e+02 1.440910e+01 -1.587479e+01
    endloop
  endfacet
  facet normal 2.411237e-01 -1.304532e-01 9.616867e-01
    outer loop
      vertex   1.019129e+02 1.434440e+01 -1.588311e+01
      vertex   1.019147e+02 1.440910e+01 -1.587479e+01
      vertex   1.016152e+02 1.434440e+01 -1.580847e+01
    endloop
  endfacet
  facet normal 2.411237e-01 -1.304532e-01 9.616867e-01
    outer loop
      vertex   1.016152e+02 1.434440e+01 -1.580847e+01
      vertex   1.019147e+02 1.440910e+01 -1.587479e+01
      vertex   1.016176e+02 1.440910e+01 -1.580028e+01
    endloop
  endfacet
  facet normal 3.054076e-01 -1.304532e-01 9.432434e-01
    outer loop
      vertex   1.016152e+02 1.434440e+01 -1.580847e+01
      vertex   1.016176e+02 1.440910e+01 -1.580028e+01
      vertex   1.013232e+02 1.434440e+01 -1.571393e+01
    endloop
  endfacet
  facet normal 3.054076e-01 -1.304532e-01 9.432434e-01
    outer loop
      vertex   1.013232e+02 1.434440e+01 -1.571393e+01
      vertex   1.016176e+02 1.440910e+01 -1.580028e+01
      vertex   1.013261e+02 1.440910e+01 -1.570592e+01
    endloop
  endfacet
  facet normal 3.683020e-01 -1.304532e-01 9.205084e-01
    outer loop
      vertex   1.013232e+02 1.434440e+01 -1.571393e+01
      vertex   1.013261e+02 1.440910e+01 -1.570592e+01
      vertex   1.010383e+02 1.434440e+01 -1.559992e+01
    endloop
  endfacet
  facet normal 3.683020e-01 -1.304532e-01 9.205084e-01
    outer loop
      vertex   1.010383e+02 1.434440e+01 -1.559992e+01
      vertex   1.013261e+02 1.440910e+01 -1.570592e+01
      vertex   1.010417e+02 1.440910e+01 -1.559212e+01
    endloop
  endfacet
  facet normal 4.295205e-01 -1.304532e-01 8.935850e-01
    outer loop
      vertex   1.010383e+02 1.434440e+01 -1.559992e+01
      vertex   1.010417e+02 1.440910e+01 -1.559212e+01
      vertex   1.007616e+02 1.434440e+01 -1.546696e+01
    endloop
  endfacet
  facet normal 4.295205e-01 -1.304532e-01 8.935850e-01
    outer loop
      vertex   1.007616e+02 1.434440e+01 -1.546696e+01
      vertex   1.010417e+02 1.440910e+01 -1.559212e+01
      vertex   1.007656e+02 1.440910e+01 -1.545941e+01
    endloop
  endfacet
  facet normal 4.887847e-01 -1.304532e-01 8.625958e-01
    outer loop
      vertex   1.007616e+02 1.434440e+01 -1.546696e+01
      vertex   1.007656e+02 1.440910e+01 -1.545941e+01
      vertex   1.004946e+02 1.434440e+01 -1.531565e+01
    endloop
  endfacet
  facet normal 4.887847e-01 -1.304532e-01 8.625958e-01
    outer loop
      vertex   1.004946e+02 1.434440e+01 -1.531565e+01
      vertex   1.007656e+02 1.440910e+01 -1.545941e+01
      vertex   1.004991e+02 1.440910e+01 -1.530838e+01
    endloop
  endfacet
  facet normal 5.458250e-01 -1.304532e-01 8.276817e-01
    outer loop
      vertex   1.004946e+02 1.434440e+01 -1.531565e+01
      vertex   1.004991e+02 1.440910e+01 -1.530838e+01
      vertex   1.002384e+02 1.434440e+01 -1.514668e+01
    endloop
  endfacet
  facet normal 5.458250e-01 -1.304532e-01 8.276817e-01
    outer loop
      vertex   1.002384e+02 1.434440e+01 -1.514668e+01
      vertex   1.004991e+02 1.440910e+01 -1.530838e+01
      vertex   1.002433e+02 1.440910e+01 -1.513973e+01
    endloop
  endfacet
  facet normal 6.003817e-01 -1.304532e-01 7.890017e-01
    outer loop
      vertex   1.002384e+02 1.434440e+01 -1.514668e+01
      vertex   1.002433e+02 1.440910e+01 -1.513973e+01
      vertex   9.999416e+01 1.434440e+01 -1.496083e+01
    endloop
  endfacet
  facet normal 6.003817e-01 -1.304532e-01 7.890017e-01
    outer loop
      vertex   9.999416e+01 1.434440e+01 -1.496083e+01
      vertex   1.002433e+02 1.440910e+01 -1.513973e+01
      vertex   9.999955e+01 1.440910e+01 -1.495423e+01
    endloop
  endfacet
  facet normal 6.522067e-01 -1.304532e-01 7.467318e-01
    outer loop
      vertex   9.999416e+01 1.434440e+01 -1.496083e+01
      vertex   9.999955e+01 1.440910e+01 -1.495423e+01
      vertex   9.976301e+01 1.434440e+01 -1.475893e+01
    endloop
  endfacet
  facet normal 6.522067e-01 -1.304532e-01 7.467318e-01
    outer loop
      vertex   9.976301e+01 1.434440e+01 -1.475893e+01
      vertex   9.999955e+01 1.440910e+01 -1.495423e+01
      vertex   9.976882e+01 1.440910e+01 -1.475271e+01
    endloop
  endfacet
  facet normal 7.010642e-01 -1.304532e-01 7.010642e-01
    outer loop
      vertex   9.976301e+01 1.434440e+01 -1.475893e+01
      vertex   9.976882e+01 1.440910e+01 -1.475271e+01
      vertex   9.954598e+01 1.434440e+01 -1.454191e+01
    endloop
  endfacet
  facet normal 7.010642e-01 -1.304532e-01 7.010642e-01
    outer loop
      vertex   9.954598e+01 1.434440e+01 -1.454191e+01
      vertex   9.976882e+01 1.440910e+01 -1.475271e+01
      vertex   9.955221e+01 1.440910e+01 -1.453609e+01
    endloop
  endfacet
  facet normal 7.467318e-01 -1.304532e-01 6.522067e-01
    outer loop
      vertex   9.954598e+01 1.434440e+01 -1.454191e+01
      vertex   9.955221e+01 1.440910e+01 -1.453609e+01
      vertex   9.934409e+01 1.434440e+01 -1.431075e+01
    endloop
  endfacet
  facet normal 7.467318e-01 -1.304532e-01 6.522067e-01
    outer loop
      vertex   9.934409e+01 1.434440e+01 -1.431075e+01
      vertex   9.955221e+01 1.440910e+01 -1.453609e+01
      vertex   9.935069e+01 1.440910e+01 -1.430537e+01
    endloop
  endfacet
  facet normal 7.890017e-01 -1.304532e-01 6.003817e-01
    outer loop
      vertex   9.934409e+01 1.434440e+01 -1.431075e+01
      vertex   9.935069e+01 1.440910e+01 -1.430537e+01
      vertex   9.915823e+01 1.434440e+01 -1.406651e+01
    endloop
  endfacet
  facet normal 7.890017e-01 -1.304532e-01 6.003817e-01
    outer loop
      vertex   9.915823e+01 1.434440e+01 -1.406651e+01
      vertex   9.935069e+01 1.440910e+01 -1.430537e+01
      vertex   9.916518e+01 1.440910e+01 -1.406158e+01
    endloop
  endfacet
  facet normal 8.276817e-01 -1.304532e-01 5.458250e-01
    outer loop
      vertex   9.915823e+01 1.434440e+01 -1.406651e+01
      vertex   9.916518e+01 1.440910e+01 -1.406158e+01
      vertex   9.898927e+01 1.434440e+01 -1.381029e+01
    endloop
  endfacet
  facet normal 8.276817e-01 -1.304532e-01 5.458250e-01
    outer loop
      vertex   9.898927e+01 1.434440e+01 -1.381029e+01
      vertex   9.916518e+01 1.440910e+01 -1.406158e+01
      vertex   9.899653e+01 1.440910e+01 -1.380584e+01
    endloop
  endfacet
  facet normal 8.625958e-01 -1.304532e-01 4.887847e-01
    outer loop
      vertex   9.898927e+01 1.434440e+01 -1.381029e+01
      vertex   9.899653e+01 1.440910e+01 -1.380584e+01
      vertex   9.883796e+01 1.434440e+01 -1.354327e+01
    endloop
  endfacet
  facet normal 8.625958e-01 -1.304532e-01 4.887847e-01
    outer loop
      vertex   9.883796e+01 1.434440e+01 -1.354327e+01
      vertex   9.899653e+01 1.440910e+01 -1.380584e+01
      vertex   9.884551e+01 1.440910e+01 -1.353932e+01
    endloop
  endfacet
  facet normal 8.935850e-01 -1.304532e-01 4.295205e-01
    outer loop
      vertex   9.883796e+01 1.434440e+01 -1.354327e+01
      vertex   9.884551e+01 1.440910e+01 -1.353932e+01
      vertex   9.870500e+01 1.434440e+01 -1.326665e+01
    endloop
  endfacet
  facet normal 8.935850e-01 -1.304532e-01 4.295205e-01
    outer loop
      vertex   9.870500e+01 1.434440e+01 -1.326665e+01
      vertex   9.884551e+01 1.440910e+01 -1.353932e+01
      vertex   9.871279e+01 1.440910e+01 -1.326322e+01
    endloop
  endfacet
  facet normal 9.205084e-01 -1.304532e-01 3.683020e-01
    outer loop
      vertex   9.870500e+01 1.434440e+01 -1.326665e+01
      vertex   9.871279e+01 1.440910e+01 -1.326322e+01
      vertex   9.859098e+01 1.434440e+01 -1.298169e+01
    endloop
  endfacet
  facet normal 9.205084e-01 -1.304532e-01 3.683020e-01
    outer loop
      vertex   9.859098e+01 1.434440e+01 -1.298169e+01
      vertex   9.871279e+01 1.440910e+01 -1.326322e+01
      vertex   9.859900e+01 1.440910e+01 -1.297880e+01
    endloop
  endfacet
  facet normal 9.432434e-01 -1.304532e-01 3.054076e-01
    outer loop
      vertex   9.859098e+01 1.434440e+01 -1.298169e+01
      vertex   9.859900e+01 1.440910e+01 -1.297880e+01
      vertex   9.849644e+01 1.434440e+01 -1.268970e+01
    endloop
  endfacet
  facet normal 9.432434e-01 -1.304532e-01 3.054076e-01
    outer loop
      vertex   9.849644e+01 1.434440e+01 -1.268970e+01
      vertex   9.859900e+01 1.440910e+01 -1.297880e+01
      vertex   9.850463e+01 1.440910e+01 -1.268736e+01
    endloop
  endfacet
  facet normal 9.616867e-01 -1.304532e-01 2.411237e-01
    outer loop
      vertex   9.849644e+01 1.434440e+01 -1.268970e+01
      vertex   9.850463e+01 1.440910e+01 -1.268736e+01
      vertex   9.842180e+01 1.434440e+01 -1.239200e+01
    endloop
  endfacet
  facet normal 9.616867e-01 -1.304532e-01 2.411237e-01
    outer loop
      vertex   9.842180e+01 1.434440e+01 -1.239200e+01
      vertex   9.850463e+01 1.440910e+01 -1.268736e+01
      vertex   9.843013e+01 1.440910e+01 -1.239021e+01
    endloop
  endfacet
  facet normal 9.757543e-01 -1.304532e-01 1.757426e-01
    outer loop
      vertex   9.842180e+01 1.434440e+01 -1.239200e+01
      vertex   9.843013e+01 1.440910e+01 -1.239021e+01
      vertex   9.836740e+01 1.434440e+01 -1.208995e+01
    endloop
  endfacet
  facet normal 9.757543e-01 -1.304532e-01 1.757426e-01
    outer loop
      vertex   9.836740e+01 1.434440e+01 -1.208995e+01
      vertex   9.843013e+01 1.440910e+01 -1.239021e+01
      vertex   9.837583e+01 1.440910e+01 -1.208872e+01
    endloop
  endfacet
  facet normal 9.848932e-01 -1.304708e-01 1.138545e-01
    outer loop
      vertex   9.836740e+01 1.434440e+01 -1.208995e+01
      vertex   9.837583e+01 1.440910e+01 -1.208872e+01
      vertex   9.833860e+01 1.439319e+01 -1.178491e+01
    endloop
  endfacet
  facet normal 9.532863e-01 -2.843540e-01 1.019219e-01
    outer loop
      vertex   9.833860e+01 1.439319e+01 -1.178491e+01
      vertex   9.837583e+01 1.440910e+01 -1.208872e+01
      vertex   9.835262e+01 1.444019e+01 -1.178491e+01
    endloop
  endfacet
  facet normal 9.174453e-01 -3.825733e-01 1.092322e-01
    outer loop
      vertex   9.835262e+01 1.444019e+01 -1.178491e+01
      vertex   9.837583e+01 1.440910e+01 -1.208872e+01
      vertex   9.840054e+01 1.446940e+01 -1.208513e+01
    endloop
  endfacet
  facet normal 8.744089e-01 -4.761432e-01 9.325661e-02
    outer loop
      vertex   9.835262e+01 1.444019e+01 -1.178491e+01
      vertex   9.840054e+01 1.446940e+01 -1.208513e+01
      vertex   9.837609e+01 1.448329e+01 -1.178491e+01
    endloop
  endfacet
  facet normal 7.880741e-01 -6.086133e-01 9.235349e-02
    outer loop
      vertex   9.837609e+01 1.448329e+01 -1.178491e+01
      vertex   9.840054e+01 1.446940e+01 -1.208513e+01
      vertex   9.843986e+01 1.452118e+01 -1.207941e+01
    endloop
  endfacet
  facet normal 7.724217e-01 -6.292176e-01 8.631340e-02
    outer loop
      vertex   9.837609e+01 1.448329e+01 -1.178491e+01
      vertex   9.843986e+01 1.452118e+01 -1.207941e+01
      vertex   9.840705e+01 1.452130e+01 -1.178491e+01
    endloop
  endfacet
  facet normal 6.265323e-01 -7.762343e-01 7.012625e-02
    outer loop
      vertex   9.840705e+01 1.452130e+01 -1.178491e+01
      vertex   9.843986e+01 1.452118e+01 -1.207941e+01
      vertex   9.844525e+01 1.455214e+01 -1.178491e+01
    endloop
  endfacet
  facet normal 6.045753e-01 -7.932584e-01 7.231807e-02
    outer loop
      vertex   9.844525e+01 1.455214e+01 -1.178491e+01
      vertex   9.843986e+01 1.452118e+01 -1.207941e+01
      vertex   9.849110e+01 1.456091e+01 -1.207195e+01
    endloop
  endfacet
  facet normal 4.742804e-01 -8.790154e-01 4.888801e-02
    outer loop
      vertex   9.844525e+01 1.455214e+01 -1.178491e+01
      vertex   9.849110e+01 1.456091e+01 -1.207195e+01
      vertex   9.848841e+01 1.457542e+01 -1.178491e+01
    endloop
  endfacet
  facet normal 3.793944e-01 -9.238686e-01 5.026713e-02
    outer loop
      vertex   9.848841e+01 1.457542e+01 -1.178491e+01
      vertex   9.849110e+01 1.456091e+01 -1.207195e+01
      vertex   9.855076e+01 1.458588e+01 -1.206327e+01
    endloop
  endfacet
  facet normal 2.832831e-01 -9.586440e-01 2.743010e-02
    outer loop
      vertex   9.848841e+01 1.457542e+01 -1.178491e+01
      vertex   9.855076e+01 1.458588e+01 -1.206327e+01
      vertex   9.853547e+01 1.458933e+01 -1.178491e+01
    endloop
  endfacet
  facet normal 1.291283e-01 -9.914387e-01 1.936937e-02
    outer loop
      vertex   9.853547e+01 1.458933e+01 -1.178491e+01
      vertex   9.855076e+01 1.458588e+01 -1.206327e+01
      vertex   9.861950e+01 1.459440e+01 -1.208548e+01
    endloop
  endfacet
  facet normal 1.033743e-01 -9.945687e-01 1.211687e-02
    outer loop
      vertex   9.853547e+01 1.458933e+01 -1.178491e+01
      vertex   9.861950e+01 1.459440e+01 -1.208548e+01
      vertex   9.858427e+01 1.459440e+01 -1.178491e+01
    endloop
  endfacet
  facet normal 1.019219e-01 -2.843540e-01 9.532863e-01
    outer loop
      vertex   1.025200e+02 1.439319e+01 -1.596632e+01
      vertex   1.025200e+02 1.444019e+01 -1.595230e+01
      vertex   1.022162e+02 1.440910e+01 -1.592909e+01
    endloop
  endfacet
  facet normal 1.092322e-01 -3.825733e-01 9.174453e-01
    outer loop
      vertex   1.022162e+02 1.440910e+01 -1.592909e+01
      vertex   1.025200e+02 1.444019e+01 -1.595230e+01
      vertex   1.022198e+02 1.446940e+01 -1.590437e+01
    endloop
  endfacet
  facet normal 1.637781e-01 -3.824976e-01 9.093252e-01
    outer loop
      vertex   1.022162e+02 1.440910e+01 -1.592909e+01
      vertex   1.022198e+02 1.446940e+01 -1.590437e+01
      vertex   1.019147e+02 1.440910e+01 -1.587479e+01
    endloop
  endfacet
  facet normal 1.637781e-01 -3.824976e-01 9.093252e-01
    outer loop
      vertex   1.019147e+02 1.440910e+01 -1.587479e+01
      vertex   1.022198e+02 1.446940e+01 -1.590437e+01
      vertex   1.019200e+02 1.446940e+01 -1.585037e+01
    endloop
  endfacet
  facet normal 2.247080e-01 -3.824976e-01 8.962153e-01
    outer loop
      vertex   1.019147e+02 1.440910e+01 -1.587479e+01
      vertex   1.019200e+02 1.446940e+01 -1.585037e+01
      vertex   1.016176e+02 1.440910e+01 -1.580028e+01
    endloop
  endfacet
  facet normal 2.247080e-01 -3.824976e-01 8.962153e-01
    outer loop
      vertex   1.016176e+02 1.440910e+01 -1.580028e+01
      vertex   1.019200e+02 1.446940e+01 -1.585037e+01
      vertex   1.016244e+02 1.446940e+01 -1.577628e+01
    endloop
  endfacet
  facet normal 2.846155e-01 -3.824976e-01 8.790276e-01
    outer loop
      vertex   1.016176e+02 1.440910e+01 -1.580028e+01
      vertex   1.016244e+02 1.446940e+01 -1.577628e+01
      vertex   1.013261e+02 1.440910e+01 -1.570592e+01
    endloop
  endfacet
  facet normal 2.846155e-01 -3.824976e-01 8.790276e-01
    outer loop
      vertex   1.013261e+02 1.440910e+01 -1.570592e+01
      vertex   1.016244e+02 1.446940e+01 -1.577628e+01
      vertex   1.013346e+02 1.446940e+01 -1.568243e+01
    endloop
  endfacet
  facet normal 3.432280e-01 -3.824976e-01 8.578404e-01
    outer loop
      vertex   1.013261e+02 1.440910e+01 -1.570592e+01
      vertex   1.013346e+02 1.446940e+01 -1.568243e+01
      vertex   1.010417e+02 1.440910e+01 -1.559212e+01
    endloop
  endfacet
  facet normal 3.432280e-01 -3.824976e-01 8.578404e-01
    outer loop
      vertex   1.010417e+02 1.440910e+01 -1.559212e+01
      vertex   1.013346e+02 1.446940e+01 -1.568243e+01
      vertex   1.010518e+02 1.446940e+01 -1.556926e+01
    endloop
  endfacet
  facet normal 4.002789e-01 -3.824976e-01 8.327499e-01
    outer loop
      vertex   1.010417e+02 1.440910e+01 -1.559212e+01
      vertex   1.010518e+02 1.446940e+01 -1.556926e+01
      vertex   1.007656e+02 1.440910e+01 -1.545941e+01
    endloop
  endfacet
  facet normal 4.002789e-01 -3.824976e-01 8.327499e-01
    outer loop
      vertex   1.007656e+02 1.440910e+01 -1.545941e+01
      vertex   1.010518e+02 1.446940e+01 -1.556926e+01
      vertex   1.007772e+02 1.446940e+01 -1.543728e+01
    endloop
  endfacet
  facet normal 4.555084e-01 -3.824976e-01 8.038705e-01
    outer loop
      vertex   1.007656e+02 1.440910e+01 -1.545941e+01
      vertex   1.007772e+02 1.446940e+01 -1.543728e+01
      vertex   1.004991e+02 1.440910e+01 -1.530838e+01
    endloop
  endfacet
  facet normal 4.555084e-01 -3.824976e-01 8.038705e-01
    outer loop
      vertex   1.004991e+02 1.440910e+01 -1.530838e+01
      vertex   1.007772e+02 1.446940e+01 -1.543728e+01
      vertex   1.005121e+02 1.446940e+01 -1.528708e+01
    endloop
  endfacet
  facet normal 5.086654e-01 -3.824976e-01 7.713334e-01
    outer loop
      vertex   1.004991e+02 1.440910e+01 -1.530838e+01
      vertex   1.005121e+02 1.446940e+01 -1.528708e+01
      vertex   1.002433e+02 1.440910e+01 -1.513973e+01
    endloop
  endfacet
  facet normal 5.086654e-01 -3.824976e-01 7.713334e-01
    outer loop
      vertex   1.002433e+02 1.440910e+01 -1.513973e+01
      vertex   1.005121e+02 1.446940e+01 -1.528708e+01
      vertex   1.002578e+02 1.446940e+01 -1.511936e+01
    endloop
  endfacet
  facet normal 5.595079e-01 -3.824976e-01 7.352867e-01
    outer loop
      vertex   1.002433e+02 1.440910e+01 -1.513973e+01
      vertex   1.002578e+02 1.446940e+01 -1.511936e+01
      vertex   9.999955e+01 1.440910e+01 -1.495423e+01
    endloop
  endfacet
  facet normal 5.595079e-01 -3.824976e-01 7.352867e-01
    outer loop
      vertex   9.999955e+01 1.440910e+01 -1.495423e+01
      vertex   1.002578e+02 1.446940e+01 -1.511936e+01
      vertex   1.000153e+02 1.446940e+01 -1.493487e+01
    endloop
  endfacet
  facet normal 6.078047e-01 -3.824976e-01 6.958945e-01
    outer loop
      vertex   9.999955e+01 1.440910e+01 -1.495423e+01
      vertex   1.000153e+02 1.446940e+01 -1.493487e+01
      vertex   9.976882e+01 1.440910e+01 -1.475271e+01
    endloop
  endfacet
  facet normal 6.078047e-01 -3.824976e-01 6.958945e-01
    outer loop
      vertex   9.976882e+01 1.440910e+01 -1.475271e+01
      vertex   1.000153e+02 1.446940e+01 -1.493487e+01
      vertex   9.978588e+01 1.446940e+01 -1.473446e+01
    endloop
  endfacet
  facet normal 6.533359e-01 -3.824976e-01 6.533359e-01
    outer loop
      vertex   9.976882e+01 1.440910e+01 -1.475271e+01
      vertex   9.978588e+01 1.446940e+01 -1.473446e+01
      vertex   9.955221e+01 1.440910e+01 -1.453609e+01
    endloop
  endfacet
  facet normal 6.533359e-01 -3.824976e-01 6.533359e-01
    outer loop
      vertex   9.955221e+01 1.440910e+01 -1.453609e+01
      vertex   9.978588e+01 1.446940e+01 -1.473446e+01
      vertex   9.957045e+01 1.446940e+01 -1.451904e+01
    endloop
  endfacet
  facet normal 6.958945e-01 -3.824976e-01 6.078047e-01
    outer loop
      vertex   9.955221e+01 1.440910e+01 -1.453609e+01
      vertex   9.957045e+01 1.446940e+01 -1.451904e+01
      vertex   9.935069e+01 1.440910e+01 -1.430537e+01
    endloop
  endfacet
  facet normal 6.958945e-01 -3.824976e-01 6.078047e-01
    outer loop
      vertex   9.935069e+01 1.440910e+01 -1.430537e+01
      vertex   9.957045e+01 1.446940e+01 -1.451904e+01
      vertex   9.937004e+01 1.446940e+01 -1.428958e+01
    endloop
  endfacet
  facet normal 7.352867e-01 -3.824976e-01 5.595079e-01
    outer loop
      vertex   9.935069e+01 1.440910e+01 -1.430537e+01
      vertex   9.937004e+01 1.446940e+01 -1.428958e+01
      vertex   9.916518e+01 1.440910e+01 -1.406158e+01
    endloop
  endfacet
  facet normal 7.352867e-01 -3.824976e-01 5.595079e-01
    outer loop
      vertex   9.916518e+01 1.440910e+01 -1.406158e+01
      vertex   9.937004e+01 1.446940e+01 -1.428958e+01
      vertex   9.918556e+01 1.446940e+01 -1.404714e+01
    endloop
  endfacet
  facet normal 7.713334e-01 -3.824976e-01 5.086654e-01
    outer loop
      vertex   9.916518e+01 1.440910e+01 -1.406158e+01
      vertex   9.918556e+01 1.446940e+01 -1.404714e+01
      vertex   9.899653e+01 1.440910e+01 -1.380584e+01
    endloop
  endfacet
  facet normal 7.713334e-01 -3.824976e-01 5.086654e-01
    outer loop
      vertex   9.899653e+01 1.440910e+01 -1.380584e+01
      vertex   9.918556e+01 1.446940e+01 -1.404714e+01
      vertex   9.901783e+01 1.446940e+01 -1.379281e+01
    endloop
  endfacet
  facet normal 8.038705e-01 -3.824976e-01 4.555084e-01
    outer loop
      vertex   9.899653e+01 1.440910e+01 -1.380584e+01
      vertex   9.901783e+01 1.446940e+01 -1.379281e+01
      vertex   9.884551e+01 1.440910e+01 -1.353932e+01
    endloop
  endfacet
  facet normal 8.038705e-01 -3.824976e-01 4.555084e-01
    outer loop
      vertex   9.884551e+01 1.440910e+01 -1.353932e+01
      vertex   9.901783e+01 1.446940e+01 -1.379281e+01
      vertex   9.886764e+01 1.446940e+01 -1.352775e+01
    endloop
  endfacet
  facet normal 8.327499e-01 -3.824976e-01 4.002789e-01
    outer loop
      vertex   9.884551e+01 1.440910e+01 -1.353932e+01
      vertex   9.886764e+01 1.446940e+01 -1.352775e+01
      vertex   9.871279e+01 1.440910e+01 -1.326322e+01
    endloop
  endfacet
  facet normal 8.327499e-01 -3.824976e-01 4.002789e-01
    outer loop
      vertex   9.871279e+01 1.440910e+01 -1.326322e+01
      vertex   9.886764e+01 1.446940e+01 -1.352775e+01
      vertex   9.873566e+01 1.446940e+01 -1.325316e+01
    endloop
  endfacet
  facet normal 8.578404e-01 -3.824976e-01 3.432280e-01
    outer loop
      vertex   9.871279e+01 1.440910e+01 -1.326322e+01
      vertex   9.873566e+01 1.446940e+01 -1.325316e+01
      vertex   9.859900e+01 1.440910e+01 -1.297880e+01
    endloop
  endfacet
  facet normal 8.578404e-01 -3.824976e-01 3.432280e-01
    outer loop
      vertex   9.859900e+01 1.440910e+01 -1.297880e+01
      vertex   9.873566e+01 1.446940e+01 -1.325316e+01
      vertex   9.862248e+01 1.446940e+01 -1.297031e+01
    endloop
  endfacet
  facet normal 8.790276e-01 -3.824976e-01 2.846155e-01
    outer loop
      vertex   9.859900e+01 1.440910e+01 -1.297880e+01
      vertex   9.862248e+01 1.446940e+01 -1.297031e+01
      vertex   9.850463e+01 1.440910e+01 -1.268736e+01
    endloop
  endfacet
  facet normal 8.790276e-01 -3.824976e-01 2.846155e-01
    outer loop
      vertex   9.850463e+01 1.440910e+01 -1.268736e+01
      vertex   9.862248e+01 1.446940e+01 -1.297031e+01
      vertex   9.852864e+01 1.446940e+01 -1.268047e+01
    endloop
  endfacet
  facet normal 8.962153e-01 -3.824976e-01 2.247080e-01
    outer loop
      vertex   9.850463e+01 1.440910e+01 -1.268736e+01
      vertex   9.852864e+01 1.446940e+01 -1.268047e+01
      vertex   9.843013e+01 1.440910e+01 -1.239021e+01
    endloop
  endfacet
  facet normal 8.962153e-01 -3.824976e-01 2.247080e-01
    outer loop
      vertex   9.843013e+01 1.440910e+01 -1.239021e+01
      vertex   9.852864e+01 1.446940e+01 -1.268047e+01
      vertex   9.845454e+01 1.446940e+01 -1.238496e+01
    endloop
  endfacet
  facet normal 9.093252e-01 -3.824976e-01 1.637781e-01
    outer loop
      vertex   9.843013e+01 1.440910e+01 -1.239021e+01
      vertex   9.845454e+01 1.446940e+01 -1.238496e+01
      vertex   9.837583e+01 1.440910e+01 -1.208872e+01
    endloop
  endfacet
  facet normal 9.093252e-01 -3.824976e-01 1.637781e-01
    outer loop
      vertex   9.837583e+01 1.440910e+01 -1.208872e+01
      vertex   9.845454e+01 1.446940e+01 -1.238496e+01
      vertex   9.840054e+01 1.446940e+01 -1.208513e+01
    endloop
  endfacet
  facet normal 9.325661e-02 -4.761432e-01 8.744089e-01
    outer loop
      vertex   1.025200e+02 1.444019e+01 -1.595230e+01
      vertex   1.025200e+02 1.448329e+01 -1.592883e+01
      vertex   1.022198e+02 1.446940e+01 -1.590437e+01
    endloop
  endfacet
  facet normal 9.235349e-02 -6.086133e-01 7.880741e-01
    outer loop
      vertex   1.022198e+02 1.446940e+01 -1.590437e+01
      vertex   1.025200e+02 1.448329e+01 -1.592883e+01
      vertex   1.022255e+02 1.452118e+01 -1.586506e+01
    endloop
  endfacet
  facet normal 1.406574e-01 -6.085434e-01 7.809548e-01
    outer loop
      vertex   1.022198e+02 1.446940e+01 -1.590437e+01
      vertex   1.022255e+02 1.452118e+01 -1.586506e+01
      vertex   1.019200e+02 1.446940e+01 -1.585037e+01
    endloop
  endfacet
  facet normal 1.406574e-01 -6.085434e-01 7.809548e-01
    outer loop
      vertex   1.019200e+02 1.446940e+01 -1.585037e+01
      vertex   1.022255e+02 1.452118e+01 -1.586506e+01
      vertex   1.019283e+02 1.452118e+01 -1.581153e+01
    endloop
  endfacet
  facet normal 1.929858e-01 -6.085434e-01 7.696957e-01
    outer loop
      vertex   1.019200e+02 1.446940e+01 -1.585037e+01
      vertex   1.019283e+02 1.452118e+01 -1.581153e+01
      vertex   1.016244e+02 1.446940e+01 -1.577628e+01
    endloop
  endfacet
  facet normal 1.929858e-01 -6.085434e-01 7.696957e-01
    outer loop
      vertex   1.016244e+02 1.446940e+01 -1.577628e+01
      vertex   1.019283e+02 1.452118e+01 -1.581153e+01
      vertex   1.016354e+02 1.452118e+01 -1.573809e+01
    endloop
  endfacet
  facet normal 2.444361e-01 -6.085434e-01 7.549344e-01
    outer loop
      vertex   1.016244e+02 1.446940e+01 -1.577628e+01
      vertex   1.016354e+02 1.452118e+01 -1.573809e+01
      vertex   1.013346e+02 1.446940e+01 -1.568243e+01
    endloop
  endfacet
  facet normal 2.444361e-01 -6.085434e-01 7.549344e-01
    outer loop
      vertex   1.013346e+02 1.446940e+01 -1.568243e+01
      vertex   1.016354e+02 1.452118e+01 -1.573809e+01
      vertex   1.013481e+02 1.452118e+01 -1.564507e+01
    endloop
  endfacet
  facet normal 2.947742e-01 -6.085434e-01 7.367382e-01
    outer loop
      vertex   1.013346e+02 1.446940e+01 -1.568243e+01
      vertex   1.013481e+02 1.452118e+01 -1.564507e+01
      vertex   1.010518e+02 1.446940e+01 -1.556926e+01
    endloop
  endfacet
  facet normal 2.947742e-01 -6.085434e-01 7.367382e-01
    outer loop
      vertex   1.010518e+02 1.446940e+01 -1.556926e+01
      vertex   1.013481e+02 1.452118e+01 -1.564507e+01
      vertex   1.010677e+02 1.452118e+01 -1.553289e+01
    endloop
  endfacet
  facet normal 3.437711e-01 -6.085434e-01 7.151898e-01
    outer loop
      vertex   1.010518e+02 1.446940e+01 -1.556926e+01
      vertex   1.010677e+02 1.452118e+01 -1.553289e+01
      vertex   1.007772e+02 1.446940e+01 -1.543728e+01
    endloop
  endfacet
  facet normal 3.437711e-01 -6.085434e-01 7.151898e-01
    outer loop
      vertex   1.007772e+02 1.446940e+01 -1.543728e+01
      vertex   1.010677e+02 1.452118e+01 -1.553289e+01
      vertex   1.007956e+02 1.452118e+01 -1.540207e+01
    endloop
  endfacet
  facet normal 3.912038e-01 -6.085434e-01 6.903872e-01
    outer loop
      vertex   1.007772e+02 1.446940e+01 -1.543728e+01
      vertex   1.007956e+02 1.452118e+01 -1.540207e+01
      vertex   1.005121e+02 1.446940e+01 -1.528708e+01
    endloop
  endfacet
  facet normal 3.912038e-01 -6.085434e-01 6.903872e-01
    outer loop
      vertex   1.005121e+02 1.446940e+01 -1.528708e+01
      vertex   1.007956e+02 1.452118e+01 -1.540207e+01
      vertex   1.005329e+02 1.452118e+01 -1.525320e+01
    endloop
  endfacet
  facet normal 4.368565e-01 -6.085434e-01 6.624434e-01
    outer loop
      vertex   1.005121e+02 1.446940e+01 -1.528708e+01
      vertex   1.005329e+02 1.452118e+01 -1.525320e+01
      vertex   1.002578e+02 1.446940e+01 -1.511936e+01
    endloop
  endfacet
  facet normal 4.368565e-01 -6.085434e-01 6.624434e-01
    outer loop
      vertex   1.002578e+02 1.446940e+01 -1.511936e+01
      vertex   1.005329e+02 1.452118e+01 -1.525320e+01
      vertex   1.002808e+02 1.452118e+01 -1.508695e+01
    endloop
  endfacet
  facet normal 4.805216e-01 -6.085434e-01 6.314855e-01
    outer loop
      vertex   1.002578e+02 1.446940e+01 -1.511936e+01
      vertex   1.002808e+02 1.452118e+01 -1.508695e+01
      vertex   1.000153e+02 1.446940e+01 -1.493487e+01
    endloop
  endfacet
  facet normal 4.805216e-01 -6.085434e-01 6.314855e-01
    outer loop
      vertex   1.000153e+02 1.446940e+01 -1.493487e+01
      vertex   1.002808e+02 1.452118e+01 -1.508695e+01
      vertex   1.000404e+02 1.452118e+01 -1.490409e+01
    endloop
  endfacet
  facet normal 5.220003e-01 -6.085434e-01 5.976543e-01
    outer loop
      vertex   1.000153e+02 1.446940e+01 -1.493487e+01
      vertex   1.000404e+02 1.452118e+01 -1.490409e+01
      vertex   9.978588e+01 1.446940e+01 -1.473446e+01
    endloop
  endfacet
  facet normal 5.220003e-01 -6.085434e-01 5.976543e-01
    outer loop
      vertex   9.978588e+01 1.446940e+01 -1.473446e+01
      vertex   1.000404e+02 1.452118e+01 -1.490409e+01
      vertex   9.981301e+01 1.452118e+01 -1.470544e+01
    endloop
  endfacet
  facet normal 5.611038e-01 -6.085434e-01 5.611038e-01
    outer loop
      vertex   9.978588e+01 1.446940e+01 -1.473446e+01
      vertex   9.981301e+01 1.452118e+01 -1.470544e+01
      vertex   9.957045e+01 1.446940e+01 -1.451904e+01
    endloop
  endfacet
  facet normal 5.611038e-01 -6.085434e-01 5.611038e-01
    outer loop
      vertex   9.957045e+01 1.446940e+01 -1.451904e+01
      vertex   9.981301e+01 1.452118e+01 -1.470544e+01
      vertex   9.959948e+01 1.452118e+01 -1.449191e+01
    endloop
  endfacet
  facet normal 5.976543e-01 -6.085434e-01 5.220003e-01
    outer loop
      vertex   9.957045e+01 1.446940e+01 -1.451904e+01
      vertex   9.959948e+01 1.452118e+01 -1.449191e+01
      vertex   9.937004e+01 1.446940e+01 -1.428958e+01
    endloop
  endfacet
  facet normal 5.976543e-01 -6.085434e-01 5.220003e-01
    outer loop
      vertex   9.937004e+01 1.446940e+01 -1.428958e+01
      vertex   9.959948e+01 1.452118e+01 -1.449191e+01
      vertex   9.940083e+01 1.452118e+01 -1.426447e+01
    endloop
  endfacet
  facet normal 6.314855e-01 -6.085434e-01 4.805216e-01
    outer loop
      vertex   9.937004e+01 1.446940e+01 -1.428958e+01
      vertex   9.940083e+01 1.452118e+01 -1.426447e+01
      vertex   9.918556e+01 1.446940e+01 -1.404714e+01
    endloop
  endfacet
  facet normal 6.314855e-01 -6.085434e-01 4.805216e-01
    outer loop
      vertex   9.918556e+01 1.446940e+01 -1.404714e+01
      vertex   9.940083e+01 1.452118e+01 -1.426447e+01
      vertex   9.921797e+01 1.452118e+01 -1.402416e+01
    endloop
  endfacet
  facet normal 6.624434e-01 -6.085434e-01 4.368565e-01
    outer loop
      vertex   9.918556e+01 1.446940e+01 -1.404714e+01
      vertex   9.921797e+01 1.452118e+01 -1.402416e+01
      vertex   9.901783e+01 1.446940e+01 -1.379281e+01
    endloop
  endfacet
  facet normal 6.624434e-01 -6.085434e-01 4.368565e-01
    outer loop
      vertex   9.901783e+01 1.446940e+01 -1.379281e+01
      vertex   9.921797e+01 1.452118e+01 -1.402416e+01
      vertex   9.905172e+01 1.452118e+01 -1.377206e+01
    endloop
  endfacet
  facet normal 6.903872e-01 -6.085434e-01 3.912038e-01
    outer loop
      vertex   9.901783e+01 1.446940e+01 -1.379281e+01
      vertex   9.905172e+01 1.452118e+01 -1.377206e+01
      vertex   9.886764e+01 1.446940e+01 -1.352775e+01
    endloop
  endfacet
  facet normal 6.903872e-01 -6.085434e-01 3.912038e-01
    outer loop
      vertex   9.886764e+01 1.446940e+01 -1.352775e+01
      vertex   9.905172e+01 1.452118e+01 -1.377206e+01
      vertex   9.890285e+01 1.452118e+01 -1.350934e+01
    endloop
  endfacet
  facet normal 7.151898e-01 -6.085434e-01 3.437711e-01
    outer loop
      vertex   9.886764e+01 1.446940e+01 -1.352775e+01
      vertex   9.890285e+01 1.452118e+01 -1.350934e+01
      vertex   9.873566e+01 1.446940e+01 -1.325316e+01
    endloop
  endfacet
  facet normal 7.151898e-01 -6.085434e-01 3.437711e-01
    outer loop
      vertex   9.873566e+01 1.446940e+01 -1.325316e+01
      vertex   9.890285e+01 1.452118e+01 -1.350934e+01
      vertex   9.877202e+01 1.452118e+01 -1.323717e+01
    endloop
  endfacet
  facet normal 7.367382e-01 -6.085434e-01 2.947742e-01
    outer loop
      vertex   9.873566e+01 1.446940e+01 -1.325316e+01
      vertex   9.877202e+01 1.452118e+01 -1.323717e+01
      vertex   9.862248e+01 1.446940e+01 -1.297031e+01
    endloop
  endfacet
  facet normal 7.367382e-01 -6.085434e-01 2.947742e-01
    outer loop
      vertex   9.862248e+01 1.446940e+01 -1.297031e+01
      vertex   9.877202e+01 1.452118e+01 -1.323717e+01
      vertex   9.865985e+01 1.452118e+01 -1.295680e+01
    endloop
  endfacet
  facet normal 7.549344e-01 -6.085434e-01 2.444361e-01
    outer loop
      vertex   9.862248e+01 1.446940e+01 -1.297031e+01
      vertex   9.865985e+01 1.452118e+01 -1.295680e+01
      vertex   9.852864e+01 1.446940e+01 -1.268047e+01
    endloop
  endfacet
  facet normal 7.549344e-01 -6.085434e-01 2.444361e-01
    outer loop
      vertex   9.852864e+01 1.446940e+01 -1.268047e+01
      vertex   9.865985e+01 1.452118e+01 -1.295680e+01
      vertex   9.856683e+01 1.452118e+01 -1.266951e+01
    endloop
  endfacet
  facet normal 7.696957e-01 -6.085434e-01 1.929858e-01
    outer loop
      vertex   9.852864e+01 1.446940e+01 -1.268047e+01
      vertex   9.856683e+01 1.452118e+01 -1.266951e+01
      vertex   9.845454e+01 1.446940e+01 -1.238496e+01
    endloop
  endfacet
  facet normal 7.696957e-01 -6.085434e-01 1.929858e-01
    outer loop
      vertex   9.845454e+01 1.446940e+01 -1.238496e+01
      vertex   9.856683e+01 1.452118e+01 -1.266951e+01
      vertex   9.849339e+01 1.452118e+01 -1.237660e+01
    endloop
  endfacet
  facet normal 7.809548e-01 -6.085434e-01 1.406574e-01
    outer loop
      vertex   9.845454e+01 1.446940e+01 -1.238496e+01
      vertex   9.849339e+01 1.452118e+01 -1.237660e+01
      vertex   9.840054e+01 1.446940e+01 -1.208513e+01
    endloop
  endfacet
  facet normal 7.809548e-01 -6.085434e-01 1.406574e-01
    outer loop
      vertex   9.840054e+01 1.446940e+01 -1.208513e+01
      vertex   9.849339e+01 1.452118e+01 -1.237660e+01
      vertex   9.843986e+01 1.452118e+01 -1.207941e+01
    endloop
  endfacet
  facet normal 8.631340e-02 -6.292176e-01 7.724217e-01
    outer loop
      vertex   1.025200e+02 1.448329e+01 -1.592883e+01
      vertex   1.025200e+02 1.452130e+01 -1.589786e+01
      vertex   1.022255e+02 1.452118e+01 -1.586506e+01
    endloop
  endfacet
  facet normal 7.012625e-02 -7.762343e-01 6.265323e-01
    outer loop
      vertex   1.022255e+02 1.452118e+01 -1.586506e+01
      vertex   1.025200e+02 1.452130e+01 -1.589786e+01
      vertex   1.025200e+02 1.455214e+01 -1.585966e+01
    endloop
  endfacet
  facet normal 7.231807e-02 -7.932584e-01 6.045753e-01
    outer loop
      vertex   1.022255e+02 1.452118e+01 -1.586506e+01
      vertex   1.025200e+02 1.455214e+01 -1.585966e+01
      vertex   1.022330e+02 1.456091e+01 -1.581382e+01
    endloop
  endfacet
  facet normal 4.888801e-02 -8.790154e-01 4.742804e-01
    outer loop
      vertex   1.022330e+02 1.456091e+01 -1.581382e+01
      vertex   1.025200e+02 1.455214e+01 -1.585966e+01
      vertex   1.025200e+02 1.457542e+01 -1.581651e+01
    endloop
  endfacet
  facet normal 5.026713e-02 -9.238686e-01 3.793944e-01
    outer loop
      vertex   1.022330e+02 1.456091e+01 -1.581382e+01
      vertex   1.025200e+02 1.457542e+01 -1.581651e+01
      vertex   1.022416e+02 1.458588e+01 -1.575415e+01
    endloop
  endfacet
  facet normal 2.743010e-02 -9.586440e-01 2.832831e-01
    outer loop
      vertex   1.022416e+02 1.458588e+01 -1.575415e+01
      vertex   1.025200e+02 1.457542e+01 -1.581651e+01
      vertex   1.025200e+02 1.458933e+01 -1.576944e+01
    endloop
  endfacet
  facet normal 1.936937e-02 -9.914387e-01 1.291283e-01
    outer loop
      vertex   1.022416e+02 1.458588e+01 -1.575415e+01
      vertex   1.025200e+02 1.458933e+01 -1.576944e+01
      vertex   1.022194e+02 1.459440e+01 -1.568542e+01
    endloop
  endfacet
  facet normal 1.211687e-02 -9.945687e-01 1.033743e-01
    outer loop
      vertex   1.022194e+02 1.459440e+01 -1.568542e+01
      vertex   1.025200e+02 1.458933e+01 -1.576944e+01
      vertex   1.025200e+02 1.459440e+01 -1.572065e+01
    endloop
  endfacet
  facet normal 2.349126e-02 -9.911795e-01 1.304276e-01
    outer loop
      vertex   1.022416e+02 1.458588e+01 -1.575415e+01
      vertex   1.022194e+02 1.459440e+01 -1.568542e+01
      vertex   1.019519e+02 1.458588e+01 -1.570197e+01
    endloop
  endfacet
  facet normal 2.380038e-02 -9.917780e-01 1.257379e-01
    outer loop
      vertex   1.019519e+02 1.458588e+01 -1.570197e+01
      vertex   1.022194e+02 1.459440e+01 -1.568542e+01
      vertex   1.019221e+02 1.459440e+01 -1.562913e+01
    endloop
  endfacet
  facet normal 3.238676e-02 -9.910935e-01 1.291699e-01
    outer loop
      vertex   1.019519e+02 1.458588e+01 -1.570197e+01
      vertex   1.019221e+02 1.459440e+01 -1.562913e+01
      vertex   1.016663e+02 1.458588e+01 -1.563036e+01
    endloop
  endfacet
  facet normal 3.244062e-02 -9.918509e-01 1.232043e-01
    outer loop
      vertex   1.016663e+02 1.458588e+01 -1.563036e+01
      vertex   1.019221e+02 1.459440e+01 -1.562913e+01
      vertex   1.016295e+02 1.459440e+01 -1.555208e+01
    endloop
  endfacet
  facet normal 4.119718e-02 -9.910165e-01 1.272364e-01
    outer loop
      vertex   1.016663e+02 1.458588e+01 -1.563036e+01
      vertex   1.016295e+02 1.459440e+01 -1.555208e+01
      vertex   1.013862e+02 1.458588e+01 -1.553967e+01
    endloop
  endfacet
  facet normal 4.086720e-02 -9.919140e-01 1.201518e-01
    outer loop
      vertex   1.013862e+02 1.458588e+01 -1.553967e+01
      vertex   1.016295e+02 1.459440e+01 -1.555208e+01
      vertex   1.013430e+02 1.459440e+01 -1.545463e+01
    endloop
  endfacet
  facet normal 4.986663e-02 -9.909490e-01 1.246332e-01
    outer loop
      vertex   1.013862e+02 1.458588e+01 -1.553967e+01
      vertex   1.013430e+02 1.459440e+01 -1.545463e+01
      vertex   1.011129e+02 1.458588e+01 -1.543030e+01
    endloop
  endfacet
  facet normal 4.905426e-02 -9.919675e-01 1.165939e-01
    outer loop
      vertex   1.011129e+02 1.458588e+01 -1.543030e+01
      vertex   1.013430e+02 1.459440e+01 -1.545463e+01
      vertex   1.010640e+02 1.459440e+01 -1.533727e+01
    endloop
  endfacet
  facet normal 5.833966e-02 -9.908913e-01 1.213713e-01
    outer loop
      vertex   1.011129e+02 1.458588e+01 -1.543030e+01
      vertex   1.010640e+02 1.459440e+01 -1.533727e+01
      vertex   1.008475e+02 1.458588e+01 -1.530275e+01
    endloop
  endfacet
  facet normal 5.697654e-02 -9.920117e-01 1.125456e-01
    outer loop
      vertex   1.008475e+02 1.458588e+01 -1.530275e+01
      vertex   1.010640e+02 1.459440e+01 -1.533727e+01
      vertex   1.007940e+02 1.459440e+01 -1.520059e+01
    endloop
  endfacet
  facet normal 6.656180e-02 -9.908436e-01 1.174667e-01
    outer loop
      vertex   1.008475e+02 1.458588e+01 -1.530275e+01
      vertex   1.007940e+02 1.459440e+01 -1.520059e+01
      vertex   1.005914e+02 1.458588e+01 -1.515761e+01
    endloop
  endfacet
  facet normal 6.460938e-02 -9.920468e-01 1.080226e-01
    outer loop
      vertex   1.005914e+02 1.458588e+01 -1.515761e+01
      vertex   1.007940e+02 1.459440e+01 -1.520059e+01
      vertex   1.005343e+02 1.459440e+01 -1.504525e+01
    endloop
  endfacet
  facet normal 7.448000e-02 -9.908063e-01 1.129405e-01
    outer loop
      vertex   1.005914e+02 1.458588e+01 -1.515761e+01
      vertex   1.005343e+02 1.459440e+01 -1.504525e+01
      vertex   1.003456e+02 1.458588e+01 -1.499552e+01
    endloop
  endfacet
  facet normal 7.192885e-02 -9.920729e-01 1.030417e-01
    outer loop
      vertex   1.003456e+02 1.458588e+01 -1.499552e+01
      vertex   1.005343e+02 1.459440e+01 -1.504525e+01
      vertex   1.002862e+02 1.459440e+01 -1.487204e+01
    endloop
  endfacet
  facet normal 8.204320e-02 -9.907795e-01 1.078184e-01
    outer loop
      vertex   1.003456e+02 1.458588e+01 -1.499552e+01
      vertex   1.002862e+02 1.459440e+01 -1.487204e+01
      vertex   1.001113e+02 1.458588e+01 -1.481724e+01
    endloop
  endfacet
  facet normal 7.891174e-02 -9.920903e-01 9.762084e-02
    outer loop
      vertex   1.001113e+02 1.458588e+01 -1.481724e+01
      vertex   1.002862e+02 1.459440e+01 -1.487204e+01
      vertex   1.000508e+02 1.459440e+01 -1.468180e+01
    endloop
  endfacet
  facet normal 8.920273e-02 -9.907634e-01 1.021310e-01
    outer loop
      vertex   1.001113e+02 1.458588e+01 -1.481724e+01
      vertex   1.000508e+02 1.459440e+01 -1.468180e+01
      vertex   9.988954e+01 1.458588e+01 -1.462356e+01
    endloop
  endfacet
  facet normal 8.553561e-02 -9.920989e-01 9.177889e-02
    outer loop
      vertex   9.988954e+01 1.458588e+01 -1.462356e+01
      vertex   1.000508e+02 1.459440e+01 -1.468180e+01
      vertex   9.982944e+01 1.459440e+01 -1.447547e+01
    endloop
  endfacet
  facet normal 9.591281e-02 -9.907580e-01 9.591281e-02
    outer loop
      vertex   9.988954e+01 1.458588e+01 -1.462356e+01
      vertex   9.982944e+01 1.459440e+01 -1.447547e+01
      vertex   9.968135e+01 1.458588e+01 -1.441538e+01
    endloop
  endfacet
  facet normal 9.177889e-02 -9.920989e-01 8.553561e-02
    outer loop
      vertex   9.968135e+01 1.458588e+01 -1.441538e+01
      vertex   9.982944e+01 1.459440e+01 -1.447547e+01
      vertex   9.962312e+01 1.459440e+01 -1.425409e+01
    endloop
  endfacet
  facet normal 1.021310e-01 -9.907634e-01 8.920273e-02
    outer loop
      vertex   9.968135e+01 1.458588e+01 -1.441538e+01
      vertex   9.962312e+01 1.459440e+01 -1.425409e+01
      vertex   9.948768e+01 1.458588e+01 -1.419364e+01
    endloop
  endfacet
  facet normal 9.762084e-02 -9.920903e-01 7.891174e-02
    outer loop
      vertex   9.948768e+01 1.458588e+01 -1.419364e+01
      vertex   9.962312e+01 1.459440e+01 -1.425409e+01
      vertex   9.943288e+01 1.459440e+01 -1.401875e+01
    endloop
  endfacet
  facet normal 1.078184e-01 -9.907795e-01 8.204320e-02
    outer loop
      vertex   9.948768e+01 1.458588e+01 -1.419364e+01
      vertex   9.943288e+01 1.459440e+01 -1.401875e+01
      vertex   9.930939e+01 1.458588e+01 -1.395934e+01
    endloop
  endfacet
  facet normal 1.030417e-01 -9.920729e-01 7.192885e-02
    outer loop
      vertex   9.930939e+01 1.458588e+01 -1.395934e+01
      vertex   9.943288e+01 1.459440e+01 -1.401875e+01
      vertex   9.925966e+01 1.459440e+01 -1.377060e+01
    endloop
  endfacet
  facet normal 1.129405e-01 -9.908063e-01 7.448000e-02
    outer loop
      vertex   9.930939e+01 1.458588e+01 -1.395934e+01
      vertex   9.925966e+01 1.459440e+01 -1.377060e+01
      vertex   9.914731e+01 1.458588e+01 -1.371356e+01
    endloop
  endfacet
  facet normal 1.080226e-01 -9.920468e-01 6.460938e-02
    outer loop
      vertex   9.914731e+01 1.458588e+01 -1.371356e+01
      vertex   9.925966e+01 1.459440e+01 -1.377060e+01
      vertex   9.910432e+01 1.459440e+01 -1.351089e+01
    endloop
  endfacet
  facet normal 1.174667e-01 -9.908436e-01 6.656180e-02
    outer loop
      vertex   9.914731e+01 1.458588e+01 -1.371356e+01
      vertex   9.910432e+01 1.459440e+01 -1.351089e+01
      vertex   9.900216e+01 1.458588e+01 -1.345740e+01
    endloop
  endfacet
  facet normal 1.125456e-01 -9.920117e-01 5.697654e-02
    outer loop
      vertex   9.900216e+01 1.458588e+01 -1.345740e+01
      vertex   9.910432e+01 1.459440e+01 -1.351089e+01
      vertex   9.896764e+01 1.459440e+01 -1.324090e+01
    endloop
  endfacet
  facet normal 1.213713e-01 -9.908913e-01 5.833966e-02
    outer loop
      vertex   9.900216e+01 1.458588e+01 -1.345740e+01
      vertex   9.896764e+01 1.459440e+01 -1.324090e+01
      vertex   9.887461e+01 1.458588e+01 -1.319205e+01
    endloop
  endfacet
  facet normal 1.165939e-01 -9.919675e-01 4.905426e-02
    outer loop
      vertex   9.887461e+01 1.458588e+01 -1.319205e+01
      vertex   9.896764e+01 1.459440e+01 -1.324090e+01
      vertex   9.885028e+01 1.459440e+01 -1.296196e+01
    endloop
  endfacet
  facet normal 1.246332e-01 -9.909490e-01 4.986663e-02
    outer loop
      vertex   9.887461e+01 1.458588e+01 -1.319205e+01
      vertex   9.885028e+01 1.459440e+01 -1.296196e+01
      vertex   9.876524e+01 1.458588e+01 -1.291870e+01
    endloop
  endfacet
  facet normal 1.201518e-01 -9.919140e-01 4.086720e-02
    outer loop
      vertex   9.876524e+01 1.458588e+01 -1.291870e+01
      vertex   9.885028e+01 1.459440e+01 -1.296196e+01
      vertex   9.875284e+01 1.459440e+01 -1.267546e+01
    endloop
  endfacet
  facet normal 1.272364e-01 -9.910165e-01 4.119718e-02
    outer loop
      vertex   9.876524e+01 1.458588e+01 -1.291870e+01
      vertex   9.875284e+01 1.459440e+01 -1.267546e+01
      vertex   9.867455e+01 1.458588e+01 -1.263860e+01
    endloop
  endfacet
  facet normal 1.232043e-01 -9.918509e-01 3.244062e-02
    outer loop
      vertex   9.867455e+01 1.458588e+01 -1.263860e+01
      vertex   9.875284e+01 1.459440e+01 -1.267546e+01
      vertex   9.867578e+01 1.459440e+01 -1.238282e+01
    endloop
  endfacet
  facet normal 1.291699e-01 -9.910935e-01 3.238676e-02
    outer loop
      vertex   9.867455e+01 1.458588e+01 -1.263860e+01
      vertex   9.867578e+01 1.459440e+01 -1.238282e+01
      vertex   9.860295e+01 1.458588e+01 -1.235303e+01
    endloop
  endfacet
  facet normal 1.257379e-01 -9.917780e-01 2.380038e-02
    outer loop
      vertex   9.860295e+01 1.458588e+01 -1.235303e+01
      vertex   9.867578e+01 1.459440e+01 -1.238282e+01
      vertex   9.861950e+01 1.459440e+01 -1.208548e+01
    endloop
  endfacet
  facet normal 1.304276e-01 -9.911795e-01 2.349126e-02
    outer loop
      vertex   9.860295e+01 1.458588e+01 -1.235303e+01
      vertex   9.861950e+01 1.459440e+01 -1.208548e+01
      vertex   9.855076e+01 1.458588e+01 -1.206327e+01
    endloop
  endfacet
  facet normal 9.885196e-01 -1.036759e-01 1.099108e-01
    outer loop
      vertex   9.833860e+01 1.439319e+01 -1.178491e+01
      vertex   9.833348e+01 1.434440e+01 -1.178491e+01
      vertex   9.836740e+01 1.434440e+01 -1.208995e+01
    endloop
  endfacet
  facet normal 1.079461e-01 -7.931860e-01 5.993360e-01
    outer loop
      vertex   1.019283e+02 1.452118e+01 -1.581153e+01
      vertex   1.022255e+02 1.452118e+01 -1.586506e+01
      vertex   1.022330e+02 1.456091e+01 -1.581382e+01
    endloop
  endfacet
  facet normal 6.786642e-02 -9.238025e-01 3.768064e-01
    outer loop
      vertex   1.022330e+02 1.456091e+01 -1.581382e+01
      vertex   1.022416e+02 1.458588e+01 -1.575415e+01
      vertex   1.019392e+02 1.456091e+01 -1.576091e+01
    endloop
  endfacet
  facet normal 6.786642e-02 -9.238025e-01 3.768064e-01
    outer loop
      vertex   1.019392e+02 1.456091e+01 -1.576091e+01
      vertex   1.022416e+02 1.458588e+01 -1.575415e+01
      vertex   1.019519e+02 1.458588e+01 -1.570197e+01
    endloop
  endfacet
  facet normal 9.311458e-02 -9.238025e-01 3.713739e-01
    outer loop
      vertex   1.019392e+02 1.456091e+01 -1.576091e+01
      vertex   1.019519e+02 1.458588e+01 -1.570197e+01
      vertex   1.016497e+02 1.456091e+01 -1.568832e+01
    endloop
  endfacet
  facet normal 9.311458e-02 -9.238025e-01 3.713739e-01
    outer loop
      vertex   1.016497e+02 1.456091e+01 -1.568832e+01
      vertex   1.019519e+02 1.458588e+01 -1.570197e+01
      vertex   1.016663e+02 1.458588e+01 -1.563036e+01
    endloop
  endfacet
  facet normal 1.179391e-01 -9.238025e-01 3.642517e-01
    outer loop
      vertex   1.016497e+02 1.456091e+01 -1.568832e+01
      vertex   1.016663e+02 1.458588e+01 -1.563036e+01
      vertex   1.013657e+02 1.456091e+01 -1.559637e+01
    endloop
  endfacet
  facet normal 1.179391e-01 -9.238025e-01 3.642517e-01
    outer loop
      vertex   1.013657e+02 1.456091e+01 -1.559637e+01
      vertex   1.016663e+02 1.458588e+01 -1.563036e+01
      vertex   1.013862e+02 1.458588e+01 -1.553967e+01
    endloop
  endfacet
  facet normal 1.422269e-01 -9.238025e-01 3.554721e-01
    outer loop
      vertex   1.013657e+02 1.456091e+01 -1.559637e+01
      vertex   1.013862e+02 1.458588e+01 -1.553967e+01
      vertex   1.010886e+02 1.456091e+01 -1.548550e+01
    endloop
  endfacet
  facet normal 1.422269e-01 -9.238025e-01 3.554721e-01
    outer loop
      vertex   1.010886e+02 1.456091e+01 -1.548550e+01
      vertex   1.013862e+02 1.458588e+01 -1.553967e+01
      vertex   1.011129e+02 1.458588e+01 -1.543030e+01
    endloop
  endfacet
  facet normal 1.658677e-01 -9.238025e-01 3.450751e-01
    outer loop
      vertex   1.010886e+02 1.456091e+01 -1.548550e+01
      vertex   1.011129e+02 1.458588e+01 -1.543030e+01
      vertex   1.008196e+02 1.456091e+01 -1.535619e+01
    endloop
  endfacet
  facet normal 1.658677e-01 -9.238025e-01 3.450751e-01
    outer loop
      vertex   1.008196e+02 1.456091e+01 -1.535619e+01
      vertex   1.011129e+02 1.458588e+01 -1.543030e+01
      vertex   1.008475e+02 1.458588e+01 -1.530275e+01
    endloop
  endfacet
  facet normal 1.887537e-01 -9.238025e-01 3.331081e-01
    outer loop
      vertex   1.008196e+02 1.456091e+01 -1.535619e+01
      vertex   1.008475e+02 1.458588e+01 -1.530275e+01
      vertex   1.005599e+02 1.456091e+01 -1.520903e+01
    endloop
  endfacet
  facet normal 1.887537e-01 -9.238025e-01 3.331081e-01
    outer loop
      vertex   1.005599e+02 1.456091e+01 -1.520903e+01
      vertex   1.008475e+02 1.458588e+01 -1.530275e+01
      vertex   1.005914e+02 1.458588e+01 -1.515761e+01
    endloop
  endfacet
  facet normal 2.107809e-01 -9.238025e-01 3.196253e-01
    outer loop
      vertex   1.005599e+02 1.456091e+01 -1.520903e+01
      vertex   1.005914e+02 1.458588e+01 -1.515761e+01
      vertex   1.003107e+02 1.456091e+01 -1.504471e+01
    endloop
  endfacet
  facet normal 2.107809e-01 -9.238025e-01 3.196253e-01
    outer loop
      vertex   1.003107e+02 1.456091e+01 -1.504471e+01
      vertex   1.005914e+02 1.458588e+01 -1.515761e+01
      vertex   1.003456e+02 1.458588e+01 -1.499552e+01
    endloop
  endfacet
  facet normal 2.318490e-01 -9.238025e-01 3.046883e-01
    outer loop
      vertex   1.003107e+02 1.456091e+01 -1.504471e+01
      vertex   1.003456e+02 1.458588e+01 -1.499552e+01
      vertex   1.000732e+02 1.456091e+01 -1.486396e+01
    endloop
  endfacet
  facet normal 2.318490e-01 -9.238025e-01 3.046883e-01
    outer loop
      vertex   1.000732e+02 1.456091e+01 -1.486396e+01
      vertex   1.003456e+02 1.458588e+01 -1.499552e+01
      vertex   1.001113e+02 1.458588e+01 -1.481724e+01
    endloop
  endfacet
  facet normal 2.518623e-01 -9.238025e-01 2.883649e-01
    outer loop
      vertex   1.000732e+02 1.456091e+01 -1.486396e+01
      vertex   1.001113e+02 1.458588e+01 -1.481724e+01
      vertex   9.984836e+01 1.456091e+01 -1.466761e+01
    endloop
  endfacet
  facet normal 2.518623e-01 -9.238025e-01 2.883649e-01
    outer loop
      vertex   9.984836e+01 1.456091e+01 -1.466761e+01
      vertex   1.001113e+02 1.458588e+01 -1.481724e+01
      vertex   9.988954e+01 1.458588e+01 -1.462356e+01
    endloop
  endfacet
  facet normal 2.707295e-01 -9.238025e-01 2.707295e-01
    outer loop
      vertex   9.984836e+01 1.456091e+01 -1.466761e+01
      vertex   9.988954e+01 1.458588e+01 -1.462356e+01
      vertex   9.963730e+01 1.456091e+01 -1.445655e+01
    endloop
  endfacet
  facet normal 2.707295e-01 -9.238025e-01 2.707295e-01
    outer loop
      vertex   9.963730e+01 1.456091e+01 -1.445655e+01
      vertex   9.988954e+01 1.458588e+01 -1.462356e+01
      vertex   9.968135e+01 1.458588e+01 -1.441538e+01
    endloop
  endfacet
  facet normal 2.883649e-01 -9.238025e-01 2.518623e-01
    outer loop
      vertex   9.963730e+01 1.456091e+01 -1.445655e+01
      vertex   9.968135e+01 1.458588e+01 -1.441538e+01
      vertex   9.944095e+01 1.456091e+01 -1.423174e+01
    endloop
  endfacet
  facet normal 2.883649e-01 -9.238025e-01 2.518623e-01
    outer loop
      vertex   9.944095e+01 1.456091e+01 -1.423174e+01
      vertex   9.968135e+01 1.458588e+01 -1.441538e+01
      vertex   9.948768e+01 1.458588e+01 -1.419364e+01
    endloop
  endfacet
  facet normal 3.046883e-01 -9.238025e-01 2.318490e-01
    outer loop
      vertex   9.944095e+01 1.456091e+01 -1.423174e+01
      vertex   9.948768e+01 1.458588e+01 -1.419364e+01
      vertex   9.926020e+01 1.456091e+01 -1.399421e+01
    endloop
  endfacet
  facet normal 3.046883e-01 -9.238025e-01 2.318490e-01
    outer loop
      vertex   9.926020e+01 1.456091e+01 -1.399421e+01
      vertex   9.948768e+01 1.458588e+01 -1.419364e+01
      vertex   9.930939e+01 1.458588e+01 -1.395934e+01
    endloop
  endfacet
  facet normal 3.196253e-01 -9.238025e-01 2.107809e-01
    outer loop
      vertex   9.926020e+01 1.456091e+01 -1.399421e+01
      vertex   9.930939e+01 1.458588e+01 -1.395934e+01
      vertex   9.909588e+01 1.456091e+01 -1.374503e+01
    endloop
  endfacet
  facet normal 3.196253e-01 -9.238025e-01 2.107809e-01
    outer loop
      vertex   9.909588e+01 1.456091e+01 -1.374503e+01
      vertex   9.930939e+01 1.458588e+01 -1.395934e+01
      vertex   9.914731e+01 1.458588e+01 -1.371356e+01
    endloop
  endfacet
  facet normal 3.331081e-01 -9.238025e-01 1.887537e-01
    outer loop
      vertex   9.909588e+01 1.456091e+01 -1.374503e+01
      vertex   9.914731e+01 1.458588e+01 -1.371356e+01
      vertex   9.894873e+01 1.456091e+01 -1.348534e+01
    endloop
  endfacet
  facet normal 3.331081e-01 -9.238025e-01 1.887537e-01
    outer loop
      vertex   9.894873e+01 1.456091e+01 -1.348534e+01
      vertex   9.914731e+01 1.458588e+01 -1.371356e+01
      vertex   9.900216e+01 1.458588e+01 -1.345740e+01
    endloop
  endfacet
  facet normal 3.450751e-01 -9.238025e-01 1.658677e-01
    outer loop
      vertex   9.894873e+01 1.456091e+01 -1.348534e+01
      vertex   9.900216e+01 1.458588e+01 -1.345740e+01
      vertex   9.881942e+01 1.456091e+01 -1.321633e+01
    endloop
  endfacet
  facet normal 3.450751e-01 -9.238025e-01 1.658677e-01
    outer loop
      vertex   9.881942e+01 1.456091e+01 -1.321633e+01
      vertex   9.900216e+01 1.458588e+01 -1.345740e+01
      vertex   9.887461e+01 1.458588e+01 -1.319205e+01
    endloop
  endfacet
  facet normal 3.554721e-01 -9.238025e-01 1.422269e-01
    outer loop
      vertex   9.881942e+01 1.456091e+01 -1.321633e+01
      vertex   9.887461e+01 1.458588e+01 -1.319205e+01
      vertex   9.870854e+01 1.456091e+01 -1.293920e+01
    endloop
  endfacet
  facet normal 3.554721e-01 -9.238025e-01 1.422269e-01
    outer loop
      vertex   9.870854e+01 1.456091e+01 -1.293920e+01
      vertex   9.887461e+01 1.458588e+01 -1.319205e+01
      vertex   9.876524e+01 1.458588e+01 -1.291870e+01
    endloop
  endfacet
  facet normal 3.642517e-01 -9.238025e-01 1.179391e-01
    outer loop
      vertex   9.870854e+01 1.456091e+01 -1.293920e+01
      vertex   9.876524e+01 1.458588e+01 -1.291870e+01
      vertex   9.861660e+01 1.456091e+01 -1.265523e+01
    endloop
  endfacet
  facet normal 3.642517e-01 -9.238025e-01 1.179391e-01
    outer loop
      vertex   9.861660e+01 1.456091e+01 -1.265523e+01
      vertex   9.876524e+01 1.458588e+01 -1.291870e+01
      vertex   9.867455e+01 1.458588e+01 -1.263860e+01
    endloop
  endfacet
  facet normal 3.713739e-01 -9.238025e-01 9.311458e-02
    outer loop
      vertex   9.861660e+01 1.456091e+01 -1.265523e+01
      vertex   9.867455e+01 1.458588e+01 -1.263860e+01
      vertex   9.854400e+01 1.456091e+01 -1.236571e+01
    endloop
  endfacet
  facet normal 3.713739e-01 -9.238025e-01 9.311458e-02
    outer loop
      vertex   9.854400e+01 1.456091e+01 -1.236571e+01
      vertex   9.867455e+01 1.458588e+01 -1.263860e+01
      vertex   9.860295e+01 1.458588e+01 -1.235303e+01
    endloop
  endfacet
  facet normal 3.768064e-01 -9.238025e-01 6.786642e-02
    outer loop
      vertex   9.854400e+01 1.456091e+01 -1.236571e+01
      vertex   9.860295e+01 1.458588e+01 -1.235303e+01
      vertex   9.849110e+01 1.456091e+01 -1.207195e+01
    endloop
  endfacet
  facet normal 3.768064e-01 -9.238025e-01 6.786642e-02
    outer loop
      vertex   9.849110e+01 1.456091e+01 -1.207195e+01
      vertex   9.860295e+01 1.458588e+01 -1.235303e+01
      vertex   9.855076e+01 1.458588e+01 -1.206327e+01
    endloop
  endfacet
  facet normal 1.481050e-01 -7.931860e-01 5.906953e-01
    outer loop
      vertex   1.016354e+02 1.452118e+01 -1.573809e+01
      vertex   1.019283e+02 1.452118e+01 -1.581153e+01
      vertex   1.019392e+02 1.456091e+01 -1.576091e+01
    endloop
  endfacet
  facet normal 1.079461e-01 -7.931860e-01 5.993360e-01
    outer loop
      vertex   1.019392e+02 1.456091e+01 -1.576091e+01
      vertex   1.019283e+02 1.452118e+01 -1.581153e+01
      vertex   1.022330e+02 1.456091e+01 -1.581382e+01
    endloop
  endfacet
  facet normal 1.481050e-01 -7.931860e-01 5.906953e-01
    outer loop
      vertex   1.016354e+02 1.452118e+01 -1.573809e+01
      vertex   1.019392e+02 1.456091e+01 -1.576091e+01
      vertex   1.016497e+02 1.456091e+01 -1.568832e+01
    endloop
  endfacet
  facet normal 1.875900e-01 -7.931860e-01 5.793669e-01
    outer loop
      vertex   1.013481e+02 1.452118e+01 -1.564507e+01
      vertex   1.016354e+02 1.452118e+01 -1.573809e+01
      vertex   1.016497e+02 1.456091e+01 -1.568832e+01
    endloop
  endfacet
  facet normal 1.875900e-01 -7.931860e-01 5.793669e-01
    outer loop
      vertex   1.013481e+02 1.452118e+01 -1.564507e+01
      vertex   1.016497e+02 1.456091e+01 -1.568832e+01
      vertex   1.013657e+02 1.456091e+01 -1.559637e+01
    endloop
  endfacet
  facet normal 2.262215e-01 -7.931860e-01 5.654024e-01
    outer loop
      vertex   1.010677e+02 1.452118e+01 -1.553289e+01
      vertex   1.013481e+02 1.452118e+01 -1.564507e+01
      vertex   1.013657e+02 1.456091e+01 -1.559637e+01
    endloop
  endfacet
  facet normal 2.262215e-01 -7.931860e-01 5.654024e-01
    outer loop
      vertex   1.010677e+02 1.452118e+01 -1.553289e+01
      vertex   1.013657e+02 1.456091e+01 -1.559637e+01
      vertex   1.010886e+02 1.456091e+01 -1.548550e+01
    endloop
  endfacet
  facet normal 2.638237e-01 -7.931860e-01 5.488652e-01
    outer loop
      vertex   1.007956e+02 1.452118e+01 -1.540207e+01
      vertex   1.010677e+02 1.452118e+01 -1.553289e+01
      vertex   1.010886e+02 1.456091e+01 -1.548550e+01
    endloop
  endfacet
  facet normal 2.638237e-01 -7.931860e-01 5.488652e-01
    outer loop
      vertex   1.007956e+02 1.452118e+01 -1.540207e+01
      vertex   1.010886e+02 1.456091e+01 -1.548550e+01
      vertex   1.008196e+02 1.456091e+01 -1.535619e+01
    endloop
  endfacet
  facet normal 3.002255e-01 -7.931860e-01 5.298308e-01
    outer loop
      vertex   1.005329e+02 1.452118e+01 -1.525320e+01
      vertex   1.007956e+02 1.452118e+01 -1.540207e+01
      vertex   1.008196e+02 1.456091e+01 -1.535619e+01
    endloop
  endfacet
  facet normal 3.002255e-01 -7.931860e-01 5.298308e-01
    outer loop
      vertex   1.005329e+02 1.452118e+01 -1.525320e+01
      vertex   1.008196e+02 1.456091e+01 -1.535619e+01
      vertex   1.005599e+02 1.456091e+01 -1.520903e+01
    endloop
  endfacet
  facet normal 3.352612e-01 -7.931860e-01 5.083856e-01
    outer loop
      vertex   1.002808e+02 1.452118e+01 -1.508695e+01
      vertex   1.005329e+02 1.452118e+01 -1.525320e+01
      vertex   1.005599e+02 1.456091e+01 -1.520903e+01
    endloop
  endfacet
  facet normal 3.352612e-01 -7.931860e-01 5.083856e-01
    outer loop
      vertex   1.002808e+02 1.452118e+01 -1.508695e+01
      vertex   1.005599e+02 1.456091e+01 -1.520903e+01
      vertex   1.003107e+02 1.456091e+01 -1.504471e+01
    endloop
  endfacet
  facet normal 3.687715e-01 -7.931860e-01 4.846273e-01
    outer loop
      vertex   1.000404e+02 1.452118e+01 -1.490409e+01
      vertex   1.002808e+02 1.452118e+01 -1.508695e+01
      vertex   1.003107e+02 1.456091e+01 -1.504471e+01
    endloop
  endfacet
  facet normal 3.687715e-01 -7.931860e-01 4.846273e-01
    outer loop
      vertex   1.000404e+02 1.452118e+01 -1.490409e+01
      vertex   1.003107e+02 1.456091e+01 -1.504471e+01
      vertex   1.000732e+02 1.456091e+01 -1.486396e+01
    endloop
  endfacet
  facet normal 4.006039e-01 -7.931860e-01 4.586638e-01
    outer loop
      vertex   9.981301e+01 1.452118e+01 -1.470544e+01
      vertex   1.000404e+02 1.452118e+01 -1.490409e+01
      vertex   1.000732e+02 1.456091e+01 -1.486396e+01
    endloop
  endfacet
  facet normal 4.006039e-01 -7.931860e-01 4.586638e-01
    outer loop
      vertex   9.981301e+01 1.452118e+01 -1.470544e+01
      vertex   1.000732e+02 1.456091e+01 -1.486396e+01
      vertex   9.984836e+01 1.456091e+01 -1.466761e+01
    endloop
  endfacet
  facet normal 4.306135e-01 -7.931860e-01 4.306135e-01
    outer loop
      vertex   9.959948e+01 1.452118e+01 -1.449191e+01
      vertex   9.981301e+01 1.452118e+01 -1.470544e+01
      vertex   9.984836e+01 1.456091e+01 -1.466761e+01
    endloop
  endfacet
  facet normal 4.306135e-01 -7.931860e-01 4.306135e-01
    outer loop
      vertex   9.959948e+01 1.452118e+01 -1.449191e+01
      vertex   9.984836e+01 1.456091e+01 -1.466761e+01
      vertex   9.963730e+01 1.456091e+01 -1.445655e+01
    endloop
  endfacet
  facet normal 4.586638e-01 -7.931860e-01 4.006039e-01
    outer loop
      vertex   9.940083e+01 1.452118e+01 -1.426447e+01
      vertex   9.959948e+01 1.452118e+01 -1.449191e+01
      vertex   9.963730e+01 1.456091e+01 -1.445655e+01
    endloop
  endfacet
  facet normal 4.586638e-01 -7.931860e-01 4.006039e-01
    outer loop
      vertex   9.940083e+01 1.452118e+01 -1.426447e+01
      vertex   9.963730e+01 1.456091e+01 -1.445655e+01
      vertex   9.944095e+01 1.456091e+01 -1.423174e+01
    endloop
  endfacet
  facet normal 4.846273e-01 -7.931860e-01 3.687715e-01
    outer loop
      vertex   9.921797e+01 1.452118e+01 -1.402416e+01
      vertex   9.940083e+01 1.452118e+01 -1.426447e+01
      vertex   9.944095e+01 1.456091e+01 -1.423174e+01
    endloop
  endfacet
  facet normal 4.846273e-01 -7.931860e-01 3.687715e-01
    outer loop
      vertex   9.921797e+01 1.452118e+01 -1.402416e+01
      vertex   9.944095e+01 1.456091e+01 -1.423174e+01
      vertex   9.926020e+01 1.456091e+01 -1.399421e+01
    endloop
  endfacet
  facet normal 5.083856e-01 -7.931860e-01 3.352612e-01
    outer loop
      vertex   9.905172e+01 1.452118e+01 -1.377206e+01
      vertex   9.921797e+01 1.452118e+01 -1.402416e+01
      vertex   9.926020e+01 1.456091e+01 -1.399421e+01
    endloop
  endfacet
  facet normal 5.083856e-01 -7.931860e-01 3.352612e-01
    outer loop
      vertex   9.905172e+01 1.452118e+01 -1.377206e+01
      vertex   9.926020e+01 1.456091e+01 -1.399421e+01
      vertex   9.909588e+01 1.456091e+01 -1.374503e+01
    endloop
  endfacet
  facet normal 5.298308e-01 -7.931860e-01 3.002255e-01
    outer loop
      vertex   9.890285e+01 1.452118e+01 -1.350934e+01
      vertex   9.905172e+01 1.452118e+01 -1.377206e+01
      vertex   9.909588e+01 1.456091e+01 -1.374503e+01
    endloop
  endfacet
  facet normal 5.298308e-01 -7.931860e-01 3.002255e-01
    outer loop
      vertex   9.890285e+01 1.452118e+01 -1.350934e+01
      vertex   9.909588e+01 1.456091e+01 -1.374503e+01
      vertex   9.894873e+01 1.456091e+01 -1.348534e+01
    endloop
  endfacet
  facet normal 5.488652e-01 -7.931860e-01 2.638237e-01
    outer loop
      vertex   9.877202e+01 1.452118e+01 -1.323717e+01
      vertex   9.890285e+01 1.452118e+01 -1.350934e+01
      vertex   9.894873e+01 1.456091e+01 -1.348534e+01
    endloop
  endfacet
  facet normal 5.488652e-01 -7.931860e-01 2.638237e-01
    outer loop
      vertex   9.877202e+01 1.452118e+01 -1.323717e+01
      vertex   9.894873e+01 1.456091e+01 -1.348534e+01
      vertex   9.881942e+01 1.456091e+01 -1.321633e+01
    endloop
  endfacet
  facet normal 5.654024e-01 -7.931860e-01 2.262215e-01
    outer loop
      vertex   9.865985e+01 1.452118e+01 -1.295680e+01
      vertex   9.877202e+01 1.452118e+01 -1.323717e+01
      vertex   9.881942e+01 1.456091e+01 -1.321633e+01
    endloop
  endfacet
  facet normal 5.654024e-01 -7.931860e-01 2.262215e-01
    outer loop
      vertex   9.865985e+01 1.452118e+01 -1.295680e+01
      vertex   9.881942e+01 1.456091e+01 -1.321633e+01
      vertex   9.870854e+01 1.456091e+01 -1.293920e+01
    endloop
  endfacet
  facet normal 5.793669e-01 -7.931860e-01 1.875900e-01
    outer loop
      vertex   9.856683e+01 1.452118e+01 -1.266951e+01
      vertex   9.865985e+01 1.452118e+01 -1.295680e+01
      vertex   9.870854e+01 1.456091e+01 -1.293920e+01
    endloop
  endfacet
  facet normal 5.793669e-01 -7.931860e-01 1.875900e-01
    outer loop
      vertex   9.856683e+01 1.452118e+01 -1.266951e+01
      vertex   9.870854e+01 1.456091e+01 -1.293920e+01
      vertex   9.861660e+01 1.456091e+01 -1.265523e+01
    endloop
  endfacet
  facet normal 5.906953e-01 -7.931860e-01 1.481050e-01
    outer loop
      vertex   9.849339e+01 1.452118e+01 -1.237660e+01
      vertex   9.856683e+01 1.452118e+01 -1.266951e+01
      vertex   9.861660e+01 1.456091e+01 -1.265523e+01
    endloop
  endfacet
  facet normal 5.906953e-01 -7.931860e-01 1.481050e-01
    outer loop
      vertex   9.849339e+01 1.452118e+01 -1.237660e+01
      vertex   9.861660e+01 1.456091e+01 -1.265523e+01
      vertex   9.854400e+01 1.456091e+01 -1.236571e+01
    endloop
  endfacet
  facet normal 5.993360e-01 -7.931860e-01 1.079461e-01
    outer loop
      vertex   9.843986e+01 1.452118e+01 -1.207941e+01
      vertex   9.849339e+01 1.452118e+01 -1.237660e+01
      vertex   9.854400e+01 1.456091e+01 -1.236571e+01
    endloop
  endfacet
  facet normal 5.993360e-01 -7.931860e-01 1.079461e-01
    outer loop
      vertex   9.843986e+01 1.452118e+01 -1.207941e+01
      vertex   9.854400e+01 1.456091e+01 -1.236571e+01
      vertex   9.849110e+01 1.456091e+01 -1.207195e+01
    endloop
  endfacet
  facet normal -1.033743e-01 -9.945687e-01 -1.211687e-02
    outer loop
      vertex   1.071557e+02 1.459440e+01 -1.108491e+01
      vertex   1.072045e+02 1.458933e+01 -1.108491e+01
      vertex   1.071205e+02 1.459440e+01 -1.078435e+01
    endloop
  endfacet
  facet normal -1.291283e-01 -9.914387e-01 -1.936937e-02
    outer loop
      vertex   1.071205e+02 1.459440e+01 -1.078435e+01
      vertex   1.072045e+02 1.458933e+01 -1.108491e+01
      vertex   1.071892e+02 1.458588e+01 -1.080656e+01
    endloop
  endfacet
  facet normal -1.304276e-01 -9.911795e-01 -2.349126e-02
    outer loop
      vertex   1.071205e+02 1.459440e+01 -1.078435e+01
      vertex   1.071892e+02 1.458588e+01 -1.080656e+01
      vertex   1.071371e+02 1.458588e+01 -1.051680e+01
    endloop
  endfacet
  facet normal -3.768064e-01 -9.238025e-01 -6.786642e-02
    outer loop
      vertex   1.071371e+02 1.458588e+01 -1.051680e+01
      vertex   1.071892e+02 1.458588e+01 -1.080656e+01
      vertex   1.072489e+02 1.456091e+01 -1.079788e+01
    endloop
  endfacet
  facet normal -3.768064e-01 -9.238025e-01 -6.786642e-02
    outer loop
      vertex   1.071371e+02 1.458588e+01 -1.051680e+01
      vertex   1.072489e+02 1.456091e+01 -1.079788e+01
      vertex   1.071960e+02 1.456091e+01 -1.050412e+01
    endloop
  endfacet
  facet normal -5.993360e-01 -7.931860e-01 -1.079461e-01
    outer loop
      vertex   1.071960e+02 1.456091e+01 -1.050412e+01
      vertex   1.072489e+02 1.456091e+01 -1.079788e+01
      vertex   1.073001e+02 1.452118e+01 -1.079042e+01
    endloop
  endfacet
  facet normal -5.993360e-01 -7.931860e-01 -1.079461e-01
    outer loop
      vertex   1.071960e+02 1.456091e+01 -1.050412e+01
      vertex   1.073001e+02 1.452118e+01 -1.079042e+01
      vertex   1.072466e+02 1.452118e+01 -1.049323e+01
    endloop
  endfacet
  facet normal -7.809548e-01 -6.085434e-01 -1.406574e-01
    outer loop
      vertex   1.072466e+02 1.452118e+01 -1.049323e+01
      vertex   1.073001e+02 1.452118e+01 -1.079042e+01
      vertex   1.073395e+02 1.446940e+01 -1.078470e+01
    endloop
  endfacet
  facet normal -7.809548e-01 -6.085434e-01 -1.406574e-01
    outer loop
      vertex   1.072466e+02 1.452118e+01 -1.049323e+01
      vertex   1.073395e+02 1.446940e+01 -1.078470e+01
      vertex   1.072855e+02 1.446940e+01 -1.048487e+01
    endloop
  endfacet
  facet normal -9.093252e-01 -3.824976e-01 -1.637781e-01
    outer loop
      vertex   1.072855e+02 1.446940e+01 -1.048487e+01
      vertex   1.073395e+02 1.446940e+01 -1.078470e+01
      vertex   1.073642e+02 1.440910e+01 -1.078111e+01
    endloop
  endfacet
  facet normal -9.093252e-01 -3.824976e-01 -1.637781e-01
    outer loop
      vertex   1.072855e+02 1.446940e+01 -1.048487e+01
      vertex   1.073642e+02 1.440910e+01 -1.078111e+01
      vertex   1.073099e+02 1.440910e+01 -1.047962e+01
    endloop
  endfacet
  facet normal -9.757543e-01 -1.304532e-01 -1.757426e-01
    outer loop
      vertex   1.073099e+02 1.440910e+01 -1.047962e+01
      vertex   1.073642e+02 1.440910e+01 -1.078111e+01
      vertex   1.073726e+02 1.434440e+01 -1.077988e+01
    endloop
  endfacet
  facet normal -9.757543e-01 -1.304532e-01 -1.757426e-01
    outer loop
      vertex   1.073099e+02 1.440910e+01 -1.047962e+01
      vertex   1.073726e+02 1.434440e+01 -1.077988e+01
      vertex   1.073182e+02 1.434440e+01 -1.047783e+01
    endloop
  endfacet
  facet normal -2.832831e-01 -9.586440e-01 -2.743010e-02
    outer loop
      vertex   1.072045e+02 1.458933e+01 -1.108491e+01
      vertex   1.072516e+02 1.457542e+01 -1.108491e+01
      vertex   1.071892e+02 1.458588e+01 -1.080656e+01
    endloop
  endfacet
  facet normal -3.793944e-01 -9.238686e-01 -5.026713e-02
    outer loop
      vertex   1.071892e+02 1.458588e+01 -1.080656e+01
      vertex   1.072516e+02 1.457542e+01 -1.108491e+01
      vertex   1.072489e+02 1.456091e+01 -1.079788e+01
    endloop
  endfacet
  facet normal -4.742804e-01 -8.790154e-01 -4.888801e-02
    outer loop
      vertex   1.072516e+02 1.457542e+01 -1.108491e+01
      vertex   1.072947e+02 1.455214e+01 -1.108491e+01
      vertex   1.072489e+02 1.456091e+01 -1.079788e+01
    endloop
  endfacet
  facet normal -6.045753e-01 -7.932584e-01 -7.231807e-02
    outer loop
      vertex   1.072489e+02 1.456091e+01 -1.079788e+01
      vertex   1.072947e+02 1.455214e+01 -1.108491e+01
      vertex   1.073001e+02 1.452118e+01 -1.079042e+01
    endloop
  endfacet
  facet normal -6.265323e-01 -7.762343e-01 -7.012625e-02
    outer loop
      vertex   1.072947e+02 1.455214e+01 -1.108491e+01
      vertex   1.073329e+02 1.452130e+01 -1.108491e+01
      vertex   1.073001e+02 1.452118e+01 -1.079042e+01
    endloop
  endfacet
  facet normal -7.724217e-01 -6.292176e-01 -8.631340e-02
    outer loop
      vertex   1.073001e+02 1.452118e+01 -1.079042e+01
      vertex   1.073329e+02 1.452130e+01 -1.108491e+01
      vertex   1.073639e+02 1.448329e+01 -1.108491e+01
    endloop
  endfacet
  facet normal -7.880741e-01 -6.086133e-01 -9.235349e-02
    outer loop
      vertex   1.073001e+02 1.452118e+01 -1.079042e+01
      vertex   1.073639e+02 1.448329e+01 -1.108491e+01
      vertex   1.073395e+02 1.446940e+01 -1.078470e+01
    endloop
  endfacet
  facet normal -8.744089e-01 -4.761432e-01 -9.325661e-02
    outer loop
      vertex   1.073395e+02 1.446940e+01 -1.078470e+01
      vertex   1.073639e+02 1.448329e+01 -1.108491e+01
      vertex   1.073874e+02 1.444019e+01 -1.108491e+01
    endloop
  endfacet
  facet normal -9.174453e-01 -3.825733e-01 -1.092322e-01
    outer loop
      vertex   1.073395e+02 1.446940e+01 -1.078470e+01
      vertex   1.073874e+02 1.444019e+01 -1.108491e+01
      vertex   1.073642e+02 1.440910e+01 -1.078111e+01
    endloop
  endfacet
  facet normal -9.532863e-01 -2.843540e-01 -1.019219e-01
    outer loop
      vertex   1.073642e+02 1.440910e+01 -1.078111e+01
      vertex   1.073874e+02 1.444019e+01 -1.108491e+01
      vertex   1.074014e+02 1.439319e+01 -1.108491e+01
    endloop
  endfacet
  facet normal -9.848932e-01 -1.304708e-01 -1.138545e-01
    outer loop
      vertex   1.073642e+02 1.440910e+01 -1.078111e+01
      vertex   1.074014e+02 1.439319e+01 -1.108491e+01
      vertex   1.073726e+02 1.434440e+01 -1.077988e+01
    endloop
  endfacet
  facet normal -9.885196e-01 -1.036759e-01 -1.099108e-01
    outer loop
      vertex   1.073726e+02 1.434440e+01 -1.077988e+01
      vertex   1.074014e+02 1.439319e+01 -1.108491e+01
      vertex   1.074065e+02 1.434440e+01 -1.108491e+01
    endloop
  endfacet
  facet normal -9.616867e-01 -1.304532e-01 -2.411237e-01
    outer loop
      vertex   1.073099e+02 1.440910e+01 -1.047962e+01
      vertex   1.073182e+02 1.434440e+01 -1.047783e+01
      vertex   1.072354e+02 1.440910e+01 -1.018247e+01
    endloop
  endfacet
  facet normal -9.616867e-01 -1.304532e-01 -2.411237e-01
    outer loop
      vertex   1.072354e+02 1.440910e+01 -1.018247e+01
      vertex   1.073182e+02 1.434440e+01 -1.047783e+01
      vertex   1.072436e+02 1.434440e+01 -1.018013e+01
    endloop
  endfacet
  facet normal -9.432434e-01 -1.304532e-01 -3.054076e-01
    outer loop
      vertex   1.072354e+02 1.440910e+01 -1.018247e+01
      vertex   1.072436e+02 1.434440e+01 -1.018013e+01
      vertex   1.071410e+02 1.440910e+01 -9.891031e+00
    endloop
  endfacet
  facet normal -9.432434e-01 -1.304532e-01 -3.054076e-01
    outer loop
      vertex   1.071410e+02 1.440910e+01 -9.891031e+00
      vertex   1.072436e+02 1.434440e+01 -1.018013e+01
      vertex   1.071490e+02 1.434440e+01 -9.888135e+00
    endloop
  endfacet
  facet normal -9.205084e-01 -1.304532e-01 -3.683020e-01
    outer loop
      vertex   1.071410e+02 1.440910e+01 -9.891031e+00
      vertex   1.071490e+02 1.434440e+01 -9.888135e+00
      vertex   1.070272e+02 1.440910e+01 -9.606612e+00
    endloop
  endfacet
  facet normal -9.205084e-01 -1.304532e-01 -3.683020e-01
    outer loop
      vertex   1.070272e+02 1.440910e+01 -9.606612e+00
      vertex   1.071490e+02 1.434440e+01 -9.888135e+00
      vertex   1.070350e+02 1.434440e+01 -9.603183e+00
    endloop
  endfacet
  facet normal -8.935850e-01 -1.304532e-01 -4.295205e-01
    outer loop
      vertex   1.070272e+02 1.440910e+01 -9.606612e+00
      vertex   1.070350e+02 1.434440e+01 -9.603183e+00
      vertex   1.068945e+02 1.440910e+01 -9.330512e+00
    endloop
  endfacet
  facet normal -8.935850e-01 -1.304532e-01 -4.295205e-01
    outer loop
      vertex   1.068945e+02 1.440910e+01 -9.330512e+00
      vertex   1.070350e+02 1.434440e+01 -9.603183e+00
      vertex   1.069020e+02 1.434440e+01 -9.326564e+00
    endloop
  endfacet
  facet normal -8.625958e-01 -1.304532e-01 -4.887847e-01
    outer loop
      vertex   1.068945e+02 1.440910e+01 -9.330512e+00
      vertex   1.069020e+02 1.434440e+01 -9.326564e+00
      vertex   1.067435e+02 1.440910e+01 -9.063986e+00
    endloop
  endfacet
  facet normal -8.625958e-01 -1.304532e-01 -4.887847e-01
    outer loop
      vertex   1.067435e+02 1.440910e+01 -9.063986e+00
      vertex   1.069020e+02 1.434440e+01 -9.326564e+00
      vertex   1.067507e+02 1.434440e+01 -9.059539e+00
    endloop
  endfacet
  facet normal -8.276817e-01 -1.304532e-01 -5.458250e-01
    outer loop
      vertex   1.067435e+02 1.440910e+01 -9.063986e+00
      vertex   1.067507e+02 1.434440e+01 -9.059539e+00
      vertex   1.065748e+02 1.440910e+01 -8.808249e+00
    endloop
  endfacet
  facet normal -8.276817e-01 -1.304532e-01 -5.458250e-01
    outer loop
      vertex   1.065748e+02 1.440910e+01 -8.808249e+00
      vertex   1.067507e+02 1.434440e+01 -9.059539e+00
      vertex   1.065818e+02 1.434440e+01 -8.803322e+00
    endloop
  endfacet
  facet normal -7.890017e-01 -1.304532e-01 -6.003817e-01
    outer loop
      vertex   1.065748e+02 1.440910e+01 -8.808249e+00
      vertex   1.065818e+02 1.434440e+01 -8.803322e+00
      vertex   1.063893e+02 1.440910e+01 -8.564463e+00
    endloop
  endfacet
  facet normal -7.890017e-01 -1.304532e-01 -6.003817e-01
    outer loop
      vertex   1.063893e+02 1.440910e+01 -8.564463e+00
      vertex   1.065818e+02 1.434440e+01 -8.803322e+00
      vertex   1.063959e+02 1.434440e+01 -8.559079e+00
    endloop
  endfacet
  facet normal -7.467318e-01 -1.304532e-01 -6.522067e-01
    outer loop
      vertex   1.063893e+02 1.440910e+01 -8.564463e+00
      vertex   1.063959e+02 1.434440e+01 -8.559079e+00
      vertex   1.061878e+02 1.440910e+01 -8.333737e+00
    endloop
  endfacet
  facet normal -7.467318e-01 -1.304532e-01 -6.522067e-01
    outer loop
      vertex   1.061878e+02 1.440910e+01 -8.333737e+00
      vertex   1.063959e+02 1.434440e+01 -8.559079e+00
      vertex   1.061940e+02 1.434440e+01 -8.327920e+00
    endloop
  endfacet
  facet normal -7.010642e-01 -1.304532e-01 -7.010642e-01
    outer loop
      vertex   1.061878e+02 1.440910e+01 -8.333737e+00
      vertex   1.061940e+02 1.434440e+01 -8.327920e+00
      vertex   1.059712e+02 1.440910e+01 -8.117122e+00
    endloop
  endfacet
  facet normal -7.010642e-01 -1.304532e-01 -7.010642e-01
    outer loop
      vertex   1.059712e+02 1.440910e+01 -8.117122e+00
      vertex   1.061940e+02 1.434440e+01 -8.327920e+00
      vertex   1.059770e+02 1.434440e+01 -8.110899e+00
    endloop
  endfacet
  facet normal -6.522067e-01 -1.304532e-01 -7.467318e-01
    outer loop
      vertex   1.059712e+02 1.440910e+01 -8.117122e+00
      vertex   1.059770e+02 1.434440e+01 -8.110899e+00
      vertex   1.057405e+02 1.440910e+01 -7.915603e+00
    endloop
  endfacet
  facet normal -6.522067e-01 -1.304532e-01 -7.467318e-01
    outer loop
      vertex   1.057405e+02 1.440910e+01 -7.915603e+00
      vertex   1.059770e+02 1.434440e+01 -8.110899e+00
      vertex   1.057458e+02 1.434440e+01 -7.909002e+00
    endloop
  endfacet
  facet normal -6.003817e-01 -1.304532e-01 -7.890017e-01
    outer loop
      vertex   1.057405e+02 1.440910e+01 -7.915603e+00
      vertex   1.057458e+02 1.434440e+01 -7.909002e+00
      vertex   1.054967e+02 1.440910e+01 -7.730097e+00
    endloop
  endfacet
  facet normal -6.003817e-01 -1.304532e-01 -7.890017e-01
    outer loop
      vertex   1.054967e+02 1.440910e+01 -7.730097e+00
      vertex   1.057458e+02 1.434440e+01 -7.909002e+00
      vertex   1.055016e+02 1.434440e+01 -7.723147e+00
    endloop
  endfacet
  facet normal -5.458250e-01 -1.304532e-01 -8.276817e-01
    outer loop
      vertex   1.054967e+02 1.440910e+01 -7.730097e+00
      vertex   1.055016e+02 1.434440e+01 -7.723147e+00
      vertex   1.052409e+02 1.440910e+01 -7.561447e+00
    endloop
  endfacet
  facet normal -5.458250e-01 -1.304532e-01 -8.276817e-01
    outer loop
      vertex   1.052409e+02 1.440910e+01 -7.561447e+00
      vertex   1.055016e+02 1.434440e+01 -7.723147e+00
      vertex   1.052454e+02 1.434440e+01 -7.554182e+00
    endloop
  endfacet
  facet normal -4.887847e-01 -1.304532e-01 -8.625958e-01
    outer loop
      vertex   1.052409e+02 1.440910e+01 -7.561447e+00
      vertex   1.052454e+02 1.434440e+01 -7.554182e+00
      vertex   1.049744e+02 1.440910e+01 -7.410422e+00
    endloop
  endfacet
  facet normal -4.887847e-01 -1.304532e-01 -8.625958e-01
    outer loop
      vertex   1.049744e+02 1.440910e+01 -7.410422e+00
      vertex   1.052454e+02 1.434440e+01 -7.554182e+00
      vertex   1.049784e+02 1.434440e+01 -7.402874e+00
    endloop
  endfacet
  facet normal -4.295205e-01 -1.304532e-01 -8.935850e-01
    outer loop
      vertex   1.049744e+02 1.440910e+01 -7.410422e+00
      vertex   1.049784e+02 1.434440e+01 -7.402874e+00
      vertex   1.046983e+02 1.440910e+01 -7.277709e+00
    endloop
  endfacet
  facet normal -4.295205e-01 -1.304532e-01 -8.935850e-01
    outer loop
      vertex   1.046983e+02 1.440910e+01 -7.277709e+00
      vertex   1.049784e+02 1.434440e+01 -7.402874e+00
      vertex   1.047017e+02 1.434440e+01 -7.269911e+00
    endloop
  endfacet
  facet normal -3.683020e-01 -1.304532e-01 -9.205084e-01
    outer loop
      vertex   1.046983e+02 1.440910e+01 -7.277709e+00
      vertex   1.047017e+02 1.434440e+01 -7.269911e+00
      vertex   1.044139e+02 1.440910e+01 -7.163911e+00
    endloop
  endfacet
  facet normal -3.683020e-01 -1.304532e-01 -9.205084e-01
    outer loop
      vertex   1.044139e+02 1.440910e+01 -7.163911e+00
      vertex   1.047017e+02 1.434440e+01 -7.269911e+00
      vertex   1.044168e+02 1.434440e+01 -7.155900e+00
    endloop
  endfacet
  facet normal -3.054076e-01 -1.304532e-01 -9.432434e-01
    outer loop
      vertex   1.044139e+02 1.440910e+01 -7.163911e+00
      vertex   1.044168e+02 1.434440e+01 -7.155900e+00
      vertex   1.041224e+02 1.440910e+01 -7.069546e+00
    endloop
  endfacet
  facet normal -3.054076e-01 -1.304532e-01 -9.432434e-01
    outer loop
      vertex   1.041224e+02 1.440910e+01 -7.069546e+00
      vertex   1.044168e+02 1.434440e+01 -7.155900e+00
      vertex   1.041248e+02 1.434440e+01 -7.061358e+00
    endloop
  endfacet
  facet normal -2.411237e-01 -1.304532e-01 -9.616867e-01
    outer loop
      vertex   1.041224e+02 1.440910e+01 -7.069546e+00
      vertex   1.041248e+02 1.434440e+01 -7.061358e+00
      vertex   1.038253e+02 1.440910e+01 -6.995043e+00
    endloop
  endfacet
  facet normal -2.411237e-01 -1.304532e-01 -9.616867e-01
    outer loop
      vertex   1.038253e+02 1.440910e+01 -6.995043e+00
      vertex   1.041248e+02 1.434440e+01 -7.061358e+00
      vertex   1.038271e+02 1.434440e+01 -6.986715e+00
    endloop
  endfacet
  facet normal -1.757426e-01 -1.304532e-01 -9.757543e-01
    outer loop
      vertex   1.038253e+02 1.440910e+01 -6.995043e+00
      vertex   1.038271e+02 1.434440e+01 -6.986715e+00
      vertex   1.035238e+02 1.440910e+01 -6.940742e+00
    endloop
  endfacet
  facet normal -1.757426e-01 -1.304532e-01 -9.757543e-01
    outer loop
      vertex   1.035238e+02 1.440910e+01 -6.940742e+00
      vertex   1.038271e+02 1.434440e+01 -6.986715e+00
      vertex   1.035250e+02 1.434440e+01 -6.932312e+00
    endloop
  endfacet
  facet normal -1.138545e-01 -1.304708e-01 -9.848932e-01
    outer loop
      vertex   1.035238e+02 1.440910e+01 -6.940742e+00
      vertex   1.035250e+02 1.434440e+01 -6.932312e+00
      vertex   1.032200e+02 1.439319e+01 -6.903514e+00
    endloop
  endfacet
  facet normal -1.099108e-01 -1.036759e-01 -9.885196e-01
    outer loop
      vertex   1.032200e+02 1.439319e+01 -6.903514e+00
      vertex   1.035250e+02 1.434440e+01 -6.932312e+00
      vertex   1.032200e+02 1.434440e+01 -6.898396e+00
    endloop
  endfacet
  facet normal -1.019219e-01 -2.843540e-01 -9.532863e-01
    outer loop
      vertex   1.032200e+02 1.439319e+01 -6.903514e+00
      vertex   1.032200e+02 1.444019e+01 -6.917531e+00
      vertex   1.035238e+02 1.440910e+01 -6.940742e+00
    endloop
  endfacet
  facet normal -1.092322e-01 -3.825733e-01 -9.174453e-01
    outer loop
      vertex   1.035238e+02 1.440910e+01 -6.940742e+00
      vertex   1.032200e+02 1.444019e+01 -6.917531e+00
      vertex   1.035202e+02 1.446940e+01 -6.965457e+00
    endloop
  endfacet
  facet normal -1.637781e-01 -3.824976e-01 -9.093252e-01
    outer loop
      vertex   1.035238e+02 1.440910e+01 -6.940742e+00
      vertex   1.035202e+02 1.446940e+01 -6.965457e+00
      vertex   1.038253e+02 1.440910e+01 -6.995043e+00
    endloop
  endfacet
  facet normal -1.637781e-01 -3.824976e-01 -9.093252e-01
    outer loop
      vertex   1.038253e+02 1.440910e+01 -6.995043e+00
      vertex   1.035202e+02 1.446940e+01 -6.965457e+00
      vertex   1.038200e+02 1.446940e+01 -7.019460e+00
    endloop
  endfacet
  facet normal -2.247080e-01 -3.824976e-01 -8.962153e-01
    outer loop
      vertex   1.038253e+02 1.440910e+01 -6.995043e+00
      vertex   1.038200e+02 1.446940e+01 -7.019460e+00
      vertex   1.041224e+02 1.440910e+01 -7.069546e+00
    endloop
  endfacet
  facet normal -2.247080e-01 -3.824976e-01 -8.962153e-01
    outer loop
      vertex   1.041224e+02 1.440910e+01 -7.069546e+00
      vertex   1.038200e+02 1.446940e+01 -7.019460e+00
      vertex   1.041156e+02 1.446940e+01 -7.093552e+00
    endloop
  endfacet
  facet normal -2.846155e-01 -3.824976e-01 -8.790276e-01
    outer loop
      vertex   1.041224e+02 1.440910e+01 -7.069546e+00
      vertex   1.041156e+02 1.446940e+01 -7.093552e+00
      vertex   1.044139e+02 1.440910e+01 -7.163911e+00
    endloop
  endfacet
  facet normal -2.846155e-01 -3.824976e-01 -8.790276e-01
    outer loop
      vertex   1.044139e+02 1.440910e+01 -7.163911e+00
      vertex   1.041156e+02 1.446940e+01 -7.093552e+00
      vertex   1.044054e+02 1.446940e+01 -7.187398e+00
    endloop
  endfacet
  facet normal -3.432280e-01 -3.824976e-01 -8.578404e-01
    outer loop
      vertex   1.044139e+02 1.440910e+01 -7.163911e+00
      vertex   1.044054e+02 1.446940e+01 -7.187398e+00
      vertex   1.046983e+02 1.440910e+01 -7.277709e+00
    endloop
  endfacet
  facet normal -3.432280e-01 -3.824976e-01 -8.578404e-01
    outer loop
      vertex   1.046983e+02 1.440910e+01 -7.277709e+00
      vertex   1.044054e+02 1.446940e+01 -7.187398e+00
      vertex   1.046882e+02 1.446940e+01 -7.300571e+00
    endloop
  endfacet
  facet normal -4.002789e-01 -3.824976e-01 -8.327499e-01
    outer loop
      vertex   1.046983e+02 1.440910e+01 -7.277709e+00
      vertex   1.046882e+02 1.446940e+01 -7.300571e+00
      vertex   1.049744e+02 1.440910e+01 -7.410422e+00
    endloop
  endfacet
  facet normal -4.002789e-01 -3.824976e-01 -8.327499e-01
    outer loop
      vertex   1.049744e+02 1.440910e+01 -7.410422e+00
      vertex   1.046882e+02 1.446940e+01 -7.300571e+00
      vertex   1.049628e+02 1.446940e+01 -7.432554e+00
    endloop
  endfacet
  facet normal -4.555084e-01 -3.824976e-01 -8.038705e-01
    outer loop
      vertex   1.049744e+02 1.440910e+01 -7.410422e+00
      vertex   1.049628e+02 1.446940e+01 -7.432554e+00
      vertex   1.052409e+02 1.440910e+01 -7.561447e+00
    endloop
  endfacet
  facet normal -4.555084e-01 -3.824976e-01 -8.038705e-01
    outer loop
      vertex   1.052409e+02 1.440910e+01 -7.561447e+00
      vertex   1.049628e+02 1.446940e+01 -7.432554e+00
      vertex   1.052279e+02 1.446940e+01 -7.582749e+00
    endloop
  endfacet
  facet normal -5.086654e-01 -3.824976e-01 -7.713334e-01
    outer loop
      vertex   1.052409e+02 1.440910e+01 -7.561447e+00
      vertex   1.052279e+02 1.446940e+01 -7.582749e+00
      vertex   1.054967e+02 1.440910e+01 -7.730097e+00
    endloop
  endfacet
  facet normal -5.086654e-01 -3.824976e-01 -7.713334e-01
    outer loop
      vertex   1.054967e+02 1.440910e+01 -7.730097e+00
      vertex   1.052279e+02 1.446940e+01 -7.582749e+00
      vertex   1.054822e+02 1.446940e+01 -7.750471e+00
    endloop
  endfacet
  facet normal -5.595079e-01 -3.824976e-01 -7.352867e-01
    outer loop
      vertex   1.054967e+02 1.440910e+01 -7.730097e+00
      vertex   1.054822e+02 1.446940e+01 -7.750471e+00
      vertex   1.057405e+02 1.440910e+01 -7.915603e+00
    endloop
  endfacet
  facet normal -5.595079e-01 -3.824976e-01 -7.352867e-01
    outer loop
      vertex   1.057405e+02 1.440910e+01 -7.915603e+00
      vertex   1.054822e+02 1.446940e+01 -7.750471e+00
      vertex   1.057247e+02 1.446940e+01 -7.934957e+00
    endloop
  endfacet
  facet normal -6.078047e-01 -3.824976e-01 -6.958945e-01
    outer loop
      vertex   1.057405e+02 1.440910e+01 -7.915603e+00
      vertex   1.057247e+02 1.446940e+01 -7.934957e+00
      vertex   1.059712e+02 1.440910e+01 -8.117122e+00
    endloop
  endfacet
  facet normal -6.078047e-01 -3.824976e-01 -6.958945e-01
    outer loop
      vertex   1.059712e+02 1.440910e+01 -8.117122e+00
      vertex   1.057247e+02 1.446940e+01 -7.934957e+00
      vertex   1.059541e+02 1.446940e+01 -8.135368e+00
    endloop
  endfacet
  facet normal -6.533359e-01 -3.824976e-01 -6.533359e-01
    outer loop
      vertex   1.059712e+02 1.440910e+01 -8.117122e+00
      vertex   1.059541e+02 1.446940e+01 -8.135368e+00
      vertex   1.061878e+02 1.440910e+01 -8.333737e+00
    endloop
  endfacet
  facet normal -6.533359e-01 -3.824976e-01 -6.533359e-01
    outer loop
      vertex   1.061878e+02 1.440910e+01 -8.333737e+00
      vertex   1.059541e+02 1.446940e+01 -8.135368e+00
      vertex   1.061695e+02 1.446940e+01 -8.350792e+00
    endloop
  endfacet
  facet normal -6.958945e-01 -3.824976e-01 -6.078047e-01
    outer loop
      vertex   1.061878e+02 1.440910e+01 -8.333737e+00
      vertex   1.061695e+02 1.446940e+01 -8.350792e+00
      vertex   1.063893e+02 1.440910e+01 -8.564463e+00
    endloop
  endfacet
  facet normal -6.958945e-01 -3.824976e-01 -6.078047e-01
    outer loop
      vertex   1.063893e+02 1.440910e+01 -8.564463e+00
      vertex   1.061695e+02 1.446940e+01 -8.350792e+00
      vertex   1.063700e+02 1.446940e+01 -8.580248e+00
    endloop
  endfacet
  facet normal -7.352867e-01 -3.824976e-01 -5.595079e-01
    outer loop
      vertex   1.063893e+02 1.440910e+01 -8.564463e+00
      vertex   1.063700e+02 1.446940e+01 -8.580248e+00
      vertex   1.065748e+02 1.440910e+01 -8.808249e+00
    endloop
  endfacet
  facet normal -7.352867e-01 -3.824976e-01 -5.595079e-01
    outer loop
      vertex   1.065748e+02 1.440910e+01 -8.808249e+00
      vertex   1.063700e+02 1.446940e+01 -8.580248e+00
      vertex   1.065544e+02 1.446940e+01 -8.822694e+00
    endloop
  endfacet
  facet normal -7.713334e-01 -3.824976e-01 -5.086654e-01
    outer loop
      vertex   1.065748e+02 1.440910e+01 -8.808249e+00
      vertex   1.065544e+02 1.446940e+01 -8.822694e+00
      vertex   1.067435e+02 1.440910e+01 -9.063986e+00
    endloop
  endfacet
  facet normal -7.713334e-01 -3.824976e-01 -5.086654e-01
    outer loop
      vertex   1.067435e+02 1.440910e+01 -9.063986e+00
      vertex   1.065544e+02 1.446940e+01 -8.822694e+00
      vertex   1.067222e+02 1.446940e+01 -9.077025e+00
    endloop
  endfacet
  facet normal -8.038705e-01 -3.824976e-01 -4.555084e-01
    outer loop
      vertex   1.067435e+02 1.440910e+01 -9.063986e+00
      vertex   1.067222e+02 1.446940e+01 -9.077025e+00
      vertex   1.068945e+02 1.440910e+01 -9.330512e+00
    endloop
  endfacet
  facet normal -8.038705e-01 -3.824976e-01 -4.555084e-01
    outer loop
      vertex   1.068945e+02 1.440910e+01 -9.330512e+00
      vertex   1.067222e+02 1.446940e+01 -9.077025e+00
      vertex   1.068724e+02 1.446940e+01 -9.342084e+00
    endloop
  endfacet
  facet normal -8.327499e-01 -3.824976e-01 -4.002789e-01
    outer loop
      vertex   1.068945e+02 1.440910e+01 -9.330512e+00
      vertex   1.068724e+02 1.446940e+01 -9.342084e+00
      vertex   1.070272e+02 1.440910e+01 -9.606612e+00
    endloop
  endfacet
  facet normal -8.327499e-01 -3.824976e-01 -4.002789e-01
    outer loop
      vertex   1.070272e+02 1.440910e+01 -9.606612e+00
      vertex   1.068724e+02 1.446940e+01 -9.342084e+00
      vertex   1.070043e+02 1.446940e+01 -9.616666e+00
    endloop
  endfacet
  facet normal -8.578404e-01 -3.824976e-01 -3.432280e-01
    outer loop
      vertex   1.070272e+02 1.440910e+01 -9.606612e+00
      vertex   1.070043e+02 1.446940e+01 -9.616666e+00
      vertex   1.071410e+02 1.440910e+01 -9.891031e+00
    endloop
  endfacet
  facet normal -8.578404e-01 -3.824976e-01 -3.432280e-01
    outer loop
      vertex   1.071410e+02 1.440910e+01 -9.891031e+00
      vertex   1.070043e+02 1.446940e+01 -9.616666e+00
      vertex   1.071175e+02 1.446940e+01 -9.899521e+00
    endloop
  endfacet
  facet normal -8.790276e-01 -3.824976e-01 -2.846155e-01
    outer loop
      vertex   1.071410e+02 1.440910e+01 -9.891031e+00
      vertex   1.071175e+02 1.446940e+01 -9.899521e+00
      vertex   1.072354e+02 1.440910e+01 -1.018247e+01
    endloop
  endfacet
  facet normal -8.790276e-01 -3.824976e-01 -2.846155e-01
    outer loop
      vertex   1.072354e+02 1.440910e+01 -1.018247e+01
      vertex   1.071175e+02 1.446940e+01 -9.899521e+00
      vertex   1.072114e+02 1.446940e+01 -1.018936e+01
    endloop
  endfacet
  facet normal -8.962153e-01 -3.824976e-01 -2.247080e-01
    outer loop
      vertex   1.072354e+02 1.440910e+01 -1.018247e+01
      vertex   1.072114e+02 1.446940e+01 -1.018936e+01
      vertex   1.073099e+02 1.440910e+01 -1.047962e+01
    endloop
  endfacet
  facet normal -8.962153e-01 -3.824976e-01 -2.247080e-01
    outer loop
      vertex   1.073099e+02 1.440910e+01 -1.047962e+01
      vertex   1.072114e+02 1.446940e+01 -1.018936e+01
      vertex   1.072855e+02 1.446940e+01 -1.048487e+01
    endloop
  endfacet
  facet normal -9.325661e-02 -4.761432e-01 -8.744089e-01
    outer loop
      vertex   1.032200e+02 1.444019e+01 -6.917531e+00
      vertex   1.032200e+02 1.448329e+01 -6.941003e+00
      vertex   1.035202e+02 1.446940e+01 -6.965457e+00
    endloop
  endfacet
  facet normal -9.235349e-02 -6.086133e-01 -7.880741e-01
    outer loop
      vertex   1.035202e+02 1.446940e+01 -6.965457e+00
      vertex   1.032200e+02 1.448329e+01 -6.941003e+00
      vertex   1.035145e+02 1.452118e+01 -7.004773e+00
    endloop
  endfacet
  facet normal -1.406574e-01 -6.085434e-01 -7.809548e-01
    outer loop
      vertex   1.035202e+02 1.446940e+01 -6.965457e+00
      vertex   1.035145e+02 1.452118e+01 -7.004773e+00
      vertex   1.038200e+02 1.446940e+01 -7.019460e+00
    endloop
  endfacet
  facet normal -1.406574e-01 -6.085434e-01 -7.809548e-01
    outer loop
      vertex   1.038200e+02 1.446940e+01 -7.019460e+00
      vertex   1.035145e+02 1.452118e+01 -7.004773e+00
      vertex   1.038117e+02 1.452118e+01 -7.058300e+00
    endloop
  endfacet
  facet normal -1.929858e-01 -6.085434e-01 -7.696957e-01
    outer loop
      vertex   1.038200e+02 1.446940e+01 -7.019460e+00
      vertex   1.038117e+02 1.452118e+01 -7.058300e+00
      vertex   1.041156e+02 1.446940e+01 -7.093552e+00
    endloop
  endfacet
  facet normal -1.929858e-01 -6.085434e-01 -7.696957e-01
    outer loop
      vertex   1.041156e+02 1.446940e+01 -7.093552e+00
      vertex   1.038117e+02 1.452118e+01 -7.058300e+00
      vertex   1.041046e+02 1.452118e+01 -7.131741e+00
    endloop
  endfacet
  facet normal -2.444361e-01 -6.085434e-01 -7.549344e-01
    outer loop
      vertex   1.041156e+02 1.446940e+01 -7.093552e+00
      vertex   1.041046e+02 1.452118e+01 -7.131741e+00
      vertex   1.044054e+02 1.446940e+01 -7.187398e+00
    endloop
  endfacet
  facet normal -2.444361e-01 -6.085434e-01 -7.549344e-01
    outer loop
      vertex   1.044054e+02 1.446940e+01 -7.187398e+00
      vertex   1.041046e+02 1.452118e+01 -7.131741e+00
      vertex   1.043919e+02 1.452118e+01 -7.224762e+00
    endloop
  endfacet
  facet normal -2.947742e-01 -6.085434e-01 -7.367382e-01
    outer loop
      vertex   1.044054e+02 1.446940e+01 -7.187398e+00
      vertex   1.043919e+02 1.452118e+01 -7.224762e+00
      vertex   1.046882e+02 1.446940e+01 -7.300571e+00
    endloop
  endfacet
  facet normal -2.947742e-01 -6.085434e-01 -7.367382e-01
    outer loop
      vertex   1.046882e+02 1.446940e+01 -7.300571e+00
      vertex   1.043919e+02 1.452118e+01 -7.224762e+00
      vertex   1.046723e+02 1.452118e+01 -7.336939e+00
    endloop
  endfacet
  facet normal -3.437711e-01 -6.085434e-01 -7.151898e-01
    outer loop
      vertex   1.046882e+02 1.446940e+01 -7.300571e+00
      vertex   1.046723e+02 1.452118e+01 -7.336939e+00
      vertex   1.049628e+02 1.446940e+01 -7.432554e+00
    endloop
  endfacet
  facet normal -3.437711e-01 -6.085434e-01 -7.151898e-01
    outer loop
      vertex   1.049628e+02 1.446940e+01 -7.432554e+00
      vertex   1.046723e+02 1.452118e+01 -7.336939e+00
      vertex   1.049444e+02 1.452118e+01 -7.467761e+00
    endloop
  endfacet
  facet normal -3.912038e-01 -6.085434e-01 -6.903872e-01
    outer loop
      vertex   1.049628e+02 1.446940e+01 -7.432554e+00
      vertex   1.049444e+02 1.452118e+01 -7.467761e+00
      vertex   1.052279e+02 1.446940e+01 -7.582749e+00
    endloop
  endfacet
  facet normal -3.912038e-01 -6.085434e-01 -6.903872e-01
    outer loop
      vertex   1.052279e+02 1.446940e+01 -7.582749e+00
      vertex   1.049444e+02 1.452118e+01 -7.467761e+00
      vertex   1.052071e+02 1.452118e+01 -7.616635e+00
    endloop
  endfacet
  facet normal -4.368565e-01 -6.085434e-01 -6.624434e-01
    outer loop
      vertex   1.052279e+02 1.446940e+01 -7.582749e+00
      vertex   1.052071e+02 1.452118e+01 -7.616635e+00
      vertex   1.054822e+02 1.446940e+01 -7.750471e+00
    endloop
  endfacet
  facet normal -4.368565e-01 -6.085434e-01 -6.624434e-01
    outer loop
      vertex   1.054822e+02 1.446940e+01 -7.750471e+00
      vertex   1.052071e+02 1.452118e+01 -7.616635e+00
      vertex   1.054592e+02 1.452118e+01 -7.782881e+00
    endloop
  endfacet
  facet normal -4.805216e-01 -6.085434e-01 -6.314855e-01
    outer loop
      vertex   1.054822e+02 1.446940e+01 -7.750471e+00
      vertex   1.054592e+02 1.452118e+01 -7.782881e+00
      vertex   1.057247e+02 1.446940e+01 -7.934957e+00
    endloop
  endfacet
  facet normal -4.805216e-01 -6.085434e-01 -6.314855e-01
    outer loop
      vertex   1.057247e+02 1.446940e+01 -7.934957e+00
      vertex   1.054592e+02 1.452118e+01 -7.782881e+00
      vertex   1.056996e+02 1.452118e+01 -7.965744e+00
    endloop
  endfacet
  facet normal -5.220003e-01 -6.085434e-01 -5.976543e-01
    outer loop
      vertex   1.057247e+02 1.446940e+01 -7.934957e+00
      vertex   1.056996e+02 1.452118e+01 -7.965744e+00
      vertex   1.059541e+02 1.446940e+01 -8.135368e+00
    endloop
  endfacet
  facet normal -5.220003e-01 -6.085434e-01 -5.976543e-01
    outer loop
      vertex   1.059541e+02 1.446940e+01 -8.135368e+00
      vertex   1.056996e+02 1.452118e+01 -7.965744e+00
      vertex   1.059270e+02 1.452118e+01 -8.164392e+00
    endloop
  endfacet
  facet normal -5.611038e-01 -6.085434e-01 -5.611038e-01
    outer loop
      vertex   1.059541e+02 1.446940e+01 -8.135368e+00
      vertex   1.059270e+02 1.452118e+01 -8.164392e+00
      vertex   1.061695e+02 1.446940e+01 -8.350792e+00
    endloop
  endfacet
  facet normal -5.611038e-01 -6.085434e-01 -5.611038e-01
    outer loop
      vertex   1.061695e+02 1.446940e+01 -8.350792e+00
      vertex   1.059270e+02 1.452118e+01 -8.164392e+00
      vertex   1.061405e+02 1.452118e+01 -8.377921e+00
    endloop
  endfacet
  facet normal -5.976543e-01 -6.085434e-01 -5.220003e-01
    outer loop
      vertex   1.061695e+02 1.446940e+01 -8.350792e+00
      vertex   1.061405e+02 1.452118e+01 -8.377921e+00
      vertex   1.063700e+02 1.446940e+01 -8.580248e+00
    endloop
  endfacet
  facet normal -5.976543e-01 -6.085434e-01 -5.220003e-01
    outer loop
      vertex   1.063700e+02 1.446940e+01 -8.580248e+00
      vertex   1.061405e+02 1.452118e+01 -8.377921e+00
      vertex   1.063392e+02 1.452118e+01 -8.605359e+00
    endloop
  endfacet
  facet normal -6.314855e-01 -6.085434e-01 -4.805216e-01
    outer loop
      vertex   1.063700e+02 1.446940e+01 -8.580248e+00
      vertex   1.063392e+02 1.452118e+01 -8.605359e+00
      vertex   1.065544e+02 1.446940e+01 -8.822694e+00
    endloop
  endfacet
  facet normal -6.314855e-01 -6.085434e-01 -4.805216e-01
    outer loop
      vertex   1.065544e+02 1.446940e+01 -8.822694e+00
      vertex   1.063392e+02 1.452118e+01 -8.605359e+00
      vertex   1.065220e+02 1.452118e+01 -8.845672e+00
    endloop
  endfacet
  facet normal -6.624434e-01 -6.085434e-01 -4.368565e-01
    outer loop
      vertex   1.065544e+02 1.446940e+01 -8.822694e+00
      vertex   1.065220e+02 1.452118e+01 -8.845672e+00
      vertex   1.067222e+02 1.446940e+01 -9.077025e+00
    endloop
  endfacet
  facet normal -6.624434e-01 -6.085434e-01 -4.368565e-01
    outer loop
      vertex   1.067222e+02 1.446940e+01 -9.077025e+00
      vertex   1.065220e+02 1.452118e+01 -8.845672e+00
      vertex   1.066883e+02 1.452118e+01 -9.097766e+00
    endloop
  endfacet
  facet normal -6.903872e-01 -6.085434e-01 -3.912038e-01
    outer loop
      vertex   1.067222e+02 1.446940e+01 -9.077025e+00
      vertex   1.066883e+02 1.452118e+01 -9.097766e+00
      vertex   1.068724e+02 1.446940e+01 -9.342084e+00
    endloop
  endfacet
  facet normal -6.903872e-01 -6.085434e-01 -3.912038e-01
    outer loop
      vertex   1.068724e+02 1.446940e+01 -9.342084e+00
      vertex   1.066883e+02 1.452118e+01 -9.097766e+00
      vertex   1.068372e+02 1.452118e+01 -9.360494e+00
    endloop
  endfacet
  facet normal -7.151898e-01 -6.085434e-01 -3.437711e-01
    outer loop
      vertex   1.068724e+02 1.446940e+01 -9.342084e+00
      vertex   1.068372e+02 1.452118e+01 -9.360494e+00
      vertex   1.070043e+02 1.446940e+01 -9.616666e+00
    endloop
  endfacet
  facet normal -7.151898e-01 -6.085434e-01 -3.437711e-01
    outer loop
      vertex   1.070043e+02 1.446940e+01 -9.616666e+00
      vertex   1.068372e+02 1.452118e+01 -9.360494e+00
      vertex   1.069680e+02 1.452118e+01 -9.632661e+00
    endloop
  endfacet
  facet normal -7.367382e-01 -6.085434e-01 -2.947742e-01
    outer loop
      vertex   1.070043e+02 1.446940e+01 -9.616666e+00
      vertex   1.069680e+02 1.452118e+01 -9.632661e+00
      vertex   1.071175e+02 1.446940e+01 -9.899521e+00
    endloop
  endfacet
  facet normal -7.367382e-01 -6.085434e-01 -2.947742e-01
    outer loop
      vertex   1.071175e+02 1.446940e+01 -9.899521e+00
      vertex   1.069680e+02 1.452118e+01 -9.632661e+00
      vertex   1.070802e+02 1.452118e+01 -9.913028e+00
    endloop
  endfacet
  facet normal -7.549344e-01 -6.085434e-01 -2.444361e-01
    outer loop
      vertex   1.071175e+02 1.446940e+01 -9.899521e+00
      vertex   1.070802e+02 1.452118e+01 -9.913028e+00
      vertex   1.072114e+02 1.446940e+01 -1.018936e+01
    endloop
  endfacet
  facet normal -7.549344e-01 -6.085434e-01 -2.444361e-01
    outer loop
      vertex   1.072114e+02 1.446940e+01 -1.018936e+01
      vertex   1.070802e+02 1.452118e+01 -9.913028e+00
      vertex   1.071732e+02 1.452118e+01 -1.020032e+01
    endloop
  endfacet
  facet normal -7.696957e-01 -6.085434e-01 -1.929858e-01
    outer loop
      vertex   1.072114e+02 1.446940e+01 -1.018936e+01
      vertex   1.071732e+02 1.452118e+01 -1.020032e+01
      vertex   1.072855e+02 1.446940e+01 -1.048487e+01
    endloop
  endfacet
  facet normal -7.696957e-01 -6.085434e-01 -1.929858e-01
    outer loop
      vertex   1.072855e+02 1.446940e+01 -1.048487e+01
      vertex   1.071732e+02 1.452118e+01 -1.020032e+01
      vertex   1.072466e+02 1.452118e+01 -1.049323e+01
    endloop
  endfacet
  facet normal -8.631340e-02 -6.292176e-01 -7.724217e-01
    outer loop
      vertex   1.032200e+02 1.448329e+01 -6.941003e+00
      vertex   1.032200e+02 1.452130e+01 -6.971969e+00
      vertex   1.035145e+02 1.452118e+01 -7.004773e+00
    endloop
  endfacet
  facet normal -7.012625e-02 -7.762343e-01 -6.265323e-01
    outer loop
      vertex   1.035145e+02 1.452118e+01 -7.004773e+00
      vertex   1.032200e+02 1.452130e+01 -6.971969e+00
      vertex   1.032200e+02 1.455214e+01 -7.010167e+00
    endloop
  endfacet
  facet normal -7.231807e-02 -7.932584e-01 -6.045753e-01
    outer loop
      vertex   1.035145e+02 1.452118e+01 -7.004773e+00
      vertex   1.032200e+02 1.455214e+01 -7.010167e+00
      vertex   1.035070e+02 1.456091e+01 -7.056010e+00
    endloop
  endfacet
  facet normal -4.888801e-02 -8.790154e-01 -4.742804e-01
    outer loop
      vertex   1.035070e+02 1.456091e+01 -7.056010e+00
      vertex   1.032200e+02 1.455214e+01 -7.010167e+00
      vertex   1.032200e+02 1.457542e+01 -7.053322e+00
    endloop
  endfacet
  facet normal -5.026713e-02 -9.238686e-01 -3.793944e-01
    outer loop
      vertex   1.035070e+02 1.456091e+01 -7.056010e+00
      vertex   1.032200e+02 1.457542e+01 -7.053322e+00
      vertex   1.034984e+02 1.458588e+01 -7.115677e+00
    endloop
  endfacet
  facet normal -2.743010e-02 -9.586440e-01 -2.832831e-01
    outer loop
      vertex   1.034984e+02 1.458588e+01 -7.115677e+00
      vertex   1.032200e+02 1.457542e+01 -7.053322e+00
      vertex   1.032200e+02 1.458933e+01 -7.100389e+00
    endloop
  endfacet
  facet normal -1.936937e-02 -9.914387e-01 -1.291283e-01
    outer loop
      vertex   1.034984e+02 1.458588e+01 -7.115677e+00
      vertex   1.032200e+02 1.458933e+01 -7.100389e+00
      vertex   1.035206e+02 1.459440e+01 -7.184413e+00
    endloop
  endfacet
  facet normal -1.211687e-02 -9.945687e-01 -1.033743e-01
    outer loop
      vertex   1.035206e+02 1.459440e+01 -7.184413e+00
      vertex   1.032200e+02 1.458933e+01 -7.100389e+00
      vertex   1.032200e+02 1.459440e+01 -7.149183e+00
    endloop
  endfacet
  facet normal -2.349126e-02 -9.911795e-01 -1.304276e-01
    outer loop
      vertex   1.034984e+02 1.458588e+01 -7.115677e+00
      vertex   1.035206e+02 1.459440e+01 -7.184413e+00
      vertex   1.037881e+02 1.458588e+01 -7.167865e+00
    endloop
  endfacet
  facet normal -2.380038e-02 -9.917780e-01 -1.257379e-01
    outer loop
      vertex   1.037881e+02 1.458588e+01 -7.167865e+00
      vertex   1.035206e+02 1.459440e+01 -7.184413e+00
      vertex   1.038179e+02 1.459440e+01 -7.240695e+00
    endloop
  endfacet
  facet normal -3.238676e-02 -9.910935e-01 -1.291699e-01
    outer loop
      vertex   1.037881e+02 1.458588e+01 -7.167865e+00
      vertex   1.038179e+02 1.459440e+01 -7.240695e+00
      vertex   1.040737e+02 1.458588e+01 -7.239467e+00
    endloop
  endfacet
  facet normal -3.244062e-02 -9.918509e-01 -1.232043e-01
    outer loop
      vertex   1.040737e+02 1.458588e+01 -7.239467e+00
      vertex   1.038179e+02 1.459440e+01 -7.240695e+00
      vertex   1.041105e+02 1.459440e+01 -7.317751e+00
    endloop
  endfacet
  facet normal -4.119718e-02 -9.910165e-01 -1.272364e-01
    outer loop
      vertex   1.040737e+02 1.458588e+01 -7.239467e+00
      vertex   1.041105e+02 1.459440e+01 -7.317751e+00
      vertex   1.043538e+02 1.458588e+01 -7.330159e+00
    endloop
  endfacet
  facet normal -4.086720e-02 -9.919140e-01 -1.201518e-01
    outer loop
      vertex   1.043538e+02 1.458588e+01 -7.330159e+00
      vertex   1.041105e+02 1.459440e+01 -7.317751e+00
      vertex   1.043970e+02 1.459440e+01 -7.415198e+00
    endloop
  endfacet
  facet normal -4.986663e-02 -9.909490e-01 -1.246332e-01
    outer loop
      vertex   1.043538e+02 1.458588e+01 -7.330159e+00
      vertex   1.043970e+02 1.459440e+01 -7.415198e+00
      vertex   1.046271e+02 1.458588e+01 -7.439528e+00
    endloop
  endfacet
  facet normal -4.905426e-02 -9.919675e-01 -1.165939e-01
    outer loop
      vertex   1.046271e+02 1.458588e+01 -7.439528e+00
      vertex   1.043970e+02 1.459440e+01 -7.415198e+00
      vertex   1.046760e+02 1.459440e+01 -7.532555e+00
    endloop
  endfacet
  facet normal -5.833966e-02 -9.908913e-01 -1.213713e-01
    outer loop
      vertex   1.046271e+02 1.458588e+01 -7.439528e+00
      vertex   1.046760e+02 1.459440e+01 -7.532555e+00
      vertex   1.048925e+02 1.458588e+01 -7.567075e+00
    endloop
  endfacet
  facet normal -5.697654e-02 -9.920117e-01 -1.125456e-01
    outer loop
      vertex   1.048925e+02 1.458588e+01 -7.567075e+00
      vertex   1.046760e+02 1.459440e+01 -7.532555e+00
      vertex   1.049460e+02 1.459440e+01 -7.669240e+00
    endloop
  endfacet
  facet normal -6.656180e-02 -9.908436e-01 -1.174667e-01
    outer loop
      vertex   1.048925e+02 1.458588e+01 -7.567075e+00
      vertex   1.049460e+02 1.459440e+01 -7.669240e+00
      vertex   1.051486e+02 1.458588e+01 -7.712222e+00
    endloop
  endfacet
  facet normal -6.460938e-02 -9.920468e-01 -1.080226e-01
    outer loop
      vertex   1.051486e+02 1.458588e+01 -7.712222e+00
      vertex   1.049460e+02 1.459440e+01 -7.669240e+00
      vertex   1.052057e+02 1.459440e+01 -7.824575e+00
    endloop
  endfacet
  facet normal -7.448000e-02 -9.908063e-01 -1.129405e-01
    outer loop
      vertex   1.051486e+02 1.458588e+01 -7.712222e+00
      vertex   1.052057e+02 1.459440e+01 -7.824575e+00
      vertex   1.053944e+02 1.458588e+01 -7.874306e+00
    endloop
  endfacet
  facet normal -7.192885e-02 -9.920729e-01 -1.030417e-01
    outer loop
      vertex   1.053944e+02 1.458588e+01 -7.874306e+00
      vertex   1.052057e+02 1.459440e+01 -7.824575e+00
      vertex   1.054538e+02 1.459440e+01 -7.997793e+00
    endloop
  endfacet
  facet normal -8.204320e-02 -9.907795e-01 -1.078184e-01
    outer loop
      vertex   1.053944e+02 1.458588e+01 -7.874306e+00
      vertex   1.054538e+02 1.459440e+01 -7.997793e+00
      vertex   1.056287e+02 1.458588e+01 -8.052592e+00
    endloop
  endfacet
  facet normal -7.891174e-02 -9.920903e-01 -9.762084e-02
    outer loop
      vertex   1.056287e+02 1.458588e+01 -8.052592e+00
      vertex   1.054538e+02 1.459440e+01 -7.997793e+00
      vertex   1.056892e+02 1.459440e+01 -8.188033e+00
    endloop
  endfacet
  facet normal -8.920273e-02 -9.907634e-01 -1.021310e-01
    outer loop
      vertex   1.056287e+02 1.458588e+01 -8.052592e+00
      vertex   1.056892e+02 1.459440e+01 -8.188033e+00
      vertex   1.058505e+02 1.458588e+01 -8.246267e+00
    endloop
  endfacet
  facet normal -8.553561e-02 -9.920989e-01 -9.177889e-02
    outer loop
      vertex   1.058505e+02 1.458588e+01 -8.246267e+00
      vertex   1.056892e+02 1.459440e+01 -8.188033e+00
      vertex   1.059106e+02 1.459440e+01 -8.394356e+00
    endloop
  endfacet
  facet normal -9.591281e-02 -9.907580e-01 -9.591281e-02
    outer loop
      vertex   1.058505e+02 1.458588e+01 -8.246267e+00
      vertex   1.059106e+02 1.459440e+01 -8.394356e+00
      vertex   1.060586e+02 1.458588e+01 -8.454450e+00
    endloop
  endfacet
  facet normal -9.177889e-02 -9.920989e-01 -8.553561e-02
    outer loop
      vertex   1.060586e+02 1.458588e+01 -8.454450e+00
      vertex   1.059106e+02 1.459440e+01 -8.394356e+00
      vertex   1.061169e+02 1.459440e+01 -8.615738e+00
    endloop
  endfacet
  facet normal -1.021310e-01 -9.907634e-01 -8.920273e-02
    outer loop
      vertex   1.060586e+02 1.458588e+01 -8.454450e+00
      vertex   1.061169e+02 1.459440e+01 -8.615738e+00
      vertex   1.062523e+02 1.458588e+01 -8.676195e+00
    endloop
  endfacet
  facet normal -9.762084e-02 -9.920903e-01 -7.891174e-02
    outer loop
      vertex   1.062523e+02 1.458588e+01 -8.676195e+00
      vertex   1.061169e+02 1.459440e+01 -8.615738e+00
      vertex   1.063071e+02 1.459440e+01 -8.851083e+00
    endloop
  endfacet
  facet normal -1.078184e-01 -9.907795e-01 -8.204320e-02
    outer loop
      vertex   1.062523e+02 1.458588e+01 -8.676195e+00
      vertex   1.063071e+02 1.459440e+01 -8.851083e+00
      vertex   1.064306e+02 1.458588e+01 -8.910492e+00
    endloop
  endfacet
  facet normal -1.030417e-01 -9.920729e-01 -7.192885e-02
    outer loop
      vertex   1.064306e+02 1.458588e+01 -8.910492e+00
      vertex   1.063071e+02 1.459440e+01 -8.851083e+00
      vertex   1.064803e+02 1.459440e+01 -9.099225e+00
    endloop
  endfacet
  facet normal -1.129405e-01 -9.908063e-01 -7.448000e-02
    outer loop
      vertex   1.064306e+02 1.458588e+01 -8.910492e+00
      vertex   1.064803e+02 1.459440e+01 -9.099225e+00
      vertex   1.065927e+02 1.458588e+01 -9.156274e+00
    endloop
  endfacet
  facet normal -1.080226e-01 -9.920468e-01 -6.460938e-02
    outer loop
      vertex   1.065927e+02 1.458588e+01 -9.156274e+00
      vertex   1.064803e+02 1.459440e+01 -9.099225e+00
      vertex   1.066357e+02 1.459440e+01 -9.358936e+00
    endloop
  endfacet
  facet normal -1.174667e-01 -9.908436e-01 -6.656180e-02
    outer loop
      vertex   1.065927e+02 1.458588e+01 -9.156274e+00
      vertex   1.066357e+02 1.459440e+01 -9.358936e+00
      vertex   1.067378e+02 1.458588e+01 -9.412425e+00
    endloop
  endfacet
  facet normal -1.125456e-01 -9.920117e-01 -5.697654e-02
    outer loop
      vertex   1.067378e+02 1.458588e+01 -9.412425e+00
      vertex   1.066357e+02 1.459440e+01 -9.358936e+00
      vertex   1.067724e+02 1.459440e+01 -9.628929e+00
    endloop
  endfacet
  facet normal -1.213713e-01 -9.908913e-01 -5.833966e-02
    outer loop
      vertex   1.067378e+02 1.458588e+01 -9.412425e+00
      vertex   1.067724e+02 1.459440e+01 -9.628929e+00
      vertex   1.068654e+02 1.458588e+01 -9.677778e+00
    endloop
  endfacet
  facet normal -1.165939e-01 -9.919675e-01 -4.905426e-02
    outer loop
      vertex   1.068654e+02 1.458588e+01 -9.677778e+00
      vertex   1.067724e+02 1.459440e+01 -9.628929e+00
      vertex   1.068897e+02 1.459440e+01 -9.907866e+00
    endloop
  endfacet
  facet normal -1.246332e-01 -9.909490e-01 -4.986663e-02
    outer loop
      vertex   1.068654e+02 1.458588e+01 -9.677778e+00
      vertex   1.068897e+02 1.459440e+01 -9.907866e+00
      vertex   1.069748e+02 1.458588e+01 -9.951127e+00
    endloop
  endfacet
  facet normal -1.201518e-01 -9.919140e-01 -4.086720e-02
    outer loop
      vertex   1.069748e+02 1.458588e+01 -9.951127e+00
      vertex   1.068897e+02 1.459440e+01 -9.907866e+00
      vertex   1.069872e+02 1.459440e+01 -1.019437e+01
    endloop
  endfacet
  facet normal -1.272364e-01 -9.910165e-01 -4.119718e-02
    outer loop
      vertex   1.069748e+02 1.458588e+01 -9.951127e+00
      vertex   1.069872e+02 1.459440e+01 -1.019437e+01
      vertex   1.070654e+02 1.458588e+01 -1.023123e+01
    endloop
  endfacet
  facet normal -1.232043e-01 -9.918509e-01 -3.244062e-02
    outer loop
      vertex   1.070654e+02 1.458588e+01 -1.023123e+01
      vertex   1.069872e+02 1.459440e+01 -1.019437e+01
      vertex   1.070642e+02 1.459440e+01 -1.048701e+01
    endloop
  endfacet
  facet normal -1.291699e-01 -9.910935e-01 -3.238676e-02
    outer loop
      vertex   1.070654e+02 1.458588e+01 -1.023123e+01
      vertex   1.070642e+02 1.459440e+01 -1.048701e+01
      vertex   1.071371e+02 1.458588e+01 -1.051680e+01
    endloop
  endfacet
  facet normal -1.257379e-01 -9.917780e-01 -2.380038e-02
    outer loop
      vertex   1.071371e+02 1.458588e+01 -1.051680e+01
      vertex   1.070642e+02 1.459440e+01 -1.048701e+01
      vertex   1.071205e+02 1.459440e+01 -1.078435e+01
    endloop
  endfacet
  facet normal -3.713739e-01 -9.238025e-01 -9.311458e-02
    outer loop
      vertex   1.070654e+02 1.458588e+01 -1.023123e+01
      vertex   1.071371e+02 1.458588e+01 -1.051680e+01
      vertex   1.071960e+02 1.456091e+01 -1.050412e+01
    endloop
  endfacet
  facet normal -5.906953e-01 -7.931860e-01 -1.481050e-01
    outer loop
      vertex   1.071960e+02 1.456091e+01 -1.050412e+01
      vertex   1.072466e+02 1.452118e+01 -1.049323e+01
      vertex   1.071234e+02 1.456091e+01 -1.021460e+01
    endloop
  endfacet
  facet normal -5.906953e-01 -7.931860e-01 -1.481050e-01
    outer loop
      vertex   1.071234e+02 1.456091e+01 -1.021460e+01
      vertex   1.072466e+02 1.452118e+01 -1.049323e+01
      vertex   1.071732e+02 1.452118e+01 -1.020032e+01
    endloop
  endfacet
  facet normal -5.793669e-01 -7.931860e-01 -1.875900e-01
    outer loop
      vertex   1.071234e+02 1.456091e+01 -1.021460e+01
      vertex   1.071732e+02 1.452118e+01 -1.020032e+01
      vertex   1.070315e+02 1.456091e+01 -9.930629e+00
    endloop
  endfacet
  facet normal -5.793669e-01 -7.931860e-01 -1.875900e-01
    outer loop
      vertex   1.070315e+02 1.456091e+01 -9.930629e+00
      vertex   1.071732e+02 1.452118e+01 -1.020032e+01
      vertex   1.070802e+02 1.452118e+01 -9.913028e+00
    endloop
  endfacet
  facet normal -5.654024e-01 -7.931860e-01 -2.262215e-01
    outer loop
      vertex   1.070315e+02 1.456091e+01 -9.930629e+00
      vertex   1.070802e+02 1.452118e+01 -9.913028e+00
      vertex   1.069206e+02 1.456091e+01 -9.653505e+00
    endloop
  endfacet
  facet normal -5.654024e-01 -7.931860e-01 -2.262215e-01
    outer loop
      vertex   1.069206e+02 1.456091e+01 -9.653505e+00
      vertex   1.070802e+02 1.452118e+01 -9.913028e+00
      vertex   1.069680e+02 1.452118e+01 -9.632661e+00
    endloop
  endfacet
  facet normal -5.488652e-01 -7.931860e-01 -2.638237e-01
    outer loop
      vertex   1.069206e+02 1.456091e+01 -9.653505e+00
      vertex   1.069680e+02 1.452118e+01 -9.632661e+00
      vertex   1.067913e+02 1.456091e+01 -9.384486e+00
    endloop
  endfacet
  facet normal -5.488652e-01 -7.931860e-01 -2.638237e-01
    outer loop
      vertex   1.067913e+02 1.456091e+01 -9.384486e+00
      vertex   1.069680e+02 1.452118e+01 -9.632661e+00
      vertex   1.068372e+02 1.452118e+01 -9.360494e+00
    endloop
  endfacet
  facet normal -5.298308e-01 -7.931860e-01 -3.002255e-01
    outer loop
      vertex   1.067913e+02 1.456091e+01 -9.384486e+00
      vertex   1.068372e+02 1.452118e+01 -9.360494e+00
      vertex   1.066441e+02 1.456091e+01 -9.124797e+00
    endloop
  endfacet
  facet normal -5.298308e-01 -7.931860e-01 -3.002255e-01
    outer loop
      vertex   1.066441e+02 1.456091e+01 -9.124797e+00
      vertex   1.068372e+02 1.452118e+01 -9.360494e+00
      vertex   1.066883e+02 1.452118e+01 -9.097766e+00
    endloop
  endfacet
  facet normal -5.083856e-01 -7.931860e-01 -3.352612e-01
    outer loop
      vertex   1.066441e+02 1.456091e+01 -9.124797e+00
      vertex   1.066883e+02 1.452118e+01 -9.097766e+00
      vertex   1.064798e+02 1.456091e+01 -8.875618e+00
    endloop
  endfacet
  facet normal -5.083856e-01 -7.931860e-01 -3.352612e-01
    outer loop
      vertex   1.064798e+02 1.456091e+01 -8.875618e+00
      vertex   1.066883e+02 1.452118e+01 -9.097766e+00
      vertex   1.065220e+02 1.452118e+01 -8.845672e+00
    endloop
  endfacet
  facet normal -4.846273e-01 -7.931860e-01 -3.687715e-01
    outer loop
      vertex   1.064798e+02 1.456091e+01 -8.875618e+00
      vertex   1.065220e+02 1.452118e+01 -8.845672e+00
      vertex   1.062990e+02 1.456091e+01 -8.638085e+00
    endloop
  endfacet
  facet normal -4.846273e-01 -7.931860e-01 -3.687715e-01
    outer loop
      vertex   1.062990e+02 1.456091e+01 -8.638085e+00
      vertex   1.065220e+02 1.452118e+01 -8.845672e+00
      vertex   1.063392e+02 1.452118e+01 -8.605359e+00
    endloop
  endfacet
  facet normal -4.586638e-01 -7.931860e-01 -4.006039e-01
    outer loop
      vertex   1.062990e+02 1.456091e+01 -8.638085e+00
      vertex   1.063392e+02 1.452118e+01 -8.605359e+00
      vertex   1.061027e+02 1.456091e+01 -8.413277e+00
    endloop
  endfacet
  facet normal -4.586638e-01 -7.931860e-01 -4.006039e-01
    outer loop
      vertex   1.061027e+02 1.456091e+01 -8.413277e+00
      vertex   1.063392e+02 1.452118e+01 -8.605359e+00
      vertex   1.061405e+02 1.452118e+01 -8.377921e+00
    endloop
  endfacet
  facet normal -4.306135e-01 -7.931860e-01 -4.306135e-01
    outer loop
      vertex   1.061027e+02 1.456091e+01 -8.413277e+00
      vertex   1.061405e+02 1.452118e+01 -8.377921e+00
      vertex   1.058916e+02 1.456091e+01 -8.202218e+00
    endloop
  endfacet
  facet normal -4.306135e-01 -7.931860e-01 -4.306135e-01
    outer loop
      vertex   1.058916e+02 1.456091e+01 -8.202218e+00
      vertex   1.061405e+02 1.452118e+01 -8.377921e+00
      vertex   1.059270e+02 1.452118e+01 -8.164392e+00
    endloop
  endfacet
  facet normal -4.006039e-01 -7.931860e-01 -4.586638e-01
    outer loop
      vertex   1.058916e+02 1.456091e+01 -8.202218e+00
      vertex   1.059270e+02 1.452118e+01 -8.164392e+00
      vertex   1.056668e+02 1.456091e+01 -8.005867e+00
    endloop
  endfacet
  facet normal -4.006039e-01 -7.931860e-01 -4.586638e-01
    outer loop
      vertex   1.056668e+02 1.456091e+01 -8.005867e+00
      vertex   1.059270e+02 1.452118e+01 -8.164392e+00
      vertex   1.056996e+02 1.452118e+01 -7.965744e+00
    endloop
  endfacet
  facet normal -3.687715e-01 -7.931860e-01 -4.846273e-01
    outer loop
      vertex   1.056668e+02 1.456091e+01 -8.005867e+00
      vertex   1.056996e+02 1.452118e+01 -7.965744e+00
      vertex   1.054293e+02 1.456091e+01 -7.825119e+00
    endloop
  endfacet
  facet normal -3.687715e-01 -7.931860e-01 -4.846273e-01
    outer loop
      vertex   1.054293e+02 1.456091e+01 -7.825119e+00
      vertex   1.056996e+02 1.452118e+01 -7.965744e+00
      vertex   1.054592e+02 1.452118e+01 -7.782881e+00
    endloop
  endfacet
  facet normal -3.352612e-01 -7.931860e-01 -5.083856e-01
    outer loop
      vertex   1.054293e+02 1.456091e+01 -7.825119e+00
      vertex   1.054592e+02 1.452118e+01 -7.782881e+00
      vertex   1.051801e+02 1.456091e+01 -7.660795e+00
    endloop
  endfacet
  facet normal -3.352612e-01 -7.931860e-01 -5.083856e-01
    outer loop
      vertex   1.051801e+02 1.456091e+01 -7.660795e+00
      vertex   1.054592e+02 1.452118e+01 -7.782881e+00
      vertex   1.052071e+02 1.452118e+01 -7.616635e+00
    endloop
  endfacet
  facet normal -3.002255e-01 -7.931860e-01 -5.298308e-01
    outer loop
      vertex   1.051801e+02 1.456091e+01 -7.660795e+00
      vertex   1.052071e+02 1.452118e+01 -7.616635e+00
      vertex   1.049204e+02 1.456091e+01 -7.513644e+00
    endloop
  endfacet
  facet normal -3.002255e-01 -7.931860e-01 -5.298308e-01
    outer loop
      vertex   1.049204e+02 1.456091e+01 -7.513644e+00
      vertex   1.052071e+02 1.452118e+01 -7.616635e+00
      vertex   1.049444e+02 1.452118e+01 -7.467761e+00
    endloop
  endfacet
  facet normal -2.638237e-01 -7.931860e-01 -5.488652e-01
    outer loop
      vertex   1.049204e+02 1.456091e+01 -7.513644e+00
      vertex   1.049444e+02 1.452118e+01 -7.467761e+00
      vertex   1.046514e+02 1.456091e+01 -7.384334e+00
    endloop
  endfacet
  facet normal -2.638237e-01 -7.931860e-01 -5.488652e-01
    outer loop
      vertex   1.046514e+02 1.456091e+01 -7.384334e+00
      vertex   1.049444e+02 1.452118e+01 -7.467761e+00
      vertex   1.046723e+02 1.452118e+01 -7.336939e+00
    endloop
  endfacet
  facet normal -2.262215e-01 -7.931860e-01 -5.654024e-01
    outer loop
      vertex   1.046514e+02 1.456091e+01 -7.384334e+00
      vertex   1.046723e+02 1.452118e+01 -7.336939e+00
      vertex   1.043743e+02 1.456091e+01 -7.273455e+00
    endloop
  endfacet
  facet normal -2.262215e-01 -7.931860e-01 -5.654024e-01
    outer loop
      vertex   1.043743e+02 1.456091e+01 -7.273455e+00
      vertex   1.046723e+02 1.452118e+01 -7.336939e+00
      vertex   1.043919e+02 1.452118e+01 -7.224762e+00
    endloop
  endfacet
  facet normal -1.875900e-01 -7.931860e-01 -5.793669e-01
    outer loop
      vertex   1.043743e+02 1.456091e+01 -7.273455e+00
      vertex   1.043919e+02 1.452118e+01 -7.224762e+00
      vertex   1.040903e+02 1.456091e+01 -7.181510e+00
    endloop
  endfacet
  facet normal -1.875900e-01 -7.931860e-01 -5.793669e-01
    outer loop
      vertex   1.040903e+02 1.456091e+01 -7.181510e+00
      vertex   1.043919e+02 1.452118e+01 -7.224762e+00
      vertex   1.041046e+02 1.452118e+01 -7.131741e+00
    endloop
  endfacet
  facet normal -1.481050e-01 -7.931860e-01 -5.906953e-01
    outer loop
      vertex   1.040903e+02 1.456091e+01 -7.181510e+00
      vertex   1.041046e+02 1.452118e+01 -7.131741e+00
      vertex   1.038008e+02 1.456091e+01 -7.108919e+00
    endloop
  endfacet
  facet normal -1.481050e-01 -7.931860e-01 -5.906953e-01
    outer loop
      vertex   1.038008e+02 1.456091e+01 -7.108919e+00
      vertex   1.041046e+02 1.452118e+01 -7.131741e+00
      vertex   1.038117e+02 1.452118e+01 -7.058300e+00
    endloop
  endfacet
  facet normal -1.079461e-01 -7.931860e-01 -5.993360e-01
    outer loop
      vertex   1.038008e+02 1.456091e+01 -7.108919e+00
      vertex   1.038117e+02 1.452118e+01 -7.058300e+00
      vertex   1.035070e+02 1.456091e+01 -7.056010e+00
    endloop
  endfacet
  facet normal -1.079461e-01 -7.931860e-01 -5.993360e-01
    outer loop
      vertex   1.035070e+02 1.456091e+01 -7.056010e+00
      vertex   1.038117e+02 1.452118e+01 -7.058300e+00
      vertex   1.035145e+02 1.452118e+01 -7.004773e+00
    endloop
  endfacet
  facet normal -3.642517e-01 -9.238025e-01 -1.179391e-01
    outer loop
      vertex   1.069748e+02 1.458588e+01 -9.951127e+00
      vertex   1.070654e+02 1.458588e+01 -1.023123e+01
      vertex   1.071234e+02 1.456091e+01 -1.021460e+01
    endloop
  endfacet
  facet normal -3.713739e-01 -9.238025e-01 -9.311458e-02
    outer loop
      vertex   1.071234e+02 1.456091e+01 -1.021460e+01
      vertex   1.070654e+02 1.458588e+01 -1.023123e+01
      vertex   1.071960e+02 1.456091e+01 -1.050412e+01
    endloop
  endfacet
  facet normal -3.642517e-01 -9.238025e-01 -1.179391e-01
    outer loop
      vertex   1.069748e+02 1.458588e+01 -9.951127e+00
      vertex   1.071234e+02 1.456091e+01 -1.021460e+01
      vertex   1.070315e+02 1.456091e+01 -9.930629e+00
    endloop
  endfacet
  facet normal -3.554721e-01 -9.238025e-01 -1.422269e-01
    outer loop
      vertex   1.068654e+02 1.458588e+01 -9.677778e+00
      vertex   1.069748e+02 1.458588e+01 -9.951127e+00
      vertex   1.070315e+02 1.456091e+01 -9.930629e+00
    endloop
  endfacet
  facet normal -3.554721e-01 -9.238025e-01 -1.422269e-01
    outer loop
      vertex   1.068654e+02 1.458588e+01 -9.677778e+00
      vertex   1.070315e+02 1.456091e+01 -9.930629e+00
      vertex   1.069206e+02 1.456091e+01 -9.653505e+00
    endloop
  endfacet
  facet normal -3.450751e-01 -9.238025e-01 -1.658677e-01
    outer loop
      vertex   1.067378e+02 1.458588e+01 -9.412425e+00
      vertex   1.068654e+02 1.458588e+01 -9.677778e+00
      vertex   1.069206e+02 1.456091e+01 -9.653505e+00
    endloop
  endfacet
  facet normal -3.450751e-01 -9.238025e-01 -1.658677e-01
    outer loop
      vertex   1.067378e+02 1.458588e+01 -9.412425e+00
      vertex   1.069206e+02 1.456091e+01 -9.653505e+00
      vertex   1.067913e+02 1.456091e+01 -9.384486e+00
    endloop
  endfacet
  facet normal -3.331081e-01 -9.238025e-01 -1.887537e-01
    outer loop
      vertex   1.065927e+02 1.458588e+01 -9.156274e+00
      vertex   1.067378e+02 1.458588e+01 -9.412425e+00
      vertex   1.067913e+02 1.456091e+01 -9.384486e+00
    endloop
  endfacet
  facet normal -3.331081e-01 -9.238025e-01 -1.887537e-01
    outer loop
      vertex   1.065927e+02 1.458588e+01 -9.156274e+00
      vertex   1.067913e+02 1.456091e+01 -9.384486e+00
      vertex   1.066441e+02 1.456091e+01 -9.124797e+00
    endloop
  endfacet
  facet normal -3.196253e-01 -9.238025e-01 -2.107809e-01
    outer loop
      vertex   1.064306e+02 1.458588e+01 -8.910492e+00
      vertex   1.065927e+02 1.458588e+01 -9.156274e+00
      vertex   1.066441e+02 1.456091e+01 -9.124797e+00
    endloop
  endfacet
  facet normal -3.196253e-01 -9.238025e-01 -2.107809e-01
    outer loop
      vertex   1.064306e+02 1.458588e+01 -8.910492e+00
      vertex   1.066441e+02 1.456091e+01 -9.124797e+00
      vertex   1.064798e+02 1.456091e+01 -8.875618e+00
    endloop
  endfacet
  facet normal -3.046883e-01 -9.238025e-01 -2.318490e-01
    outer loop
      vertex   1.062523e+02 1.458588e+01 -8.676195e+00
      vertex   1.064306e+02 1.458588e+01 -8.910492e+00
      vertex   1.064798e+02 1.456091e+01 -8.875618e+00
    endloop
  endfacet
  facet normal -3.046883e-01 -9.238025e-01 -2.318490e-01
    outer loop
      vertex   1.062523e+02 1.458588e+01 -8.676195e+00
      vertex   1.064798e+02 1.456091e+01 -8.875618e+00
      vertex   1.062990e+02 1.456091e+01 -8.638085e+00
    endloop
  endfacet
  facet normal -2.883649e-01 -9.238025e-01 -2.518623e-01
    outer loop
      vertex   1.060586e+02 1.458588e+01 -8.454450e+00
      vertex   1.062523e+02 1.458588e+01 -8.676195e+00
      vertex   1.062990e+02 1.456091e+01 -8.638085e+00
    endloop
  endfacet
  facet normal -2.883649e-01 -9.238025e-01 -2.518623e-01
    outer loop
      vertex   1.060586e+02 1.458588e+01 -8.454450e+00
      vertex   1.062990e+02 1.456091e+01 -8.638085e+00
      vertex   1.061027e+02 1.456091e+01 -8.413277e+00
    endloop
  endfacet
  facet normal -2.707295e-01 -9.238025e-01 -2.707295e-01
    outer loop
      vertex   1.058505e+02 1.458588e+01 -8.246267e+00
      vertex   1.060586e+02 1.458588e+01 -8.454450e+00
      vertex   1.061027e+02 1.456091e+01 -8.413277e+00
    endloop
  endfacet
  facet normal -2.707295e-01 -9.238025e-01 -2.707295e-01
    outer loop
      vertex   1.058505e+02 1.458588e+01 -8.246267e+00
      vertex   1.061027e+02 1.456091e+01 -8.413277e+00
      vertex   1.058916e+02 1.456091e+01 -8.202218e+00
    endloop
  endfacet
  facet normal -2.518623e-01 -9.238025e-01 -2.883649e-01
    outer loop
      vertex   1.056287e+02 1.458588e+01 -8.052592e+00
      vertex   1.058505e+02 1.458588e+01 -8.246267e+00
      vertex   1.058916e+02 1.456091e+01 -8.202218e+00
    endloop
  endfacet
  facet normal -2.518623e-01 -9.238025e-01 -2.883649e-01
    outer loop
      vertex   1.056287e+02 1.458588e+01 -8.052592e+00
      vertex   1.058916e+02 1.456091e+01 -8.202218e+00
      vertex   1.056668e+02 1.456091e+01 -8.005867e+00
    endloop
  endfacet
  facet normal -2.318490e-01 -9.238025e-01 -3.046883e-01
    outer loop
      vertex   1.053944e+02 1.458588e+01 -7.874306e+00
      vertex   1.056287e+02 1.458588e+01 -8.052592e+00
      vertex   1.056668e+02 1.456091e+01 -8.005867e+00
    endloop
  endfacet
  facet normal -2.318490e-01 -9.238025e-01 -3.046883e-01
    outer loop
      vertex   1.053944e+02 1.458588e+01 -7.874306e+00
      vertex   1.056668e+02 1.456091e+01 -8.005867e+00
      vertex   1.054293e+02 1.456091e+01 -7.825119e+00
    endloop
  endfacet
  facet normal -2.107809e-01 -9.238025e-01 -3.196253e-01
    outer loop
      vertex   1.051486e+02 1.458588e+01 -7.712222e+00
      vertex   1.053944e+02 1.458588e+01 -7.874306e+00
      vertex   1.054293e+02 1.456091e+01 -7.825119e+00
    endloop
  endfacet
  facet normal -2.107809e-01 -9.238025e-01 -3.196253e-01
    outer loop
      vertex   1.051486e+02 1.458588e+01 -7.712222e+00
      vertex   1.054293e+02 1.456091e+01 -7.825119e+00
      vertex   1.051801e+02 1.456091e+01 -7.660795e+00
    endloop
  endfacet
  facet normal -1.887537e-01 -9.238025e-01 -3.331081e-01
    outer loop
      vertex   1.048925e+02 1.458588e+01 -7.567075e+00
      vertex   1.051486e+02 1.458588e+01 -7.712222e+00
      vertex   1.051801e+02 1.456091e+01 -7.660795e+00
    endloop
  endfacet
  facet normal -1.887537e-01 -9.238025e-01 -3.331081e-01
    outer loop
      vertex   1.048925e+02 1.458588e+01 -7.567075e+00
      vertex   1.051801e+02 1.456091e+01 -7.660795e+00
      vertex   1.049204e+02 1.456091e+01 -7.513644e+00
    endloop
  endfacet
  facet normal -1.658677e-01 -9.238025e-01 -3.450751e-01
    outer loop
      vertex   1.046271e+02 1.458588e+01 -7.439528e+00
      vertex   1.048925e+02 1.458588e+01 -7.567075e+00
      vertex   1.049204e+02 1.456091e+01 -7.513644e+00
    endloop
  endfacet
  facet normal -1.658677e-01 -9.238025e-01 -3.450751e-01
    outer loop
      vertex   1.046271e+02 1.458588e+01 -7.439528e+00
      vertex   1.049204e+02 1.456091e+01 -7.513644e+00
      vertex   1.046514e+02 1.456091e+01 -7.384334e+00
    endloop
  endfacet
  facet normal -1.422269e-01 -9.238025e-01 -3.554721e-01
    outer loop
      vertex   1.043538e+02 1.458588e+01 -7.330159e+00
      vertex   1.046271e+02 1.458588e+01 -7.439528e+00
      vertex   1.046514e+02 1.456091e+01 -7.384334e+00
    endloop
  endfacet
  facet normal -1.422269e-01 -9.238025e-01 -3.554721e-01
    outer loop
      vertex   1.043538e+02 1.458588e+01 -7.330159e+00
      vertex   1.046514e+02 1.456091e+01 -7.384334e+00
      vertex   1.043743e+02 1.456091e+01 -7.273455e+00
    endloop
  endfacet
  facet normal -1.179391e-01 -9.238025e-01 -3.642517e-01
    outer loop
      vertex   1.040737e+02 1.458588e+01 -7.239467e+00
      vertex   1.043538e+02 1.458588e+01 -7.330159e+00
      vertex   1.043743e+02 1.456091e+01 -7.273455e+00
    endloop
  endfacet
  facet normal -1.179391e-01 -9.238025e-01 -3.642517e-01
    outer loop
      vertex   1.040737e+02 1.458588e+01 -7.239467e+00
      vertex   1.043743e+02 1.456091e+01 -7.273455e+00
      vertex   1.040903e+02 1.456091e+01 -7.181510e+00
    endloop
  endfacet
  facet normal -9.311458e-02 -9.238025e-01 -3.713739e-01
    outer loop
      vertex   1.037881e+02 1.458588e+01 -7.167865e+00
      vertex   1.040737e+02 1.458588e+01 -7.239467e+00
      vertex   1.040903e+02 1.456091e+01 -7.181510e+00
    endloop
  endfacet
  facet normal -9.311458e-02 -9.238025e-01 -3.713739e-01
    outer loop
      vertex   1.037881e+02 1.458588e+01 -7.167865e+00
      vertex   1.040903e+02 1.456091e+01 -7.181510e+00
      vertex   1.038008e+02 1.456091e+01 -7.108919e+00
    endloop
  endfacet
  facet normal -6.786642e-02 -9.238025e-01 -3.768064e-01
    outer loop
      vertex   1.034984e+02 1.458588e+01 -7.115677e+00
      vertex   1.037881e+02 1.458588e+01 -7.167865e+00
      vertex   1.038008e+02 1.456091e+01 -7.108919e+00
    endloop
  endfacet
  facet normal -6.786642e-02 -9.238025e-01 -3.768064e-01
    outer loop
      vertex   1.034984e+02 1.458588e+01 -7.115677e+00
      vertex   1.038008e+02 1.456091e+01 -7.108919e+00
      vertex   1.035070e+02 1.456091e+01 -7.056010e+00
    endloop
  endfacet
  facet normal 0.000000e+00 -1.000000e+00 -0.000000e+00
    outer loop
      vertex   1.025200e+02 1.459440e+01 -7.149183e+00
      vertex   1.022194e+02 1.459440e+01 -7.184413e+00
      vertex   1.025200e+02 1.459440e+01 -7.361443e+00
    endloop
  endfacet
  facet normal -0.000000e+00 -1.000000e+00 0.000000e+00
    outer loop
      vertex   1.025200e+02 1.459440e+01 -7.361443e+00
      vertex   1.022194e+02 1.459440e+01 -7.184413e+00
      vertex   1.022361e+02 1.459440e+01 -7.395879e+00
    endloop
  endfacet
  facet normal 0.000000e+00 -1.000000e+00 0.000000e+00
    outer loop
      vertex   1.022361e+02 1.459440e+01 -7.395879e+00
      vertex   1.022194e+02 1.459440e+01 -7.184413e+00
      vertex   1.019221e+02 1.459440e+01 -7.240695e+00
    endloop
  endfacet
  facet normal -0.000000e+00 -1.000000e+00 0.000000e+00
    outer loop
      vertex   1.022361e+02 1.459440e+01 -7.395879e+00
      vertex   1.019221e+02 1.459440e+01 -7.240695e+00
      vertex   1.019552e+02 1.459440e+01 -7.450080e+00
    endloop
  endfacet
  facet normal 0.000000e+00 -1.000000e+00 0.000000e+00
    outer loop
      vertex   1.019552e+02 1.459440e+01 -7.450080e+00
      vertex   1.019221e+02 1.459440e+01 -7.240695e+00
      vertex   1.016295e+02 1.459440e+01 -7.317751e+00
    endloop
  endfacet
  facet normal -0.000000e+00 -1.000000e+00 0.000000e+00
    outer loop
      vertex   1.019552e+02 1.459440e+01 -7.450080e+00
      vertex   1.016295e+02 1.459440e+01 -7.317751e+00
      vertex   1.016789e+02 1.459440e+01 -7.523782e+00
    endloop
  endfacet
  facet normal 0.000000e+00 -1.000000e+00 0.000000e+00
    outer loop
      vertex   1.016789e+02 1.459440e+01 -7.523782e+00
      vertex   1.016295e+02 1.459440e+01 -7.317751e+00
      vertex   1.013430e+02 1.459440e+01 -7.415198e+00
    endloop
  endfacet
  facet normal -0.000000e+00 -1.000000e+00 0.000000e+00
    outer loop
      vertex   1.016789e+02 1.459440e+01 -7.523782e+00
      vertex   1.013430e+02 1.459440e+01 -7.415198e+00
      vertex   1.014084e+02 1.459440e+01 -7.616624e+00
    endloop
  endfacet
  facet normal 0.000000e+00 -1.000000e+00 0.000000e+00
    outer loop
      vertex   1.014084e+02 1.459440e+01 -7.616624e+00
      vertex   1.013430e+02 1.459440e+01 -7.415198e+00
      vertex   1.010640e+02 1.459440e+01 -7.532555e+00
    endloop
  endfacet
  facet normal -0.000000e+00 -1.000000e+00 0.000000e+00
    outer loop
      vertex   1.014084e+02 1.459440e+01 -7.616624e+00
      vertex   1.010640e+02 1.459440e+01 -7.532555e+00
      vertex   1.011450e+02 1.459440e+01 -7.728150e+00
    endloop
  endfacet
  facet normal 0.000000e+00 -1.000000e+00 0.000000e+00
    outer loop
      vertex   1.011450e+02 1.459440e+01 -7.728150e+00
      vertex   1.010640e+02 1.459440e+01 -7.532555e+00
      vertex   1.007940e+02 1.459440e+01 -7.669240e+00
    endloop
  endfacet
  facet normal -0.000000e+00 -1.000000e+00 0.000000e+00
    outer loop
      vertex   1.011450e+02 1.459440e+01 -7.728150e+00
      vertex   1.007940e+02 1.459440e+01 -7.669240e+00
      vertex   1.008901e+02 1.459440e+01 -7.857817e+00
    endloop
  endfacet
  facet normal 0.000000e+00 -1.000000e+00 0.000000e+00
    outer loop
      vertex   1.008901e+02 1.459440e+01 -7.857817e+00
      vertex   1.007940e+02 1.459440e+01 -7.669240e+00
      vertex   1.005343e+02 1.459440e+01 -7.824575e+00
    endloop
  endfacet
  facet normal -0.000000e+00 -1.000000e+00 0.000000e+00
    outer loop
      vertex   1.008901e+02 1.459440e+01 -7.857817e+00
      vertex   1.005343e+02 1.459440e+01 -7.824575e+00
      vertex   1.006449e+02 1.459440e+01 -8.004988e+00
    endloop
  endfacet
  facet normal 0.000000e+00 -1.000000e+00 0.000000e+00
    outer loop
      vertex   1.006449e+02 1.459440e+01 -8.004988e+00
      vertex   1.005343e+02 1.459440e+01 -7.824575e+00
      vertex   1.002862e+02 1.459440e+01 -7.997793e+00
    endloop
  endfacet
  facet normal -0.000000e+00 -1.000000e+00 0.000000e+00
    outer loop
      vertex   1.006449e+02 1.459440e+01 -8.004988e+00
      vertex   1.002862e+02 1.459440e+01 -7.997793e+00
      vertex   1.004105e+02 1.459440e+01 -8.168944e+00
    endloop
  endfacet
  facet normal -0.000000e+00 -1.000000e+00 0.000000e+00
    outer loop
      vertex   1.004105e+02 1.459440e+01 -8.168944e+00
      vertex   1.002862e+02 1.459440e+01 -7.997793e+00
      vertex   1.000508e+02 1.459440e+01 -8.188033e+00
    endloop
  endfacet
  facet normal 0.000000e+00 -1.000000e+00 0.000000e+00
    outer loop
      vertex   1.004105e+02 1.459440e+01 -8.168944e+00
      vertex   1.000508e+02 1.459440e+01 -8.188033e+00
      vertex   1.001882e+02 1.459440e+01 -8.348882e+00
    endloop
  endfacet
  facet normal -0.000000e+00 -1.000000e+00 0.000000e+00
    outer loop
      vertex   1.001882e+02 1.459440e+01 -8.348882e+00
      vertex   1.000508e+02 1.459440e+01 -8.188033e+00
      vertex   9.982944e+01 1.459440e+01 -8.394356e+00
    endloop
  endfacet
  facet normal 0.000000e+00 -1.000000e+00 0.000000e+00
    outer loop
      vertex   1.001882e+02 1.459440e+01 -8.348882e+00
      vertex   9.982944e+01 1.459440e+01 -8.394356e+00
      vertex   9.997901e+01 1.459440e+01 -8.543922e+00
    endloop
  endfacet
  facet normal -0.000000e+00 -1.000000e+00 0.000000e+00
    outer loop
      vertex   9.997901e+01 1.459440e+01 -8.543922e+00
      vertex   9.982944e+01 1.459440e+01 -8.394356e+00
      vertex   9.978397e+01 1.459440e+01 -8.753110e+00
    endloop
  endfacet
  facet normal 0.000000e+00 -1.000000e+00 0.000000e+00
    outer loop
      vertex   9.978397e+01 1.459440e+01 -8.753110e+00
      vertex   9.982944e+01 1.459440e+01 -8.394356e+00
      vertex   9.962312e+01 1.459440e+01 -8.615738e+00
    endloop
  endfacet
  facet normal -0.000000e+00 -1.000000e+00 0.000000e+00
    outer loop
      vertex   9.978397e+01 1.459440e+01 -8.753110e+00
      vertex   9.962312e+01 1.459440e+01 -8.615738e+00
      vertex   9.960403e+01 1.459440e+01 -8.975421e+00
    endloop
  endfacet
  facet normal 0.000000e+00 -1.000000e+00 0.000000e+00
    outer loop
      vertex   9.960403e+01 1.459440e+01 -8.975421e+00
      vertex   9.962312e+01 1.459440e+01 -8.615738e+00
      vertex   9.943288e+01 1.459440e+01 -8.851083e+00
    endloop
  endfacet
  facet normal -0.000000e+00 -1.000000e+00 0.000000e+00
    outer loop
      vertex   9.960403e+01 1.459440e+01 -8.975421e+00
      vertex   9.943288e+01 1.459440e+01 -8.851083e+00
      vertex   9.944007e+01 1.459440e+01 -9.209769e+00
    endloop
  endfacet
  facet normal 0.000000e+00 -1.000000e+00 0.000000e+00
    outer loop
      vertex   9.944007e+01 1.459440e+01 -9.209769e+00
      vertex   9.943288e+01 1.459440e+01 -8.851083e+00
      vertex   9.925966e+01 1.459440e+01 -9.099225e+00
    endloop
  endfacet
  facet normal -0.000000e+00 -1.000000e+00 0.000000e+00
    outer loop
      vertex   9.944007e+01 1.459440e+01 -9.209769e+00
      vertex   9.925966e+01 1.459440e+01 -9.099225e+00
      vertex   9.929290e+01 1.459440e+01 -9.455005e+00
    endloop
  endfacet
  facet normal 0.000000e+00 -1.000000e+00 0.000000e+00
    outer loop
      vertex   9.929290e+01 1.459440e+01 -9.455005e+00
      vertex   9.925966e+01 1.459440e+01 -9.099225e+00
      vertex   9.910432e+01 1.459440e+01 -9.358936e+00
    endloop
  endfacet
  facet normal -0.000000e+00 -1.000000e+00 0.000000e+00
    outer loop
      vertex   9.929290e+01 1.459440e+01 -9.455005e+00
      vertex   9.910432e+01 1.459440e+01 -9.358936e+00
      vertex   9.916324e+01 1.459440e+01 -9.709930e+00
    endloop
  endfacet
  facet normal 0.000000e+00 -1.000000e+00 0.000000e+00
    outer loop
      vertex   9.916324e+01 1.459440e+01 -9.709930e+00
      vertex   9.910432e+01 1.459440e+01 -9.358936e+00
      vertex   9.896764e+01 1.459440e+01 -9.628929e+00
    endloop
  endfacet
  facet normal -0.000000e+00 -1.000000e+00 0.000000e+00
    outer loop
      vertex   9.916324e+01 1.459440e+01 -9.709930e+00
      vertex   9.896764e+01 1.459440e+01 -9.628929e+00
      vertex   9.905171e+01 1.459440e+01 -9.973297e+00
    endloop
  endfacet
  facet normal 0.000000e+00 -1.000000e+00 0.000000e+00
    outer loop
      vertex   9.905171e+01 1.459440e+01 -9.973297e+00
      vertex   9.896764e+01 1.459440e+01 -9.628929e+00
      vertex   9.885028e+01 1.459440e+01 -9.907866e+00
    endloop
  endfacet
  facet normal -0.000000e+00 -1.000000e+00 0.000000e+00
    outer loop
      vertex   9.905171e+01 1.459440e+01 -9.973297e+00
      vertex   9.885028e+01 1.459440e+01 -9.907866e+00
      vertex   9.895887e+01 1.459440e+01 -1.024382e+01
    endloop
  endfacet
  facet normal 0.000000e+00 -1.000000e+00 0.000000e+00
    outer loop
      vertex   9.895887e+01 1.459440e+01 -1.024382e+01
      vertex   9.885028e+01 1.459440e+01 -9.907866e+00
      vertex   9.875284e+01 1.459440e+01 -1.019437e+01
    endloop
  endfacet
  facet normal -0.000000e+00 -1.000000e+00 0.000000e+00
    outer loop
      vertex   9.895887e+01 1.459440e+01 -1.024382e+01
      vertex   9.875284e+01 1.459440e+01 -1.019437e+01
      vertex   9.888517e+01 1.459440e+01 -1.052016e+01
    endloop
  endfacet
  facet normal 0.000000e+00 -1.000000e+00 0.000000e+00
    outer loop
      vertex   9.888517e+01 1.459440e+01 -1.052016e+01
      vertex   9.875284e+01 1.459440e+01 -1.019437e+01
      vertex   9.867578e+01 1.459440e+01 -1.048701e+01
    endloop
  endfacet
  facet normal -0.000000e+00 -1.000000e+00 0.000000e+00
    outer loop
      vertex   9.888517e+01 1.459440e+01 -1.052016e+01
      vertex   9.867578e+01 1.459440e+01 -1.048701e+01
      vertex   9.883096e+01 1.459440e+01 -1.080099e+01
    endloop
  endfacet
  facet normal 0.000000e+00 -1.000000e+00 0.000000e+00
    outer loop
      vertex   9.883096e+01 1.459440e+01 -1.080099e+01
      vertex   9.867578e+01 1.459440e+01 -1.048701e+01
      vertex   9.861950e+01 1.459440e+01 -1.078435e+01
    endloop
  endfacet
  facet normal -0.000000e+00 -1.000000e+00 0.000000e+00
    outer loop
      vertex   9.883096e+01 1.459440e+01 -1.080099e+01
      vertex   9.861950e+01 1.459440e+01 -1.078435e+01
      vertex   9.879653e+01 1.459440e+01 -1.108491e+01
    endloop
  endfacet
  facet normal -0.000000e+00 -1.000000e+00 0.000000e+00
    outer loop
      vertex   9.879653e+01 1.459440e+01 -1.108491e+01
      vertex   9.861950e+01 1.459440e+01 -1.078435e+01
      vertex   9.858427e+01 1.459440e+01 -1.108491e+01
    endloop
  endfacet
  facet normal 0.000000e+00 -1.000000e+00 0.000000e+00
    outer loop
      vertex   1.025200e+02 1.459440e+01 -1.572065e+01
      vertex   1.025200e+02 1.459440e+01 -1.550839e+01
      vertex   1.022194e+02 1.459440e+01 -1.568542e+01
    endloop
  endfacet
  facet normal 0.000000e+00 -1.000000e+00 0.000000e+00
    outer loop
      vertex   1.022194e+02 1.459440e+01 -1.568542e+01
      vertex   1.025200e+02 1.459440e+01 -1.550839e+01
      vertex   1.022361e+02 1.459440e+01 -1.547395e+01
    endloop
  endfacet
  facet normal 0.000000e+00 -1.000000e+00 0.000000e+00
    outer loop
      vertex   1.022194e+02 1.459440e+01 -1.568542e+01
      vertex   1.022361e+02 1.459440e+01 -1.547395e+01
      vertex   1.019221e+02 1.459440e+01 -1.562913e+01
    endloop
  endfacet
  facet normal 0.000000e+00 -1.000000e+00 0.000000e+00
    outer loop
      vertex   1.019221e+02 1.459440e+01 -1.562913e+01
      vertex   1.022361e+02 1.459440e+01 -1.547395e+01
      vertex   1.019552e+02 1.459440e+01 -1.541975e+01
    endloop
  endfacet
  facet normal 0.000000e+00 -1.000000e+00 0.000000e+00
    outer loop
      vertex   1.019221e+02 1.459440e+01 -1.562913e+01
      vertex   1.019552e+02 1.459440e+01 -1.541975e+01
      vertex   1.016295e+02 1.459440e+01 -1.555208e+01
    endloop
  endfacet
  facet normal 0.000000e+00 -1.000000e+00 0.000000e+00
    outer loop
      vertex   1.016295e+02 1.459440e+01 -1.555208e+01
      vertex   1.019552e+02 1.459440e+01 -1.541975e+01
      vertex   1.016789e+02 1.459440e+01 -1.534605e+01
    endloop
  endfacet
  facet normal 0.000000e+00 -1.000000e+00 0.000000e+00
    outer loop
      vertex   1.016295e+02 1.459440e+01 -1.555208e+01
      vertex   1.016789e+02 1.459440e+01 -1.534605e+01
      vertex   1.013430e+02 1.459440e+01 -1.545463e+01
    endloop
  endfacet
  facet normal 0.000000e+00 -1.000000e+00 0.000000e+00
    outer loop
      vertex   1.013430e+02 1.459440e+01 -1.545463e+01
      vertex   1.016789e+02 1.459440e+01 -1.534605e+01
      vertex   1.014084e+02 1.459440e+01 -1.525321e+01
    endloop
  endfacet
  facet normal 0.000000e+00 -1.000000e+00 0.000000e+00
    outer loop
      vertex   1.013430e+02 1.459440e+01 -1.545463e+01
      vertex   1.014084e+02 1.459440e+01 -1.525321e+01
      vertex   1.010640e+02 1.459440e+01 -1.533727e+01
    endloop
  endfacet
  facet normal 0.000000e+00 -1.000000e+00 0.000000e+00
    outer loop
      vertex   1.010640e+02 1.459440e+01 -1.533727e+01
      vertex   1.014084e+02 1.459440e+01 -1.525321e+01
      vertex   1.011450e+02 1.459440e+01 -1.514168e+01
    endloop
  endfacet
  facet normal 0.000000e+00 -1.000000e+00 0.000000e+00
    outer loop
      vertex   1.010640e+02 1.459440e+01 -1.533727e+01
      vertex   1.011450e+02 1.459440e+01 -1.514168e+01
      vertex   1.007940e+02 1.459440e+01 -1.520059e+01
    endloop
  endfacet
  facet normal 0.000000e+00 -1.000000e+00 0.000000e+00
    outer loop
      vertex   1.007940e+02 1.459440e+01 -1.520059e+01
      vertex   1.011450e+02 1.459440e+01 -1.514168e+01
      vertex   1.008901e+02 1.459440e+01 -1.501201e+01
    endloop
  endfacet
  facet normal 0.000000e+00 -1.000000e+00 0.000000e+00
    outer loop
      vertex   1.007940e+02 1.459440e+01 -1.520059e+01
      vertex   1.008901e+02 1.459440e+01 -1.501201e+01
      vertex   1.005343e+02 1.459440e+01 -1.504525e+01
    endloop
  endfacet
  facet normal 0.000000e+00 -1.000000e+00 0.000000e+00
    outer loop
      vertex   1.005343e+02 1.459440e+01 -1.504525e+01
      vertex   1.008901e+02 1.459440e+01 -1.501201e+01
      vertex   1.006449e+02 1.459440e+01 -1.486484e+01
    endloop
  endfacet
  facet normal 0.000000e+00 -1.000000e+00 0.000000e+00
    outer loop
      vertex   1.005343e+02 1.459440e+01 -1.504525e+01
      vertex   1.006449e+02 1.459440e+01 -1.486484e+01
      vertex   1.002862e+02 1.459440e+01 -1.487204e+01
    endloop
  endfacet
  facet normal 0.000000e+00 -1.000000e+00 0.000000e+00
    outer loop
      vertex   1.002862e+02 1.459440e+01 -1.487204e+01
      vertex   1.006449e+02 1.459440e+01 -1.486484e+01
      vertex   1.004105e+02 1.459440e+01 -1.470089e+01
    endloop
  endfacet
  facet normal 0.000000e+00 -1.000000e+00 0.000000e+00
    outer loop
      vertex   1.002862e+02 1.459440e+01 -1.487204e+01
      vertex   1.004105e+02 1.459440e+01 -1.470089e+01
      vertex   1.000508e+02 1.459440e+01 -1.468180e+01
    endloop
  endfacet
  facet normal 0.000000e+00 -1.000000e+00 0.000000e+00
    outer loop
      vertex   1.000508e+02 1.459440e+01 -1.468180e+01
      vertex   1.004105e+02 1.459440e+01 -1.470089e+01
      vertex   1.001882e+02 1.459440e+01 -1.452095e+01
    endloop
  endfacet
  facet normal 0.000000e+00 -1.000000e+00 0.000000e+00
    outer loop
      vertex   1.000508e+02 1.459440e+01 -1.468180e+01
      vertex   1.001882e+02 1.459440e+01 -1.452095e+01
      vertex   9.982944e+01 1.459440e+01 -1.447547e+01
    endloop
  endfacet
  facet normal 0.000000e+00 -1.000000e+00 0.000000e+00
    outer loop
      vertex   9.982944e+01 1.459440e+01 -1.447547e+01
      vertex   1.001882e+02 1.459440e+01 -1.452095e+01
      vertex   9.997901e+01 1.459440e+01 -1.432591e+01
    endloop
  endfacet
  facet normal 0.000000e+00 -1.000000e+00 0.000000e+00
    outer loop
      vertex   9.982944e+01 1.459440e+01 -1.447547e+01
      vertex   9.997901e+01 1.459440e+01 -1.432591e+01
      vertex   9.978397e+01 1.459440e+01 -1.411672e+01
    endloop
  endfacet
  facet normal 0.000000e+00 -1.000000e+00 0.000000e+00
    outer loop
      vertex   9.982944e+01 1.459440e+01 -1.447547e+01
      vertex   9.978397e+01 1.459440e+01 -1.411672e+01
      vertex   9.962312e+01 1.459440e+01 -1.425409e+01
    endloop
  endfacet
  facet normal 0.000000e+00 -1.000000e+00 0.000000e+00
    outer loop
      vertex   9.962312e+01 1.459440e+01 -1.425409e+01
      vertex   9.978397e+01 1.459440e+01 -1.411672e+01
      vertex   9.960403e+01 1.459440e+01 -1.389441e+01
    endloop
  endfacet
  facet normal 0.000000e+00 -1.000000e+00 0.000000e+00
    outer loop
      vertex   9.962312e+01 1.459440e+01 -1.425409e+01
      vertex   9.960403e+01 1.459440e+01 -1.389441e+01
      vertex   9.943288e+01 1.459440e+01 -1.401875e+01
    endloop
  endfacet
  facet normal 0.000000e+00 -1.000000e+00 0.000000e+00
    outer loop
      vertex   9.943288e+01 1.459440e+01 -1.401875e+01
      vertex   9.960403e+01 1.459440e+01 -1.389441e+01
      vertex   9.944007e+01 1.459440e+01 -1.366006e+01
    endloop
  endfacet
  facet normal 0.000000e+00 -1.000000e+00 0.000000e+00
    outer loop
      vertex   9.943288e+01 1.459440e+01 -1.401875e+01
      vertex   9.944007e+01 1.459440e+01 -1.366006e+01
      vertex   9.925966e+01 1.459440e+01 -1.377060e+01
    endloop
  endfacet
  facet normal 0.000000e+00 -1.000000e+00 0.000000e+00
    outer loop
      vertex   9.925966e+01 1.459440e+01 -1.377060e+01
      vertex   9.944007e+01 1.459440e+01 -1.366006e+01
      vertex   9.929290e+01 1.459440e+01 -1.341482e+01
    endloop
  endfacet
  facet normal 0.000000e+00 -1.000000e+00 0.000000e+00
    outer loop
      vertex   9.925966e+01 1.459440e+01 -1.377060e+01
      vertex   9.929290e+01 1.459440e+01 -1.341482e+01
      vertex   9.910432e+01 1.459440e+01 -1.351089e+01
    endloop
  endfacet
  facet normal 0.000000e+00 -1.000000e+00 0.000000e+00
    outer loop
      vertex   9.910432e+01 1.459440e+01 -1.351089e+01
      vertex   9.929290e+01 1.459440e+01 -1.341482e+01
      vertex   9.916324e+01 1.459440e+01 -1.315990e+01
    endloop
  endfacet
  facet normal 0.000000e+00 -1.000000e+00 0.000000e+00
    outer loop
      vertex   9.910432e+01 1.459440e+01 -1.351089e+01
      vertex   9.916324e+01 1.459440e+01 -1.315990e+01
      vertex   9.896764e+01 1.459440e+01 -1.324090e+01
    endloop
  endfacet
  facet normal 0.000000e+00 -1.000000e+00 0.000000e+00
    outer loop
      vertex   9.896764e+01 1.459440e+01 -1.324090e+01
      vertex   9.916324e+01 1.459440e+01 -1.315990e+01
      vertex   9.905171e+01 1.459440e+01 -1.289653e+01
    endloop
  endfacet
  facet normal 0.000000e+00 -1.000000e+00 0.000000e+00
    outer loop
      vertex   9.896764e+01 1.459440e+01 -1.324090e+01
      vertex   9.905171e+01 1.459440e+01 -1.289653e+01
      vertex   9.885028e+01 1.459440e+01 -1.296196e+01
    endloop
  endfacet
  facet normal 0.000000e+00 -1.000000e+00 0.000000e+00
    outer loop
      vertex   9.885028e+01 1.459440e+01 -1.296196e+01
      vertex   9.905171e+01 1.459440e+01 -1.289653e+01
      vertex   9.895887e+01 1.459440e+01 -1.262601e+01
    endloop
  endfacet
  facet normal 0.000000e+00 -1.000000e+00 0.000000e+00
    outer loop
      vertex   9.885028e+01 1.459440e+01 -1.296196e+01
      vertex   9.895887e+01 1.459440e+01 -1.262601e+01
      vertex   9.875284e+01 1.459440e+01 -1.267546e+01
    endloop
  endfacet
  facet normal 0.000000e+00 -1.000000e+00 0.000000e+00
    outer loop
      vertex   9.875284e+01 1.459440e+01 -1.267546e+01
      vertex   9.895887e+01 1.459440e+01 -1.262601e+01
      vertex   9.888517e+01 1.459440e+01 -1.234967e+01
    endloop
  endfacet
  facet normal 0.000000e+00 -1.000000e+00 0.000000e+00
    outer loop
      vertex   9.875284e+01 1.459440e+01 -1.267546e+01
      vertex   9.888517e+01 1.459440e+01 -1.234967e+01
      vertex   9.867578e+01 1.459440e+01 -1.238282e+01
    endloop
  endfacet
  facet normal 0.000000e+00 -1.000000e+00 0.000000e+00
    outer loop
      vertex   9.867578e+01 1.459440e+01 -1.238282e+01
      vertex   9.888517e+01 1.459440e+01 -1.234967e+01
      vertex   9.883096e+01 1.459440e+01 -1.206884e+01
    endloop
  endfacet
  facet normal 0.000000e+00 -1.000000e+00 0.000000e+00
    outer loop
      vertex   9.867578e+01 1.459440e+01 -1.238282e+01
      vertex   9.883096e+01 1.459440e+01 -1.206884e+01
      vertex   9.861950e+01 1.459440e+01 -1.208548e+01
    endloop
  endfacet
  facet normal 0.000000e+00 -1.000000e+00 0.000000e+00
    outer loop
      vertex   9.861950e+01 1.459440e+01 -1.208548e+01
      vertex   9.883096e+01 1.459440e+01 -1.206884e+01
      vertex   9.879653e+01 1.459440e+01 -1.178491e+01
    endloop
  endfacet
  facet normal 0.000000e+00 -1.000000e+00 0.000000e+00
    outer loop
      vertex   9.861950e+01 1.459440e+01 -1.208548e+01
      vertex   9.879653e+01 1.459440e+01 -1.178491e+01
      vertex   9.858427e+01 1.459440e+01 -1.178491e+01
    endloop
  endfacet
  facet normal -0.000000e+00 -1.000000e+00 0.000000e+00
    outer loop
      vertex   1.071557e+02 1.459440e+01 -1.108491e+01
      vertex   1.071205e+02 1.459440e+01 -1.078435e+01
      vertex   1.069435e+02 1.459440e+01 -1.108491e+01
    endloop
  endfacet
  facet normal 0.000000e+00 -1.000000e+00 0.000000e+00
    outer loop
      vertex   1.069435e+02 1.459440e+01 -1.108491e+01
      vertex   1.071205e+02 1.459440e+01 -1.078435e+01
      vertex   1.069090e+02 1.459440e+01 -1.080099e+01
    endloop
  endfacet
  facet normal 0.000000e+00 -1.000000e+00 0.000000e+00
    outer loop
      vertex   1.069090e+02 1.459440e+01 -1.080099e+01
      vertex   1.071205e+02 1.459440e+01 -1.078435e+01
      vertex   1.070642e+02 1.459440e+01 -1.048701e+01
    endloop
  endfacet
  facet normal 0.000000e+00 -1.000000e+00 0.000000e+00
    outer loop
      vertex   1.069090e+02 1.459440e+01 -1.080099e+01
      vertex   1.070642e+02 1.459440e+01 -1.048701e+01
      vertex   1.068548e+02 1.459440e+01 -1.052016e+01
    endloop
  endfacet
  facet normal 0.000000e+00 -1.000000e+00 0.000000e+00
    outer loop
      vertex   1.068548e+02 1.459440e+01 -1.052016e+01
      vertex   1.070642e+02 1.459440e+01 -1.048701e+01
      vertex   1.069872e+02 1.459440e+01 -1.019437e+01
    endloop
  endfacet
  facet normal 0.000000e+00 -1.000000e+00 0.000000e+00
    outer loop
      vertex   1.068548e+02 1.459440e+01 -1.052016e+01
      vertex   1.069872e+02 1.459440e+01 -1.019437e+01
      vertex   1.067811e+02 1.459440e+01 -1.024382e+01
    endloop
  endfacet
  facet normal 0.000000e+00 -1.000000e+00 0.000000e+00
    outer loop
      vertex   1.067811e+02 1.459440e+01 -1.024382e+01
      vertex   1.069872e+02 1.459440e+01 -1.019437e+01
      vertex   1.068897e+02 1.459440e+01 -9.907866e+00
    endloop
  endfacet
  facet normal 0.000000e+00 -1.000000e+00 0.000000e+00
    outer loop
      vertex   1.067811e+02 1.459440e+01 -1.024382e+01
      vertex   1.068897e+02 1.459440e+01 -9.907866e+00
      vertex   1.066883e+02 1.459440e+01 -9.973297e+00
    endloop
  endfacet
  facet normal 0.000000e+00 -1.000000e+00 0.000000e+00
    outer loop
      vertex   1.066883e+02 1.459440e+01 -9.973297e+00
      vertex   1.068897e+02 1.459440e+01 -9.907866e+00
      vertex   1.067724e+02 1.459440e+01 -9.628929e+00
    endloop
  endfacet
  facet normal 0.000000e+00 -1.000000e+00 0.000000e+00
    outer loop
      vertex   1.066883e+02 1.459440e+01 -9.973297e+00
      vertex   1.067724e+02 1.459440e+01 -9.628929e+00
      vertex   1.065768e+02 1.459440e+01 -9.709930e+00
    endloop
  endfacet
  facet normal 0.000000e+00 -1.000000e+00 0.000000e+00
    outer loop
      vertex   1.065768e+02 1.459440e+01 -9.709930e+00
      vertex   1.067724e+02 1.459440e+01 -9.628929e+00
      vertex   1.066357e+02 1.459440e+01 -9.358936e+00
    endloop
  endfacet
  facet normal 0.000000e+00 -1.000000e+00 0.000000e+00
    outer loop
      vertex   1.065768e+02 1.459440e+01 -9.709930e+00
      vertex   1.066357e+02 1.459440e+01 -9.358936e+00
      vertex   1.064471e+02 1.459440e+01 -9.455005e+00
    endloop
  endfacet
  facet normal 0.000000e+00 -1.000000e+00 0.000000e+00
    outer loop
      vertex   1.064471e+02 1.459440e+01 -9.455005e+00
      vertex   1.066357e+02 1.459440e+01 -9.358936e+00
      vertex   1.064803e+02 1.459440e+01 -9.099225e+00
    endloop
  endfacet
  facet normal 0.000000e+00 -1.000000e+00 0.000000e+00
    outer loop
      vertex   1.064471e+02 1.459440e+01 -9.455005e+00
      vertex   1.064803e+02 1.459440e+01 -9.099225e+00
      vertex   1.062999e+02 1.459440e+01 -9.209769e+00
    endloop
  endfacet
  facet normal 0.000000e+00 -1.000000e+00 0.000000e+00
    outer loop
      vertex   1.062999e+02 1.459440e+01 -9.209769e+00
      vertex   1.064803e+02 1.459440e+01 -9.099225e+00
      vertex   1.063071e+02 1.459440e+01 -8.851083e+00
    endloop
  endfacet
  facet normal 0.000000e+00 -1.000000e+00 0.000000e+00
    outer loop
      vertex   1.062999e+02 1.459440e+01 -9.209769e+00
      vertex   1.063071e+02 1.459440e+01 -8.851083e+00
      vertex   1.061360e+02 1.459440e+01 -8.975421e+00
    endloop
  endfacet
  facet normal 0.000000e+00 -1.000000e+00 0.000000e+00
    outer loop
      vertex   1.061360e+02 1.459440e+01 -8.975421e+00
      vertex   1.063071e+02 1.459440e+01 -8.851083e+00
      vertex   1.061169e+02 1.459440e+01 -8.615738e+00
    endloop
  endfacet
  facet normal 0.000000e+00 -1.000000e+00 0.000000e+00
    outer loop
      vertex   1.061360e+02 1.459440e+01 -8.975421e+00
      vertex   1.061169e+02 1.459440e+01 -8.615738e+00
      vertex   1.059560e+02 1.459440e+01 -8.753110e+00
    endloop
  endfacet
  facet normal 0.000000e+00 -1.000000e+00 0.000000e+00
    outer loop
      vertex   1.059560e+02 1.459440e+01 -8.753110e+00
      vertex   1.061169e+02 1.459440e+01 -8.615738e+00
      vertex   1.059106e+02 1.459440e+01 -8.394356e+00
    endloop
  endfacet
  facet normal 0.000000e+00 -1.000000e+00 0.000000e+00
    outer loop
      vertex   1.059560e+02 1.459440e+01 -8.753110e+00
      vertex   1.059106e+02 1.459440e+01 -8.394356e+00
      vertex   1.057610e+02 1.459440e+01 -8.543922e+00
    endloop
  endfacet
  facet normal 0.000000e+00 -1.000000e+00 0.000000e+00
    outer loop
      vertex   1.057610e+02 1.459440e+01 -8.543922e+00
      vertex   1.059106e+02 1.459440e+01 -8.394356e+00
      vertex   1.055518e+02 1.459440e+01 -8.348882e+00
    endloop
  endfacet
  facet normal 0.000000e+00 -1.000000e+00 0.000000e+00
    outer loop
      vertex   1.055518e+02 1.459440e+01 -8.348882e+00
      vertex   1.059106e+02 1.459440e+01 -8.394356e+00
      vertex   1.056892e+02 1.459440e+01 -8.188033e+00
    endloop
  endfacet
  facet normal 0.000000e+00 -1.000000e+00 0.000000e+00
    outer loop
      vertex   1.055518e+02 1.459440e+01 -8.348882e+00
      vertex   1.056892e+02 1.459440e+01 -8.188033e+00
      vertex   1.053295e+02 1.459440e+01 -8.168944e+00
    endloop
  endfacet
  facet normal 0.000000e+00 -1.000000e+00 0.000000e+00
    outer loop
      vertex   1.053295e+02 1.459440e+01 -8.168944e+00
      vertex   1.056892e+02 1.459440e+01 -8.188033e+00
      vertex   1.054538e+02 1.459440e+01 -7.997793e+00
    endloop
  endfacet
  facet normal 0.000000e+00 -1.000000e+00 0.000000e+00
    outer loop
      vertex   1.053295e+02 1.459440e+01 -8.168944e+00
      vertex   1.054538e+02 1.459440e+01 -7.997793e+00
      vertex   1.050951e+02 1.459440e+01 -8.004988e+00
    endloop
  endfacet
  facet normal 0.000000e+00 -1.000000e+00 0.000000e+00
    outer loop
      vertex   1.050951e+02 1.459440e+01 -8.004988e+00
      vertex   1.054538e+02 1.459440e+01 -7.997793e+00
      vertex   1.052057e+02 1.459440e+01 -7.824575e+00
    endloop
  endfacet
  facet normal 0.000000e+00 -1.000000e+00 0.000000e+00
    outer loop
      vertex   1.050951e+02 1.459440e+01 -8.004988e+00
      vertex   1.052057e+02 1.459440e+01 -7.824575e+00
      vertex   1.048499e+02 1.459440e+01 -7.857817e+00
    endloop
  endfacet
  facet normal 0.000000e+00 -1.000000e+00 0.000000e+00
    outer loop
      vertex   1.048499e+02 1.459440e+01 -7.857817e+00
      vertex   1.052057e+02 1.459440e+01 -7.824575e+00
      vertex   1.049460e+02 1.459440e+01 -7.669240e+00
    endloop
  endfacet
  facet normal 0.000000e+00 -1.000000e+00 0.000000e+00
    outer loop
      vertex   1.048499e+02 1.459440e+01 -7.857817e+00
      vertex   1.049460e+02 1.459440e+01 -7.669240e+00
      vertex   1.045950e+02 1.459440e+01 -7.728150e+00
    endloop
  endfacet
  facet normal 0.000000e+00 -1.000000e+00 0.000000e+00
    outer loop
      vertex   1.045950e+02 1.459440e+01 -7.728150e+00
      vertex   1.049460e+02 1.459440e+01 -7.669240e+00
      vertex   1.046760e+02 1.459440e+01 -7.532555e+00
    endloop
  endfacet
  facet normal 0.000000e+00 -1.000000e+00 0.000000e+00
    outer loop
      vertex   1.045950e+02 1.459440e+01 -7.728150e+00
      vertex   1.046760e+02 1.459440e+01 -7.532555e+00
      vertex   1.043316e+02 1.459440e+01 -7.616624e+00
    endloop
  endfacet
  facet normal 0.000000e+00 -1.000000e+00 0.000000e+00
    outer loop
      vertex   1.043316e+02 1.459440e+01 -7.616624e+00
      vertex   1.046760e+02 1.459440e+01 -7.532555e+00
      vertex   1.043970e+02 1.459440e+01 -7.415198e+00
    endloop
  endfacet
  facet normal 0.000000e+00 -1.000000e+00 0.000000e+00
    outer loop
      vertex   1.043316e+02 1.459440e+01 -7.616624e+00
      vertex   1.043970e+02 1.459440e+01 -7.415198e+00
      vertex   1.040611e+02 1.459440e+01 -7.523782e+00
    endloop
  endfacet
  facet normal 0.000000e+00 -1.000000e+00 0.000000e+00
    outer loop
      vertex   1.040611e+02 1.459440e+01 -7.523782e+00
      vertex   1.043970e+02 1.459440e+01 -7.415198e+00
      vertex   1.041105e+02 1.459440e+01 -7.317751e+00
    endloop
  endfacet
  facet normal 0.000000e+00 -1.000000e+00 0.000000e+00
    outer loop
      vertex   1.040611e+02 1.459440e+01 -7.523782e+00
      vertex   1.041105e+02 1.459440e+01 -7.317751e+00
      vertex   1.037848e+02 1.459440e+01 -7.450080e+00
    endloop
  endfacet
  facet normal 0.000000e+00 -1.000000e+00 0.000000e+00
    outer loop
      vertex   1.037848e+02 1.459440e+01 -7.450080e+00
      vertex   1.041105e+02 1.459440e+01 -7.317751e+00
      vertex   1.038179e+02 1.459440e+01 -7.240695e+00
    endloop
  endfacet
  facet normal 0.000000e+00 -1.000000e+00 0.000000e+00
    outer loop
      vertex   1.037848e+02 1.459440e+01 -7.450080e+00
      vertex   1.038179e+02 1.459440e+01 -7.240695e+00
      vertex   1.035039e+02 1.459440e+01 -7.395879e+00
    endloop
  endfacet
  facet normal 0.000000e+00 -1.000000e+00 0.000000e+00
    outer loop
      vertex   1.035039e+02 1.459440e+01 -7.395879e+00
      vertex   1.038179e+02 1.459440e+01 -7.240695e+00
      vertex   1.035206e+02 1.459440e+01 -7.184413e+00
    endloop
  endfacet
  facet normal 0.000000e+00 -1.000000e+00 0.000000e+00
    outer loop
      vertex   1.035039e+02 1.459440e+01 -7.395879e+00
      vertex   1.035206e+02 1.459440e+01 -7.184413e+00
      vertex   1.032200e+02 1.459440e+01 -7.361443e+00
    endloop
  endfacet
  facet normal 0.000000e+00 -1.000000e+00 0.000000e+00
    outer loop
      vertex   1.032200e+02 1.459440e+01 -7.361443e+00
      vertex   1.035206e+02 1.459440e+01 -7.184413e+00
      vertex   1.032200e+02 1.459440e+01 -7.149183e+00
    endloop
  endfacet
  facet normal -2.168493e-02 -9.994831e-01 -2.373372e-02
    outer loop
      vertex   1.025200e+02 1.441633e+01 -1.178491e+01
      vertex   1.018862e+02 1.443008e+01 -1.178491e+01
      vertex   1.025200e+02 1.443437e+01 -1.254468e+01
    endloop
  endfacet
  facet normal -2.169254e-02 -9.994828e-01 -2.374007e-02
    outer loop
      vertex   1.025200e+02 1.443437e+01 -1.254468e+01
      vertex   1.018862e+02 1.443008e+01 -1.178491e+01
      vertex   1.018865e+02 1.444812e+01 -1.254468e+01
    endloop
  endfacet
  facet normal -2.167320e-02 -9.985915e-01 -4.842806e-02
    outer loop
      vertex   1.025200e+02 1.443437e+01 -1.254468e+01
      vertex   1.018865e+02 1.444812e+01 -1.254468e+01
      vertex   1.025200e+02 1.447119e+01 -1.330376e+01
    endloop
  endfacet
  facet normal -2.168428e-02 -9.985908e-01 -4.843728e-02
    outer loop
      vertex   1.025200e+02 1.447119e+01 -1.330376e+01
      vertex   1.018865e+02 1.444812e+01 -1.254468e+01
      vertex   1.018874e+02 1.448492e+01 -1.330376e+01
    endloop
  endfacet
  facet normal -2.165733e-02 -9.973496e-01 -6.945973e-02
    outer loop
      vertex   1.025200e+02 1.447119e+01 -1.330376e+01
      vertex   1.018874e+02 1.448492e+01 -1.330376e+01
      vertex   1.020646e+02 1.452675e+01 -1.395956e+01
    endloop
  endfacet
  facet normal -2.601203e-02 -9.971637e-01 -7.062461e-02
    outer loop
      vertex   1.020646e+02 1.452675e+01 -1.395956e+01
      vertex   1.018874e+02 1.448492e+01 -1.330376e+01
      vertex   1.018454e+02 1.452675e+01 -1.387883e+01
    endloop
  endfacet
  facet normal -3.309114e-02 -9.969913e-01 -7.009532e-02
    outer loop
      vertex   1.018454e+02 1.452675e+01 -1.387883e+01
      vertex   1.018874e+02 1.448492e+01 -1.330376e+01
      vertex   1.016342e+02 1.452675e+01 -1.377911e+01
    endloop
  endfacet
  facet normal -3.912043e-02 -9.969935e-01 -6.688388e-02
    outer loop
      vertex   1.016342e+02 1.452675e+01 -1.377911e+01
      vertex   1.018874e+02 1.448492e+01 -1.330376e+01
      vertex   1.014326e+02 1.452675e+01 -1.366118e+01
    endloop
  endfacet
  facet normal -4.224470e-02 -9.971239e-01 -6.292334e-02
    outer loop
      vertex   1.014326e+02 1.452675e+01 -1.366118e+01
      vertex   1.018874e+02 1.448492e+01 -1.330376e+01
      vertex   1.012544e+02 1.451174e+01 -1.330376e+01
    endloop
  endfacet
  facet normal -4.599603e-02 -9.968389e-01 -6.478168e-02
    outer loop
      vertex   1.014326e+02 1.452675e+01 -1.366118e+01
      vertex   1.012544e+02 1.451174e+01 -1.330376e+01
      vertex   1.012421e+02 1.452675e+01 -1.352595e+01
    endloop
  endfacet
  facet normal -5.475173e-02 -9.964294e-01 -6.427094e-02
    outer loop
      vertex   1.012421e+02 1.452675e+01 -1.352595e+01
      vertex   1.012544e+02 1.451174e+01 -1.330376e+01
      vertex   1.010643e+02 1.452675e+01 -1.337447e+01
    endloop
  endfacet
  facet normal -5.760951e-02 -9.967304e-01 -5.665365e-02
    outer loop
      vertex   1.010643e+02 1.452675e+01 -1.337447e+01
      vertex   1.012544e+02 1.451174e+01 -1.330376e+01
      vertex   1.009005e+02 1.452675e+01 -1.320793e+01
    endloop
  endfacet
  facet normal -5.540708e-02 -9.972884e-01 -4.843372e-02
    outer loop
      vertex   1.009005e+02 1.452675e+01 -1.320793e+01
      vertex   1.012544e+02 1.451174e+01 -1.330376e+01
      vertex   1.012531e+02 1.447495e+01 -1.254468e+01
    endloop
  endfacet
  facet normal -6.066963e-02 -9.971147e-01 -4.562289e-02
    outer loop
      vertex   1.009005e+02 1.452675e+01 -1.320793e+01
      vertex   1.012531e+02 1.447495e+01 -1.254468e+01
      vertex   1.006200e+02 1.452675e+01 -1.283491e+01
    endloop
  endfacet
  facet normal -6.331533e-02 -9.971970e-01 -3.986696e-02
    outer loop
      vertex   1.006200e+02 1.452675e+01 -1.283491e+01
      vertex   1.012531e+02 1.447495e+01 -1.254468e+01
      vertex   1.006200e+02 1.451276e+01 -1.248504e+01
    endloop
  endfacet
  facet normal -6.226986e-02 -9.976529e-01 -2.848057e-02
    outer loop
      vertex   1.006200e+02 1.451276e+01 -1.248504e+01
      vertex   1.012531e+02 1.447495e+01 -1.254468e+01
      vertex   1.006200e+02 1.450277e+01 -1.213502e+01
    endloop
  endfacet
  facet normal -5.921045e-02 -9.979634e-01 -2.373170e-02
    outer loop
      vertex   1.006200e+02 1.450277e+01 -1.213502e+01
      vertex   1.012531e+02 1.447495e+01 -1.254468e+01
      vertex   1.012527e+02 1.445690e+01 -1.178491e+01
    endloop
  endfacet
  facet normal -6.288058e-02 -9.978748e-01 -1.708719e-02
    outer loop
      vertex   1.006200e+02 1.450277e+01 -1.213502e+01
      vertex   1.012527e+02 1.445690e+01 -1.178491e+01
      vertex   1.006200e+02 1.449677e+01 -1.178491e+01
    endloop
  endfacet
  facet normal -4.228748e-02 -9.988236e-01 -2.373293e-02
    outer loop
      vertex   1.018862e+02 1.443008e+01 -1.178491e+01
      vertex   1.012527e+02 1.445690e+01 -1.178491e+01
      vertex   1.018865e+02 1.444812e+01 -1.254468e+01
    endloop
  endfacet
  facet normal -4.230206e-02 -9.988227e-01 -2.374510e-02
    outer loop
      vertex   1.018865e+02 1.444812e+01 -1.254468e+01
      vertex   1.012527e+02 1.445690e+01 -1.178491e+01
      vertex   1.012531e+02 1.447495e+01 -1.254468e+01
    endloop
  endfacet
  facet normal -4.226433e-02 -9.979320e-01 -4.843016e-02
    outer loop
      vertex   1.018865e+02 1.444812e+01 -1.254468e+01
      vertex   1.012531e+02 1.447495e+01 -1.254468e+01
      vertex   1.018874e+02 1.448492e+01 -1.330376e+01
    endloop
  endfacet
  facet normal -4.227889e-02 -9.979308e-01 -4.844231e-02
    outer loop
      vertex   1.018874e+02 1.448492e+01 -1.330376e+01
      vertex   1.012531e+02 1.447495e+01 -1.254468e+01
      vertex   1.012544e+02 1.451174e+01 -1.330376e+01
    endloop
  endfacet
  facet normal 0.000000e+00 -1.000000e+00 0.000000e+00
    outer loop
      vertex   1.006200e+02 1.452675e+01 -1.283491e+01
      vertex   1.007520e+02 1.452675e+01 -1.302761e+01
      vertex   1.009005e+02 1.452675e+01 -1.320793e+01
    endloop
  endfacet
  facet normal -1.927618e-02 -9.972824e-01 -7.110755e-02
    outer loop
      vertex   1.020646e+02 1.452675e+01 -1.395956e+01
      vertex   1.022900e+02 1.452675e+01 -1.402067e+01
      vertex   1.025200e+02 1.447119e+01 -1.330376e+01
    endloop
  endfacet
  facet normal -1.304220e-02 -9.972391e-01 -7.310376e-02
    outer loop
      vertex   1.025200e+02 1.447119e+01 -1.330376e+01
      vertex   1.022900e+02 1.452675e+01 -1.402067e+01
      vertex   1.025200e+02 1.452675e+01 -1.406170e+01
    endloop
  endfacet
  facet normal -6.288058e-02 -9.978748e-01 1.708719e-02
    outer loop
      vertex   1.006200e+02 1.449677e+01 -1.108491e+01
      vertex   1.012527e+02 1.445690e+01 -1.108491e+01
      vertex   1.006200e+02 1.450277e+01 -1.073481e+01
    endloop
  endfacet
  facet normal -5.921045e-02 -9.979634e-01 2.373170e-02
    outer loop
      vertex   1.006200e+02 1.450277e+01 -1.073481e+01
      vertex   1.012527e+02 1.445690e+01 -1.108491e+01
      vertex   1.012531e+02 1.447495e+01 -1.032515e+01
    endloop
  endfacet
  facet normal -6.226986e-02 -9.976529e-01 2.848057e-02
    outer loop
      vertex   1.006200e+02 1.450277e+01 -1.073481e+01
      vertex   1.012531e+02 1.447495e+01 -1.032515e+01
      vertex   1.006200e+02 1.451276e+01 -1.038479e+01
    endloop
  endfacet
  facet normal -6.343186e-02 -9.971378e-01 4.114149e-02
    outer loop
      vertex   1.006200e+02 1.451276e+01 -1.038479e+01
      vertex   1.012531e+02 1.447495e+01 -1.032515e+01
      vertex   1.007520e+02 1.452675e+01 -9.842220e+00
    endloop
  endfacet
  facet normal -5.820580e-02 -9.975078e-01 3.987938e-02
    outer loop
      vertex   1.006200e+02 1.451276e+01 -1.038479e+01
      vertex   1.007520e+02 1.452675e+01 -9.842220e+00
      vertex   1.006200e+02 1.452675e+01 -1.003491e+01
    endloop
  endfacet
  facet normal -4.230206e-02 -9.988227e-01 2.374510e-02
    outer loop
      vertex   1.012531e+02 1.447495e+01 -1.032515e+01
      vertex   1.012527e+02 1.445690e+01 -1.108491e+01
      vertex   1.018865e+02 1.444812e+01 -1.032515e+01
    endloop
  endfacet
  facet normal -4.228748e-02 -9.988236e-01 2.373293e-02
    outer loop
      vertex   1.018865e+02 1.444812e+01 -1.032515e+01
      vertex   1.012527e+02 1.445690e+01 -1.108491e+01
      vertex   1.018862e+02 1.443008e+01 -1.108491e+01
    endloop
  endfacet
  facet normal -2.169254e-02 -9.994828e-01 2.374007e-02
    outer loop
      vertex   1.018865e+02 1.444812e+01 -1.032515e+01
      vertex   1.018862e+02 1.443008e+01 -1.108491e+01
      vertex   1.025200e+02 1.443437e+01 -1.032515e+01
    endloop
  endfacet
  facet normal -2.168493e-02 -9.994831e-01 2.373372e-02
    outer loop
      vertex   1.025200e+02 1.443437e+01 -1.032515e+01
      vertex   1.018862e+02 1.443008e+01 -1.108491e+01
      vertex   1.025200e+02 1.441633e+01 -1.108491e+01
    endloop
  endfacet
  facet normal -2.167320e-02 -9.985915e-01 4.842806e-02
    outer loop
      vertex   1.025200e+02 1.443437e+01 -1.032515e+01
      vertex   1.025200e+02 1.447119e+01 -9.566071e+00
      vertex   1.018865e+02 1.444812e+01 -1.032515e+01
    endloop
  endfacet
  facet normal -2.168428e-02 -9.985908e-01 4.843728e-02
    outer loop
      vertex   1.018865e+02 1.444812e+01 -1.032515e+01
      vertex   1.025200e+02 1.447119e+01 -9.566071e+00
      vertex   1.018874e+02 1.448492e+01 -9.566071e+00
    endloop
  endfacet
  facet normal -4.226433e-02 -9.979320e-01 4.843016e-02
    outer loop
      vertex   1.018865e+02 1.444812e+01 -1.032515e+01
      vertex   1.018874e+02 1.448492e+01 -9.566071e+00
      vertex   1.012531e+02 1.447495e+01 -1.032515e+01
    endloop
  endfacet
  facet normal -4.227889e-02 -9.979308e-01 4.844231e-02
    outer loop
      vertex   1.012531e+02 1.447495e+01 -1.032515e+01
      vertex   1.018874e+02 1.448492e+01 -9.566071e+00
      vertex   1.012544e+02 1.451174e+01 -9.566071e+00
    endloop
  endfacet
  facet normal -5.641369e-02 -9.972321e-01 4.843272e-02
    outer loop
      vertex   1.012531e+02 1.447495e+01 -1.032515e+01
      vertex   1.012544e+02 1.451174e+01 -9.566071e+00
      vertex   1.007520e+02 1.452675e+01 -9.842220e+00
    endloop
  endfacet
  facet normal -5.443966e-02 -9.975103e-01 4.482673e-02
    outer loop
      vertex   1.007520e+02 1.452675e+01 -9.842220e+00
      vertex   1.012544e+02 1.451174e+01 -9.566071e+00
      vertex   1.009005e+02 1.452675e+01 -9.661900e+00
    endloop
  endfacet
  facet normal -5.760951e-02 -9.967304e-01 5.665365e-02
    outer loop
      vertex   1.009005e+02 1.452675e+01 -9.661900e+00
      vertex   1.012544e+02 1.451174e+01 -9.566071e+00
      vertex   1.010643e+02 1.452675e+01 -9.495355e+00
    endloop
  endfacet
  facet normal -5.475173e-02 -9.964294e-01 6.427094e-02
    outer loop
      vertex   1.010643e+02 1.452675e+01 -9.495355e+00
      vertex   1.012544e+02 1.451174e+01 -9.566071e+00
      vertex   1.012421e+02 1.452675e+01 -9.343880e+00
    endloop
  endfacet
  facet normal -4.599603e-02 -9.968389e-01 6.478168e-02
    outer loop
      vertex   1.012421e+02 1.452675e+01 -9.343880e+00
      vertex   1.012544e+02 1.451174e+01 -9.566071e+00
      vertex   1.014326e+02 1.452675e+01 -9.208651e+00
    endloop
  endfacet
  facet normal -4.224470e-02 -9.971239e-01 6.292334e-02
    outer loop
      vertex   1.014326e+02 1.452675e+01 -9.208651e+00
      vertex   1.012544e+02 1.451174e+01 -9.566071e+00
      vertex   1.018874e+02 1.448492e+01 -9.566071e+00
    endloop
  endfacet
  facet normal -3.912043e-02 -9.969935e-01 6.688388e-02
    outer loop
      vertex   1.014326e+02 1.452675e+01 -9.208651e+00
      vertex   1.018874e+02 1.448492e+01 -9.566071e+00
      vertex   1.016342e+02 1.452675e+01 -9.090719e+00
    endloop
  endfacet
  facet normal -3.309114e-02 -9.969913e-01 7.009532e-02
    outer loop
      vertex   1.016342e+02 1.452675e+01 -9.090719e+00
      vertex   1.018874e+02 1.448492e+01 -9.566071e+00
      vertex   1.018454e+02 1.452675e+01 -8.991001e+00
    endloop
  endfacet
  facet normal -2.601203e-02 -9.971637e-01 7.062461e-02
    outer loop
      vertex   1.018454e+02 1.452675e+01 -8.991001e+00
      vertex   1.018874e+02 1.448492e+01 -9.566071e+00
      vertex   1.020646e+02 1.452675e+01 -8.910270e+00
    endloop
  endfacet
  facet normal -2.165733e-02 -9.973496e-01 6.945973e-02
    outer loop
      vertex   1.020646e+02 1.452675e+01 -8.910270e+00
      vertex   1.018874e+02 1.448492e+01 -9.566071e+00
      vertex   1.025200e+02 1.447119e+01 -9.566071e+00
    endloop
  endfacet
  facet normal -1.927618e-02 -9.972824e-01 7.110755e-02
    outer loop
      vertex   1.020646e+02 1.452675e+01 -8.910270e+00
      vertex   1.025200e+02 1.447119e+01 -9.566071e+00
      vertex   1.022900e+02 1.452675e+01 -8.849155e+00
    endloop
  endfacet
  facet normal -1.304220e-02 -9.972391e-01 7.310376e-02
    outer loop
      vertex   1.022900e+02 1.452675e+01 -8.849155e+00
      vertex   1.025200e+02 1.447119e+01 -9.566071e+00
      vertex   1.025200e+02 1.452675e+01 -8.808130e+00
    endloop
  endfacet
  facet normal 2.168493e-02 -9.994831e-01 2.373372e-02
    outer loop
      vertex   1.032200e+02 1.441633e+01 -1.108491e+01
      vertex   1.038538e+02 1.443008e+01 -1.108491e+01
      vertex   1.032200e+02 1.443437e+01 -1.032515e+01
    endloop
  endfacet
  facet normal 2.169254e-02 -9.994828e-01 2.374007e-02
    outer loop
      vertex   1.032200e+02 1.443437e+01 -1.032515e+01
      vertex   1.038538e+02 1.443008e+01 -1.108491e+01
      vertex   1.038535e+02 1.444812e+01 -1.032515e+01
    endloop
  endfacet
  facet normal 2.167320e-02 -9.985915e-01 4.842806e-02
    outer loop
      vertex   1.032200e+02 1.443437e+01 -1.032515e+01
      vertex   1.038535e+02 1.444812e+01 -1.032515e+01
      vertex   1.032200e+02 1.447119e+01 -9.566071e+00
    endloop
  endfacet
  facet normal 2.168428e-02 -9.985908e-01 4.843728e-02
    outer loop
      vertex   1.032200e+02 1.447119e+01 -9.566071e+00
      vertex   1.038535e+02 1.444812e+01 -1.032515e+01
      vertex   1.038526e+02 1.448492e+01 -9.566071e+00
    endloop
  endfacet
  facet normal 2.165733e-02 -9.973496e-01 6.945973e-02
    outer loop
      vertex   1.032200e+02 1.447119e+01 -9.566071e+00
      vertex   1.038526e+02 1.448492e+01 -9.566071e+00
      vertex   1.036754e+02 1.452675e+01 -8.910270e+00
    endloop
  endfacet
  facet normal 2.601203e-02 -9.971637e-01 7.062461e-02
    outer loop
      vertex   1.036754e+02 1.452675e+01 -8.910270e+00
      vertex   1.038526e+02 1.448492e+01 -9.566071e+00
      vertex   1.038946e+02 1.452675e+01 -8.991001e+00
    endloop
  endfacet
  facet normal 3.309114e-02 -9.969913e-01 7.009532e-02
    outer loop
      vertex   1.038946e+02 1.452675e+01 -8.991001e+00
      vertex   1.038526e+02 1.448492e+01 -9.566071e+00
      vertex   1.041058e+02 1.452675e+01 -9.090719e+00
    endloop
  endfacet
  facet normal 3.912043e-02 -9.969935e-01 6.688388e-02
    outer loop
      vertex   1.041058e+02 1.452675e+01 -9.090719e+00
      vertex   1.038526e+02 1.448492e+01 -9.566071e+00
      vertex   1.043074e+02 1.452675e+01 -9.208651e+00
    endloop
  endfacet
  facet normal 4.224470e-02 -9.971239e-01 6.292334e-02
    outer loop
      vertex   1.043074e+02 1.452675e+01 -9.208651e+00
      vertex   1.038526e+02 1.448492e+01 -9.566071e+00
      vertex   1.044856e+02 1.451174e+01 -9.566071e+00
    endloop
  endfacet
  facet normal 4.599603e-02 -9.968389e-01 6.478168e-02
    outer loop
      vertex   1.043074e+02 1.452675e+01 -9.208651e+00
      vertex   1.044856e+02 1.451174e+01 -9.566071e+00
      vertex   1.044979e+02 1.452675e+01 -9.343880e+00
    endloop
  endfacet
  facet normal 5.475173e-02 -9.964294e-01 6.427094e-02
    outer loop
      vertex   1.044979e+02 1.452675e+01 -9.343880e+00
      vertex   1.044856e+02 1.451174e+01 -9.566071e+00
      vertex   1.046757e+02 1.452675e+01 -9.495355e+00
    endloop
  endfacet
  facet normal 5.760951e-02 -9.967304e-01 5.665365e-02
    outer loop
      vertex   1.046757e+02 1.452675e+01 -9.495355e+00
      vertex   1.044856e+02 1.451174e+01 -9.566071e+00
      vertex   1.048395e+02 1.452675e+01 -9.661900e+00
    endloop
  endfacet
  facet normal 5.540708e-02 -9.972884e-01 4.843372e-02
    outer loop
      vertex   1.048395e+02 1.452675e+01 -9.661900e+00
      vertex   1.044856e+02 1.451174e+01 -9.566071e+00
      vertex   1.044869e+02 1.447495e+01 -1.032515e+01
    endloop
  endfacet
  facet normal 5.747754e-02 -9.972243e-01 4.732818e-02
    outer loop
      vertex   1.048395e+02 1.452675e+01 -9.661900e+00
      vertex   1.044869e+02 1.447495e+01 -1.032515e+01
      vertex   1.049880e+02 1.452675e+01 -9.842220e+00
    endloop
  endfacet
  facet normal 6.208756e-02 -9.971638e-01 4.253895e-02
    outer loop
      vertex   1.049880e+02 1.452675e+01 -9.842220e+00
      vertex   1.044869e+02 1.447495e+01 -1.032515e+01
      vertex   1.051200e+02 1.452675e+01 -1.003491e+01
    endloop
  endfacet
  facet normal 6.331533e-02 -9.971970e-01 3.986696e-02
    outer loop
      vertex   1.051200e+02 1.452675e+01 -1.003491e+01
      vertex   1.044869e+02 1.447495e+01 -1.032515e+01
      vertex   1.051200e+02 1.451276e+01 -1.038479e+01
    endloop
  endfacet
  facet normal 6.226986e-02 -9.976529e-01 2.848057e-02
    outer loop
      vertex   1.051200e+02 1.451276e+01 -1.038479e+01
      vertex   1.044869e+02 1.447495e+01 -1.032515e+01
      vertex   1.051200e+02 1.450277e+01 -1.073481e+01
    endloop
  endfacet
  facet normal 5.921045e-02 -9.979634e-01 2.373170e-02
    outer loop
      vertex   1.051200e+02 1.450277e+01 -1.073481e+01
      vertex   1.044869e+02 1.447495e+01 -1.032515e+01
      vertex   1.044873e+02 1.445690e+01 -1.108491e+01
    endloop
  endfacet
  facet normal 6.288058e-02 -9.978748e-01 1.708719e-02
    outer loop
      vertex   1.051200e+02 1.450277e+01 -1.073481e+01
      vertex   1.044873e+02 1.445690e+01 -1.108491e+01
      vertex   1.051200e+02 1.449677e+01 -1.108491e+01
    endloop
  endfacet
  facet normal 4.228748e-02 -9.988236e-01 2.373293e-02
    outer loop
      vertex   1.038538e+02 1.443008e+01 -1.108491e+01
      vertex   1.044873e+02 1.445690e+01 -1.108491e+01
      vertex   1.038535e+02 1.444812e+01 -1.032515e+01
    endloop
  endfacet
  facet normal 4.230206e-02 -9.988227e-01 2.374510e-02
    outer loop
      vertex   1.038535e+02 1.444812e+01 -1.032515e+01
      vertex   1.044873e+02 1.445690e+01 -1.108491e+01
      vertex   1.044869e+02 1.447495e+01 -1.032515e+01
    endloop
  endfacet
  facet normal 4.226433e-02 -9.979320e-01 4.843016e-02
    outer loop
      vertex   1.038535e+02 1.444812e+01 -1.032515e+01
      vertex   1.044869e+02 1.447495e+01 -1.032515e+01
      vertex   1.038526e+02 1.448492e+01 -9.566071e+00
    endloop
  endfacet
  facet normal 4.227889e-02 -9.979308e-01 4.844231e-02
    outer loop
      vertex   1.038526e+02 1.448492e+01 -9.566071e+00
      vertex   1.044869e+02 1.447495e+01 -1.032515e+01
      vertex   1.044856e+02 1.451174e+01 -9.566071e+00
    endloop
  endfacet
  facet normal 1.927618e-02 -9.972824e-01 7.110755e-02
    outer loop
      vertex   1.036754e+02 1.452675e+01 -8.910270e+00
      vertex   1.034500e+02 1.452675e+01 -8.849155e+00
      vertex   1.032200e+02 1.447119e+01 -9.566071e+00
    endloop
  endfacet
  facet normal 1.304220e-02 -9.972391e-01 7.310376e-02
    outer loop
      vertex   1.032200e+02 1.447119e+01 -9.566071e+00
      vertex   1.034500e+02 1.452675e+01 -8.849155e+00
      vertex   1.032200e+02 1.452675e+01 -8.808130e+00
    endloop
  endfacet
  facet normal 6.288058e-02 -9.978748e-01 -1.708719e-02
    outer loop
      vertex   1.051200e+02 1.449677e+01 -1.178491e+01
      vertex   1.044873e+02 1.445690e+01 -1.178491e+01
      vertex   1.051200e+02 1.450277e+01 -1.213502e+01
    endloop
  endfacet
  facet normal 5.921045e-02 -9.979634e-01 -2.373170e-02
    outer loop
      vertex   1.051200e+02 1.450277e+01 -1.213502e+01
      vertex   1.044873e+02 1.445690e+01 -1.178491e+01
      vertex   1.044869e+02 1.447495e+01 -1.254468e+01
    endloop
  endfacet
  facet normal 6.226986e-02 -9.976529e-01 -2.848057e-02
    outer loop
      vertex   1.051200e+02 1.450277e+01 -1.213502e+01
      vertex   1.044869e+02 1.447495e+01 -1.254468e+01
      vertex   1.051200e+02 1.451276e+01 -1.248504e+01
    endloop
  endfacet
  facet normal 6.343186e-02 -9.971378e-01 -4.114149e-02
    outer loop
      vertex   1.051200e+02 1.451276e+01 -1.248504e+01
      vertex   1.044869e+02 1.447495e+01 -1.254468e+01
      vertex   1.049880e+02 1.452675e+01 -1.302761e+01
    endloop
  endfacet
  facet normal 5.820580e-02 -9.975078e-01 -3.987938e-02
    outer loop
      vertex   1.051200e+02 1.451276e+01 -1.248504e+01
      vertex   1.049880e+02 1.452675e+01 -1.302761e+01
      vertex   1.051200e+02 1.452675e+01 -1.283491e+01
    endloop
  endfacet
  facet normal 4.230206e-02 -9.988227e-01 -2.374510e-02
    outer loop
      vertex   1.044869e+02 1.447495e+01 -1.254468e+01
      vertex   1.044873e+02 1.445690e+01 -1.178491e+01
      vertex   1.038535e+02 1.444812e+01 -1.254468e+01
    endloop
  endfacet
  facet normal 4.228748e-02 -9.988236e-01 -2.373293e-02
    outer loop
      vertex   1.038535e+02 1.444812e+01 -1.254468e+01
      vertex   1.044873e+02 1.445690e+01 -1.178491e+01
      vertex   1.038538e+02 1.443008e+01 -1.178491e+01
    endloop
  endfacet
  facet normal 2.169254e-02 -9.994828e-01 -2.374007e-02
    outer loop
      vertex   1.038535e+02 1.444812e+01 -1.254468e+01
      vertex   1.038538e+02 1.443008e+01 -1.178491e+01
      vertex   1.032200e+02 1.443437e+01 -1.254468e+01
    endloop
  endfacet
  facet normal 2.168493e-02 -9.994831e-01 -2.373372e-02
    outer loop
      vertex   1.032200e+02 1.443437e+01 -1.254468e+01
      vertex   1.038538e+02 1.443008e+01 -1.178491e+01
      vertex   1.032200e+02 1.441633e+01 -1.178491e+01
    endloop
  endfacet
  facet normal 2.167320e-02 -9.985915e-01 -4.842806e-02
    outer loop
      vertex   1.032200e+02 1.443437e+01 -1.254468e+01
      vertex   1.032200e+02 1.447119e+01 -1.330376e+01
      vertex   1.038535e+02 1.444812e+01 -1.254468e+01
    endloop
  endfacet
  facet normal 2.168428e-02 -9.985908e-01 -4.843728e-02
    outer loop
      vertex   1.038535e+02 1.444812e+01 -1.254468e+01
      vertex   1.032200e+02 1.447119e+01 -1.330376e+01
      vertex   1.038526e+02 1.448492e+01 -1.330376e+01
    endloop
  endfacet
  facet normal 4.226433e-02 -9.979320e-01 -4.843016e-02
    outer loop
      vertex   1.038535e+02 1.444812e+01 -1.254468e+01
      vertex   1.038526e+02 1.448492e+01 -1.330376e+01
      vertex   1.044869e+02 1.447495e+01 -1.254468e+01
    endloop
  endfacet
  facet normal 4.227889e-02 -9.979308e-01 -4.844231e-02
    outer loop
      vertex   1.044869e+02 1.447495e+01 -1.254468e+01
      vertex   1.038526e+02 1.448492e+01 -1.330376e+01
      vertex   1.044856e+02 1.451174e+01 -1.330376e+01
    endloop
  endfacet
  facet normal 5.540708e-02 -9.972884e-01 -4.843372e-02
    outer loop
      vertex   1.044869e+02 1.447495e+01 -1.254468e+01
      vertex   1.044856e+02 1.451174e+01 -1.330376e+01
      vertex   1.048395e+02 1.452675e+01 -1.320793e+01
    endloop
  endfacet
  facet normal 5.760951e-02 -9.967304e-01 -5.665365e-02
    outer loop
      vertex   1.048395e+02 1.452675e+01 -1.320793e+01
      vertex   1.044856e+02 1.451174e+01 -1.330376e+01
      vertex   1.046757e+02 1.452675e+01 -1.337447e+01
    endloop
  endfacet
  facet normal 5.475173e-02 -9.964294e-01 -6.427094e-02
    outer loop
      vertex   1.046757e+02 1.452675e+01 -1.337447e+01
      vertex   1.044856e+02 1.451174e+01 -1.330376e+01
      vertex   1.044979e+02 1.452675e+01 -1.352595e+01
    endloop
  endfacet
  facet normal 4.599603e-02 -9.968389e-01 -6.478168e-02
    outer loop
      vertex   1.044979e+02 1.452675e+01 -1.352595e+01
      vertex   1.044856e+02 1.451174e+01 -1.330376e+01
      vertex   1.043074e+02 1.452675e+01 -1.366118e+01
    endloop
  endfacet
  facet normal 4.224470e-02 -9.971239e-01 -6.292334e-02
    outer loop
      vertex   1.043074e+02 1.452675e+01 -1.366118e+01
      vertex   1.044856e+02 1.451174e+01 -1.330376e+01
      vertex   1.038526e+02 1.448492e+01 -1.330376e+01
    endloop
  endfacet
  facet normal 3.912043e-02 -9.969935e-01 -6.688388e-02
    outer loop
      vertex   1.043074e+02 1.452675e+01 -1.366118e+01
      vertex   1.038526e+02 1.448492e+01 -1.330376e+01
      vertex   1.041058e+02 1.452675e+01 -1.377911e+01
    endloop
  endfacet
  facet normal 3.309114e-02 -9.969913e-01 -7.009532e-02
    outer loop
      vertex   1.041058e+02 1.452675e+01 -1.377911e+01
      vertex   1.038526e+02 1.448492e+01 -1.330376e+01
      vertex   1.038946e+02 1.452675e+01 -1.387883e+01
    endloop
  endfacet
  facet normal 2.601203e-02 -9.971637e-01 -7.062461e-02
    outer loop
      vertex   1.038946e+02 1.452675e+01 -1.387883e+01
      vertex   1.038526e+02 1.448492e+01 -1.330376e+01
      vertex   1.036754e+02 1.452675e+01 -1.395956e+01
    endloop
  endfacet
  facet normal 2.165733e-02 -9.973496e-01 -6.945973e-02
    outer loop
      vertex   1.036754e+02 1.452675e+01 -1.395956e+01
      vertex   1.038526e+02 1.448492e+01 -1.330376e+01
      vertex   1.032200e+02 1.447119e+01 -1.330376e+01
    endloop
  endfacet
  facet normal 1.927618e-02 -9.972824e-01 -7.110755e-02
    outer loop
      vertex   1.036754e+02 1.452675e+01 -1.395956e+01
      vertex   1.032200e+02 1.447119e+01 -1.330376e+01
      vertex   1.034500e+02 1.452675e+01 -1.402067e+01
    endloop
  endfacet
  facet normal 1.304220e-02 -9.972391e-01 -7.310376e-02
    outer loop
      vertex   1.034500e+02 1.452675e+01 -1.402067e+01
      vertex   1.032200e+02 1.447119e+01 -1.330376e+01
      vertex   1.032200e+02 1.452675e+01 -1.406170e+01
    endloop
  endfacet
  facet normal 5.747754e-02 -9.972243e-01 -4.732818e-02
    outer loop
      vertex   1.048395e+02 1.452675e+01 -1.320793e+01
      vertex   1.049880e+02 1.452675e+01 -1.302761e+01
      vertex   1.044869e+02 1.447495e+01 -1.254468e+01
    endloop
  endfacet
  facet normal 1.000000e+00 0.000000e+00 0.000000e+00
    outer loop
      vertex   1.006200e+02 1.449677e+01 -1.178491e+01
      vertex   1.006200e+02 9.832400e+00 -1.178491e+01
      vertex   1.006200e+02 1.450277e+01 -1.213502e+01
    endloop
  endfacet
  facet normal 1.000000e+00 0.000000e+00 0.000000e+00
    outer loop
      vertex   1.006200e+02 1.450277e+01 -1.213502e+01
      vertex   1.006200e+02 9.832400e+00 -1.178491e+01
      vertex   1.006200e+02 9.832400e+00 -1.283491e+01
    endloop
  endfacet
  facet normal 1.000000e+00 0.000000e+00 0.000000e+00
    outer loop
      vertex   1.006200e+02 1.450277e+01 -1.213502e+01
      vertex   1.006200e+02 9.832400e+00 -1.283491e+01
      vertex   1.006200e+02 1.451276e+01 -1.248504e+01
    endloop
  endfacet
  facet normal 1.000000e+00 -6.054454e-15 8.099108e-14
    outer loop
      vertex   1.006200e+02 1.451276e+01 -1.248504e+01
      vertex   1.006200e+02 9.832400e+00 -1.283491e+01
      vertex   1.006200e+02 1.452675e+01 -1.283491e+01
    endloop
  endfacet
  facet normal 1.000000e+00 0.000000e+00 0.000000e+00
    outer loop
      vertex   1.006200e+02 9.832400e+00 -1.283491e+01
      vertex   1.006200e+02 9.832400e+00 -1.178491e+01
      vertex   1.006200e+02 6.832400e+00 -1.293000e+01
    endloop
  endfacet
  facet normal 1.000000e+00 -7.748875e-15 2.030122e-14
    outer loop
      vertex   1.006200e+02 6.832400e+00 -1.293000e+01
      vertex   1.006200e+02 9.832400e+00 -1.178491e+01
      vertex   1.006200e+02 9.832400e+00 -1.108491e+01
    endloop
  endfacet
  facet normal 1.000000e+00 1.823592e-15 4.736952e-15
    outer loop
      vertex   1.006200e+02 6.832400e+00 -1.293000e+01
      vertex   1.006200e+02 9.832400e+00 -1.108491e+01
      vertex   1.006200e+02 6.832400e+00 -9.930000e+00
    endloop
  endfacet
  facet normal 1.000000e+00 -5.210263e-15 -1.353415e-14
    outer loop
      vertex   1.006200e+02 6.832400e+00 -9.930000e+00
      vertex   1.006200e+02 9.832400e+00 -1.108491e+01
      vertex   1.006200e+02 9.832400e+00 -1.003491e+01
    endloop
  endfacet
  facet normal 1.000000e+00 -0.000000e+00 1.354512e-13
    outer loop
      vertex   1.006200e+02 6.832400e+00 -9.930000e+00
      vertex   1.006200e+02 9.832400e+00 -1.003491e+01
      vertex   1.006200e+02 9.832400e+00 -9.930000e+00
    endloop
  endfacet
  facet normal 1.000000e+00 -3.046681e-15 5.217010e-17
    outer loop
      vertex   1.006200e+02 1.449677e+01 -1.108491e+01
      vertex   1.006200e+02 1.450277e+01 -1.073481e+01
      vertex   1.006200e+02 9.832400e+00 -1.108491e+01
    endloop
  endfacet
  facet normal 1.000000e+00 -2.028205e-15 -1.353415e-14
    outer loop
      vertex   1.006200e+02 9.832400e+00 -1.108491e+01
      vertex   1.006200e+02 1.450277e+01 -1.073481e+01
      vertex   1.006200e+02 9.832400e+00 -1.003491e+01
    endloop
  endfacet
  facet normal 1.000000e+00 0.000000e+00 -0.000000e+00
    outer loop
      vertex   1.006200e+02 1.450277e+01 -1.073481e+01
      vertex   1.006200e+02 1.451276e+01 -1.038479e+01
      vertex   1.006200e+02 9.832400e+00 -1.003491e+01
    endloop
  endfacet
  facet normal 1.000000e+00 -0.000000e+00 0.000000e+00
    outer loop
      vertex   1.006200e+02 9.832400e+00 -1.003491e+01
      vertex   1.006200e+02 1.451276e+01 -1.038479e+01
      vertex   1.006200e+02 1.452675e+01 -1.003491e+01
    endloop
  endfacet
  facet normal 1.000000e+00 0.000000e+00 0.000000e+00
    outer loop
      vertex   1.006200e+02 6.832400e+00 -1.293000e+01
      vertex   1.006200e+02 9.832400e+00 -1.293000e+01
      vertex   1.006200e+02 9.832400e+00 -1.283491e+01
    endloop
  endfacet
  facet normal 4.975049e-15 3.753924e-16 1.000000e+00
    outer loop
      vertex   9.987705e+01 1.456440e+01 -9.930000e+00
      vertex   9.952000e+01 1.456440e+01 -9.930000e+00
      vertex   9.987705e+01 9.832400e+00 -9.930000e+00
    endloop
  endfacet
  facet normal 0.000000e+00 0.000000e+00 1.000000e+00
    outer loop
      vertex   9.987705e+01 9.832400e+00 -9.930000e+00
      vertex   9.952000e+01 1.456440e+01 -9.930000e+00
      vertex   9.952000e+01 6.832400e+00 -9.930000e+00
    endloop
  endfacet
  facet normal 0.000000e+00 0.000000e+00 1.000000e+00
    outer loop
      vertex   9.987705e+01 9.832400e+00 -9.930000e+00
      vertex   9.952000e+01 6.832400e+00 -9.930000e+00
      vertex   1.006200e+02 6.832400e+00 -9.930000e+00
    endloop
  endfacet
  facet normal 0.000000e+00 -0.000000e+00 1.000000e+00
    outer loop
      vertex   1.006200e+02 6.832400e+00 -9.930000e+00
      vertex   1.006200e+02 9.832400e+00 -9.930000e+00
      vertex   9.987705e+01 9.832400e+00 -9.930000e+00
    endloop
  endfacet
  facet normal 0.000000e+00 1.000000e+00 -0.000000e+00
    outer loop
      vertex   9.953833e+01 1.456440e+01 -1.108491e+01
      vertex   9.952000e+01 1.456440e+01 -1.108491e+01
      vertex   9.957229e+01 1.456440e+01 -1.084534e+01
    endloop
  endfacet
  facet normal 0.000000e+00 1.000000e+00 0.000000e+00
    outer loop
      vertex   9.957229e+01 1.456440e+01 -1.084534e+01
      vertex   9.952000e+01 1.456440e+01 -1.108491e+01
      vertex   9.952000e+01 1.456440e+01 -9.930000e+00
    endloop
  endfacet
  facet normal 0.000000e+00 1.000000e+00 -0.000000e+00
    outer loop
      vertex   9.957229e+01 1.456440e+01 -1.084534e+01
      vertex   9.952000e+01 1.456440e+01 -9.930000e+00
      vertex   9.962345e+01 1.456440e+01 -1.060883e+01
    endloop
  endfacet
  facet normal 0.000000e+00 1.000000e+00 -0.000000e+00
    outer loop
      vertex   9.962345e+01 1.456440e+01 -1.060883e+01
      vertex   9.952000e+01 1.456440e+01 -9.930000e+00
      vertex   9.969155e+01 1.456440e+01 -1.037664e+01
    endloop
  endfacet
  facet normal 0.000000e+00 1.000000e+00 -0.000000e+00
    outer loop
      vertex   9.969155e+01 1.456440e+01 -1.037664e+01
      vertex   9.952000e+01 1.456440e+01 -9.930000e+00
      vertex   9.977623e+01 1.456440e+01 -1.014997e+01
    endloop
  endfacet
  facet normal 0.000000e+00 1.000000e+00 -0.000000e+00
    outer loop
      vertex   9.977623e+01 1.456440e+01 -1.014997e+01
      vertex   9.952000e+01 1.456440e+01 -9.930000e+00
      vertex   9.987705e+01 1.456440e+01 -9.930000e+00
    endloop
  endfacet
  facet normal 0.000000e+00 1.000000e+00 0.000000e+00
    outer loop
      vertex   9.952000e+01 1.456440e+01 -1.178491e+01
      vertex   9.957190e+01 1.456440e+01 -1.202233e+01
      vertex   9.952000e+01 1.456440e+01 -1.293000e+01
    endloop
  endfacet
  facet normal 0.000000e+00 1.000000e+00 0.000000e+00
    outer loop
      vertex   9.952000e+01 1.456440e+01 -1.293000e+01
      vertex   9.957190e+01 1.456440e+01 -1.202233e+01
      vertex   9.962237e+01 1.456440e+01 -1.225673e+01
    endloop
  endfacet
  facet normal 0.000000e+00 1.000000e+00 0.000000e+00
    outer loop
      vertex   9.952000e+01 1.456440e+01 -1.293000e+01
      vertex   9.962237e+01 1.456440e+01 -1.225673e+01
      vertex   9.968947e+01 1.456440e+01 -1.248693e+01
    endloop
  endfacet
  facet normal 0.000000e+00 1.000000e+00 0.000000e+00
    outer loop
      vertex   9.952000e+01 1.456440e+01 -1.178491e+01
      vertex   9.953833e+01 1.456440e+01 -1.178491e+01
      vertex   9.957190e+01 1.456440e+01 -1.202233e+01
    endloop
  endfacet
  facet normal 0.000000e+00 1.000000e+00 0.000000e+00
    outer loop
      vertex   9.968947e+01 1.456440e+01 -1.248693e+01
      vertex   9.977287e+01 1.456440e+01 -1.271174e+01
      vertex   9.952000e+01 1.456440e+01 -1.293000e+01
    endloop
  endfacet
  facet normal 0.000000e+00 1.000000e+00 0.000000e+00
    outer loop
      vertex   9.952000e+01 1.456440e+01 -1.293000e+01
      vertex   9.977287e+01 1.456440e+01 -1.271174e+01
      vertex   9.987213e+01 1.456440e+01 -1.293000e+01
    endloop
  endfacet
  facet normal -0.000000e+00 -1.000000e+00 0.000000e+00
    outer loop
      vertex   1.071557e+02 1.459440e+01 -1.178491e+01
      vertex   1.069435e+02 1.459440e+01 -1.178491e+01
      vertex   1.071205e+02 1.459440e+01 -1.208548e+01
    endloop
  endfacet
  facet normal 0.000000e+00 -1.000000e+00 0.000000e+00
    outer loop
      vertex   1.071205e+02 1.459440e+01 -1.208548e+01
      vertex   1.069435e+02 1.459440e+01 -1.178491e+01
      vertex   1.069090e+02 1.459440e+01 -1.206884e+01
    endloop
  endfacet
  facet normal -0.000000e+00 -1.000000e+00 0.000000e+00
    outer loop
      vertex   1.071205e+02 1.459440e+01 -1.208548e+01
      vertex   1.069090e+02 1.459440e+01 -1.206884e+01
      vertex   1.070642e+02 1.459440e+01 -1.238282e+01
    endloop
  endfacet
  facet normal 0.000000e+00 -1.000000e+00 0.000000e+00
    outer loop
      vertex   1.070642e+02 1.459440e+01 -1.238282e+01
      vertex   1.069090e+02 1.459440e+01 -1.206884e+01
      vertex   1.068548e+02 1.459440e+01 -1.234967e+01
    endloop
  endfacet
  facet normal -0.000000e+00 -1.000000e+00 0.000000e+00
    outer loop
      vertex   1.070642e+02 1.459440e+01 -1.238282e+01
      vertex   1.068548e+02 1.459440e+01 -1.234967e+01
      vertex   1.069872e+02 1.459440e+01 -1.267546e+01
    endloop
  endfacet
  facet normal 0.000000e+00 -1.000000e+00 0.000000e+00
    outer loop
      vertex   1.069872e+02 1.459440e+01 -1.267546e+01
      vertex   1.068548e+02 1.459440e+01 -1.234967e+01
      vertex   1.067811e+02 1.459440e+01 -1.262601e+01
    endloop
  endfacet
  facet normal -0.000000e+00 -1.000000e+00 0.000000e+00
    outer loop
      vertex   1.069872e+02 1.459440e+01 -1.267546e+01
      vertex   1.067811e+02 1.459440e+01 -1.262601e+01
      vertex   1.068897e+02 1.459440e+01 -1.296196e+01
    endloop
  endfacet
  facet normal 0.000000e+00 -1.000000e+00 0.000000e+00
    outer loop
      vertex   1.068897e+02 1.459440e+01 -1.296196e+01
      vertex   1.067811e+02 1.459440e+01 -1.262601e+01
      vertex   1.066883e+02 1.459440e+01 -1.289653e+01
    endloop
  endfacet
  facet normal -0.000000e+00 -1.000000e+00 0.000000e+00
    outer loop
      vertex   1.068897e+02 1.459440e+01 -1.296196e+01
      vertex   1.066883e+02 1.459440e+01 -1.289653e+01
      vertex   1.067724e+02 1.459440e+01 -1.324090e+01
    endloop
  endfacet
  facet normal 0.000000e+00 -1.000000e+00 0.000000e+00
    outer loop
      vertex   1.067724e+02 1.459440e+01 -1.324090e+01
      vertex   1.066883e+02 1.459440e+01 -1.289653e+01
      vertex   1.065768e+02 1.459440e+01 -1.315990e+01
    endloop
  endfacet
  facet normal -0.000000e+00 -1.000000e+00 0.000000e+00
    outer loop
      vertex   1.067724e+02 1.459440e+01 -1.324090e+01
      vertex   1.065768e+02 1.459440e+01 -1.315990e+01
      vertex   1.066357e+02 1.459440e+01 -1.351089e+01
    endloop
  endfacet
  facet normal 0.000000e+00 -1.000000e+00 0.000000e+00
    outer loop
      vertex   1.066357e+02 1.459440e+01 -1.351089e+01
      vertex   1.065768e+02 1.459440e+01 -1.315990e+01
      vertex   1.064471e+02 1.459440e+01 -1.341482e+01
    endloop
  endfacet
  facet normal -0.000000e+00 -1.000000e+00 0.000000e+00
    outer loop
      vertex   1.066357e+02 1.459440e+01 -1.351089e+01
      vertex   1.064471e+02 1.459440e+01 -1.341482e+01
      vertex   1.064803e+02 1.459440e+01 -1.377060e+01
    endloop
  endfacet
  facet normal 0.000000e+00 -1.000000e+00 0.000000e+00
    outer loop
      vertex   1.064803e+02 1.459440e+01 -1.377060e+01
      vertex   1.064471e+02 1.459440e+01 -1.341482e+01
      vertex   1.062999e+02 1.459440e+01 -1.366006e+01
    endloop
  endfacet
  facet normal -0.000000e+00 -1.000000e+00 0.000000e+00
    outer loop
      vertex   1.064803e+02 1.459440e+01 -1.377060e+01
      vertex   1.062999e+02 1.459440e+01 -1.366006e+01
      vertex   1.063071e+02 1.459440e+01 -1.401875e+01
    endloop
  endfacet
  facet normal 0.000000e+00 -1.000000e+00 0.000000e+00
    outer loop
      vertex   1.063071e+02 1.459440e+01 -1.401875e+01
      vertex   1.062999e+02 1.459440e+01 -1.366006e+01
      vertex   1.061360e+02 1.459440e+01 -1.389441e+01
    endloop
  endfacet
  facet normal -0.000000e+00 -1.000000e+00 0.000000e+00
    outer loop
      vertex   1.063071e+02 1.459440e+01 -1.401875e+01
      vertex   1.061360e+02 1.459440e+01 -1.389441e+01
      vertex   1.061169e+02 1.459440e+01 -1.425409e+01
    endloop
  endfacet
  facet normal 0.000000e+00 -1.000000e+00 0.000000e+00
    outer loop
      vertex   1.061169e+02 1.459440e+01 -1.425409e+01
      vertex   1.061360e+02 1.459440e+01 -1.389441e+01
      vertex   1.059560e+02 1.459440e+01 -1.411672e+01
    endloop
  endfacet
  facet normal -0.000000e+00 -1.000000e+00 0.000000e+00
    outer loop
      vertex   1.061169e+02 1.459440e+01 -1.425409e+01
      vertex   1.059560e+02 1.459440e+01 -1.411672e+01
      vertex   1.059106e+02 1.459440e+01 -1.447547e+01
    endloop
  endfacet
  facet normal 0.000000e+00 -1.000000e+00 0.000000e+00
    outer loop
      vertex   1.059106e+02 1.459440e+01 -1.447547e+01
      vertex   1.059560e+02 1.459440e+01 -1.411672e+01
      vertex   1.057610e+02 1.459440e+01 -1.432591e+01
    endloop
  endfacet
  facet normal -0.000000e+00 -1.000000e+00 0.000000e+00
    outer loop
      vertex   1.059106e+02 1.459440e+01 -1.447547e+01
      vertex   1.057610e+02 1.459440e+01 -1.432591e+01
      vertex   1.055518e+02 1.459440e+01 -1.452095e+01
    endloop
  endfacet
  facet normal 0.000000e+00 -1.000000e+00 0.000000e+00
    outer loop
      vertex   1.059106e+02 1.459440e+01 -1.447547e+01
      vertex   1.055518e+02 1.459440e+01 -1.452095e+01
      vertex   1.056892e+02 1.459440e+01 -1.468180e+01
    endloop
  endfacet
  facet normal -0.000000e+00 -1.000000e+00 0.000000e+00
    outer loop
      vertex   1.056892e+02 1.459440e+01 -1.468180e+01
      vertex   1.055518e+02 1.459440e+01 -1.452095e+01
      vertex   1.053295e+02 1.459440e+01 -1.470089e+01
    endloop
  endfacet
  facet normal 0.000000e+00 -1.000000e+00 0.000000e+00
    outer loop
      vertex   1.056892e+02 1.459440e+01 -1.468180e+01
      vertex   1.053295e+02 1.459440e+01 -1.470089e+01
      vertex   1.054538e+02 1.459440e+01 -1.487204e+01
    endloop
  endfacet
  facet normal 0.000000e+00 -1.000000e+00 0.000000e+00
    outer loop
      vertex   1.054538e+02 1.459440e+01 -1.487204e+01
      vertex   1.053295e+02 1.459440e+01 -1.470089e+01
      vertex   1.050951e+02 1.459440e+01 -1.486484e+01
    endloop
  endfacet
  facet normal -0.000000e+00 -1.000000e+00 0.000000e+00
    outer loop
      vertex   1.054538e+02 1.459440e+01 -1.487204e+01
      vertex   1.050951e+02 1.459440e+01 -1.486484e+01
      vertex   1.052057e+02 1.459440e+01 -1.504525e+01
    endloop
  endfacet
  facet normal 0.000000e+00 -1.000000e+00 0.000000e+00
    outer loop
      vertex   1.052057e+02 1.459440e+01 -1.504525e+01
      vertex   1.050951e+02 1.459440e+01 -1.486484e+01
      vertex   1.048499e+02 1.459440e+01 -1.501201e+01
    endloop
  endfacet
  facet normal -0.000000e+00 -1.000000e+00 0.000000e+00
    outer loop
      vertex   1.052057e+02 1.459440e+01 -1.504525e+01
      vertex   1.048499e+02 1.459440e+01 -1.501201e+01
      vertex   1.049460e+02 1.459440e+01 -1.520059e+01
    endloop
  endfacet
  facet normal 0.000000e+00 -1.000000e+00 0.000000e+00
    outer loop
      vertex   1.049460e+02 1.459440e+01 -1.520059e+01
      vertex   1.048499e+02 1.459440e+01 -1.501201e+01
      vertex   1.045950e+02 1.459440e+01 -1.514168e+01
    endloop
  endfacet
  facet normal -0.000000e+00 -1.000000e+00 0.000000e+00
    outer loop
      vertex   1.049460e+02 1.459440e+01 -1.520059e+01
      vertex   1.045950e+02 1.459440e+01 -1.514168e+01
      vertex   1.046760e+02 1.459440e+01 -1.533727e+01
    endloop
  endfacet
  facet normal 0.000000e+00 -1.000000e+00 0.000000e+00
    outer loop
      vertex   1.046760e+02 1.459440e+01 -1.533727e+01
      vertex   1.045950e+02 1.459440e+01 -1.514168e+01
      vertex   1.043316e+02 1.459440e+01 -1.525321e+01
    endloop
  endfacet
  facet normal -0.000000e+00 -1.000000e+00 0.000000e+00
    outer loop
      vertex   1.046760e+02 1.459440e+01 -1.533727e+01
      vertex   1.043316e+02 1.459440e+01 -1.525321e+01
      vertex   1.043970e+02 1.459440e+01 -1.545463e+01
    endloop
  endfacet
  facet normal 0.000000e+00 -1.000000e+00 0.000000e+00
    outer loop
      vertex   1.043970e+02 1.459440e+01 -1.545463e+01
      vertex   1.043316e+02 1.459440e+01 -1.525321e+01
      vertex   1.040611e+02 1.459440e+01 -1.534605e+01
    endloop
  endfacet
  facet normal -0.000000e+00 -1.000000e+00 0.000000e+00
    outer loop
      vertex   1.043970e+02 1.459440e+01 -1.545463e+01
      vertex   1.040611e+02 1.459440e+01 -1.534605e+01
      vertex   1.041105e+02 1.459440e+01 -1.555208e+01
    endloop
  endfacet
  facet normal 0.000000e+00 -1.000000e+00 0.000000e+00
    outer loop
      vertex   1.041105e+02 1.459440e+01 -1.555208e+01
      vertex   1.040611e+02 1.459440e+01 -1.534605e+01
      vertex   1.037848e+02 1.459440e+01 -1.541975e+01
    endloop
  endfacet
  facet normal -0.000000e+00 -1.000000e+00 0.000000e+00
    outer loop
      vertex   1.041105e+02 1.459440e+01 -1.555208e+01
      vertex   1.037848e+02 1.459440e+01 -1.541975e+01
      vertex   1.038179e+02 1.459440e+01 -1.562913e+01
    endloop
  endfacet
  facet normal 0.000000e+00 -1.000000e+00 0.000000e+00
    outer loop
      vertex   1.038179e+02 1.459440e+01 -1.562913e+01
      vertex   1.037848e+02 1.459440e+01 -1.541975e+01
      vertex   1.035039e+02 1.459440e+01 -1.547395e+01
    endloop
  endfacet
  facet normal -0.000000e+00 -1.000000e+00 0.000000e+00
    outer loop
      vertex   1.038179e+02 1.459440e+01 -1.562913e+01
      vertex   1.035039e+02 1.459440e+01 -1.547395e+01
      vertex   1.035206e+02 1.459440e+01 -1.568542e+01
    endloop
  endfacet
  facet normal 0.000000e+00 -1.000000e+00 0.000000e+00
    outer loop
      vertex   1.035206e+02 1.459440e+01 -1.568542e+01
      vertex   1.035039e+02 1.459440e+01 -1.547395e+01
      vertex   1.032200e+02 1.459440e+01 -1.550839e+01
    endloop
  endfacet
  facet normal -0.000000e+00 -1.000000e+00 0.000000e+00
    outer loop
      vertex   1.035206e+02 1.459440e+01 -1.568542e+01
      vertex   1.032200e+02 1.459440e+01 -1.550839e+01
      vertex   1.032200e+02 1.459440e+01 -1.572065e+01
    endloop
  endfacet
  facet normal -9.885196e-01 -1.036759e-01 1.099108e-01
    outer loop
      vertex   1.074065e+02 1.434440e+01 -1.178491e+01
      vertex   1.074014e+02 1.439319e+01 -1.178491e+01
      vertex   1.073726e+02 1.434440e+01 -1.208995e+01
    endloop
  endfacet
  facet normal -9.848932e-01 -1.304708e-01 1.138545e-01
    outer loop
      vertex   1.073726e+02 1.434440e+01 -1.208995e+01
      vertex   1.074014e+02 1.439319e+01 -1.178491e+01
      vertex   1.073642e+02 1.440910e+01 -1.208872e+01
    endloop
  endfacet
  facet normal -9.757543e-01 -1.304532e-01 1.757426e-01
    outer loop
      vertex   1.073726e+02 1.434440e+01 -1.208995e+01
      vertex   1.073642e+02 1.440910e+01 -1.208872e+01
      vertex   1.073182e+02 1.434440e+01 -1.239200e+01
    endloop
  endfacet
  facet normal -9.757543e-01 -1.304532e-01 1.757426e-01
    outer loop
      vertex   1.073182e+02 1.434440e+01 -1.239200e+01
      vertex   1.073642e+02 1.440910e+01 -1.208872e+01
      vertex   1.073099e+02 1.440910e+01 -1.239021e+01
    endloop
  endfacet
  facet normal -9.616867e-01 -1.304532e-01 2.411237e-01
    outer loop
      vertex   1.073182e+02 1.434440e+01 -1.239200e+01
      vertex   1.073099e+02 1.440910e+01 -1.239021e+01
      vertex   1.072436e+02 1.434440e+01 -1.268970e+01
    endloop
  endfacet
  facet normal -9.616867e-01 -1.304532e-01 2.411237e-01
    outer loop
      vertex   1.072436e+02 1.434440e+01 -1.268970e+01
      vertex   1.073099e+02 1.440910e+01 -1.239021e+01
      vertex   1.072354e+02 1.440910e+01 -1.268736e+01
    endloop
  endfacet
  facet normal -9.432434e-01 -1.304532e-01 3.054076e-01
    outer loop
      vertex   1.072436e+02 1.434440e+01 -1.268970e+01
      vertex   1.072354e+02 1.440910e+01 -1.268736e+01
      vertex   1.071490e+02 1.434440e+01 -1.298169e+01
    endloop
  endfacet
  facet normal -9.432434e-01 -1.304532e-01 3.054076e-01
    outer loop
      vertex   1.071490e+02 1.434440e+01 -1.298169e+01
      vertex   1.072354e+02 1.440910e+01 -1.268736e+01
      vertex   1.071410e+02 1.440910e+01 -1.297880e+01
    endloop
  endfacet
  facet normal -9.205084e-01 -1.304532e-01 3.683020e-01
    outer loop
      vertex   1.071490e+02 1.434440e+01 -1.298169e+01
      vertex   1.071410e+02 1.440910e+01 -1.297880e+01
      vertex   1.070350e+02 1.434440e+01 -1.326665e+01
    endloop
  endfacet
  facet normal -9.205084e-01 -1.304532e-01 3.683020e-01
    outer loop
      vertex   1.070350e+02 1.434440e+01 -1.326665e+01
      vertex   1.071410e+02 1.440910e+01 -1.297880e+01
      vertex   1.070272e+02 1.440910e+01 -1.326322e+01
    endloop
  endfacet
  facet normal -8.935850e-01 -1.304532e-01 4.295205e-01
    outer loop
      vertex   1.070350e+02 1.434440e+01 -1.326665e+01
      vertex   1.070272e+02 1.440910e+01 -1.326322e+01
      vertex   1.069020e+02 1.434440e+01 -1.354327e+01
    endloop
  endfacet
  facet normal -8.935850e-01 -1.304532e-01 4.295205e-01
    outer loop
      vertex   1.069020e+02 1.434440e+01 -1.354327e+01
      vertex   1.070272e+02 1.440910e+01 -1.326322e+01
      vertex   1.068945e+02 1.440910e+01 -1.353932e+01
    endloop
  endfacet
  facet normal -8.625958e-01 -1.304532e-01 4.887847e-01
    outer loop
      vertex   1.069020e+02 1.434440e+01 -1.354327e+01
      vertex   1.068945e+02 1.440910e+01 -1.353932e+01
      vertex   1.067507e+02 1.434440e+01 -1.381029e+01
    endloop
  endfacet
  facet normal -8.625958e-01 -1.304532e-01 4.887847e-01
    outer loop
      vertex   1.067507e+02 1.434440e+01 -1.381029e+01
      vertex   1.068945e+02 1.440910e+01 -1.353932e+01
      vertex   1.067435e+02 1.440910e+01 -1.380584e+01
    endloop
  endfacet
  facet normal -8.276817e-01 -1.304532e-01 5.458250e-01
    outer loop
      vertex   1.067507e+02 1.434440e+01 -1.381029e+01
      vertex   1.067435e+02 1.440910e+01 -1.380584e+01
      vertex   1.065818e+02 1.434440e+01 -1.406651e+01
    endloop
  endfacet
  facet normal -8.276817e-01 -1.304532e-01 5.458250e-01
    outer loop
      vertex   1.065818e+02 1.434440e+01 -1.406651e+01
      vertex   1.067435e+02 1.440910e+01 -1.380584e+01
      vertex   1.065748e+02 1.440910e+01 -1.406158e+01
    endloop
  endfacet
  facet normal -7.890017e-01 -1.304532e-01 6.003817e-01
    outer loop
      vertex   1.065818e+02 1.434440e+01 -1.406651e+01
      vertex   1.065748e+02 1.440910e+01 -1.406158e+01
      vertex   1.063959e+02 1.434440e+01 -1.431075e+01
    endloop
  endfacet
  facet normal -7.890017e-01 -1.304532e-01 6.003817e-01
    outer loop
      vertex   1.063959e+02 1.434440e+01 -1.431075e+01
      vertex   1.065748e+02 1.440910e+01 -1.406158e+01
      vertex   1.063893e+02 1.440910e+01 -1.430537e+01
    endloop
  endfacet
  facet normal -7.467318e-01 -1.304532e-01 6.522067e-01
    outer loop
      vertex   1.063959e+02 1.434440e+01 -1.431075e+01
      vertex   1.063893e+02 1.440910e+01 -1.430537e+01
      vertex   1.061940e+02 1.434440e+01 -1.454191e+01
    endloop
  endfacet
  facet normal -7.467318e-01 -1.304532e-01 6.522067e-01
    outer loop
      vertex   1.061940e+02 1.434440e+01 -1.454191e+01
      vertex   1.063893e+02 1.440910e+01 -1.430537e+01
      vertex   1.061878e+02 1.440910e+01 -1.453609e+01
    endloop
  endfacet
  facet normal -7.010642e-01 -1.304532e-01 7.010642e-01
    outer loop
      vertex   1.061940e+02 1.434440e+01 -1.454191e+01
      vertex   1.061878e+02 1.440910e+01 -1.453609e+01
      vertex   1.059770e+02 1.434440e+01 -1.475893e+01
    endloop
  endfacet
  facet normal -7.010642e-01 -1.304532e-01 7.010642e-01
    outer loop
      vertex   1.059770e+02 1.434440e+01 -1.475893e+01
      vertex   1.061878e+02 1.440910e+01 -1.453609e+01
      vertex   1.059712e+02 1.440910e+01 -1.475271e+01
    endloop
  endfacet
  facet normal -6.522067e-01 -1.304532e-01 7.467318e-01
    outer loop
      vertex   1.059770e+02 1.434440e+01 -1.475893e+01
      vertex   1.059712e+02 1.440910e+01 -1.475271e+01
      vertex   1.057458e+02 1.434440e+01 -1.496083e+01
    endloop
  endfacet
  facet normal -6.522067e-01 -1.304532e-01 7.467318e-01
    outer loop
      vertex   1.057458e+02 1.434440e+01 -1.496083e+01
      vertex   1.059712e+02 1.440910e+01 -1.475271e+01
      vertex   1.057405e+02 1.440910e+01 -1.495423e+01
    endloop
  endfacet
  facet normal -6.003817e-01 -1.304532e-01 7.890017e-01
    outer loop
      vertex   1.057458e+02 1.434440e+01 -1.496083e+01
      vertex   1.057405e+02 1.440910e+01 -1.495423e+01
      vertex   1.055016e+02 1.434440e+01 -1.514668e+01
    endloop
  endfacet
  facet normal -6.003817e-01 -1.304532e-01 7.890017e-01
    outer loop
      vertex   1.055016e+02 1.434440e+01 -1.514668e+01
      vertex   1.057405e+02 1.440910e+01 -1.495423e+01
      vertex   1.054967e+02 1.440910e+01 -1.513973e+01
    endloop
  endfacet
  facet normal -5.458250e-01 -1.304532e-01 8.276817e-01
    outer loop
      vertex   1.055016e+02 1.434440e+01 -1.514668e+01
      vertex   1.054967e+02 1.440910e+01 -1.513973e+01
      vertex   1.052454e+02 1.434440e+01 -1.531565e+01
    endloop
  endfacet
  facet normal -5.458250e-01 -1.304532e-01 8.276817e-01
    outer loop
      vertex   1.052454e+02 1.434440e+01 -1.531565e+01
      vertex   1.054967e+02 1.440910e+01 -1.513973e+01
      vertex   1.052409e+02 1.440910e+01 -1.530838e+01
    endloop
  endfacet
  facet normal -4.887847e-01 -1.304532e-01 8.625958e-01
    outer loop
      vertex   1.052454e+02 1.434440e+01 -1.531565e+01
      vertex   1.052409e+02 1.440910e+01 -1.530838e+01
      vertex   1.049784e+02 1.434440e+01 -1.546696e+01
    endloop
  endfacet
  facet normal -4.887847e-01 -1.304532e-01 8.625958e-01
    outer loop
      vertex   1.049784e+02 1.434440e+01 -1.546696e+01
      vertex   1.052409e+02 1.440910e+01 -1.530838e+01
      vertex   1.049744e+02 1.440910e+01 -1.545941e+01
    endloop
  endfacet
  facet normal -4.295205e-01 -1.304532e-01 8.935850e-01
    outer loop
      vertex   1.049784e+02 1.434440e+01 -1.546696e+01
      vertex   1.049744e+02 1.440910e+01 -1.545941e+01
      vertex   1.047017e+02 1.434440e+01 -1.559992e+01
    endloop
  endfacet
  facet normal -4.295205e-01 -1.304532e-01 8.935850e-01
    outer loop
      vertex   1.047017e+02 1.434440e+01 -1.559992e+01
      vertex   1.049744e+02 1.440910e+01 -1.545941e+01
      vertex   1.046983e+02 1.440910e+01 -1.559212e+01
    endloop
  endfacet
  facet normal -3.683020e-01 -1.304532e-01 9.205084e-01
    outer loop
      vertex   1.047017e+02 1.434440e+01 -1.559992e+01
      vertex   1.046983e+02 1.440910e+01 -1.559212e+01
      vertex   1.044168e+02 1.434440e+01 -1.571393e+01
    endloop
  endfacet
  facet normal -3.683020e-01 -1.304532e-01 9.205084e-01
    outer loop
      vertex   1.044168e+02 1.434440e+01 -1.571393e+01
      vertex   1.046983e+02 1.440910e+01 -1.559212e+01
      vertex   1.044139e+02 1.440910e+01 -1.570592e+01
    endloop
  endfacet
  facet normal -3.054076e-01 -1.304532e-01 9.432434e-01
    outer loop
      vertex   1.044168e+02 1.434440e+01 -1.571393e+01
      vertex   1.044139e+02 1.440910e+01 -1.570592e+01
      vertex   1.041248e+02 1.434440e+01 -1.580847e+01
    endloop
  endfacet
  facet normal -3.054076e-01 -1.304532e-01 9.432434e-01
    outer loop
      vertex   1.041248e+02 1.434440e+01 -1.580847e+01
      vertex   1.044139e+02 1.440910e+01 -1.570592e+01
      vertex   1.041224e+02 1.440910e+01 -1.580028e+01
    endloop
  endfacet
  facet normal -2.411237e-01 -1.304532e-01 9.616867e-01
    outer loop
      vertex   1.041248e+02 1.434440e+01 -1.580847e+01
      vertex   1.041224e+02 1.440910e+01 -1.580028e+01
      vertex   1.038271e+02 1.434440e+01 -1.588311e+01
    endloop
  endfacet
  facet normal -2.411237e-01 -1.304532e-01 9.616867e-01
    outer loop
      vertex   1.038271e+02 1.434440e+01 -1.588311e+01
      vertex   1.041224e+02 1.440910e+01 -1.580028e+01
      vertex   1.038253e+02 1.440910e+01 -1.587479e+01
    endloop
  endfacet
  facet normal -1.757426e-01 -1.304532e-01 9.757543e-01
    outer loop
      vertex   1.038271e+02 1.434440e+01 -1.588311e+01
      vertex   1.038253e+02 1.440910e+01 -1.587479e+01
      vertex   1.035250e+02 1.434440e+01 -1.593752e+01
    endloop
  endfacet
  facet normal -1.757426e-01 -1.304532e-01 9.757543e-01
    outer loop
      vertex   1.035250e+02 1.434440e+01 -1.593752e+01
      vertex   1.038253e+02 1.440910e+01 -1.587479e+01
      vertex   1.035238e+02 1.440910e+01 -1.592909e+01
    endloop
  endfacet
  facet normal -1.138545e-01 -1.304708e-01 9.848932e-01
    outer loop
      vertex   1.035250e+02 1.434440e+01 -1.593752e+01
      vertex   1.035238e+02 1.440910e+01 -1.592909e+01
      vertex   1.032200e+02 1.439319e+01 -1.596632e+01
    endloop
  endfacet
  facet normal -1.019219e-01 -2.843540e-01 9.532863e-01
    outer loop
      vertex   1.032200e+02 1.439319e+01 -1.596632e+01
      vertex   1.035238e+02 1.440910e+01 -1.592909e+01
      vertex   1.032200e+02 1.444019e+01 -1.595230e+01
    endloop
  endfacet
  facet normal -1.092322e-01 -3.825733e-01 9.174453e-01
    outer loop
      vertex   1.032200e+02 1.444019e+01 -1.595230e+01
      vertex   1.035238e+02 1.440910e+01 -1.592909e+01
      vertex   1.035202e+02 1.446940e+01 -1.590437e+01
    endloop
  endfacet
  facet normal -9.325661e-02 -4.761432e-01 8.744089e-01
    outer loop
      vertex   1.032200e+02 1.444019e+01 -1.595230e+01
      vertex   1.035202e+02 1.446940e+01 -1.590437e+01
      vertex   1.032200e+02 1.448329e+01 -1.592883e+01
    endloop
  endfacet
  facet normal -9.235349e-02 -6.086133e-01 7.880741e-01
    outer loop
      vertex   1.032200e+02 1.448329e+01 -1.592883e+01
      vertex   1.035202e+02 1.446940e+01 -1.590437e+01
      vertex   1.035145e+02 1.452118e+01 -1.586506e+01
    endloop
  endfacet
  facet normal -8.631340e-02 -6.292176e-01 7.724217e-01
    outer loop
      vertex   1.032200e+02 1.448329e+01 -1.592883e+01
      vertex   1.035145e+02 1.452118e+01 -1.586506e+01
      vertex   1.032200e+02 1.452130e+01 -1.589786e+01
    endloop
  endfacet
  facet normal -7.012625e-02 -7.762343e-01 6.265323e-01
    outer loop
      vertex   1.032200e+02 1.452130e+01 -1.589786e+01
      vertex   1.035145e+02 1.452118e+01 -1.586506e+01
      vertex   1.032200e+02 1.455214e+01 -1.585966e+01
    endloop
  endfacet
  facet normal -7.231807e-02 -7.932584e-01 6.045753e-01
    outer loop
      vertex   1.032200e+02 1.455214e+01 -1.585966e+01
      vertex   1.035145e+02 1.452118e+01 -1.586506e+01
      vertex   1.035070e+02 1.456091e+01 -1.581382e+01
    endloop
  endfacet
  facet normal -4.888801e-02 -8.790154e-01 4.742804e-01
    outer loop
      vertex   1.032200e+02 1.455214e+01 -1.585966e+01
      vertex   1.035070e+02 1.456091e+01 -1.581382e+01
      vertex   1.032200e+02 1.457542e+01 -1.581651e+01
    endloop
  endfacet
  facet normal -5.026713e-02 -9.238686e-01 3.793944e-01
    outer loop
      vertex   1.032200e+02 1.457542e+01 -1.581651e+01
      vertex   1.035070e+02 1.456091e+01 -1.581382e+01
      vertex   1.034984e+02 1.458588e+01 -1.575415e+01
    endloop
  endfacet
  facet normal -2.743010e-02 -9.586440e-01 2.832831e-01
    outer loop
      vertex   1.032200e+02 1.457542e+01 -1.581651e+01
      vertex   1.034984e+02 1.458588e+01 -1.575415e+01
      vertex   1.032200e+02 1.458933e+01 -1.576944e+01
    endloop
  endfacet
  facet normal -1.936937e-02 -9.914387e-01 1.291283e-01
    outer loop
      vertex   1.032200e+02 1.458933e+01 -1.576944e+01
      vertex   1.034984e+02 1.458588e+01 -1.575415e+01
      vertex   1.035206e+02 1.459440e+01 -1.568542e+01
    endloop
  endfacet
  facet normal -1.211687e-02 -9.945687e-01 1.033743e-01
    outer loop
      vertex   1.032200e+02 1.458933e+01 -1.576944e+01
      vertex   1.035206e+02 1.459440e+01 -1.568542e+01
      vertex   1.032200e+02 1.459440e+01 -1.572065e+01
    endloop
  endfacet
  facet normal -9.532863e-01 -2.843540e-01 1.019219e-01
    outer loop
      vertex   1.074014e+02 1.439319e+01 -1.178491e+01
      vertex   1.073874e+02 1.444019e+01 -1.178491e+01
      vertex   1.073642e+02 1.440910e+01 -1.208872e+01
    endloop
  endfacet
  facet normal -9.174453e-01 -3.825733e-01 1.092322e-01
    outer loop
      vertex   1.073642e+02 1.440910e+01 -1.208872e+01
      vertex   1.073874e+02 1.444019e+01 -1.178491e+01
      vertex   1.073395e+02 1.446940e+01 -1.208513e+01
    endloop
  endfacet
  facet normal -9.093252e-01 -3.824976e-01 1.637781e-01
    outer loop
      vertex   1.073642e+02 1.440910e+01 -1.208872e+01
      vertex   1.073395e+02 1.446940e+01 -1.208513e+01
      vertex   1.073099e+02 1.440910e+01 -1.239021e+01
    endloop
  endfacet
  facet normal -9.093252e-01 -3.824976e-01 1.637781e-01
    outer loop
      vertex   1.073099e+02 1.440910e+01 -1.239021e+01
      vertex   1.073395e+02 1.446940e+01 -1.208513e+01
      vertex   1.072855e+02 1.446940e+01 -1.238496e+01
    endloop
  endfacet
  facet normal -8.962153e-01 -3.824976e-01 2.247080e-01
    outer loop
      vertex   1.073099e+02 1.440910e+01 -1.239021e+01
      vertex   1.072855e+02 1.446940e+01 -1.238496e+01
      vertex   1.072354e+02 1.440910e+01 -1.268736e+01
    endloop
  endfacet
  facet normal -8.962153e-01 -3.824976e-01 2.247080e-01
    outer loop
      vertex   1.072354e+02 1.440910e+01 -1.268736e+01
      vertex   1.072855e+02 1.446940e+01 -1.238496e+01
      vertex   1.072114e+02 1.446940e+01 -1.268047e+01
    endloop
  endfacet
  facet normal -8.790276e-01 -3.824976e-01 2.846155e-01
    outer loop
      vertex   1.072354e+02 1.440910e+01 -1.268736e+01
      vertex   1.072114e+02 1.446940e+01 -1.268047e+01
      vertex   1.071410e+02 1.440910e+01 -1.297880e+01
    endloop
  endfacet
  facet normal -8.790276e-01 -3.824976e-01 2.846155e-01
    outer loop
      vertex   1.071410e+02 1.440910e+01 -1.297880e+01
      vertex   1.072114e+02 1.446940e+01 -1.268047e+01
      vertex   1.071175e+02 1.446940e+01 -1.297031e+01
    endloop
  endfacet
  facet normal -8.578404e-01 -3.824976e-01 3.432280e-01
    outer loop
      vertex   1.071410e+02 1.440910e+01 -1.297880e+01
      vertex   1.071175e+02 1.446940e+01 -1.297031e+01
      vertex   1.070272e+02 1.440910e+01 -1.326322e+01
    endloop
  endfacet
  facet normal -8.578404e-01 -3.824976e-01 3.432280e-01
    outer loop
      vertex   1.070272e+02 1.440910e+01 -1.326322e+01
      vertex   1.071175e+02 1.446940e+01 -1.297031e+01
      vertex   1.070043e+02 1.446940e+01 -1.325316e+01
    endloop
  endfacet
  facet normal -8.327499e-01 -3.824976e-01 4.002789e-01
    outer loop
      vertex   1.070272e+02 1.440910e+01 -1.326322e+01
      vertex   1.070043e+02 1.446940e+01 -1.325316e+01
      vertex   1.068945e+02 1.440910e+01 -1.353932e+01
    endloop
  endfacet
  facet normal -8.327499e-01 -3.824976e-01 4.002789e-01
    outer loop
      vertex   1.068945e+02 1.440910e+01 -1.353932e+01
      vertex   1.070043e+02 1.446940e+01 -1.325316e+01
      vertex   1.068724e+02 1.446940e+01 -1.352775e+01
    endloop
  endfacet
  facet normal -8.038705e-01 -3.824976e-01 4.555084e-01
    outer loop
      vertex   1.068945e+02 1.440910e+01 -1.353932e+01
      vertex   1.068724e+02 1.446940e+01 -1.352775e+01
      vertex   1.067435e+02 1.440910e+01 -1.380584e+01
    endloop
  endfacet
  facet normal -8.038705e-01 -3.824976e-01 4.555084e-01
    outer loop
      vertex   1.067435e+02 1.440910e+01 -1.380584e+01
      vertex   1.068724e+02 1.446940e+01 -1.352775e+01
      vertex   1.067222e+02 1.446940e+01 -1.379281e+01
    endloop
  endfacet
  facet normal -7.713334e-01 -3.824976e-01 5.086654e-01
    outer loop
      vertex   1.067435e+02 1.440910e+01 -1.380584e+01
      vertex   1.067222e+02 1.446940e+01 -1.379281e+01
      vertex   1.065748e+02 1.440910e+01 -1.406158e+01
    endloop
  endfacet
  facet normal -7.713334e-01 -3.824976e-01 5.086654e-01
    outer loop
      vertex   1.065748e+02 1.440910e+01 -1.406158e+01
      vertex   1.067222e+02 1.446940e+01 -1.379281e+01
      vertex   1.065544e+02 1.446940e+01 -1.404714e+01
    endloop
  endfacet
  facet normal -7.352867e-01 -3.824976e-01 5.595079e-01
    outer loop
      vertex   1.065748e+02 1.440910e+01 -1.406158e+01
      vertex   1.065544e+02 1.446940e+01 -1.404714e+01
      vertex   1.063893e+02 1.440910e+01 -1.430537e+01
    endloop
  endfacet
  facet normal -7.352867e-01 -3.824976e-01 5.595079e-01
    outer loop
      vertex   1.063893e+02 1.440910e+01 -1.430537e+01
      vertex   1.065544e+02 1.446940e+01 -1.404714e+01
      vertex   1.063700e+02 1.446940e+01 -1.428958e+01
    endloop
  endfacet
  facet normal -6.958945e-01 -3.824976e-01 6.078047e-01
    outer loop
      vertex   1.063893e+02 1.440910e+01 -1.430537e+01
      vertex   1.063700e+02 1.446940e+01 -1.428958e+01
      vertex   1.061878e+02 1.440910e+01 -1.453609e+01
    endloop
  endfacet
  facet normal -6.958945e-01 -3.824976e-01 6.078047e-01
    outer loop
      vertex   1.061878e+02 1.440910e+01 -1.453609e+01
      vertex   1.063700e+02 1.446940e+01 -1.428958e+01
      vertex   1.061695e+02 1.446940e+01 -1.451904e+01
    endloop
  endfacet
  facet normal -6.533359e-01 -3.824976e-01 6.533359e-01
    outer loop
      vertex   1.061878e+02 1.440910e+01 -1.453609e+01
      vertex   1.061695e+02 1.446940e+01 -1.451904e+01
      vertex   1.059712e+02 1.440910e+01 -1.475271e+01
    endloop
  endfacet
  facet normal -6.533359e-01 -3.824976e-01 6.533359e-01
    outer loop
      vertex   1.059712e+02 1.440910e+01 -1.475271e+01
      vertex   1.061695e+02 1.446940e+01 -1.451904e+01
      vertex   1.059541e+02 1.446940e+01 -1.473446e+01
    endloop
  endfacet
  facet normal -6.078047e-01 -3.824976e-01 6.958945e-01
    outer loop
      vertex   1.059712e+02 1.440910e+01 -1.475271e+01
      vertex   1.059541e+02 1.446940e+01 -1.473446e+01
      vertex   1.057405e+02 1.440910e+01 -1.495423e+01
    endloop
  endfacet
  facet normal -6.078047e-01 -3.824976e-01 6.958945e-01
    outer loop
      vertex   1.057405e+02 1.440910e+01 -1.495423e+01
      vertex   1.059541e+02 1.446940e+01 -1.473446e+01
      vertex   1.057247e+02 1.446940e+01 -1.493487e+01
    endloop
  endfacet
  facet normal -5.595079e-01 -3.824976e-01 7.352867e-01
    outer loop
      vertex   1.057405e+02 1.440910e+01 -1.495423e+01
      vertex   1.057247e+02 1.446940e+01 -1.493487e+01
      vertex   1.054967e+02 1.440910e+01 -1.513973e+01
    endloop
  endfacet
  facet normal -5.595079e-01 -3.824976e-01 7.352867e-01
    outer loop
      vertex   1.054967e+02 1.440910e+01 -1.513973e+01
      vertex   1.057247e+02 1.446940e+01 -1.493487e+01
      vertex   1.054822e+02 1.446940e+01 -1.511936e+01
    endloop
  endfacet
  facet normal -5.086654e-01 -3.824976e-01 7.713334e-01
    outer loop
      vertex   1.054967e+02 1.440910e+01 -1.513973e+01
      vertex   1.054822e+02 1.446940e+01 -1.511936e+01
      vertex   1.052409e+02 1.440910e+01 -1.530838e+01
    endloop
  endfacet
  facet normal -5.086654e-01 -3.824976e-01 7.713334e-01
    outer loop
      vertex   1.052409e+02 1.440910e+01 -1.530838e+01
      vertex   1.054822e+02 1.446940e+01 -1.511936e+01
      vertex   1.052279e+02 1.446940e+01 -1.528708e+01
    endloop
  endfacet
  facet normal -4.555084e-01 -3.824976e-01 8.038705e-01
    outer loop
      vertex   1.052409e+02 1.440910e+01 -1.530838e+01
      vertex   1.052279e+02 1.446940e+01 -1.528708e+01
      vertex   1.049744e+02 1.440910e+01 -1.545941e+01
    endloop
  endfacet
  facet normal -4.555084e-01 -3.824976e-01 8.038705e-01
    outer loop
      vertex   1.049744e+02 1.440910e+01 -1.545941e+01
      vertex   1.052279e+02 1.446940e+01 -1.528708e+01
      vertex   1.049628e+02 1.446940e+01 -1.543728e+01
    endloop
  endfacet
  facet normal -4.002789e-01 -3.824976e-01 8.327499e-01
    outer loop
      vertex   1.049744e+02 1.440910e+01 -1.545941e+01
      vertex   1.049628e+02 1.446940e+01 -1.543728e+01
      vertex   1.046983e+02 1.440910e+01 -1.559212e+01
    endloop
  endfacet
  facet normal -4.002789e-01 -3.824976e-01 8.327499e-01
    outer loop
      vertex   1.046983e+02 1.440910e+01 -1.559212e+01
      vertex   1.049628e+02 1.446940e+01 -1.543728e+01
      vertex   1.046882e+02 1.446940e+01 -1.556926e+01
    endloop
  endfacet
  facet normal -3.432280e-01 -3.824976e-01 8.578404e-01
    outer loop
      vertex   1.046983e+02 1.440910e+01 -1.559212e+01
      vertex   1.046882e+02 1.446940e+01 -1.556926e+01
      vertex   1.044139e+02 1.440910e+01 -1.570592e+01
    endloop
  endfacet
  facet normal -3.432280e-01 -3.824976e-01 8.578404e-01
    outer loop
      vertex   1.044139e+02 1.440910e+01 -1.570592e+01
      vertex   1.046882e+02 1.446940e+01 -1.556926e+01
      vertex   1.044054e+02 1.446940e+01 -1.568243e+01
    endloop
  endfacet
  facet normal -2.846155e-01 -3.824976e-01 8.790276e-01
    outer loop
      vertex   1.044139e+02 1.440910e+01 -1.570592e+01
      vertex   1.044054e+02 1.446940e+01 -1.568243e+01
      vertex   1.041224e+02 1.440910e+01 -1.580028e+01
    endloop
  endfacet
  facet normal -2.846155e-01 -3.824976e-01 8.790276e-01
    outer loop
      vertex   1.041224e+02 1.440910e+01 -1.580028e+01
      vertex   1.044054e+02 1.446940e+01 -1.568243e+01
      vertex   1.041156e+02 1.446940e+01 -1.577628e+01
    endloop
  endfacet
  facet normal -2.247080e-01 -3.824976e-01 8.962153e-01
    outer loop
      vertex   1.041224e+02 1.440910e+01 -1.580028e+01
      vertex   1.041156e+02 1.446940e+01 -1.577628e+01
      vertex   1.038253e+02 1.440910e+01 -1.587479e+01
    endloop
  endfacet
  facet normal -2.247080e-01 -3.824976e-01 8.962153e-01
    outer loop
      vertex   1.038253e+02 1.440910e+01 -1.587479e+01
      vertex   1.041156e+02 1.446940e+01 -1.577628e+01
      vertex   1.038200e+02 1.446940e+01 -1.585037e+01
    endloop
  endfacet
  facet normal -1.637781e-01 -3.824976e-01 9.093252e-01
    outer loop
      vertex   1.038253e+02 1.440910e+01 -1.587479e+01
      vertex   1.038200e+02 1.446940e+01 -1.585037e+01
      vertex   1.035238e+02 1.440910e+01 -1.592909e+01
    endloop
  endfacet
  facet normal -1.637781e-01 -3.824976e-01 9.093252e-01
    outer loop
      vertex   1.035238e+02 1.440910e+01 -1.592909e+01
      vertex   1.038200e+02 1.446940e+01 -1.585037e+01
      vertex   1.035202e+02 1.446940e+01 -1.590437e+01
    endloop
  endfacet
  facet normal -8.744089e-01 -4.761432e-01 9.325661e-02
    outer loop
      vertex   1.073874e+02 1.444019e+01 -1.178491e+01
      vertex   1.073639e+02 1.448329e+01 -1.178491e+01
      vertex   1.073395e+02 1.446940e+01 -1.208513e+01
    endloop
  endfacet
  facet normal -7.880741e-01 -6.086133e-01 9.235349e-02
    outer loop
      vertex   1.073395e+02 1.446940e+01 -1.208513e+01
      vertex   1.073639e+02 1.448329e+01 -1.178491e+01
      vertex   1.073001e+02 1.452118e+01 -1.207941e+01
    endloop
  endfacet
  facet normal -7.809548e-01 -6.085434e-01 1.406574e-01
    outer loop
      vertex   1.073395e+02 1.446940e+01 -1.208513e+01
      vertex   1.073001e+02 1.452118e+01 -1.207941e+01
      vertex   1.072855e+02 1.446940e+01 -1.238496e+01
    endloop
  endfacet
  facet normal -7.809548e-01 -6.085434e-01 1.406574e-01
    outer loop
      vertex   1.072855e+02 1.446940e+01 -1.238496e+01
      vertex   1.073001e+02 1.452118e+01 -1.207941e+01
      vertex   1.072466e+02 1.452118e+01 -1.237660e+01
    endloop
  endfacet
  facet normal -7.696957e-01 -6.085434e-01 1.929858e-01
    outer loop
      vertex   1.072855e+02 1.446940e+01 -1.238496e+01
      vertex   1.072466e+02 1.452118e+01 -1.237660e+01
      vertex   1.072114e+02 1.446940e+01 -1.268047e+01
    endloop
  endfacet
  facet normal -7.696957e-01 -6.085434e-01 1.929858e-01
    outer loop
      vertex   1.072114e+02 1.446940e+01 -1.268047e+01
      vertex   1.072466e+02 1.452118e+01 -1.237660e+01
      vertex   1.071732e+02 1.452118e+01 -1.266951e+01
    endloop
  endfacet
  facet normal -7.549344e-01 -6.085434e-01 2.444361e-01
    outer loop
      vertex   1.072114e+02 1.446940e+01 -1.268047e+01
      vertex   1.071732e+02 1.452118e+01 -1.266951e+01
      vertex   1.071175e+02 1.446940e+01 -1.297031e+01
    endloop
  endfacet
  facet normal -7.549344e-01 -6.085434e-01 2.444361e-01
    outer loop
      vertex   1.071175e+02 1.446940e+01 -1.297031e+01
      vertex   1.071732e+02 1.452118e+01 -1.266951e+01
      vertex   1.070802e+02 1.452118e+01 -1.295680e+01
    endloop
  endfacet
  facet normal -7.367382e-01 -6.085434e-01 2.947742e-01
    outer loop
      vertex   1.071175e+02 1.446940e+01 -1.297031e+01
      vertex   1.070802e+02 1.452118e+01 -1.295680e+01
      vertex   1.070043e+02 1.446940e+01 -1.325316e+01
    endloop
  endfacet
  facet normal -7.367382e-01 -6.085434e-01 2.947742e-01
    outer loop
      vertex   1.070043e+02 1.446940e+01 -1.325316e+01
      vertex   1.070802e+02 1.452118e+01 -1.295680e+01
      vertex   1.069680e+02 1.452118e+01 -1.323717e+01
    endloop
  endfacet
  facet normal -7.151898e-01 -6.085434e-01 3.437711e-01
    outer loop
      vertex   1.070043e+02 1.446940e+01 -1.325316e+01
      vertex   1.069680e+02 1.452118e+01 -1.323717e+01
      vertex   1.068724e+02 1.446940e+01 -1.352775e+01
    endloop
  endfacet
  facet normal -7.151898e-01 -6.085434e-01 3.437711e-01
    outer loop
      vertex   1.068724e+02 1.446940e+01 -1.352775e+01
      vertex   1.069680e+02 1.452118e+01 -1.323717e+01
      vertex   1.068372e+02 1.452118e+01 -1.350934e+01
    endloop
  endfacet
  facet normal -6.903872e-01 -6.085434e-01 3.912038e-01
    outer loop
      vertex   1.068724e+02 1.446940e+01 -1.352775e+01
      vertex   1.068372e+02 1.452118e+01 -1.350934e+01
      vertex   1.067222e+02 1.446940e+01 -1.379281e+01
    endloop
  endfacet
  facet normal -6.903872e-01 -6.085434e-01 3.912038e-01
    outer loop
      vertex   1.067222e+02 1.446940e+01 -1.379281e+01
      vertex   1.068372e+02 1.452118e+01 -1.350934e+01
      vertex   1.066883e+02 1.452118e+01 -1.377206e+01
    endloop
  endfacet
  facet normal -6.624434e-01 -6.085434e-01 4.368565e-01
    outer loop
      vertex   1.067222e+02 1.446940e+01 -1.379281e+01
      vertex   1.066883e+02 1.452118e+01 -1.377206e+01
      vertex   1.065544e+02 1.446940e+01 -1.404714e+01
    endloop
  endfacet
  facet normal -6.624434e-01 -6.085434e-01 4.368565e-01
    outer loop
      vertex   1.065544e+02 1.446940e+01 -1.404714e+01
      vertex   1.066883e+02 1.452118e+01 -1.377206e+01
      vertex   1.065220e+02 1.452118e+01 -1.402416e+01
    endloop
  endfacet
  facet normal -6.314855e-01 -6.085434e-01 4.805216e-01
    outer loop
      vertex   1.065544e+02 1.446940e+01 -1.404714e+01
      vertex   1.065220e+02 1.452118e+01 -1.402416e+01
      vertex   1.063700e+02 1.446940e+01 -1.428958e+01
    endloop
  endfacet
  facet normal -6.314855e-01 -6.085434e-01 4.805216e-01
    outer loop
      vertex   1.063700e+02 1.446940e+01 -1.428958e+01
      vertex   1.065220e+02 1.452118e+01 -1.402416e+01
      vertex   1.063392e+02 1.452118e+01 -1.426447e+01
    endloop
  endfacet
  facet normal -5.976543e-01 -6.085434e-01 5.220003e-01
    outer loop
      vertex   1.063700e+02 1.446940e+01 -1.428958e+01
      vertex   1.063392e+02 1.452118e+01 -1.426447e+01
      vertex   1.061695e+02 1.446940e+01 -1.451904e+01
    endloop
  endfacet
  facet normal -5.976543e-01 -6.085434e-01 5.220003e-01
    outer loop
      vertex   1.061695e+02 1.446940e+01 -1.451904e+01
      vertex   1.063392e+02 1.452118e+01 -1.426447e+01
      vertex   1.061405e+02 1.452118e+01 -1.449191e+01
    endloop
  endfacet
  facet normal -5.611038e-01 -6.085434e-01 5.611038e-01
    outer loop
      vertex   1.061695e+02 1.446940e+01 -1.451904e+01
      vertex   1.061405e+02 1.452118e+01 -1.449191e+01
      vertex   1.059541e+02 1.446940e+01 -1.473446e+01
    endloop
  endfacet
  facet normal -5.611038e-01 -6.085434e-01 5.611038e-01
    outer loop
      vertex   1.059541e+02 1.446940e+01 -1.473446e+01
      vertex   1.061405e+02 1.452118e+01 -1.449191e+01
      vertex   1.059270e+02 1.452118e+01 -1.470544e+01
    endloop
  endfacet
  facet normal -5.220003e-01 -6.085434e-01 5.976543e-01
    outer loop
      vertex   1.059541e+02 1.446940e+01 -1.473446e+01
      vertex   1.059270e+02 1.452118e+01 -1.470544e+01
      vertex   1.057247e+02 1.446940e+01 -1.493487e+01
    endloop
  endfacet
  facet normal -5.220003e-01 -6.085434e-01 5.976543e-01
    outer loop
      vertex   1.057247e+02 1.446940e+01 -1.493487e+01
      vertex   1.059270e+02 1.452118e+01 -1.470544e+01
      vertex   1.056996e+02 1.452118e+01 -1.490409e+01
    endloop
  endfacet
  facet normal -4.805216e-01 -6.085434e-01 6.314855e-01
    outer loop
      vertex   1.057247e+02 1.446940e+01 -1.493487e+01
      vertex   1.056996e+02 1.452118e+01 -1.490409e+01
      vertex   1.054822e+02 1.446940e+01 -1.511936e+01
    endloop
  endfacet
  facet normal -4.805216e-01 -6.085434e-01 6.314855e-01
    outer loop
      vertex   1.054822e+02 1.446940e+01 -1.511936e+01
      vertex   1.056996e+02 1.452118e+01 -1.490409e+01
      vertex   1.054592e+02 1.452118e+01 -1.508695e+01
    endloop
  endfacet
  facet normal -4.368565e-01 -6.085434e-01 6.624434e-01
    outer loop
      vertex   1.054822e+02 1.446940e+01 -1.511936e+01
      vertex   1.054592e+02 1.452118e+01 -1.508695e+01
      vertex   1.052279e+02 1.446940e+01 -1.528708e+01
    endloop
  endfacet
  facet normal -4.368565e-01 -6.085434e-01 6.624434e-01
    outer loop
      vertex   1.052279e+02 1.446940e+01 -1.528708e+01
      vertex   1.054592e+02 1.452118e+01 -1.508695e+01
      vertex   1.052071e+02 1.452118e+01 -1.525320e+01
    endloop
  endfacet
  facet normal -3.912038e-01 -6.085434e-01 6.903872e-01
    outer loop
      vertex   1.052279e+02 1.446940e+01 -1.528708e+01
      vertex   1.052071e+02 1.452118e+01 -1.525320e+01
      vertex   1.049628e+02 1.446940e+01 -1.543728e+01
    endloop
  endfacet
  facet normal -3.912038e-01 -6.085434e-01 6.903872e-01
    outer loop
      vertex   1.049628e+02 1.446940e+01 -1.543728e+01
      vertex   1.052071e+02 1.452118e+01 -1.525320e+01
      vertex   1.049444e+02 1.452118e+01 -1.540207e+01
    endloop
  endfacet
  facet normal -3.437711e-01 -6.085434e-01 7.151898e-01
    outer loop
      vertex   1.049628e+02 1.446940e+01 -1.543728e+01
      vertex   1.049444e+02 1.452118e+01 -1.540207e+01
      vertex   1.046882e+02 1.446940e+01 -1.556926e+01
    endloop
  endfacet
  facet normal -3.437711e-01 -6.085434e-01 7.151898e-01
    outer loop
      vertex   1.046882e+02 1.446940e+01 -1.556926e+01
      vertex   1.049444e+02 1.452118e+01 -1.540207e+01
      vertex   1.046723e+02 1.452118e+01 -1.553289e+01
    endloop
  endfacet
  facet normal -2.947742e-01 -6.085434e-01 7.367382e-01
    outer loop
      vertex   1.046882e+02 1.446940e+01 -1.556926e+01
      vertex   1.046723e+02 1.452118e+01 -1.553289e+01
      vertex   1.044054e+02 1.446940e+01 -1.568243e+01
    endloop
  endfacet
  facet normal -2.947742e-01 -6.085434e-01 7.367382e-01
    outer loop
      vertex   1.044054e+02 1.446940e+01 -1.568243e+01
      vertex   1.046723e+02 1.452118e+01 -1.553289e+01
      vertex   1.043919e+02 1.452118e+01 -1.564507e+01
    endloop
  endfacet
  facet normal -2.444361e-01 -6.085434e-01 7.549344e-01
    outer loop
      vertex   1.044054e+02 1.446940e+01 -1.568243e+01
      vertex   1.043919e+02 1.452118e+01 -1.564507e+01
      vertex   1.041156e+02 1.446940e+01 -1.577628e+01
    endloop
  endfacet
  facet normal -2.444361e-01 -6.085434e-01 7.549344e-01
    outer loop
      vertex   1.041156e+02 1.446940e+01 -1.577628e+01
      vertex   1.043919e+02 1.452118e+01 -1.564507e+01
      vertex   1.041046e+02 1.452118e+01 -1.573809e+01
    endloop
  endfacet
  facet normal -1.929858e-01 -6.085434e-01 7.696957e-01
    outer loop
      vertex   1.041156e+02 1.446940e+01 -1.577628e+01
      vertex   1.041046e+02 1.452118e+01 -1.573809e+01
      vertex   1.038200e+02 1.446940e+01 -1.585037e+01
    endloop
  endfacet
  facet normal -1.929858e-01 -6.085434e-01 7.696957e-01
    outer loop
      vertex   1.038200e+02 1.446940e+01 -1.585037e+01
      vertex   1.041046e+02 1.452118e+01 -1.573809e+01
      vertex   1.038117e+02 1.452118e+01 -1.581153e+01
    endloop
  endfacet
  facet normal -1.406574e-01 -6.085434e-01 7.809548e-01
    outer loop
      vertex   1.038200e+02 1.446940e+01 -1.585037e+01
      vertex   1.038117e+02 1.452118e+01 -1.581153e+01
      vertex   1.035202e+02 1.446940e+01 -1.590437e+01
    endloop
  endfacet
  facet normal -1.406574e-01 -6.085434e-01 7.809548e-01
    outer loop
      vertex   1.035202e+02 1.446940e+01 -1.590437e+01
      vertex   1.038117e+02 1.452118e+01 -1.581153e+01
      vertex   1.035145e+02 1.452118e+01 -1.586506e+01
    endloop
  endfacet
  facet normal -7.724217e-01 -6.292176e-01 8.631340e-02
    outer loop
      vertex   1.073639e+02 1.448329e+01 -1.178491e+01
      vertex   1.073329e+02 1.452130e+01 -1.178491e+01
      vertex   1.073001e+02 1.452118e+01 -1.207941e+01
    endloop
  endfacet
  facet normal -6.265323e-01 -7.762343e-01 7.012625e-02
    outer loop
      vertex   1.073001e+02 1.452118e+01 -1.207941e+01
      vertex   1.073329e+02 1.452130e+01 -1.178491e+01
      vertex   1.072947e+02 1.455214e+01 -1.178491e+01
    endloop
  endfacet
  facet normal -6.045753e-01 -7.932584e-01 7.231807e-02
    outer loop
      vertex   1.073001e+02 1.452118e+01 -1.207941e+01
      vertex   1.072947e+02 1.455214e+01 -1.178491e+01
      vertex   1.072489e+02 1.456091e+01 -1.207195e+01
    endloop
  endfacet
  facet normal -4.742804e-01 -8.790154e-01 4.888801e-02
    outer loop
      vertex   1.072489e+02 1.456091e+01 -1.207195e+01
      vertex   1.072947e+02 1.455214e+01 -1.178491e+01
      vertex   1.072516e+02 1.457542e+01 -1.178491e+01
    endloop
  endfacet
  facet normal -3.793944e-01 -9.238686e-01 5.026713e-02
    outer loop
      vertex   1.072489e+02 1.456091e+01 -1.207195e+01
      vertex   1.072516e+02 1.457542e+01 -1.178491e+01
      vertex   1.071892e+02 1.458588e+01 -1.206327e+01
    endloop
  endfacet
  facet normal -2.832831e-01 -9.586440e-01 2.743010e-02
    outer loop
      vertex   1.071892e+02 1.458588e+01 -1.206327e+01
      vertex   1.072516e+02 1.457542e+01 -1.178491e+01
      vertex   1.072045e+02 1.458933e+01 -1.178491e+01
    endloop
  endfacet
  facet normal -1.291283e-01 -9.914387e-01 1.936937e-02
    outer loop
      vertex   1.071892e+02 1.458588e+01 -1.206327e+01
      vertex   1.072045e+02 1.458933e+01 -1.178491e+01
      vertex   1.071205e+02 1.459440e+01 -1.208548e+01
    endloop
  endfacet
  facet normal -1.033743e-01 -9.945687e-01 1.211687e-02
    outer loop
      vertex   1.071205e+02 1.459440e+01 -1.208548e+01
      vertex   1.072045e+02 1.458933e+01 -1.178491e+01
      vertex   1.071557e+02 1.459440e+01 -1.178491e+01
    endloop
  endfacet
  facet normal -1.304276e-01 -9.911795e-01 2.349126e-02
    outer loop
      vertex   1.071892e+02 1.458588e+01 -1.206327e+01
      vertex   1.071205e+02 1.459440e+01 -1.208548e+01
      vertex   1.071371e+02 1.458588e+01 -1.235303e+01
    endloop
  endfacet
  facet normal -1.257379e-01 -9.917780e-01 2.380038e-02
    outer loop
      vertex   1.071371e+02 1.458588e+01 -1.235303e+01
      vertex   1.071205e+02 1.459440e+01 -1.208548e+01
      vertex   1.070642e+02 1.459440e+01 -1.238282e+01
    endloop
  endfacet
  facet normal -1.291699e-01 -9.910935e-01 3.238676e-02
    outer loop
      vertex   1.071371e+02 1.458588e+01 -1.235303e+01
      vertex   1.070642e+02 1.459440e+01 -1.238282e+01
      vertex   1.070654e+02 1.458588e+01 -1.263860e+01
    endloop
  endfacet
  facet normal -1.232043e-01 -9.918509e-01 3.244062e-02
    outer loop
      vertex   1.070654e+02 1.458588e+01 -1.263860e+01
      vertex   1.070642e+02 1.459440e+01 -1.238282e+01
      vertex   1.069872e+02 1.459440e+01 -1.267546e+01
    endloop
  endfacet
  facet normal -1.272364e-01 -9.910165e-01 4.119718e-02
    outer loop
      vertex   1.070654e+02 1.458588e+01 -1.263860e+01
      vertex   1.069872e+02 1.459440e+01 -1.267546e+01
      vertex   1.069748e+02 1.458588e+01 -1.291870e+01
    endloop
  endfacet
  facet normal -1.201518e-01 -9.919140e-01 4.086720e-02
    outer loop
      vertex   1.069748e+02 1.458588e+01 -1.291870e+01
      vertex   1.069872e+02 1.459440e+01 -1.267546e+01
      vertex   1.068897e+02 1.459440e+01 -1.296196e+01
    endloop
  endfacet
  facet normal -1.246332e-01 -9.909490e-01 4.986663e-02
    outer loop
      vertex   1.069748e+02 1.458588e+01 -1.291870e+01
      vertex   1.068897e+02 1.459440e+01 -1.296196e+01
      vertex   1.068654e+02 1.458588e+01 -1.319205e+01
    endloop
  endfacet
  facet normal -1.165939e-01 -9.919675e-01 4.905426e-02
    outer loop
      vertex   1.068654e+02 1.458588e+01 -1.319205e+01
      vertex   1.068897e+02 1.459440e+01 -1.296196e+01
      vertex   1.067724e+02 1.459440e+01 -1.324090e+01
    endloop
  endfacet
  facet normal -1.213713e-01 -9.908913e-01 5.833966e-02
    outer loop
      vertex   1.068654e+02 1.458588e+01 -1.319205e+01
      vertex   1.067724e+02 1.459440e+01 -1.324090e+01
      vertex   1.067378e+02 1.458588e+01 -1.345740e+01
    endloop
  endfacet
  facet normal -1.125456e-01 -9.920117e-01 5.697654e-02
    outer loop
      vertex   1.067378e+02 1.458588e+01 -1.345740e+01
      vertex   1.067724e+02 1.459440e+01 -1.324090e+01
      vertex   1.066357e+02 1.459440e+01 -1.351089e+01
    endloop
  endfacet
  facet normal -1.174667e-01 -9.908436e-01 6.656180e-02
    outer loop
      vertex   1.067378e+02 1.458588e+01 -1.345740e+01
      vertex   1.066357e+02 1.459440e+01 -1.351089e+01
      vertex   1.065927e+02 1.458588e+01 -1.371356e+01
    endloop
  endfacet
  facet normal -1.080226e-01 -9.920468e-01 6.460938e-02
    outer loop
      vertex   1.065927e+02 1.458588e+01 -1.371356e+01
      vertex   1.066357e+02 1.459440e+01 -1.351089e+01
      vertex   1.064803e+02 1.459440e+01 -1.377060e+01
    endloop
  endfacet
  facet normal -1.129405e-01 -9.908063e-01 7.448000e-02
    outer loop
      vertex   1.065927e+02 1.458588e+01 -1.371356e+01
      vertex   1.064803e+02 1.459440e+01 -1.377060e+01
      vertex   1.064306e+02 1.458588e+01 -1.395934e+01
    endloop
  endfacet
  facet normal -1.030417e-01 -9.920729e-01 7.192885e-02
    outer loop
      vertex   1.064306e+02 1.458588e+01 -1.395934e+01
      vertex   1.064803e+02 1.459440e+01 -1.377060e+01
      vertex   1.063071e+02 1.459440e+01 -1.401875e+01
    endloop
  endfacet
  facet normal -1.078184e-01 -9.907795e-01 8.204320e-02
    outer loop
      vertex   1.064306e+02 1.458588e+01 -1.395934e+01
      vertex   1.063071e+02 1.459440e+01 -1.401875e+01
      vertex   1.062523e+02 1.458588e+01 -1.419364e+01
    endloop
  endfacet
  facet normal -9.762084e-02 -9.920903e-01 7.891174e-02
    outer loop
      vertex   1.062523e+02 1.458588e+01 -1.419364e+01
      vertex   1.063071e+02 1.459440e+01 -1.401875e+01
      vertex   1.061169e+02 1.459440e+01 -1.425409e+01
    endloop
  endfacet
  facet normal -1.021310e-01 -9.907634e-01 8.920273e-02
    outer loop
      vertex   1.062523e+02 1.458588e+01 -1.419364e+01
      vertex   1.061169e+02 1.459440e+01 -1.425409e+01
      vertex   1.060586e+02 1.458588e+01 -1.441538e+01
    endloop
  endfacet
  facet normal -9.177889e-02 -9.920989e-01 8.553561e-02
    outer loop
      vertex   1.060586e+02 1.458588e+01 -1.441538e+01
      vertex   1.061169e+02 1.459440e+01 -1.425409e+01
      vertex   1.059106e+02 1.459440e+01 -1.447547e+01
    endloop
  endfacet
  facet normal -9.591281e-02 -9.907580e-01 9.591281e-02
    outer loop
      vertex   1.060586e+02 1.458588e+01 -1.441538e+01
      vertex   1.059106e+02 1.459440e+01 -1.447547e+01
      vertex   1.058505e+02 1.458588e+01 -1.462356e+01
    endloop
  endfacet
  facet normal -8.553561e-02 -9.920989e-01 9.177889e-02
    outer loop
      vertex   1.058505e+02 1.458588e+01 -1.462356e+01
      vertex   1.059106e+02 1.459440e+01 -1.447547e+01
      vertex   1.056892e+02 1.459440e+01 -1.468180e+01
    endloop
  endfacet
  facet normal -8.920273e-02 -9.907634e-01 1.021310e-01
    outer loop
      vertex   1.058505e+02 1.458588e+01 -1.462356e+01
      vertex   1.056892e+02 1.459440e+01 -1.468180e+01
      vertex   1.056287e+02 1.458588e+01 -1.481724e+01
    endloop
  endfacet
  facet normal -7.891174e-02 -9.920903e-01 9.762084e-02
    outer loop
      vertex   1.056287e+02 1.458588e+01 -1.481724e+01
      vertex   1.056892e+02 1.459440e+01 -1.468180e+01
      vertex   1.054538e+02 1.459440e+01 -1.487204e+01
    endloop
  endfacet
  facet normal -8.204320e-02 -9.907795e-01 1.078184e-01
    outer loop
      vertex   1.056287e+02 1.458588e+01 -1.481724e+01
      vertex   1.054538e+02 1.459440e+01 -1.487204e+01
      vertex   1.053944e+02 1.458588e+01 -1.499552e+01
    endloop
  endfacet
  facet normal -7.192885e-02 -9.920729e-01 1.030417e-01
    outer loop
      vertex   1.053944e+02 1.458588e+01 -1.499552e+01
      vertex   1.054538e+02 1.459440e+01 -1.487204e+01
      vertex   1.052057e+02 1.459440e+01 -1.504525e+01
    endloop
  endfacet
  facet normal -7.448000e-02 -9.908063e-01 1.129405e-01
    outer loop
      vertex   1.053944e+02 1.458588e+01 -1.499552e+01
      vertex   1.052057e+02 1.459440e+01 -1.504525e+01
      vertex   1.051486e+02 1.458588e+01 -1.515761e+01
    endloop
  endfacet
  facet normal -6.460938e-02 -9.920468e-01 1.080226e-01
    outer loop
      vertex   1.051486e+02 1.458588e+01 -1.515761e+01
      vertex   1.052057e+02 1.459440e+01 -1.504525e+01
      vertex   1.049460e+02 1.459440e+01 -1.520059e+01
    endloop
  endfacet
  facet normal -6.656180e-02 -9.908436e-01 1.174667e-01
    outer loop
      vertex   1.051486e+02 1.458588e+01 -1.515761e+01
      vertex   1.049460e+02 1.459440e+01 -1.520059e+01
      vertex   1.048925e+02 1.458588e+01 -1.530275e+01
    endloop
  endfacet
  facet normal -5.697654e-02 -9.920117e-01 1.125456e-01
    outer loop
      vertex   1.048925e+02 1.458588e+01 -1.530275e+01
      vertex   1.049460e+02 1.459440e+01 -1.520059e+01
      vertex   1.046760e+02 1.459440e+01 -1.533727e+01
    endloop
  endfacet
  facet normal -5.833966e-02 -9.908913e-01 1.213713e-01
    outer loop
      vertex   1.048925e+02 1.458588e+01 -1.530275e+01
      vertex   1.046760e+02 1.459440e+01 -1.533727e+01
      vertex   1.046271e+02 1.458588e+01 -1.543030e+01
    endloop
  endfacet
  facet normal -4.905426e-02 -9.919675e-01 1.165939e-01
    outer loop
      vertex   1.046271e+02 1.458588e+01 -1.543030e+01
      vertex   1.046760e+02 1.459440e+01 -1.533727e+01
      vertex   1.043970e+02 1.459440e+01 -1.545463e+01
    endloop
  endfacet
  facet normal -4.986663e-02 -9.909490e-01 1.246332e-01
    outer loop
      vertex   1.046271e+02 1.458588e+01 -1.543030e+01
      vertex   1.043970e+02 1.459440e+01 -1.545463e+01
      vertex   1.043538e+02 1.458588e+01 -1.553967e+01
    endloop
  endfacet
  facet normal -4.086720e-02 -9.919140e-01 1.201518e-01
    outer loop
      vertex   1.043538e+02 1.458588e+01 -1.553967e+01
      vertex   1.043970e+02 1.459440e+01 -1.545463e+01
      vertex   1.041105e+02 1.459440e+01 -1.555208e+01
    endloop
  endfacet
  facet normal -4.119718e-02 -9.910165e-01 1.272364e-01
    outer loop
      vertex   1.043538e+02 1.458588e+01 -1.553967e+01
      vertex   1.041105e+02 1.459440e+01 -1.555208e+01
      vertex   1.040737e+02 1.458588e+01 -1.563036e+01
    endloop
  endfacet
  facet normal -3.244062e-02 -9.918509e-01 1.232043e-01
    outer loop
      vertex   1.040737e+02 1.458588e+01 -1.563036e+01
      vertex   1.041105e+02 1.459440e+01 -1.555208e+01
      vertex   1.038179e+02 1.459440e+01 -1.562913e+01
    endloop
  endfacet
  facet normal -3.238676e-02 -9.910935e-01 1.291699e-01
    outer loop
      vertex   1.040737e+02 1.458588e+01 -1.563036e+01
      vertex   1.038179e+02 1.459440e+01 -1.562913e+01
      vertex   1.037881e+02 1.458588e+01 -1.570197e+01
    endloop
  endfacet
  facet normal -2.380038e-02 -9.917780e-01 1.257379e-01
    outer loop
      vertex   1.037881e+02 1.458588e+01 -1.570197e+01
      vertex   1.038179e+02 1.459440e+01 -1.562913e+01
      vertex   1.035206e+02 1.459440e+01 -1.568542e+01
    endloop
  endfacet
  facet normal -2.349126e-02 -9.911795e-01 1.304276e-01
    outer loop
      vertex   1.037881e+02 1.458588e+01 -1.570197e+01
      vertex   1.035206e+02 1.459440e+01 -1.568542e+01
      vertex   1.034984e+02 1.458588e+01 -1.575415e+01
    endloop
  endfacet
  facet normal -1.099108e-01 -1.036759e-01 9.885196e-01
    outer loop
      vertex   1.032200e+02 1.439319e+01 -1.596632e+01
      vertex   1.032200e+02 1.434440e+01 -1.597143e+01
      vertex   1.035250e+02 1.434440e+01 -1.593752e+01
    endloop
  endfacet
  facet normal -5.993360e-01 -7.931860e-01 1.079461e-01
    outer loop
      vertex   1.072466e+02 1.452118e+01 -1.237660e+01
      vertex   1.073001e+02 1.452118e+01 -1.207941e+01
      vertex   1.072489e+02 1.456091e+01 -1.207195e+01
    endloop
  endfacet
  facet normal -3.768064e-01 -9.238025e-01 6.786642e-02
    outer loop
      vertex   1.072489e+02 1.456091e+01 -1.207195e+01
      vertex   1.071892e+02 1.458588e+01 -1.206327e+01
      vertex   1.071960e+02 1.456091e+01 -1.236571e+01
    endloop
  endfacet
  facet normal -3.768064e-01 -9.238025e-01 6.786642e-02
    outer loop
      vertex   1.071960e+02 1.456091e+01 -1.236571e+01
      vertex   1.071892e+02 1.458588e+01 -1.206327e+01
      vertex   1.071371e+02 1.458588e+01 -1.235303e+01
    endloop
  endfacet
  facet normal -3.713739e-01 -9.238025e-01 9.311458e-02
    outer loop
      vertex   1.071960e+02 1.456091e+01 -1.236571e+01
      vertex   1.071371e+02 1.458588e+01 -1.235303e+01
      vertex   1.071234e+02 1.456091e+01 -1.265523e+01
    endloop
  endfacet
  facet normal -3.713739e-01 -9.238025e-01 9.311458e-02
    outer loop
      vertex   1.071234e+02 1.456091e+01 -1.265523e+01
      vertex   1.071371e+02 1.458588e+01 -1.235303e+01
      vertex   1.070654e+02 1.458588e+01 -1.263860e+01
    endloop
  endfacet
  facet normal -3.642517e-01 -9.238025e-01 1.179391e-01
    outer loop
      vertex   1.071234e+02 1.456091e+01 -1.265523e+01
      vertex   1.070654e+02 1.458588e+01 -1.263860e+01
      vertex   1.070315e+02 1.456091e+01 -1.293920e+01
    endloop
  endfacet
  facet normal -3.642517e-01 -9.238025e-01 1.179391e-01
    outer loop
      vertex   1.070315e+02 1.456091e+01 -1.293920e+01
      vertex   1.070654e+02 1.458588e+01 -1.263860e+01
      vertex   1.069748e+02 1.458588e+01 -1.291870e+01
    endloop
  endfacet
  facet normal -3.554721e-01 -9.238025e-01 1.422269e-01
    outer loop
      vertex   1.070315e+02 1.456091e+01 -1.293920e+01
      vertex   1.069748e+02 1.458588e+01 -1.291870e+01
      vertex   1.069206e+02 1.456091e+01 -1.321633e+01
    endloop
  endfacet
  facet normal -3.554721e-01 -9.238025e-01 1.422269e-01
    outer loop
      vertex   1.069206e+02 1.456091e+01 -1.321633e+01
      vertex   1.069748e+02 1.458588e+01 -1.291870e+01
      vertex   1.068654e+02 1.458588e+01 -1.319205e+01
    endloop
  endfacet
  facet normal -3.450751e-01 -9.238025e-01 1.658677e-01
    outer loop
      vertex   1.069206e+02 1.456091e+01 -1.321633e+01
      vertex   1.068654e+02 1.458588e+01 -1.319205e+01
      vertex   1.067913e+02 1.456091e+01 -1.348534e+01
    endloop
  endfacet
  facet normal -3.450751e-01 -9.238025e-01 1.658677e-01
    outer loop
      vertex   1.067913e+02 1.456091e+01 -1.348534e+01
      vertex   1.068654e+02 1.458588e+01 -1.319205e+01
      vertex   1.067378e+02 1.458588e+01 -1.345740e+01
    endloop
  endfacet
  facet normal -3.331081e-01 -9.238025e-01 1.887537e-01
    outer loop
      vertex   1.067913e+02 1.456091e+01 -1.348534e+01
      vertex   1.067378e+02 1.458588e+01 -1.345740e+01
      vertex   1.066441e+02 1.456091e+01 -1.374503e+01
    endloop
  endfacet
  facet normal -3.331081e-01 -9.238025e-01 1.887537e-01
    outer loop
      vertex   1.066441e+02 1.456091e+01 -1.374503e+01
      vertex   1.067378e+02 1.458588e+01 -1.345740e+01
      vertex   1.065927e+02 1.458588e+01 -1.371356e+01
    endloop
  endfacet
  facet normal -3.196253e-01 -9.238025e-01 2.107809e-01
    outer loop
      vertex   1.066441e+02 1.456091e+01 -1.374503e+01
      vertex   1.065927e+02 1.458588e+01 -1.371356e+01
      vertex   1.064798e+02 1.456091e+01 -1.399421e+01
    endloop
  endfacet
  facet normal -3.196253e-01 -9.238025e-01 2.107809e-01
    outer loop
      vertex   1.064798e+02 1.456091e+01 -1.399421e+01
      vertex   1.065927e+02 1.458588e+01 -1.371356e+01
      vertex   1.064306e+02 1.458588e+01 -1.395934e+01
    endloop
  endfacet
  facet normal -3.046883e-01 -9.238025e-01 2.318490e-01
    outer loop
      vertex   1.064798e+02 1.456091e+01 -1.399421e+01
      vertex   1.064306e+02 1.458588e+01 -1.395934e+01
      vertex   1.062990e+02 1.456091e+01 -1.423174e+01
    endloop
  endfacet
  facet normal -3.046883e-01 -9.238025e-01 2.318490e-01
    outer loop
      vertex   1.062990e+02 1.456091e+01 -1.423174e+01
      vertex   1.064306e+02 1.458588e+01 -1.395934e+01
      vertex   1.062523e+02 1.458588e+01 -1.419364e+01
    endloop
  endfacet
  facet normal -2.883649e-01 -9.238025e-01 2.518623e-01
    outer loop
      vertex   1.062990e+02 1.456091e+01 -1.423174e+01
      vertex   1.062523e+02 1.458588e+01 -1.419364e+01
      vertex   1.061027e+02 1.456091e+01 -1.445655e+01
    endloop
  endfacet
  facet normal -2.883649e-01 -9.238025e-01 2.518623e-01
    outer loop
      vertex   1.061027e+02 1.456091e+01 -1.445655e+01
      vertex   1.062523e+02 1.458588e+01 -1.419364e+01
      vertex   1.060586e+02 1.458588e+01 -1.441538e+01
    endloop
  endfacet
  facet normal -2.707295e-01 -9.238025e-01 2.707295e-01
    outer loop
      vertex   1.061027e+02 1.456091e+01 -1.445655e+01
      vertex   1.060586e+02 1.458588e+01 -1.441538e+01
      vertex   1.058916e+02 1.456091e+01 -1.466761e+01
    endloop
  endfacet
  facet normal -2.707295e-01 -9.238025e-01 2.707295e-01
    outer loop
      vertex   1.058916e+02 1.456091e+01 -1.466761e+01
      vertex   1.060586e+02 1.458588e+01 -1.441538e+01
      vertex   1.058505e+02 1.458588e+01 -1.462356e+01
    endloop
  endfacet
  facet normal -2.518623e-01 -9.238025e-01 2.883649e-01
    outer loop
      vertex   1.058916e+02 1.456091e+01 -1.466761e+01
      vertex   1.058505e+02 1.458588e+01 -1.462356e+01
      vertex   1.056668e+02 1.456091e+01 -1.486396e+01
    endloop
  endfacet
  facet normal -2.518623e-01 -9.238025e-01 2.883649e-01
    outer loop
      vertex   1.056668e+02 1.456091e+01 -1.486396e+01
      vertex   1.058505e+02 1.458588e+01 -1.462356e+01
      vertex   1.056287e+02 1.458588e+01 -1.481724e+01
    endloop
  endfacet
  facet normal -2.318490e-01 -9.238025e-01 3.046883e-01
    outer loop
      vertex   1.056668e+02 1.456091e+01 -1.486396e+01
      vertex   1.056287e+02 1.458588e+01 -1.481724e+01
      vertex   1.054293e+02 1.456091e+01 -1.504471e+01
    endloop
  endfacet
  facet normal -2.318490e-01 -9.238025e-01 3.046883e-01
    outer loop
      vertex   1.054293e+02 1.456091e+01 -1.504471e+01
      vertex   1.056287e+02 1.458588e+01 -1.481724e+01
      vertex   1.053944e+02 1.458588e+01 -1.499552e+01
    endloop
  endfacet
  facet normal -2.107809e-01 -9.238025e-01 3.196253e-01
    outer loop
      vertex   1.054293e+02 1.456091e+01 -1.504471e+01
      vertex   1.053944e+02 1.458588e+01 -1.499552e+01
      vertex   1.051801e+02 1.456091e+01 -1.520903e+01
    endloop
  endfacet
  facet normal -2.107809e-01 -9.238025e-01 3.196253e-01
    outer loop
      vertex   1.051801e+02 1.456091e+01 -1.520903e+01
      vertex   1.053944e+02 1.458588e+01 -1.499552e+01
      vertex   1.051486e+02 1.458588e+01 -1.515761e+01
    endloop
  endfacet
  facet normal -1.887537e-01 -9.238025e-01 3.331081e-01
    outer loop
      vertex   1.051801e+02 1.456091e+01 -1.520903e+01
      vertex   1.051486e+02 1.458588e+01 -1.515761e+01
      vertex   1.049204e+02 1.456091e+01 -1.535619e+01
    endloop
  endfacet
  facet normal -1.887537e-01 -9.238025e-01 3.331081e-01
    outer loop
      vertex   1.049204e+02 1.456091e+01 -1.535619e+01
      vertex   1.051486e+02 1.458588e+01 -1.515761e+01
      vertex   1.048925e+02 1.458588e+01 -1.530275e+01
    endloop
  endfacet
  facet normal -1.658677e-01 -9.238025e-01 3.450751e-01
    outer loop
      vertex   1.049204e+02 1.456091e+01 -1.535619e+01
      vertex   1.048925e+02 1.458588e+01 -1.530275e+01
      vertex   1.046514e+02 1.456091e+01 -1.548550e+01
    endloop
  endfacet
  facet normal -1.658677e-01 -9.238025e-01 3.450751e-01
    outer loop
      vertex   1.046514e+02 1.456091e+01 -1.548550e+01
      vertex   1.048925e+02 1.458588e+01 -1.530275e+01
      vertex   1.046271e+02 1.458588e+01 -1.543030e+01
    endloop
  endfacet
  facet normal -1.422269e-01 -9.238025e-01 3.554721e-01
    outer loop
      vertex   1.046514e+02 1.456091e+01 -1.548550e+01
      vertex   1.046271e+02 1.458588e+01 -1.543030e+01
      vertex   1.043743e+02 1.456091e+01 -1.559637e+01
    endloop
  endfacet
  facet normal -1.422269e-01 -9.238025e-01 3.554721e-01
    outer loop
      vertex   1.043743e+02 1.456091e+01 -1.559637e+01
      vertex   1.046271e+02 1.458588e+01 -1.543030e+01
      vertex   1.043538e+02 1.458588e+01 -1.553967e+01
    endloop
  endfacet
  facet normal -1.179391e-01 -9.238025e-01 3.642517e-01
    outer loop
      vertex   1.043743e+02 1.456091e+01 -1.559637e+01
      vertex   1.043538e+02 1.458588e+01 -1.553967e+01
      vertex   1.040903e+02 1.456091e+01 -1.568832e+01
    endloop
  endfacet
  facet normal -1.179391e-01 -9.238025e-01 3.642517e-01
    outer loop
      vertex   1.040903e+02 1.456091e+01 -1.568832e+01
      vertex   1.043538e+02 1.458588e+01 -1.553967e+01
      vertex   1.040737e+02 1.458588e+01 -1.563036e+01
    endloop
  endfacet
  facet normal -9.311458e-02 -9.238025e-01 3.713739e-01
    outer loop
      vertex   1.040903e+02 1.456091e+01 -1.568832e+01
      vertex   1.040737e+02 1.458588e+01 -1.563036e+01
      vertex   1.038008e+02 1.456091e+01 -1.576091e+01
    endloop
  endfacet
  facet normal -9.311458e-02 -9.238025e-01 3.713739e-01
    outer loop
      vertex   1.038008e+02 1.456091e+01 -1.576091e+01
      vertex   1.040737e+02 1.458588e+01 -1.563036e+01
      vertex   1.037881e+02 1.458588e+01 -1.570197e+01
    endloop
  endfacet
  facet normal -6.786642e-02 -9.238025e-01 3.768064e-01
    outer loop
      vertex   1.038008e+02 1.456091e+01 -1.576091e+01
      vertex   1.037881e+02 1.458588e+01 -1.570197e+01
      vertex   1.035070e+02 1.456091e+01 -1.581382e+01
    endloop
  endfacet
  facet normal -6.786642e-02 -9.238025e-01 3.768064e-01
    outer loop
      vertex   1.035070e+02 1.456091e+01 -1.581382e+01
      vertex   1.037881e+02 1.458588e+01 -1.570197e+01
      vertex   1.034984e+02 1.458588e+01 -1.575415e+01
    endloop
  endfacet
  facet normal -5.906953e-01 -7.931860e-01 1.481050e-01
    outer loop
      vertex   1.071732e+02 1.452118e+01 -1.266951e+01
      vertex   1.072466e+02 1.452118e+01 -1.237660e+01
      vertex   1.071960e+02 1.456091e+01 -1.236571e+01
    endloop
  endfacet
  facet normal -5.993360e-01 -7.931860e-01 1.079461e-01
    outer loop
      vertex   1.071960e+02 1.456091e+01 -1.236571e+01
      vertex   1.072466e+02 1.452118e+01 -1.237660e+01
      vertex   1.072489e+02 1.456091e+01 -1.207195e+01
    endloop
  endfacet
  facet normal -5.906953e-01 -7.931860e-01 1.481050e-01
    outer loop
      vertex   1.071732e+02 1.452118e+01 -1.266951e+01
      vertex   1.071960e+02 1.456091e+01 -1.236571e+01
      vertex   1.071234e+02 1.456091e+01 -1.265523e+01
    endloop
  endfacet
  facet normal -5.793669e-01 -7.931860e-01 1.875900e-01
    outer loop
      vertex   1.070802e+02 1.452118e+01 -1.295680e+01
      vertex   1.071732e+02 1.452118e+01 -1.266951e+01
      vertex   1.071234e+02 1.456091e+01 -1.265523e+01
    endloop
  endfacet
  facet normal -5.793669e-01 -7.931860e-01 1.875900e-01
    outer loop
      vertex   1.070802e+02 1.452118e+01 -1.295680e+01
      vertex   1.071234e+02 1.456091e+01 -1.265523e+01
      vertex   1.070315e+02 1.456091e+01 -1.293920e+01
    endloop
  endfacet
  facet normal -5.654024e-01 -7.931860e-01 2.262215e-01
    outer loop
      vertex   1.069680e+02 1.452118e+01 -1.323717e+01
      vertex   1.070802e+02 1.452118e+01 -1.295680e+01
      vertex   1.070315e+02 1.456091e+01 -1.293920e+01
    endloop
  endfacet
  facet normal -5.654024e-01 -7.931860e-01 2.262215e-01
    outer loop
      vertex   1.069680e+02 1.452118e+01 -1.323717e+01
      vertex   1.070315e+02 1.456091e+01 -1.293920e+01
      vertex   1.069206e+02 1.456091e+01 -1.321633e+01
    endloop
  endfacet
  facet normal -5.488652e-01 -7.931860e-01 2.638237e-01
    outer loop
      vertex   1.068372e+02 1.452118e+01 -1.350934e+01
      vertex   1.069680e+02 1.452118e+01 -1.323717e+01
      vertex   1.069206e+02 1.456091e+01 -1.321633e+01
    endloop
  endfacet
  facet normal -5.488652e-01 -7.931860e-01 2.638237e-01
    outer loop
      vertex   1.068372e+02 1.452118e+01 -1.350934e+01
      vertex   1.069206e+02 1.456091e+01 -1.321633e+01
      vertex   1.067913e+02 1.456091e+01 -1.348534e+01
    endloop
  endfacet
  facet normal -5.298308e-01 -7.931860e-01 3.002255e-01
    outer loop
      vertex   1.066883e+02 1.452118e+01 -1.377206e+01
      vertex   1.068372e+02 1.452118e+01 -1.350934e+01
      vertex   1.067913e+02 1.456091e+01 -1.348534e+01
    endloop
  endfacet
  facet normal -5.298308e-01 -7.931860e-01 3.002255e-01
    outer loop
      vertex   1.066883e+02 1.452118e+01 -1.377206e+01
      vertex   1.067913e+02 1.456091e+01 -1.348534e+01
      vertex   1.066441e+02 1.456091e+01 -1.374503e+01
    endloop
  endfacet
  facet normal -5.083856e-01 -7.931860e-01 3.352612e-01
    outer loop
      vertex   1.065220e+02 1.452118e+01 -1.402416e+01
      vertex   1.066883e+02 1.452118e+01 -1.377206e+01
      vertex   1.066441e+02 1.456091e+01 -1.374503e+01
    endloop
  endfacet
  facet normal -5.083856e-01 -7.931860e-01 3.352612e-01
    outer loop
      vertex   1.065220e+02 1.452118e+01 -1.402416e+01
      vertex   1.066441e+02 1.456091e+01 -1.374503e+01
      vertex   1.064798e+02 1.456091e+01 -1.399421e+01
    endloop
  endfacet
  facet normal -4.846273e-01 -7.931860e-01 3.687715e-01
    outer loop
      vertex   1.063392e+02 1.452118e+01 -1.426447e+01
      vertex   1.065220e+02 1.452118e+01 -1.402416e+01
      vertex   1.064798e+02 1.456091e+01 -1.399421e+01
    endloop
  endfacet
  facet normal -4.846273e-01 -7.931860e-01 3.687715e-01
    outer loop
      vertex   1.063392e+02 1.452118e+01 -1.426447e+01
      vertex   1.064798e+02 1.456091e+01 -1.399421e+01
      vertex   1.062990e+02 1.456091e+01 -1.423174e+01
    endloop
  endfacet
  facet normal -4.586638e-01 -7.931860e-01 4.006039e-01
    outer loop
      vertex   1.061405e+02 1.452118e+01 -1.449191e+01
      vertex   1.063392e+02 1.452118e+01 -1.426447e+01
      vertex   1.062990e+02 1.456091e+01 -1.423174e+01
    endloop
  endfacet
  facet normal -4.586638e-01 -7.931860e-01 4.006039e-01
    outer loop
      vertex   1.061405e+02 1.452118e+01 -1.449191e+01
      vertex   1.062990e+02 1.456091e+01 -1.423174e+01
      vertex   1.061027e+02 1.456091e+01 -1.445655e+01
    endloop
  endfacet
  facet normal -4.306135e-01 -7.931860e-01 4.306135e-01
    outer loop
      vertex   1.059270e+02 1.452118e+01 -1.470544e+01
      vertex   1.061405e+02 1.452118e+01 -1.449191e+01
      vertex   1.061027e+02 1.456091e+01 -1.445655e+01
    endloop
  endfacet
  facet normal -4.306135e-01 -7.931860e-01 4.306135e-01
    outer loop
      vertex   1.059270e+02 1.452118e+01 -1.470544e+01
      vertex   1.061027e+02 1.456091e+01 -1.445655e+01
      vertex   1.058916e+02 1.456091e+01 -1.466761e+01
    endloop
  endfacet
  facet normal -4.006039e-01 -7.931860e-01 4.586638e-01
    outer loop
      vertex   1.056996e+02 1.452118e+01 -1.490409e+01
      vertex   1.059270e+02 1.452118e+01 -1.470544e+01
      vertex   1.058916e+02 1.456091e+01 -1.466761e+01
    endloop
  endfacet
  facet normal -4.006039e-01 -7.931860e-01 4.586638e-01
    outer loop
      vertex   1.056996e+02 1.452118e+01 -1.490409e+01
      vertex   1.058916e+02 1.456091e+01 -1.466761e+01
      vertex   1.056668e+02 1.456091e+01 -1.486396e+01
    endloop
  endfacet
  facet normal -3.687715e-01 -7.931860e-01 4.846273e-01
    outer loop
      vertex   1.054592e+02 1.452118e+01 -1.508695e+01
      vertex   1.056996e+02 1.452118e+01 -1.490409e+01
      vertex   1.056668e+02 1.456091e+01 -1.486396e+01
    endloop
  endfacet
  facet normal -3.687715e-01 -7.931860e-01 4.846273e-01
    outer loop
      vertex   1.054592e+02 1.452118e+01 -1.508695e+01
      vertex   1.056668e+02 1.456091e+01 -1.486396e+01
      vertex   1.054293e+02 1.456091e+01 -1.504471e+01
    endloop
  endfacet
  facet normal -3.352612e-01 -7.931860e-01 5.083856e-01
    outer loop
      vertex   1.052071e+02 1.452118e+01 -1.525320e+01
      vertex   1.054592e+02 1.452118e+01 -1.508695e+01
      vertex   1.054293e+02 1.456091e+01 -1.504471e+01
    endloop
  endfacet
  facet normal -3.352612e-01 -7.931860e-01 5.083856e-01
    outer loop
      vertex   1.052071e+02 1.452118e+01 -1.525320e+01
      vertex   1.054293e+02 1.456091e+01 -1.504471e+01
      vertex   1.051801e+02 1.456091e+01 -1.520903e+01
    endloop
  endfacet
  facet normal -3.002255e-01 -7.931860e-01 5.298308e-01
    outer loop
      vertex   1.049444e+02 1.452118e+01 -1.540207e+01
      vertex   1.052071e+02 1.452118e+01 -1.525320e+01
      vertex   1.051801e+02 1.456091e+01 -1.520903e+01
    endloop
  endfacet
  facet normal -3.002255e-01 -7.931860e-01 5.298308e-01
    outer loop
      vertex   1.049444e+02 1.452118e+01 -1.540207e+01
      vertex   1.051801e+02 1.456091e+01 -1.520903e+01
      vertex   1.049204e+02 1.456091e+01 -1.535619e+01
    endloop
  endfacet
  facet normal -2.638237e-01 -7.931860e-01 5.488652e-01
    outer loop
      vertex   1.046723e+02 1.452118e+01 -1.553289e+01
      vertex   1.049444e+02 1.452118e+01 -1.540207e+01
      vertex   1.049204e+02 1.456091e+01 -1.535619e+01
    endloop
  endfacet
  facet normal -2.638237e-01 -7.931860e-01 5.488652e-01
    outer loop
      vertex   1.046723e+02 1.452118e+01 -1.553289e+01
      vertex   1.049204e+02 1.456091e+01 -1.535619e+01
      vertex   1.046514e+02 1.456091e+01 -1.548550e+01
    endloop
  endfacet
  facet normal -2.262215e-01 -7.931860e-01 5.654024e-01
    outer loop
      vertex   1.043919e+02 1.452118e+01 -1.564507e+01
      vertex   1.046723e+02 1.452118e+01 -1.553289e+01
      vertex   1.046514e+02 1.456091e+01 -1.548550e+01
    endloop
  endfacet
  facet normal -2.262215e-01 -7.931860e-01 5.654024e-01
    outer loop
      vertex   1.043919e+02 1.452118e+01 -1.564507e+01
      vertex   1.046514e+02 1.456091e+01 -1.548550e+01
      vertex   1.043743e+02 1.456091e+01 -1.559637e+01
    endloop
  endfacet
  facet normal -1.875900e-01 -7.931860e-01 5.793669e-01
    outer loop
      vertex   1.041046e+02 1.452118e+01 -1.573809e+01
      vertex   1.043919e+02 1.452118e+01 -1.564507e+01
      vertex   1.043743e+02 1.456091e+01 -1.559637e+01
    endloop
  endfacet
  facet normal -1.875900e-01 -7.931860e-01 5.793669e-01
    outer loop
      vertex   1.041046e+02 1.452118e+01 -1.573809e+01
      vertex   1.043743e+02 1.456091e+01 -1.559637e+01
      vertex   1.040903e+02 1.456091e+01 -1.568832e+01
    endloop
  endfacet
  facet normal -1.481050e-01 -7.931860e-01 5.906953e-01
    outer loop
      vertex   1.038117e+02 1.452118e+01 -1.581153e+01
      vertex   1.041046e+02 1.452118e+01 -1.573809e+01
      vertex   1.040903e+02 1.456091e+01 -1.568832e+01
    endloop
  endfacet
  facet normal -1.481050e-01 -7.931860e-01 5.906953e-01
    outer loop
      vertex   1.038117e+02 1.452118e+01 -1.581153e+01
      vertex   1.040903e+02 1.456091e+01 -1.568832e+01
      vertex   1.038008e+02 1.456091e+01 -1.576091e+01
    endloop
  endfacet
  facet normal -1.079461e-01 -7.931860e-01 5.993360e-01
    outer loop
      vertex   1.035145e+02 1.452118e+01 -1.586506e+01
      vertex   1.038117e+02 1.452118e+01 -1.581153e+01
      vertex   1.038008e+02 1.456091e+01 -1.576091e+01
    endloop
  endfacet
  facet normal -1.079461e-01 -7.931860e-01 5.993360e-01
    outer loop
      vertex   1.035145e+02 1.452118e+01 -1.586506e+01
      vertex   1.038008e+02 1.456091e+01 -1.576091e+01
      vertex   1.035070e+02 1.456091e+01 -1.581382e+01
    endloop
  endfacet
  facet normal -9.938754e-01 0.000000e+00 1.105063e-01
    outer loop
      vertex   1.074065e+02 9.832400e+00 -1.178491e+01
      vertex   1.074065e+02 1.434440e+01 -1.178491e+01
      vertex   1.073726e+02 9.832400e+00 -1.208995e+01
    endloop
  endfacet
  facet normal -9.938754e-01 0.000000e+00 1.105063e-01
    outer loop
      vertex   1.073726e+02 9.832400e+00 -1.208995e+01
      vertex   1.074065e+02 1.434440e+01 -1.178491e+01
      vertex   1.073726e+02 1.434440e+01 -1.208995e+01
    endloop
  endfacet
  facet normal -9.841645e-01 0.000000e+00 1.772574e-01
    outer loop
      vertex   1.073726e+02 9.832400e+00 -1.208995e+01
      vertex   1.073726e+02 1.434440e+01 -1.208995e+01
      vertex   1.073182e+02 9.832400e+00 -1.239200e+01
    endloop
  endfacet
  facet normal -9.841645e-01 0.000000e+00 1.772574e-01
    outer loop
      vertex   1.073182e+02 9.832400e+00 -1.239200e+01
      vertex   1.073726e+02 1.434440e+01 -1.208995e+01
      vertex   1.073182e+02 1.434440e+01 -1.239200e+01
    endloop
  endfacet
  facet normal -9.699757e-01 0.000000e+00 2.432020e-01
    outer loop
      vertex   1.073182e+02 9.832400e+00 -1.239200e+01
      vertex   1.073182e+02 1.434440e+01 -1.239200e+01
      vertex   1.072436e+02 9.832400e+00 -1.268970e+01
    endloop
  endfacet
  facet normal -9.699757e-01 0.000000e+00 2.432020e-01
    outer loop
      vertex   1.072436e+02 9.832400e+00 -1.268970e+01
      vertex   1.073182e+02 1.434440e+01 -1.239200e+01
      vertex   1.072436e+02 1.434440e+01 -1.268970e+01
    endloop
  endfacet
  facet normal -9.513734e-01 0.000000e+00 3.080400e-01
    outer loop
      vertex   1.072436e+02 9.832400e+00 -1.268970e+01
      vertex   1.072436e+02 1.434440e+01 -1.268970e+01
      vertex   1.071490e+02 9.832400e+00 -1.298169e+01
    endloop
  endfacet
  facet normal -9.513734e-01 0.000000e+00 3.080400e-01
    outer loop
      vertex   1.071490e+02 9.832400e+00 -1.298169e+01
      vertex   1.072436e+02 1.434440e+01 -1.268970e+01
      vertex   1.071490e+02 1.434440e+01 -1.298169e+01
    endloop
  endfacet
  facet normal -9.284424e-01 0.000000e+00 3.714764e-01
    outer loop
      vertex   1.071490e+02 9.832400e+00 -1.298169e+01
      vertex   1.071490e+02 1.434440e+01 -1.298169e+01
      vertex   1.070350e+02 9.832400e+00 -1.326665e+01
    endloop
  endfacet
  facet normal -9.284424e-01 0.000000e+00 3.714764e-01
    outer loop
      vertex   1.070350e+02 9.832400e+00 -1.326665e+01
      vertex   1.071490e+02 1.434440e+01 -1.298169e+01
      vertex   1.070350e+02 1.434440e+01 -1.326665e+01
    endloop
  endfacet
  facet normal -9.012869e-01 0.000000e+00 4.332226e-01
    outer loop
      vertex   1.070350e+02 9.832400e+00 -1.326665e+01
      vertex   1.070350e+02 1.434440e+01 -1.326665e+01
      vertex   1.069020e+02 9.832400e+00 -1.354327e+01
    endloop
  endfacet
  facet normal -9.012869e-01 0.000000e+00 4.332226e-01
    outer loop
      vertex   1.069020e+02 9.832400e+00 -1.354327e+01
      vertex   1.070350e+02 1.434440e+01 -1.326665e+01
      vertex   1.069020e+02 1.434440e+01 -1.354327e+01
    endloop
  endfacet
  facet normal -8.700306e-01 0.000000e+00 4.929977e-01
    outer loop
      vertex   1.069020e+02 9.832400e+00 -1.354327e+01
      vertex   1.069020e+02 1.434440e+01 -1.354327e+01
      vertex   1.067507e+02 9.832400e+00 -1.381029e+01
    endloop
  endfacet
  facet normal -8.700306e-01 0.000000e+00 4.929977e-01
    outer loop
      vertex   1.067507e+02 9.832400e+00 -1.381029e+01
      vertex   1.069020e+02 1.434440e+01 -1.354327e+01
      vertex   1.067507e+02 1.434440e+01 -1.381029e+01
    endloop
  endfacet
  facet normal -8.348157e-01 0.000000e+00 5.505296e-01
    outer loop
      vertex   1.067507e+02 9.832400e+00 -1.381029e+01
      vertex   1.067507e+02 1.434440e+01 -1.381029e+01
      vertex   1.065818e+02 9.832400e+00 -1.406651e+01
    endloop
  endfacet
  facet normal -8.348157e-01 0.000000e+00 5.505296e-01
    outer loop
      vertex   1.065818e+02 9.832400e+00 -1.406651e+01
      vertex   1.067507e+02 1.434440e+01 -1.381029e+01
      vertex   1.065818e+02 1.434440e+01 -1.406651e+01
    endloop
  endfacet
  facet normal -7.958023e-01 0.000000e+00 6.055565e-01
    outer loop
      vertex   1.065818e+02 9.832400e+00 -1.406651e+01
      vertex   1.065818e+02 1.434440e+01 -1.406651e+01
      vertex   1.063959e+02 9.832400e+00 -1.431075e+01
    endloop
  endfacet
  facet normal -7.958023e-01 0.000000e+00 6.055565e-01
    outer loop
      vertex   1.063959e+02 9.832400e+00 -1.431075e+01
      vertex   1.065818e+02 1.434440e+01 -1.406651e+01
      vertex   1.063959e+02 1.434440e+01 -1.431075e+01
    endloop
  endfacet
  facet normal -7.531680e-01 0.000000e+00 6.578282e-01
    outer loop
      vertex   1.063959e+02 9.832400e+00 -1.431075e+01
      vertex   1.063959e+02 1.434440e+01 -1.431075e+01
      vertex   1.061940e+02 9.832400e+00 -1.454191e+01
    endloop
  endfacet
  facet normal -7.531680e-01 0.000000e+00 6.578282e-01
    outer loop
      vertex   1.061940e+02 9.832400e+00 -1.454191e+01
      vertex   1.063959e+02 1.434440e+01 -1.431075e+01
      vertex   1.061940e+02 1.434440e+01 -1.454191e+01
    endloop
  endfacet
  facet normal -7.071068e-01 0.000000e+00 7.071068e-01
    outer loop
      vertex   1.061940e+02 9.832400e+00 -1.454191e+01
      vertex   1.061940e+02 1.434440e+01 -1.454191e+01
      vertex   1.059770e+02 9.832400e+00 -1.475893e+01
    endloop
  endfacet
  facet normal -7.071068e-01 0.000000e+00 7.071068e-01
    outer loop
      vertex   1.059770e+02 9.832400e+00 -1.475893e+01
      vertex   1.061940e+02 1.434440e+01 -1.454191e+01
      vertex   1.059770e+02 1.434440e+01 -1.475893e+01
    endloop
  endfacet
  facet normal -6.578282e-01 0.000000e+00 7.531680e-01
    outer loop
      vertex   1.059770e+02 9.832400e+00 -1.475893e+01
      vertex   1.059770e+02 1.434440e+01 -1.475893e+01
      vertex   1.057458e+02 9.832400e+00 -1.496083e+01
    endloop
  endfacet
  facet normal -6.578282e-01 0.000000e+00 7.531680e-01
    outer loop
      vertex   1.057458e+02 9.832400e+00 -1.496083e+01
      vertex   1.059770e+02 1.434440e+01 -1.475893e+01
      vertex   1.057458e+02 1.434440e+01 -1.496083e+01
    endloop
  endfacet
  facet normal -6.055565e-01 0.000000e+00 7.958023e-01
    outer loop
      vertex   1.057458e+02 9.832400e+00 -1.496083e+01
      vertex   1.057458e+02 1.434440e+01 -1.496083e+01
      vertex   1.055016e+02 9.832400e+00 -1.514668e+01
    endloop
  endfacet
  facet normal -6.055565e-01 0.000000e+00 7.958023e-01
    outer loop
      vertex   1.055016e+02 9.832400e+00 -1.514668e+01
      vertex   1.057458e+02 1.434440e+01 -1.496083e+01
      vertex   1.055016e+02 1.434440e+01 -1.514668e+01
    endloop
  endfacet
  facet normal -5.505296e-01 0.000000e+00 8.348157e-01
    outer loop
      vertex   1.055016e+02 9.832400e+00 -1.514668e+01
      vertex   1.055016e+02 1.434440e+01 -1.514668e+01
      vertex   1.052454e+02 9.832400e+00 -1.531565e+01
    endloop
  endfacet
  facet normal -5.505296e-01 0.000000e+00 8.348157e-01
    outer loop
      vertex   1.052454e+02 9.832400e+00 -1.531565e+01
      vertex   1.055016e+02 1.434440e+01 -1.514668e+01
      vertex   1.052454e+02 1.434440e+01 -1.531565e+01
    endloop
  endfacet
  facet normal -4.929977e-01 0.000000e+00 8.700306e-01
    outer loop
      vertex   1.052454e+02 9.832400e+00 -1.531565e+01
      vertex   1.052454e+02 1.434440e+01 -1.531565e+01
      vertex   1.049784e+02 9.832400e+00 -1.546696e+01
    endloop
  endfacet
  facet normal -4.929977e-01 0.000000e+00 8.700306e-01
    outer loop
      vertex   1.049784e+02 9.832400e+00 -1.546696e+01
      vertex   1.052454e+02 1.434440e+01 -1.531565e+01
      vertex   1.049784e+02 1.434440e+01 -1.546696e+01
    endloop
  endfacet
  facet normal -4.332226e-01 0.000000e+00 9.012869e-01
    outer loop
      vertex   1.049784e+02 9.832400e+00 -1.546696e+01
      vertex   1.049784e+02 1.434440e+01 -1.546696e+01
      vertex   1.047017e+02 9.832400e+00 -1.559992e+01
    endloop
  endfacet
  facet normal -4.332226e-01 0.000000e+00 9.012869e-01
    outer loop
      vertex   1.047017e+02 9.832400e+00 -1.559992e+01
      vertex   1.049784e+02 1.434440e+01 -1.546696e+01
      vertex   1.047017e+02 1.434440e+01 -1.559992e+01
    endloop
  endfacet
  facet normal -3.714764e-01 0.000000e+00 9.284424e-01
    outer loop
      vertex   1.047017e+02 9.832400e+00 -1.559992e+01
      vertex   1.047017e+02 1.434440e+01 -1.559992e+01
      vertex   1.044168e+02 9.832400e+00 -1.571393e+01
    endloop
  endfacet
  facet normal -3.714764e-01 0.000000e+00 9.284424e-01
    outer loop
      vertex   1.044168e+02 9.832400e+00 -1.571393e+01
      vertex   1.047017e+02 1.434440e+01 -1.559992e+01
      vertex   1.044168e+02 1.434440e+01 -1.571393e+01
    endloop
  endfacet
  facet normal -3.080400e-01 0.000000e+00 9.513734e-01
    outer loop
      vertex   1.044168e+02 9.832400e+00 -1.571393e+01
      vertex   1.044168e+02 1.434440e+01 -1.571393e+01
      vertex   1.041248e+02 9.832400e+00 -1.580847e+01
    endloop
  endfacet
  facet normal -3.080400e-01 0.000000e+00 9.513734e-01
    outer loop
      vertex   1.041248e+02 9.832400e+00 -1.580847e+01
      vertex   1.044168e+02 1.434440e+01 -1.571393e+01
      vertex   1.041248e+02 1.434440e+01 -1.580847e+01
    endloop
  endfacet
  facet normal -2.432020e-01 0.000000e+00 9.699757e-01
    outer loop
      vertex   1.041248e+02 9.832400e+00 -1.580847e+01
      vertex   1.041248e+02 1.434440e+01 -1.580847e+01
      vertex   1.038271e+02 9.832400e+00 -1.588311e+01
    endloop
  endfacet
  facet normal -2.432020e-01 0.000000e+00 9.699757e-01
    outer loop
      vertex   1.038271e+02 9.832400e+00 -1.588311e+01
      vertex   1.041248e+02 1.434440e+01 -1.580847e+01
      vertex   1.038271e+02 1.434440e+01 -1.588311e+01
    endloop
  endfacet
  facet normal -1.772574e-01 0.000000e+00 9.841645e-01
    outer loop
      vertex   1.038271e+02 9.832400e+00 -1.588311e+01
      vertex   1.038271e+02 1.434440e+01 -1.588311e+01
      vertex   1.035250e+02 9.832400e+00 -1.593752e+01
    endloop
  endfacet
  facet normal -1.772574e-01 0.000000e+00 9.841645e-01
    outer loop
      vertex   1.035250e+02 9.832400e+00 -1.593752e+01
      vertex   1.038271e+02 1.434440e+01 -1.588311e+01
      vertex   1.035250e+02 1.434440e+01 -1.593752e+01
    endloop
  endfacet
  facet normal -1.105063e-01 0.000000e+00 9.938754e-01
    outer loop
      vertex   1.035250e+02 9.832400e+00 -1.593752e+01
      vertex   1.035250e+02 1.434440e+01 -1.593752e+01
      vertex   1.032200e+02 9.832400e+00 -1.597143e+01
    endloop
  endfacet
  facet normal -1.105063e-01 0.000000e+00 9.938754e-01
    outer loop
      vertex   1.032200e+02 9.832400e+00 -1.597143e+01
      vertex   1.035250e+02 1.434440e+01 -1.593752e+01
      vertex   1.032200e+02 1.434440e+01 -1.597143e+01
    endloop
  endfacet
  facet normal 0.000000e+00 0.000000e+00 -1.000000e+00
    outer loop
      vertex   1.006200e+02 6.832400e+00 -1.293000e+01
      vertex   9.952000e+01 6.832400e+00 -1.293000e+01
      vertex   9.987213e+01 9.832400e+00 -1.293000e+01
    endloop
  endfacet
  facet normal -0.000000e+00 0.000000e+00 -1.000000e+00
    outer loop
      vertex   9.987213e+01 9.832400e+00 -1.293000e+01
      vertex   9.952000e+01 6.832400e+00 -1.293000e+01
      vertex   9.952000e+01 1.456440e+01 -1.293000e+01
    endloop
  endfacet
  facet normal 0.000000e+00 0.000000e+00 -1.000000e+00
    outer loop
      vertex   9.987213e+01 9.832400e+00 -1.293000e+01
      vertex   9.952000e+01 1.456440e+01 -1.293000e+01
      vertex   9.987213e+01 1.456440e+01 -1.293000e+01
    endloop
  endfacet
  facet normal 0.000000e+00 0.000000e+00 -1.000000e+00
    outer loop
      vertex   9.987213e+01 9.832400e+00 -1.293000e+01
      vertex   1.006200e+02 9.832400e+00 -1.293000e+01
      vertex   1.006200e+02 6.832400e+00 -1.293000e+01
    endloop
  endfacet
  facet normal 0.000000e+00 -1.000000e+00 0.000000e+00
    outer loop
      vertex   9.952000e+01 6.832400e+00 -9.930000e+00
      vertex   9.952000e+01 6.832400e+00 -1.293000e+01
      vertex   1.006200e+02 6.832400e+00 -9.930000e+00
    endloop
  endfacet
  facet normal 0.000000e+00 -1.000000e+00 -0.000000e+00
    outer loop
      vertex   1.006200e+02 6.832400e+00 -9.930000e+00
      vertex   9.952000e+01 6.832400e+00 -1.293000e+01
      vertex   1.006200e+02 6.832400e+00 -1.293000e+01
    endloop
  endfacet
  facet normal -1.000000e+00 -0.000000e+00 -0.000000e+00
    outer loop
      vertex   1.051200e+02 1.449677e+01 -1.178491e+01
      vertex   1.051200e+02 1.450277e+01 -1.213502e+01
      vertex   1.051200e+02 9.832400e+00 -1.178491e+01
    endloop
  endfacet
  facet normal -1.000000e+00 0.000000e+00 0.000000e+00
    outer loop
      vertex   1.051200e+02 9.832400e+00 -1.178491e+01
      vertex   1.051200e+02 1.450277e+01 -1.213502e+01
      vertex   1.051200e+02 9.832400e+00 -1.283491e+01
    endloop
  endfacet
  facet normal -1.000000e+00 0.000000e+00 -0.000000e+00
    outer loop
      vertex   1.051200e+02 9.832400e+00 -1.178491e+01
      vertex   1.051200e+02 9.832400e+00 -1.283491e+01
      vertex   1.051200e+02 6.832400e+00 -1.293000e+01
    endloop
  endfacet
  facet normal -1.000000e+00 0.000000e+00 0.000000e+00
    outer loop
      vertex   1.051200e+02 6.832400e+00 -1.293000e+01
      vertex   1.051200e+02 9.832400e+00 -1.283491e+01
      vertex   1.051200e+02 9.832400e+00 -1.293000e+01
    endloop
  endfacet
  facet normal -1.000000e+00 0.000000e+00 -0.000000e+00
    outer loop
      vertex   1.051200e+02 1.450277e+01 -1.213502e+01
      vertex   1.051200e+02 1.451276e+01 -1.248504e+01
      vertex   1.051200e+02 9.832400e+00 -1.283491e+01
    endloop
  endfacet
  facet normal -1.000000e+00 3.027227e-15 -4.049554e-14
    outer loop
      vertex   1.051200e+02 9.832400e+00 -1.283491e+01
      vertex   1.051200e+02 1.451276e+01 -1.248504e+01
      vertex   1.051200e+02 1.452675e+01 -1.283491e+01
    endloop
  endfacet
  facet normal -1.000000e+00 -0.000000e+00 0.000000e+00
    outer loop
      vertex   1.051200e+02 9.832400e+00 -1.178491e+01
      vertex   1.051200e+02 6.832400e+00 -1.293000e+01
      vertex   1.051200e+02 9.832400e+00 -1.108491e+01
    endloop
  endfacet
  facet normal -1.000000e+00 -0.000000e+00 0.000000e+00
    outer loop
      vertex   1.051200e+02 9.832400e+00 -1.108491e+01
      vertex   1.051200e+02 6.832400e+00 -1.293000e+01
      vertex   1.051200e+02 6.832400e+00 -9.930000e+00
    endloop
  endfacet
  facet normal -1.000000e+00 0.000000e+00 0.000000e+00
    outer loop
      vertex   1.051200e+02 9.832400e+00 -1.108491e+01
      vertex   1.051200e+02 6.832400e+00 -9.930000e+00
      vertex   1.051200e+02 9.832400e+00 -1.003491e+01
    endloop
  endfacet
  facet normal -1.000000e+00 0.000000e+00 0.000000e+00
    outer loop
      vertex   1.051200e+02 9.832400e+00 -1.003491e+01
      vertex   1.051200e+02 6.832400e+00 -9.930000e+00
      vertex   1.051200e+02 9.832400e+00 -9.930000e+00
    endloop
  endfacet
  facet normal -1.000000e+00 3.027227e-15 4.049554e-14
    outer loop
      vertex   1.051200e+02 1.452675e+01 -1.003491e+01
      vertex   1.051200e+02 1.451276e+01 -1.038479e+01
      vertex   1.051200e+02 9.832400e+00 -1.003491e+01
    endloop
  endfacet
  facet normal -1.000000e+00 0.000000e+00 0.000000e+00
    outer loop
      vertex   1.051200e+02 9.832400e+00 -1.003491e+01
      vertex   1.051200e+02 1.451276e+01 -1.038479e+01
      vertex   1.051200e+02 1.450277e+01 -1.073481e+01
    endloop
  endfacet
  facet normal -1.000000e+00 0.000000e+00 -0.000000e+00
    outer loop
      vertex   1.051200e+02 9.832400e+00 -1.003491e+01
      vertex   1.051200e+02 1.450277e+01 -1.073481e+01
      vertex   1.051200e+02 9.832400e+00 -1.108491e+01
    endloop
  endfacet
  facet normal -1.000000e+00 0.000000e+00 0.000000e+00
    outer loop
      vertex   1.051200e+02 9.832400e+00 -1.108491e+01
      vertex   1.051200e+02 1.450277e+01 -1.073481e+01
      vertex   1.051200e+02 1.449677e+01 -1.108491e+01
    endloop
  endfacet
  facet normal 1.614870e-15 -3.999208e-16 1.000000e+00
    outer loop
      vertex   1.051200e+02 6.832400e+00 -9.930000e+00
      vertex   1.062200e+02 6.832400e+00 -9.930000e+00
      vertex   1.058629e+02 9.832400e+00 -9.930000e+00
    endloop
  endfacet
  facet normal 4.975049e-15 0.000000e+00 1.000000e+00
    outer loop
      vertex   1.058629e+02 9.832400e+00 -9.930000e+00
      vertex   1.062200e+02 6.832400e+00 -9.930000e+00
      vertex   1.062200e+02 1.454240e+01 -9.930000e+00
    endloop
  endfacet
  facet normal 4.975049e-15 -0.000000e+00 1.000000e+00
    outer loop
      vertex   1.058629e+02 9.832400e+00 -9.930000e+00
      vertex   1.062200e+02 1.454240e+01 -9.930000e+00
      vertex   1.058629e+02 1.454240e+01 -9.930000e+00
    endloop
  endfacet
  facet normal 0.000000e+00 0.000000e+00 1.000000e+00
    outer loop
      vertex   1.058629e+02 9.832400e+00 -9.930000e+00
      vertex   1.051200e+02 9.832400e+00 -9.930000e+00
      vertex   1.051200e+02 6.832400e+00 -9.930000e+00
    endloop
  endfacet
  facet normal 0.000000e+00 -1.000000e+00 0.000000e+00
    outer loop
      vertex   1.062200e+02 6.832400e+00 -1.293000e+01
      vertex   1.062200e+02 6.832400e+00 -9.930000e+00
      vertex   1.051200e+02 6.832400e+00 -1.293000e+01
    endloop
  endfacet
  facet normal 0.000000e+00 -1.000000e+00 0.000000e+00
    outer loop
      vertex   1.051200e+02 6.832400e+00 -1.293000e+01
      vertex   1.062200e+02 6.832400e+00 -9.930000e+00
      vertex   1.051200e+02 6.832400e+00 -9.930000e+00
    endloop
  endfacet
endsolid
