solid ASCII
  facet normal 0.000000e+00 8.639240e-02 9.962612e-01
    outer loop
      vertex   1.058700e+02 2.033502e+01 -4.197746e+01
      vertex   1.043700e+02 2.033502e+01 -4.197746e+01
      vertex   1.058700e+02 2.024895e+01 -4.197000e+01
    endloop
  endfacet
  facet normal -2.893867e-19 8.639240e-02 9.962612e-01
    outer loop
      vertex   1.058700e+02 2.024895e+01 -4.197000e+01
      vertex   1.043700e+02 2.033502e+01 -4.197746e+01
      vertex   1.028700e+02 2.033502e+01 -4.197746e+01
    endloop
  endfacet
  facet normal 0.000000e+00 8.639240e-02 9.962612e-01
    outer loop
      vertex   1.058700e+02 2.024895e+01 -4.197000e+01
      vertex   1.028700e+02 2.033502e+01 -4.197746e+01
      vertex   9.987000e+01 2.024895e+01 -4.197000e+01
    endloop
  endfacet
  facet normal -2.893867e-19 8.639240e-02 9.962612e-01
    outer loop
      vertex   9.987000e+01 2.024895e+01 -4.197000e+01
      vertex   1.028700e+02 2.033502e+01 -4.197746e+01
      vertex   1.013700e+02 2.033502e+01 -4.197746e+01
    endloop
  endfacet
  facet normal -2.893867e-19 8.639240e-02 9.962612e-01
    outer loop
      vertex   9.987000e+01 2.024895e+01 -4.197000e+01
      vertex   1.013700e+02 2.033502e+01 -4.197746e+01
      vertex   9.987000e+01 2.033502e+01 -4.197746e+01
    endloop
  endfacet
  facet normal -0.000000e+00 2.565980e-01 9.665182e-01
    outer loop
      vertex   9.987000e+01 2.033502e+01 -4.197746e+01
      vertex   1.013700e+02 2.033502e+01 -4.197746e+01
      vertex   9.987000e+01 2.041852e+01 -4.199963e+01
    endloop
  endfacet
  facet normal -0.000000e+00 2.565980e-01 9.665182e-01
    outer loop
      vertex   9.987000e+01 2.041852e+01 -4.199963e+01
      vertex   1.013700e+02 2.033502e+01 -4.197746e+01
      vertex   1.013700e+02 2.041852e+01 -4.199963e+01
    endloop
  endfacet
  facet normal -0.000000e+00 4.191430e-01 9.079202e-01
    outer loop
      vertex   9.987000e+01 2.041852e+01 -4.199963e+01
      vertex   1.013700e+02 2.041852e+01 -4.199963e+01
      vertex   9.987000e+01 2.049696e+01 -4.203584e+01
    endloop
  endfacet
  facet normal -0.000000e+00 4.191430e-01 9.079202e-01
    outer loop
      vertex   9.987000e+01 2.049696e+01 -4.203584e+01
      vertex   1.013700e+02 2.041852e+01 -4.199963e+01
      vertex   1.013700e+02 2.049696e+01 -4.203584e+01
    endloop
  endfacet
  facet normal -0.000000e+00 5.691746e-01 8.222167e-01
    outer loop
      vertex   9.987000e+01 2.049696e+01 -4.203584e+01
      vertex   1.013700e+02 2.049696e+01 -4.203584e+01
      vertex   9.987000e+01 2.056799e+01 -4.208501e+01
    endloop
  endfacet
  facet normal -0.000000e+00 5.691746e-01 8.222167e-01
    outer loop
      vertex   9.987000e+01 2.056799e+01 -4.208501e+01
      vertex   1.013700e+02 2.049696e+01 -4.203584e+01
      vertex   1.013700e+02 2.056799e+01 -4.208501e+01
    endloop
  endfacet
  facet normal -0.000000e+00 7.022137e-01 7.119662e-01
    outer loop
      vertex   9.987000e+01 2.056799e+01 -4.208501e+01
      vertex   1.013700e+02 2.056799e+01 -4.208501e+01
      vertex   9.987000e+01 2.062950e+01 -4.214568e+01
    endloop
  endfacet
  facet normal -1.663176e-15 7.022137e-01 7.119662e-01
    outer loop
      vertex   9.987000e+01 2.062950e+01 -4.214568e+01
      vertex   1.013700e+02 2.056799e+01 -4.208501e+01
      vertex   1.013700e+02 2.062950e+01 -4.214568e+01
    endloop
  endfacet
  facet normal -1.928623e-15 8.142886e-01 5.804602e-01
    outer loop
      vertex   9.987000e+01 2.062950e+01 -4.214568e+01
      vertex   1.013700e+02 2.062950e+01 -4.214568e+01
      vertex   9.987000e+01 2.067965e+01 -4.221603e+01
    endloop
  endfacet
  facet normal -0.000000e+00 8.142886e-01 5.804602e-01
    outer loop
      vertex   9.987000e+01 2.067965e+01 -4.221603e+01
      vertex   1.013700e+02 2.062950e+01 -4.214568e+01
      vertex   1.013700e+02 2.067965e+01 -4.221603e+01
    endloop
  endfacet
  facet normal -0.000000e+00 9.020532e-01 4.316249e-01
    outer loop
      vertex   9.987000e+01 2.067965e+01 -4.221603e+01
      vertex   1.013700e+02 2.067965e+01 -4.221603e+01
      vertex   9.987000e+01 2.071694e+01 -4.229396e+01
    endloop
  endfacet
  facet normal -0.000000e+00 9.020532e-01 4.316249e-01
    outer loop
      vertex   9.987000e+01 2.071694e+01 -4.229396e+01
      vertex   1.013700e+02 2.067965e+01 -4.221603e+01
      vertex   1.013700e+02 2.071694e+01 -4.229396e+01
    endloop
  endfacet
  facet normal -0.000000e+00 9.628874e-01 2.699035e-01
    outer loop
      vertex   9.987000e+01 2.071694e+01 -4.229396e+01
      vertex   1.013700e+02 2.071694e+01 -4.229396e+01
      vertex   9.987000e+01 2.074026e+01 -4.237715e+01
    endloop
  endfacet
  facet normal -0.000000e+00 9.628874e-01 2.699035e-01
    outer loop
      vertex   9.987000e+01 2.074026e+01 -4.237715e+01
      vertex   1.013700e+02 2.071694e+01 -4.229396e+01
      vertex   1.013700e+02 2.074026e+01 -4.237715e+01
    endloop
  endfacet
  facet normal -0.000000e+00 9.949749e-01 1.001243e-01
    outer loop
      vertex   9.987000e+01 2.074026e+01 -4.237715e+01
      vertex   1.013700e+02 2.074026e+01 -4.237715e+01
      vertex   9.987000e+01 2.074891e+01 -4.246310e+01
    endloop
  endfacet
  facet normal -0.000000e+00 9.949749e-01 1.001243e-01
    outer loop
      vertex   9.987000e+01 2.074891e+01 -4.246310e+01
      vertex   1.013700e+02 2.074026e+01 -4.237715e+01
      vertex   1.013700e+02 2.074891e+01 -4.246310e+01
    endloop
  endfacet
  facet normal 0.000000e+00 9.973579e-01 -7.264404e-02
    outer loop
      vertex   9.987000e+01 2.074891e+01 -4.246310e+01
      vertex   1.013700e+02 2.074891e+01 -4.246310e+01
      vertex   9.987000e+01 2.074263e+01 -4.254927e+01
    endloop
  endfacet
  facet normal 2.595531e-19 9.973579e-01 -7.264404e-02
    outer loop
      vertex   9.987000e+01 2.074263e+01 -4.254927e+01
      vertex   1.013700e+02 2.074891e+01 -4.246310e+01
      vertex   1.028700e+02 2.074891e+01 -4.246310e+01
    endloop
  endfacet
  facet normal 0.000000e+00 9.973579e-01 -7.264404e-02
    outer loop
      vertex   9.987000e+01 2.074263e+01 -4.254927e+01
      vertex   1.028700e+02 2.074891e+01 -4.246310e+01
      vertex   1.058700e+02 2.074263e+01 -4.254927e+01
    endloop
  endfacet
  facet normal 2.595531e-19 9.973579e-01 -7.264404e-02
    outer loop
      vertex   1.058700e+02 2.074263e+01 -4.254927e+01
      vertex   1.028700e+02 2.074891e+01 -4.246310e+01
      vertex   1.043700e+02 2.074891e+01 -4.246310e+01
    endloop
  endfacet
  facet normal 2.595531e-19 9.973579e-01 -7.264404e-02
    outer loop
      vertex   1.058700e+02 2.074263e+01 -4.254927e+01
      vertex   1.043700e+02 2.074891e+01 -4.246310e+01
      vertex   1.058700e+02 2.074891e+01 -4.246310e+01
    endloop
  endfacet
  facet normal 0.000000e+00 9.949749e-01 1.001243e-01
    outer loop
      vertex   1.058700e+02 2.074891e+01 -4.246310e+01
      vertex   1.043700e+02 2.074891e+01 -4.246310e+01
      vertex   1.058700e+02 2.074026e+01 -4.237715e+01
    endloop
  endfacet
  facet normal 0.000000e+00 9.949749e-01 1.001243e-01
    outer loop
      vertex   1.058700e+02 2.074026e+01 -4.237715e+01
      vertex   1.043700e+02 2.074891e+01 -4.246310e+01
      vertex   1.043700e+02 2.074026e+01 -4.237715e+01
    endloop
  endfacet
  facet normal 0.000000e+00 9.628874e-01 2.699035e-01
    outer loop
      vertex   1.058700e+02 2.074026e+01 -4.237715e+01
      vertex   1.043700e+02 2.074026e+01 -4.237715e+01
      vertex   1.058700e+02 2.071694e+01 -4.229396e+01
    endloop
  endfacet
  facet normal 0.000000e+00 9.628874e-01 2.699035e-01
    outer loop
      vertex   1.058700e+02 2.071694e+01 -4.229396e+01
      vertex   1.043700e+02 2.074026e+01 -4.237715e+01
      vertex   1.043700e+02 2.071694e+01 -4.229396e+01
    endloop
  endfacet
  facet normal 0.000000e+00 9.020532e-01 4.316249e-01
    outer loop
      vertex   1.058700e+02 2.071694e+01 -4.229396e+01
      vertex   1.043700e+02 2.071694e+01 -4.229396e+01
      vertex   1.058700e+02 2.067965e+01 -4.221603e+01
    endloop
  endfacet
  facet normal 0.000000e+00 9.020532e-01 4.316249e-01
    outer loop
      vertex   1.058700e+02 2.067965e+01 -4.221603e+01
      vertex   1.043700e+02 2.071694e+01 -4.229396e+01
      vertex   1.043700e+02 2.067965e+01 -4.221603e+01
    endloop
  endfacet
  facet normal 0.000000e+00 8.142886e-01 5.804602e-01
    outer loop
      vertex   1.058700e+02 2.067965e+01 -4.221603e+01
      vertex   1.043700e+02 2.067965e+01 -4.221603e+01
      vertex   1.058700e+02 2.062950e+01 -4.214568e+01
    endloop
  endfacet
  facet normal 1.928623e-15 8.142886e-01 5.804602e-01
    outer loop
      vertex   1.058700e+02 2.062950e+01 -4.214568e+01
      vertex   1.043700e+02 2.067965e+01 -4.221603e+01
      vertex   1.043700e+02 2.062950e+01 -4.214568e+01
    endloop
  endfacet
  facet normal 1.663176e-15 7.022137e-01 7.119662e-01
    outer loop
      vertex   1.058700e+02 2.062950e+01 -4.214568e+01
      vertex   1.043700e+02 2.062950e+01 -4.214568e+01
      vertex   1.058700e+02 2.056799e+01 -4.208501e+01
    endloop
  endfacet
  facet normal 0.000000e+00 7.022137e-01 7.119662e-01
    outer loop
      vertex   1.058700e+02 2.056799e+01 -4.208501e+01
      vertex   1.043700e+02 2.062950e+01 -4.214568e+01
      vertex   1.043700e+02 2.056799e+01 -4.208501e+01
    endloop
  endfacet
  facet normal 0.000000e+00 5.691746e-01 8.222167e-01
    outer loop
      vertex   1.058700e+02 2.056799e+01 -4.208501e+01
      vertex   1.043700e+02 2.056799e+01 -4.208501e+01
      vertex   1.058700e+02 2.049696e+01 -4.203584e+01
    endloop
  endfacet
  facet normal 0.000000e+00 5.691746e-01 8.222167e-01
    outer loop
      vertex   1.058700e+02 2.049696e+01 -4.203584e+01
      vertex   1.043700e+02 2.056799e+01 -4.208501e+01
      vertex   1.043700e+02 2.049696e+01 -4.203584e+01
    endloop
  endfacet
  facet normal 0.000000e+00 4.191430e-01 9.079202e-01
    outer loop
      vertex   1.058700e+02 2.049696e+01 -4.203584e+01
      vertex   1.043700e+02 2.049696e+01 -4.203584e+01
      vertex   1.058700e+02 2.041852e+01 -4.199963e+01
    endloop
  endfacet
  facet normal 0.000000e+00 4.191430e-01 9.079202e-01
    outer loop
      vertex   1.058700e+02 2.041852e+01 -4.199963e+01
      vertex   1.043700e+02 2.049696e+01 -4.203584e+01
      vertex   1.043700e+02 2.041852e+01 -4.199963e+01
    endloop
  endfacet
  facet normal 0.000000e+00 2.565980e-01 9.665182e-01
    outer loop
      vertex   1.058700e+02 2.041852e+01 -4.199963e+01
      vertex   1.043700e+02 2.041852e+01 -4.199963e+01
      vertex   1.058700e+02 2.033502e+01 -4.197746e+01
    endloop
  endfacet
  facet normal 0.000000e+00 2.565980e-01 9.665182e-01
    outer loop
      vertex   1.058700e+02 2.033502e+01 -4.197746e+01
      vertex   1.043700e+02 2.041852e+01 -4.199963e+01
      vertex   1.043700e+02 2.033502e+01 -4.197746e+01
    endloop
  endfacet
  facet normal -7.517904e-19 2.565980e-01 9.665182e-01
    outer loop
      vertex   1.013700e+02 2.041852e+01 -4.199963e+01
      vertex   1.013700e+02 2.033502e+01 -4.197746e+01
      vertex   1.028700e+02 2.033502e+01 -4.197746e+01
    endloop
  endfacet
  facet normal -0.000000e+00 2.565980e-01 9.665182e-01
    outer loop
      vertex   1.028700e+02 2.033502e+01 -4.197746e+01
      vertex   1.043700e+02 2.033502e+01 -4.197746e+01
      vertex   1.028700e+02 2.041852e+01 -4.199963e+01
    endloop
  endfacet
  facet normal -0.000000e+00 2.565980e-01 9.665182e-01
    outer loop
      vertex   1.028700e+02 2.041852e+01 -4.199963e+01
      vertex   1.043700e+02 2.033502e+01 -4.197746e+01
      vertex   1.043700e+02 2.041852e+01 -4.199963e+01
    endloop
  endfacet
  facet normal -0.000000e+00 4.191430e-01 9.079202e-01
    outer loop
      vertex   1.028700e+02 2.041852e+01 -4.199963e+01
      vertex   1.043700e+02 2.041852e+01 -4.199963e+01
      vertex   1.028700e+02 2.049696e+01 -4.203584e+01
    endloop
  endfacet
  facet normal -0.000000e+00 4.191430e-01 9.079202e-01
    outer loop
      vertex   1.028700e+02 2.049696e+01 -4.203584e+01
      vertex   1.043700e+02 2.041852e+01 -4.199963e+01
      vertex   1.043700e+02 2.049696e+01 -4.203584e+01
    endloop
  endfacet
  facet normal -0.000000e+00 5.691746e-01 8.222167e-01
    outer loop
      vertex   1.028700e+02 2.049696e+01 -4.203584e+01
      vertex   1.043700e+02 2.049696e+01 -4.203584e+01
      vertex   1.028700e+02 2.056799e+01 -4.208501e+01
    endloop
  endfacet
  facet normal -0.000000e+00 5.691746e-01 8.222167e-01
    outer loop
      vertex   1.028700e+02 2.056799e+01 -4.208501e+01
      vertex   1.043700e+02 2.049696e+01 -4.203584e+01
      vertex   1.043700e+02 2.056799e+01 -4.208501e+01
    endloop
  endfacet
  facet normal -0.000000e+00 7.022137e-01 7.119662e-01
    outer loop
      vertex   1.028700e+02 2.056799e+01 -4.208501e+01
      vertex   1.043700e+02 2.056799e+01 -4.208501e+01
      vertex   1.028700e+02 2.062950e+01 -4.214568e+01
    endloop
  endfacet
  facet normal -0.000000e+00 7.022137e-01 7.119662e-01
    outer loop
      vertex   1.028700e+02 2.062950e+01 -4.214568e+01
      vertex   1.043700e+02 2.056799e+01 -4.208501e+01
      vertex   1.043700e+02 2.062950e+01 -4.214568e+01
    endloop
  endfacet
  facet normal -0.000000e+00 8.142886e-01 5.804602e-01
    outer loop
      vertex   1.028700e+02 2.062950e+01 -4.214568e+01
      vertex   1.043700e+02 2.062950e+01 -4.214568e+01
      vertex   1.028700e+02 2.067965e+01 -4.221603e+01
    endloop
  endfacet
  facet normal -0.000000e+00 8.142886e-01 5.804602e-01
    outer loop
      vertex   1.028700e+02 2.067965e+01 -4.221603e+01
      vertex   1.043700e+02 2.062950e+01 -4.214568e+01
      vertex   1.043700e+02 2.067965e+01 -4.221603e+01
    endloop
  endfacet
  facet normal -0.000000e+00 9.020532e-01 4.316249e-01
    outer loop
      vertex   1.028700e+02 2.067965e+01 -4.221603e+01
      vertex   1.043700e+02 2.067965e+01 -4.221603e+01
      vertex   1.028700e+02 2.071694e+01 -4.229396e+01
    endloop
  endfacet
  facet normal -0.000000e+00 9.020532e-01 4.316249e-01
    outer loop
      vertex   1.028700e+02 2.071694e+01 -4.229396e+01
      vertex   1.043700e+02 2.067965e+01 -4.221603e+01
      vertex   1.043700e+02 2.071694e+01 -4.229396e+01
    endloop
  endfacet
  facet normal -0.000000e+00 9.628874e-01 2.699035e-01
    outer loop
      vertex   1.028700e+02 2.071694e+01 -4.229396e+01
      vertex   1.043700e+02 2.071694e+01 -4.229396e+01
      vertex   1.028700e+02 2.074026e+01 -4.237715e+01
    endloop
  endfacet
  facet normal -0.000000e+00 9.628874e-01 2.699035e-01
    outer loop
      vertex   1.028700e+02 2.074026e+01 -4.237715e+01
      vertex   1.043700e+02 2.071694e+01 -4.229396e+01
      vertex   1.043700e+02 2.074026e+01 -4.237715e+01
    endloop
  endfacet
  facet normal -0.000000e+00 9.949749e-01 1.001243e-01
    outer loop
      vertex   1.028700e+02 2.074026e+01 -4.237715e+01
      vertex   1.043700e+02 2.074026e+01 -4.237715e+01
      vertex   1.028700e+02 2.074891e+01 -4.246310e+01
    endloop
  endfacet
  facet normal -0.000000e+00 9.949749e-01 1.001243e-01
    outer loop
      vertex   1.028700e+02 2.074891e+01 -4.246310e+01
      vertex   1.043700e+02 2.074026e+01 -4.237715e+01
      vertex   1.043700e+02 2.074891e+01 -4.246310e+01
    endloop
  endfacet
  facet normal 4.311821e-19 4.191430e-01 9.079202e-01
    outer loop
      vertex   1.013700e+02 2.049696e+01 -4.203584e+01
      vertex   1.013700e+02 2.041852e+01 -4.199963e+01
      vertex   1.028700e+02 2.041852e+01 -4.199963e+01
    endloop
  endfacet
  facet normal 0.000000e+00 2.565980e-01 9.665182e-01
    outer loop
      vertex   1.028700e+02 2.041852e+01 -4.199963e+01
      vertex   1.013700e+02 2.041852e+01 -4.199963e+01
      vertex   1.028700e+02 2.033502e+01 -4.197746e+01
    endloop
  endfacet
  facet normal -0.000000e+00 4.191430e-01 9.079202e-01
    outer loop
      vertex   1.013700e+02 2.049696e+01 -4.203584e+01
      vertex   1.028700e+02 2.041852e+01 -4.199963e+01
      vertex   1.028700e+02 2.049696e+01 -4.203584e+01
    endloop
  endfacet
  facet normal 6.184383e-19 5.691746e-01 8.222167e-01
    outer loop
      vertex   1.013700e+02 2.056799e+01 -4.208501e+01
      vertex   1.013700e+02 2.049696e+01 -4.203584e+01
      vertex   1.028700e+02 2.049696e+01 -4.203584e+01
    endloop
  endfacet
  facet normal -0.000000e+00 5.691746e-01 8.222167e-01
    outer loop
      vertex   1.013700e+02 2.056799e+01 -4.208501e+01
      vertex   1.028700e+02 2.049696e+01 -4.203584e+01
      vertex   1.028700e+02 2.056799e+01 -4.208501e+01
    endloop
  endfacet
  facet normal -1.342796e-18 7.022137e-01 7.119662e-01
    outer loop
      vertex   1.013700e+02 2.062950e+01 -4.214568e+01
      vertex   1.013700e+02 2.056799e+01 -4.208501e+01
      vertex   1.028700e+02 2.056799e+01 -4.208501e+01
    endloop
  endfacet
  facet normal -0.000000e+00 7.022137e-01 7.119662e-01
    outer loop
      vertex   1.013700e+02 2.062950e+01 -4.214568e+01
      vertex   1.028700e+02 2.056799e+01 -4.208501e+01
      vertex   1.028700e+02 2.062950e+01 -4.214568e+01
    endloop
  endfacet
  facet normal -1.534646e-18 8.142886e-01 5.804602e-01
    outer loop
      vertex   1.013700e+02 2.067965e+01 -4.221603e+01
      vertex   1.013700e+02 2.062950e+01 -4.214568e+01
      vertex   1.028700e+02 2.062950e+01 -4.214568e+01
    endloop
  endfacet
  facet normal -0.000000e+00 8.142886e-01 5.804602e-01
    outer loop
      vertex   1.013700e+02 2.067965e+01 -4.221603e+01
      vertex   1.028700e+02 2.062950e+01 -4.214568e+01
      vertex   1.028700e+02 2.067965e+01 -4.221603e+01
    endloop
  endfacet
  facet normal 1.579672e-18 9.020532e-01 4.316249e-01
    outer loop
      vertex   1.013700e+02 2.071694e+01 -4.229396e+01
      vertex   1.013700e+02 2.067965e+01 -4.221603e+01
      vertex   1.028700e+02 2.067965e+01 -4.221603e+01
    endloop
  endfacet
  facet normal -0.000000e+00 9.020532e-01 4.316249e-01
    outer loop
      vertex   1.013700e+02 2.071694e+01 -4.229396e+01
      vertex   1.028700e+02 2.067965e+01 -4.221603e+01
      vertex   1.028700e+02 2.071694e+01 -4.229396e+01
    endloop
  endfacet
  facet normal -2.777114e-19 9.628874e-01 2.699035e-01
    outer loop
      vertex   1.013700e+02 2.074026e+01 -4.237715e+01
      vertex   1.013700e+02 2.071694e+01 -4.229396e+01
      vertex   1.028700e+02 2.071694e+01 -4.229396e+01
    endloop
  endfacet
  facet normal -0.000000e+00 9.628874e-01 2.699035e-01
    outer loop
      vertex   1.013700e+02 2.074026e+01 -4.237715e+01
      vertex   1.028700e+02 2.071694e+01 -4.229396e+01
      vertex   1.028700e+02 2.074026e+01 -4.237715e+01
    endloop
  endfacet
  facet normal 3.165468e-19 9.949749e-01 1.001243e-01
    outer loop
      vertex   1.013700e+02 2.074891e+01 -4.246310e+01
      vertex   1.013700e+02 2.074026e+01 -4.237715e+01
      vertex   1.028700e+02 2.074026e+01 -4.237715e+01
    endloop
  endfacet
  facet normal -0.000000e+00 9.949749e-01 1.001243e-01
    outer loop
      vertex   1.013700e+02 2.074891e+01 -4.246310e+01
      vertex   1.028700e+02 2.074026e+01 -4.237715e+01
      vertex   1.028700e+02 2.074891e+01 -4.246310e+01
    endloop
  endfacet
  facet normal 0.000000e+00 9.892175e-01 -1.464540e-01
    outer loop
      vertex   9.987000e+01 2.074263e+01 -4.254927e+01
      vertex   1.058700e+02 2.074263e+01 -4.254927e+01
      vertex   9.987000e+01 2.067101e+01 -4.303301e+01
    endloop
  endfacet
  facet normal 0.000000e+00 9.892175e-01 -1.464540e-01
    outer loop
      vertex   9.987000e+01 2.067101e+01 -4.303301e+01
      vertex   1.058700e+02 2.074263e+01 -4.254927e+01
      vertex   1.058700e+02 2.067101e+01 -4.303301e+01
    endloop
  endfacet
  facet normal 0.000000e+00 9.925024e-01 -1.222249e-01
    outer loop
      vertex   9.987000e+01 2.067101e+01 -4.303301e+01
      vertex   1.058700e+02 2.067101e+01 -4.303301e+01
      vertex   9.987000e+01 2.061124e+01 -4.351836e+01
    endloop
  endfacet
  facet normal 0.000000e+00 9.925024e-01 -1.222249e-01
    outer loop
      vertex   9.987000e+01 2.061124e+01 -4.351836e+01
      vertex   1.058700e+02 2.067101e+01 -4.303301e+01
      vertex   1.058700e+02 2.061124e+01 -4.351836e+01
    endloop
  endfacet
  facet normal 0.000000e+00 9.951940e-01 -9.792271e-02
    outer loop
      vertex   9.987000e+01 2.061124e+01 -4.351836e+01
      vertex   1.058700e+02 2.061124e+01 -4.351836e+01
      vertex   9.987000e+01 2.056336e+01 -4.400502e+01
    endloop
  endfacet
  facet normal 0.000000e+00 9.951940e-01 -9.792271e-02
    outer loop
      vertex   9.987000e+01 2.056336e+01 -4.400502e+01
      vertex   1.058700e+02 2.061124e+01 -4.351836e+01
      vertex   1.058700e+02 2.056336e+01 -4.400502e+01
    endloop
  endfacet
  facet normal 0.000000e+00 9.972906e-01 -7.356201e-02
    outer loop
      vertex   9.987000e+01 2.056336e+01 -4.400502e+01
      vertex   1.058700e+02 2.056336e+01 -4.400502e+01
      vertex   9.987000e+01 2.052738e+01 -4.449272e+01
    endloop
  endfacet
  facet normal 0.000000e+00 9.972906e-01 -7.356201e-02
    outer loop
      vertex   9.987000e+01 2.052738e+01 -4.449272e+01
      vertex   1.058700e+02 2.056336e+01 -4.400502e+01
      vertex   1.058700e+02 2.052738e+01 -4.449272e+01
    endloop
  endfacet
  facet normal 0.000000e+00 9.987910e-01 -4.915732e-02
    outer loop
      vertex   9.987000e+01 2.052738e+01 -4.449272e+01
      vertex   1.058700e+02 2.052738e+01 -4.449272e+01
      vertex   9.987000e+01 2.050334e+01 -4.498114e+01
    endloop
  endfacet
  facet normal 1.182806e-15 9.987910e-01 -4.915732e-02
    outer loop
      vertex   9.987000e+01 2.050334e+01 -4.498114e+01
      vertex   1.058700e+02 2.052738e+01 -4.449272e+01
      vertex   1.058700e+02 2.050334e+01 -4.498114e+01
    endloop
  endfacet
  facet normal 1.183876e-15 9.996943e-01 -2.472325e-02
    outer loop
      vertex   9.987000e+01 2.050334e+01 -4.498114e+01
      vertex   1.058700e+02 2.050334e+01 -4.498114e+01
      vertex   9.987000e+01 2.049125e+01 -4.547000e+01
    endloop
  endfacet
  facet normal 0.000000e+00 9.996943e-01 -2.472325e-02
    outer loop
      vertex   9.987000e+01 2.049125e+01 -4.547000e+01
      vertex   1.058700e+02 2.050334e+01 -4.498114e+01
      vertex   1.058700e+02 2.049125e+01 -4.547000e+01
    endloop
  endfacet
  facet normal 1.000000e+00 0.000000e+00 -0.000000e+00
    outer loop
      vertex   1.058700e+02 2.067101e+01 -4.303301e+01
      vertex   1.058700e+02 2.074263e+01 -4.254927e+01
      vertex   1.058700e+02 2.024895e+01 -4.197000e+01
    endloop
  endfacet
  facet normal 1.000000e+00 0.000000e+00 0.000000e+00
    outer loop
      vertex   1.058700e+02 2.024895e+01 -4.197000e+01
      vertex   1.058700e+02 2.074263e+01 -4.254927e+01
      vertex   1.058700e+02 2.074891e+01 -4.246310e+01
    endloop
  endfacet
  facet normal 1.000000e+00 0.000000e+00 0.000000e+00
    outer loop
      vertex   1.058700e+02 2.024895e+01 -4.197000e+01
      vertex   1.058700e+02 2.074891e+01 -4.246310e+01
      vertex   1.058700e+02 2.074026e+01 -4.237715e+01
    endloop
  endfacet
  facet normal 1.000000e+00 0.000000e+00 0.000000e+00
    outer loop
      vertex   1.058700e+02 2.074026e+01 -4.237715e+01
      vertex   1.058700e+02 2.071694e+01 -4.229396e+01
      vertex   1.058700e+02 2.024895e+01 -4.197000e+01
    endloop
  endfacet
  facet normal 1.000000e+00 0.000000e+00 0.000000e+00
    outer loop
      vertex   1.058700e+02 2.024895e+01 -4.197000e+01
      vertex   1.058700e+02 2.071694e+01 -4.229396e+01
      vertex   1.058700e+02 2.067965e+01 -4.221603e+01
    endloop
  endfacet
  facet normal 1.000000e+00 0.000000e+00 0.000000e+00
    outer loop
      vertex   1.058700e+02 2.024895e+01 -4.197000e+01
      vertex   1.058700e+02 2.067965e+01 -4.221603e+01
      vertex   1.058700e+02 2.062950e+01 -4.214568e+01
    endloop
  endfacet
  facet normal 1.000000e+00 0.000000e+00 0.000000e+00
    outer loop
      vertex   1.058700e+02 2.062950e+01 -4.214568e+01
      vertex   1.058700e+02 2.056799e+01 -4.208501e+01
      vertex   1.058700e+02 2.024895e+01 -4.197000e+01
    endloop
  endfacet
  facet normal 1.000000e+00 0.000000e+00 0.000000e+00
    outer loop
      vertex   1.058700e+02 2.024895e+01 -4.197000e+01
      vertex   1.058700e+02 2.056799e+01 -4.208501e+01
      vertex   1.058700e+02 2.049696e+01 -4.203584e+01
    endloop
  endfacet
  facet normal 1.000000e+00 0.000000e+00 0.000000e+00
    outer loop
      vertex   1.058700e+02 2.024895e+01 -4.197000e+01
      vertex   1.058700e+02 2.049696e+01 -4.203584e+01
      vertex   1.058700e+02 2.041852e+01 -4.199963e+01
    endloop
  endfacet
  facet normal 1.000000e+00 0.000000e+00 0.000000e+00
    outer loop
      vertex   1.058700e+02 2.041852e+01 -4.199963e+01
      vertex   1.058700e+02 2.033502e+01 -4.197746e+01
      vertex   1.058700e+02 2.024895e+01 -4.197000e+01
    endloop
  endfacet
  facet normal 1.000000e+00 -0.000000e+00 0.000000e+00
    outer loop
      vertex   1.058700e+02 1.259440e+01 -4.197000e+01
      vertex   1.058700e+02 2.056336e+01 -4.400502e+01
      vertex   1.058700e+02 2.024895e+01 -4.197000e+01
    endloop
  endfacet
  facet normal 1.000000e+00 0.000000e+00 0.000000e+00
    outer loop
      vertex   1.058700e+02 2.024895e+01 -4.197000e+01
      vertex   1.058700e+02 2.056336e+01 -4.400502e+01
      vertex   1.058700e+02 2.061124e+01 -4.351836e+01
    endloop
  endfacet
  facet normal 1.000000e+00 0.000000e+00 0.000000e+00
    outer loop
      vertex   1.058700e+02 2.024895e+01 -4.197000e+01
      vertex   1.058700e+02 2.061124e+01 -4.351836e+01
      vertex   1.058700e+02 2.067101e+01 -4.303301e+01
    endloop
  endfacet
  facet normal 1.000000e+00 0.000000e+00 0.000000e+00
    outer loop
      vertex   1.058700e+02 1.259440e+01 -4.947000e+01
      vertex   1.058700e+02 2.024153e+01 -4.568975e+01
      vertex   1.058700e+02 1.259440e+01 -4.197000e+01
    endloop
  endfacet
  facet normal 1.000000e+00 0.000000e+00 0.000000e+00
    outer loop
      vertex   1.058700e+02 1.259440e+01 -4.197000e+01
      vertex   1.058700e+02 2.024153e+01 -4.568975e+01
      vertex   1.058700e+02 2.025607e+01 -4.563101e+01
    endloop
  endfacet
  facet normal 1.000000e+00 0.000000e+00 0.000000e+00
    outer loop
      vertex   1.058700e+02 1.259440e+01 -4.197000e+01
      vertex   1.058700e+02 2.025607e+01 -4.563101e+01
      vertex   1.058700e+02 2.052738e+01 -4.449272e+01
    endloop
  endfacet
  facet normal 1.000000e+00 0.000000e+00 0.000000e+00
    outer loop
      vertex   1.058700e+02 2.052738e+01 -4.449272e+01
      vertex   1.058700e+02 2.025607e+01 -4.563101e+01
      vertex   1.058700e+02 2.028429e+01 -4.557749e+01
    endloop
  endfacet
  facet normal 1.000000e+00 0.000000e+00 0.000000e+00
    outer loop
      vertex   1.058700e+02 2.052738e+01 -4.449272e+01
      vertex   1.058700e+02 2.028429e+01 -4.557749e+01
      vertex   1.058700e+02 2.050334e+01 -4.498114e+01
    endloop
  endfacet
  facet normal 1.000000e+00 0.000000e+00 0.000000e+00
    outer loop
      vertex   1.058700e+02 2.050334e+01 -4.498114e+01
      vertex   1.058700e+02 2.028429e+01 -4.557749e+01
      vertex   1.058700e+02 2.032454e+01 -4.553232e+01
    endloop
  endfacet
  facet normal 1.000000e+00 0.000000e+00 0.000000e+00
    outer loop
      vertex   1.058700e+02 2.050334e+01 -4.498114e+01
      vertex   1.058700e+02 2.032454e+01 -4.553232e+01
      vertex   1.058700e+02 2.037447e+01 -4.549814e+01
    endloop
  endfacet
  facet normal 1.000000e+00 0.000000e+00 -0.000000e+00
    outer loop
      vertex   1.058700e+02 2.024895e+01 -4.947000e+01
      vertex   1.058700e+02 2.056336e+01 -4.743498e+01
      vertex   1.058700e+02 1.259440e+01 -4.947000e+01
    endloop
  endfacet
  facet normal 1.000000e+00 0.000000e+00 0.000000e+00
    outer loop
      vertex   1.058700e+02 1.259440e+01 -4.947000e+01
      vertex   1.058700e+02 2.056336e+01 -4.743498e+01
      vertex   1.058700e+02 2.052738e+01 -4.694728e+01
    endloop
  endfacet
  facet normal 1.000000e+00 0.000000e+00 0.000000e+00
    outer loop
      vertex   1.058700e+02 1.259440e+01 -4.947000e+01
      vertex   1.058700e+02 2.052738e+01 -4.694728e+01
      vertex   1.058700e+02 2.025607e+01 -4.580899e+01
    endloop
  endfacet
  facet normal 1.000000e+00 0.000000e+00 0.000000e+00
    outer loop
      vertex   1.058700e+02 2.025607e+01 -4.580899e+01
      vertex   1.058700e+02 2.052738e+01 -4.694728e+01
      vertex   1.058700e+02 2.028429e+01 -4.586251e+01
    endloop
  endfacet
  facet normal 1.000000e+00 0.000000e+00 0.000000e+00
    outer loop
      vertex   1.058700e+02 2.028429e+01 -4.586251e+01
      vertex   1.058700e+02 2.052738e+01 -4.694728e+01
      vertex   1.058700e+02 2.050334e+01 -4.645886e+01
    endloop
  endfacet
  facet normal 1.000000e+00 0.000000e+00 0.000000e+00
    outer loop
      vertex   1.058700e+02 2.028429e+01 -4.586251e+01
      vertex   1.058700e+02 2.050334e+01 -4.645886e+01
      vertex   1.058700e+02 2.032454e+01 -4.590768e+01
    endloop
  endfacet
  facet normal 1.000000e+00 0.000000e+00 0.000000e+00
    outer loop
      vertex   1.058700e+02 2.032454e+01 -4.590768e+01
      vertex   1.058700e+02 2.050334e+01 -4.645886e+01
      vertex   1.058700e+02 2.037447e+01 -4.594186e+01
    endloop
  endfacet
  facet normal 1.000000e+00 0.000000e+00 0.000000e+00
    outer loop
      vertex   1.058700e+02 2.037447e+01 -4.594186e+01
      vertex   1.058700e+02 2.050334e+01 -4.645886e+01
      vertex   1.058700e+02 2.043115e+01 -4.596305e+01
    endloop
  endfacet
  facet normal 1.000000e+00 0.000000e+00 0.000000e+00
    outer loop
      vertex   1.058700e+02 2.043115e+01 -4.596305e+01
      vertex   1.058700e+02 2.050334e+01 -4.645886e+01
      vertex   1.058700e+02 2.049125e+01 -4.597000e+01
    endloop
  endfacet
  facet normal 1.000000e+00 0.000000e+00 -0.000000e+00
    outer loop
      vertex   1.058700e+02 2.033502e+01 -4.946254e+01
      vertex   1.058700e+02 2.041852e+01 -4.944037e+01
      vertex   1.058700e+02 2.024895e+01 -4.947000e+01
    endloop
  endfacet
  facet normal 1.000000e+00 0.000000e+00 0.000000e+00
    outer loop
      vertex   1.058700e+02 2.024895e+01 -4.947000e+01
      vertex   1.058700e+02 2.041852e+01 -4.944037e+01
      vertex   1.058700e+02 2.049696e+01 -4.940416e+01
    endloop
  endfacet
  facet normal 1.000000e+00 0.000000e+00 0.000000e+00
    outer loop
      vertex   1.058700e+02 2.024895e+01 -4.947000e+01
      vertex   1.058700e+02 2.049696e+01 -4.940416e+01
      vertex   1.058700e+02 2.056799e+01 -4.935499e+01
    endloop
  endfacet
  facet normal 1.000000e+00 0.000000e+00 -0.000000e+00
    outer loop
      vertex   1.058700e+02 2.056799e+01 -4.935499e+01
      vertex   1.058700e+02 2.062950e+01 -4.929432e+01
      vertex   1.058700e+02 2.024895e+01 -4.947000e+01
    endloop
  endfacet
  facet normal 1.000000e+00 0.000000e+00 0.000000e+00
    outer loop
      vertex   1.058700e+02 2.024895e+01 -4.947000e+01
      vertex   1.058700e+02 2.062950e+01 -4.929432e+01
      vertex   1.058700e+02 2.067965e+01 -4.922397e+01
    endloop
  endfacet
  facet normal 1.000000e+00 0.000000e+00 0.000000e+00
    outer loop
      vertex   1.058700e+02 2.024895e+01 -4.947000e+01
      vertex   1.058700e+02 2.067965e+01 -4.922397e+01
      vertex   1.058700e+02 2.071694e+01 -4.914604e+01
    endloop
  endfacet
  facet normal 1.000000e+00 0.000000e+00 -0.000000e+00
    outer loop
      vertex   1.058700e+02 2.071694e+01 -4.914604e+01
      vertex   1.058700e+02 2.074026e+01 -4.906285e+01
      vertex   1.058700e+02 2.024895e+01 -4.947000e+01
    endloop
  endfacet
  facet normal 1.000000e+00 0.000000e+00 0.000000e+00
    outer loop
      vertex   1.058700e+02 2.024895e+01 -4.947000e+01
      vertex   1.058700e+02 2.074026e+01 -4.906285e+01
      vertex   1.058700e+02 2.074891e+01 -4.897690e+01
    endloop
  endfacet
  facet normal 1.000000e+00 0.000000e+00 0.000000e+00
    outer loop
      vertex   1.058700e+02 2.024895e+01 -4.947000e+01
      vertex   1.058700e+02 2.074891e+01 -4.897690e+01
      vertex   1.058700e+02 2.074263e+01 -4.889073e+01
    endloop
  endfacet
  facet normal 1.000000e+00 0.000000e+00 0.000000e+00
    outer loop
      vertex   1.058700e+02 2.074263e+01 -4.889073e+01
      vertex   1.058700e+02 2.067101e+01 -4.840699e+01
      vertex   1.058700e+02 2.024895e+01 -4.947000e+01
    endloop
  endfacet
  facet normal 1.000000e+00 0.000000e+00 0.000000e+00
    outer loop
      vertex   1.058700e+02 2.024895e+01 -4.947000e+01
      vertex   1.058700e+02 2.067101e+01 -4.840699e+01
      vertex   1.058700e+02 2.061124e+01 -4.792164e+01
    endloop
  endfacet
  facet normal 1.000000e+00 0.000000e+00 0.000000e+00
    outer loop
      vertex   1.058700e+02 2.024895e+01 -4.947000e+01
      vertex   1.058700e+02 2.061124e+01 -4.792164e+01
      vertex   1.058700e+02 2.056336e+01 -4.743498e+01
    endloop
  endfacet
  facet normal 1.000000e+00 0.000000e+00 0.000000e+00
    outer loop
      vertex   1.058700e+02 2.025607e+01 -4.580899e+01
      vertex   1.058700e+02 2.024153e+01 -4.575025e+01
      vertex   1.058700e+02 1.259440e+01 -4.947000e+01
    endloop
  endfacet
  facet normal 1.000000e+00 0.000000e+00 0.000000e+00
    outer loop
      vertex   1.058700e+02 1.259440e+01 -4.947000e+01
      vertex   1.058700e+02 2.024153e+01 -4.575025e+01
      vertex   1.058700e+02 2.024153e+01 -4.568975e+01
    endloop
  endfacet
  facet normal 1.000000e+00 0.000000e+00 0.000000e+00
    outer loop
      vertex   1.058700e+02 2.037447e+01 -4.549814e+01
      vertex   1.058700e+02 2.043115e+01 -4.547695e+01
      vertex   1.058700e+02 2.050334e+01 -4.498114e+01
    endloop
  endfacet
  facet normal 1.000000e+00 0.000000e+00 0.000000e+00
    outer loop
      vertex   1.058700e+02 2.050334e+01 -4.498114e+01
      vertex   1.058700e+02 2.043115e+01 -4.547695e+01
      vertex   1.058700e+02 2.049125e+01 -4.547000e+01
    endloop
  endfacet
  facet normal 1.000000e+00 0.000000e+00 -0.000000e+00
    outer loop
      vertex   1.058700e+02 2.052738e+01 -4.449272e+01
      vertex   1.058700e+02 2.056336e+01 -4.400502e+01
      vertex   1.058700e+02 1.259440e+01 -4.197000e+01
    endloop
  endfacet
  facet normal 0.000000e+00 8.639240e-02 -9.962612e-01
    outer loop
      vertex   9.987000e+01 2.033502e+01 -4.946254e+01
      vertex   1.013700e+02 2.033502e+01 -4.946254e+01
      vertex   9.987000e+01 2.024895e+01 -4.947000e+01
    endloop
  endfacet
  facet normal -3.062484e-19 8.639240e-02 -9.962612e-01
    outer loop
      vertex   9.987000e+01 2.024895e+01 -4.947000e+01
      vertex   1.013700e+02 2.033502e+01 -4.946254e+01
      vertex   1.028700e+02 2.033502e+01 -4.946254e+01
    endloop
  endfacet
  facet normal 0.000000e+00 8.639240e-02 -9.962612e-01
    outer loop
      vertex   9.987000e+01 2.024895e+01 -4.947000e+01
      vertex   1.028700e+02 2.033502e+01 -4.946254e+01
      vertex   1.058700e+02 2.024895e+01 -4.947000e+01
    endloop
  endfacet
  facet normal -3.062484e-19 8.639240e-02 -9.962612e-01
    outer loop
      vertex   1.058700e+02 2.024895e+01 -4.947000e+01
      vertex   1.028700e+02 2.033502e+01 -4.946254e+01
      vertex   1.043700e+02 2.033502e+01 -4.946254e+01
    endloop
  endfacet
  facet normal -3.062484e-19 8.639240e-02 -9.962612e-01
    outer loop
      vertex   1.058700e+02 2.024895e+01 -4.947000e+01
      vertex   1.043700e+02 2.033502e+01 -4.946254e+01
      vertex   1.058700e+02 2.033502e+01 -4.946254e+01
    endloop
  endfacet
  facet normal 0.000000e+00 2.565980e-01 -9.665182e-01
    outer loop
      vertex   1.058700e+02 2.033502e+01 -4.946254e+01
      vertex   1.043700e+02 2.033502e+01 -4.946254e+01
      vertex   1.058700e+02 2.041852e+01 -4.944037e+01
    endloop
  endfacet
  facet normal -4.578350e-15 2.565980e-01 -9.665182e-01
    outer loop
      vertex   1.058700e+02 2.041852e+01 -4.944037e+01
      vertex   1.043700e+02 2.033502e+01 -4.946254e+01
      vertex   1.043700e+02 2.041852e+01 -4.944037e+01
    endloop
  endfacet
  facet normal -4.300774e-15 4.191430e-01 -9.079202e-01
    outer loop
      vertex   1.058700e+02 2.041852e+01 -4.944037e+01
      vertex   1.043700e+02 2.041852e+01 -4.944037e+01
      vertex   1.058700e+02 2.049696e+01 -4.940416e+01
    endloop
  endfacet
  facet normal 0.000000e+00 4.191430e-01 -9.079202e-01
    outer loop
      vertex   1.058700e+02 2.049696e+01 -4.940416e+01
      vertex   1.043700e+02 2.041852e+01 -4.944037e+01
      vertex   1.043700e+02 2.049696e+01 -4.940416e+01
    endloop
  endfacet
  facet normal 0.000000e+00 5.691746e-01 -8.222167e-01
    outer loop
      vertex   1.058700e+02 2.049696e+01 -4.940416e+01
      vertex   1.043700e+02 2.049696e+01 -4.940416e+01
      vertex   1.058700e+02 2.056799e+01 -4.935499e+01
    endloop
  endfacet
  facet normal 0.000000e+00 5.691746e-01 -8.222167e-01
    outer loop
      vertex   1.058700e+02 2.056799e+01 -4.935499e+01
      vertex   1.043700e+02 2.049696e+01 -4.940416e+01
      vertex   1.043700e+02 2.056799e+01 -4.935499e+01
    endloop
  endfacet
  facet normal 0.000000e+00 7.022137e-01 -7.119662e-01
    outer loop
      vertex   1.058700e+02 2.056799e+01 -4.935499e+01
      vertex   1.043700e+02 2.056799e+01 -4.935499e+01
      vertex   1.058700e+02 2.062950e+01 -4.929432e+01
    endloop
  endfacet
  facet normal 0.000000e+00 7.022137e-01 -7.119662e-01
    outer loop
      vertex   1.058700e+02 2.062950e+01 -4.929432e+01
      vertex   1.043700e+02 2.056799e+01 -4.935499e+01
      vertex   1.043700e+02 2.062950e+01 -4.929432e+01
    endloop
  endfacet
  facet normal 0.000000e+00 8.142886e-01 -5.804602e-01
    outer loop
      vertex   1.058700e+02 2.062950e+01 -4.929432e+01
      vertex   1.043700e+02 2.062950e+01 -4.929432e+01
      vertex   1.058700e+02 2.067965e+01 -4.922397e+01
    endloop
  endfacet
  facet normal -1.928623e-15 8.142886e-01 -5.804602e-01
    outer loop
      vertex   1.058700e+02 2.067965e+01 -4.922397e+01
      vertex   1.043700e+02 2.062950e+01 -4.929432e+01
      vertex   1.043700e+02 2.067965e+01 -4.922397e+01
    endloop
  endfacet
  facet normal -2.136491e-15 9.020532e-01 -4.316249e-01
    outer loop
      vertex   1.058700e+02 2.067965e+01 -4.922397e+01
      vertex   1.043700e+02 2.067965e+01 -4.922397e+01
      vertex   1.058700e+02 2.071694e+01 -4.914604e+01
    endloop
  endfacet
  facet normal 0.000000e+00 9.020532e-01 -4.316249e-01
    outer loop
      vertex   1.058700e+02 2.071694e+01 -4.914604e+01
      vertex   1.043700e+02 2.067965e+01 -4.922397e+01
      vertex   1.043700e+02 2.071694e+01 -4.914604e+01
    endloop
  endfacet
  facet normal 0.000000e+00 9.628874e-01 -2.699035e-01
    outer loop
      vertex   1.058700e+02 2.071694e+01 -4.914604e+01
      vertex   1.043700e+02 2.071694e+01 -4.914604e+01
      vertex   1.058700e+02 2.074026e+01 -4.906285e+01
    endloop
  endfacet
  facet normal -2.280575e-15 9.628874e-01 -2.699035e-01
    outer loop
      vertex   1.058700e+02 2.074026e+01 -4.906285e+01
      vertex   1.043700e+02 2.071694e+01 -4.914604e+01
      vertex   1.043700e+02 2.074026e+01 -4.906285e+01
    endloop
  endfacet
  facet normal -2.356574e-15 9.949749e-01 -1.001243e-01
    outer loop
      vertex   1.058700e+02 2.074026e+01 -4.906285e+01
      vertex   1.043700e+02 2.074026e+01 -4.906285e+01
      vertex   1.058700e+02 2.074891e+01 -4.897690e+01
    endloop
  endfacet
  facet normal 0.000000e+00 9.949749e-01 -1.001243e-01
    outer loop
      vertex   1.058700e+02 2.074891e+01 -4.897690e+01
      vertex   1.043700e+02 2.074026e+01 -4.906285e+01
      vertex   1.043700e+02 2.074891e+01 -4.897690e+01
    endloop
  endfacet
  facet normal 0.000000e+00 9.973579e-01 7.264404e-02
    outer loop
      vertex   1.058700e+02 2.074891e+01 -4.897690e+01
      vertex   1.043700e+02 2.074891e+01 -4.897690e+01
      vertex   1.058700e+02 2.074263e+01 -4.889073e+01
    endloop
  endfacet
  facet normal -2.841313e-20 9.973579e-01 7.264404e-02
    outer loop
      vertex   1.058700e+02 2.074263e+01 -4.889073e+01
      vertex   1.043700e+02 2.074891e+01 -4.897690e+01
      vertex   1.028700e+02 2.074891e+01 -4.897690e+01
    endloop
  endfacet
  facet normal 0.000000e+00 9.973579e-01 7.264404e-02
    outer loop
      vertex   1.058700e+02 2.074263e+01 -4.889073e+01
      vertex   1.028700e+02 2.074891e+01 -4.897690e+01
      vertex   9.987000e+01 2.074263e+01 -4.889073e+01
    endloop
  endfacet
  facet normal -2.841313e-20 9.973579e-01 7.264404e-02
    outer loop
      vertex   9.987000e+01 2.074263e+01 -4.889073e+01
      vertex   1.028700e+02 2.074891e+01 -4.897690e+01
      vertex   1.013700e+02 2.074891e+01 -4.897690e+01
    endloop
  endfacet
  facet normal -2.841313e-20 9.973579e-01 7.264404e-02
    outer loop
      vertex   9.987000e+01 2.074263e+01 -4.889073e+01
      vertex   1.013700e+02 2.074891e+01 -4.897690e+01
      vertex   9.987000e+01 2.074891e+01 -4.897690e+01
    endloop
  endfacet
  facet normal 0.000000e+00 9.949749e-01 -1.001243e-01
    outer loop
      vertex   9.987000e+01 2.074891e+01 -4.897690e+01
      vertex   1.013700e+02 2.074891e+01 -4.897690e+01
      vertex   9.987000e+01 2.074026e+01 -4.906285e+01
    endloop
  endfacet
  facet normal 2.356574e-15 9.949749e-01 -1.001243e-01
    outer loop
      vertex   9.987000e+01 2.074026e+01 -4.906285e+01
      vertex   1.013700e+02 2.074891e+01 -4.897690e+01
      vertex   1.013700e+02 2.074026e+01 -4.906285e+01
    endloop
  endfacet
  facet normal 2.280575e-15 9.628874e-01 -2.699035e-01
    outer loop
      vertex   9.987000e+01 2.074026e+01 -4.906285e+01
      vertex   1.013700e+02 2.074026e+01 -4.906285e+01
      vertex   9.987000e+01 2.071694e+01 -4.914604e+01
    endloop
  endfacet
  facet normal 0.000000e+00 9.628874e-01 -2.699035e-01
    outer loop
      vertex   9.987000e+01 2.071694e+01 -4.914604e+01
      vertex   1.013700e+02 2.074026e+01 -4.906285e+01
      vertex   1.013700e+02 2.071694e+01 -4.914604e+01
    endloop
  endfacet
  facet normal 0.000000e+00 9.020532e-01 -4.316249e-01
    outer loop
      vertex   9.987000e+01 2.071694e+01 -4.914604e+01
      vertex   1.013700e+02 2.071694e+01 -4.914604e+01
      vertex   9.987000e+01 2.067965e+01 -4.922397e+01
    endloop
  endfacet
  facet normal 2.136491e-15 9.020532e-01 -4.316249e-01
    outer loop
      vertex   9.987000e+01 2.067965e+01 -4.922397e+01
      vertex   1.013700e+02 2.071694e+01 -4.914604e+01
      vertex   1.013700e+02 2.067965e+01 -4.922397e+01
    endloop
  endfacet
  facet normal 1.928623e-15 8.142886e-01 -5.804602e-01
    outer loop
      vertex   9.987000e+01 2.067965e+01 -4.922397e+01
      vertex   1.013700e+02 2.067965e+01 -4.922397e+01
      vertex   9.987000e+01 2.062950e+01 -4.929432e+01
    endloop
  endfacet
  facet normal 0.000000e+00 8.142886e-01 -5.804602e-01
    outer loop
      vertex   9.987000e+01 2.062950e+01 -4.929432e+01
      vertex   1.013700e+02 2.067965e+01 -4.922397e+01
      vertex   1.013700e+02 2.062950e+01 -4.929432e+01
    endloop
  endfacet
  facet normal 0.000000e+00 7.022137e-01 -7.119662e-01
    outer loop
      vertex   9.987000e+01 2.062950e+01 -4.929432e+01
      vertex   1.013700e+02 2.062950e+01 -4.929432e+01
      vertex   9.987000e+01 2.056799e+01 -4.935499e+01
    endloop
  endfacet
  facet normal 0.000000e+00 7.022137e-01 -7.119662e-01
    outer loop
      vertex   9.987000e+01 2.056799e+01 -4.935499e+01
      vertex   1.013700e+02 2.062950e+01 -4.929432e+01
      vertex   1.013700e+02 2.056799e+01 -4.935499e+01
    endloop
  endfacet
  facet normal 0.000000e+00 5.691746e-01 -8.222167e-01
    outer loop
      vertex   9.987000e+01 2.056799e+01 -4.935499e+01
      vertex   1.013700e+02 2.056799e+01 -4.935499e+01
      vertex   9.987000e+01 2.049696e+01 -4.940416e+01
    endloop
  endfacet
  facet normal 0.000000e+00 5.691746e-01 -8.222167e-01
    outer loop
      vertex   9.987000e+01 2.049696e+01 -4.940416e+01
      vertex   1.013700e+02 2.056799e+01 -4.935499e+01
      vertex   1.013700e+02 2.049696e+01 -4.940416e+01
    endloop
  endfacet
  facet normal 0.000000e+00 4.191430e-01 -9.079202e-01
    outer loop
      vertex   9.987000e+01 2.049696e+01 -4.940416e+01
      vertex   1.013700e+02 2.049696e+01 -4.940416e+01
      vertex   9.987000e+01 2.041852e+01 -4.944037e+01
    endloop
  endfacet
  facet normal 4.300774e-15 4.191430e-01 -9.079202e-01
    outer loop
      vertex   9.987000e+01 2.041852e+01 -4.944037e+01
      vertex   1.013700e+02 2.049696e+01 -4.940416e+01
      vertex   1.013700e+02 2.041852e+01 -4.944037e+01
    endloop
  endfacet
  facet normal 4.578350e-15 2.565980e-01 -9.665182e-01
    outer loop
      vertex   9.987000e+01 2.041852e+01 -4.944037e+01
      vertex   1.013700e+02 2.041852e+01 -4.944037e+01
      vertex   9.987000e+01 2.033502e+01 -4.946254e+01
    endloop
  endfacet
  facet normal 0.000000e+00 2.565980e-01 -9.665182e-01
    outer loop
      vertex   9.987000e+01 2.033502e+01 -4.946254e+01
      vertex   1.013700e+02 2.041852e+01 -4.944037e+01
      vertex   1.013700e+02 2.033502e+01 -4.946254e+01
    endloop
  endfacet
  facet normal 3.419548e-19 2.565980e-01 -9.665182e-01
    outer loop
      vertex   1.043700e+02 2.041852e+01 -4.944037e+01
      vertex   1.043700e+02 2.033502e+01 -4.946254e+01
      vertex   1.028700e+02 2.033502e+01 -4.946254e+01
    endloop
  endfacet
  facet normal 0.000000e+00 2.565980e-01 -9.665182e-01
    outer loop
      vertex   1.028700e+02 2.033502e+01 -4.946254e+01
      vertex   1.013700e+02 2.033502e+01 -4.946254e+01
      vertex   1.028700e+02 2.041852e+01 -4.944037e+01
    endloop
  endfacet
  facet normal 0.000000e+00 2.565980e-01 -9.665182e-01
    outer loop
      vertex   1.028700e+02 2.041852e+01 -4.944037e+01
      vertex   1.013700e+02 2.033502e+01 -4.946254e+01
      vertex   1.013700e+02 2.041852e+01 -4.944037e+01
    endloop
  endfacet
  facet normal 0.000000e+00 4.191430e-01 -9.079202e-01
    outer loop
      vertex   1.028700e+02 2.041852e+01 -4.944037e+01
      vertex   1.013700e+02 2.041852e+01 -4.944037e+01
      vertex   1.028700e+02 2.049696e+01 -4.940416e+01
    endloop
  endfacet
  facet normal 0.000000e+00 4.191430e-01 -9.079202e-01
    outer loop
      vertex   1.028700e+02 2.049696e+01 -4.940416e+01
      vertex   1.013700e+02 2.041852e+01 -4.944037e+01
      vertex   1.013700e+02 2.049696e+01 -4.940416e+01
    endloop
  endfacet
  facet normal 0.000000e+00 5.691746e-01 -8.222167e-01
    outer loop
      vertex   1.028700e+02 2.049696e+01 -4.940416e+01
      vertex   1.013700e+02 2.049696e+01 -4.940416e+01
      vertex   1.028700e+02 2.056799e+01 -4.935499e+01
    endloop
  endfacet
  facet normal 0.000000e+00 5.691746e-01 -8.222167e-01
    outer loop
      vertex   1.028700e+02 2.056799e+01 -4.935499e+01
      vertex   1.013700e+02 2.049696e+01 -4.940416e+01
      vertex   1.013700e+02 2.056799e+01 -4.935499e+01
    endloop
  endfacet
  facet normal 0.000000e+00 7.022137e-01 -7.119662e-01
    outer loop
      vertex   1.028700e+02 2.056799e+01 -4.935499e+01
      vertex   1.013700e+02 2.056799e+01 -4.935499e+01
      vertex   1.028700e+02 2.062950e+01 -4.929432e+01
    endloop
  endfacet
  facet normal 0.000000e+00 7.022137e-01 -7.119662e-01
    outer loop
      vertex   1.028700e+02 2.062950e+01 -4.929432e+01
      vertex   1.013700e+02 2.056799e+01 -4.935499e+01
      vertex   1.013700e+02 2.062950e+01 -4.929432e+01
    endloop
  endfacet
  facet normal 0.000000e+00 8.142886e-01 -5.804602e-01
    outer loop
      vertex   1.028700e+02 2.062950e+01 -4.929432e+01
      vertex   1.013700e+02 2.062950e+01 -4.929432e+01
      vertex   1.028700e+02 2.067965e+01 -4.922397e+01
    endloop
  endfacet
  facet normal 0.000000e+00 8.142886e-01 -5.804602e-01
    outer loop
      vertex   1.028700e+02 2.067965e+01 -4.922397e+01
      vertex   1.013700e+02 2.062950e+01 -4.929432e+01
      vertex   1.013700e+02 2.067965e+01 -4.922397e+01
    endloop
  endfacet
  facet normal 0.000000e+00 9.020532e-01 -4.316249e-01
    outer loop
      vertex   1.028700e+02 2.067965e+01 -4.922397e+01
      vertex   1.013700e+02 2.067965e+01 -4.922397e+01
      vertex   1.028700e+02 2.071694e+01 -4.914604e+01
    endloop
  endfacet
  facet normal 0.000000e+00 9.020532e-01 -4.316249e-01
    outer loop
      vertex   1.028700e+02 2.071694e+01 -4.914604e+01
      vertex   1.013700e+02 2.067965e+01 -4.922397e+01
      vertex   1.013700e+02 2.071694e+01 -4.914604e+01
    endloop
  endfacet
  facet normal 0.000000e+00 9.628874e-01 -2.699035e-01
    outer loop
      vertex   1.028700e+02 2.071694e+01 -4.914604e+01
      vertex   1.013700e+02 2.071694e+01 -4.914604e+01
      vertex   1.028700e+02 2.074026e+01 -4.906285e+01
    endloop
  endfacet
  facet normal 0.000000e+00 9.628874e-01 -2.699035e-01
    outer loop
      vertex   1.028700e+02 2.074026e+01 -4.906285e+01
      vertex   1.013700e+02 2.071694e+01 -4.914604e+01
      vertex   1.013700e+02 2.074026e+01 -4.906285e+01
    endloop
  endfacet
  facet normal 0.000000e+00 9.949749e-01 -1.001243e-01
    outer loop
      vertex   1.028700e+02 2.074026e+01 -4.906285e+01
      vertex   1.013700e+02 2.074026e+01 -4.906285e+01
      vertex   1.028700e+02 2.074891e+01 -4.897690e+01
    endloop
  endfacet
  facet normal 0.000000e+00 9.949749e-01 -1.001243e-01
    outer loop
      vertex   1.028700e+02 2.074891e+01 -4.897690e+01
      vertex   1.013700e+02 2.074026e+01 -4.906285e+01
      vertex   1.013700e+02 2.074891e+01 -4.897690e+01
    endloop
  endfacet
  facet normal -3.444668e-20 4.191430e-01 -9.079202e-01
    outer loop
      vertex   1.043700e+02 2.049696e+01 -4.940416e+01
      vertex   1.043700e+02 2.041852e+01 -4.944037e+01
      vertex   1.028700e+02 2.041852e+01 -4.944037e+01
    endloop
  endfacet
  facet normal 0.000000e+00 2.565980e-01 -9.665182e-01
    outer loop
      vertex   1.028700e+02 2.041852e+01 -4.944037e+01
      vertex   1.043700e+02 2.041852e+01 -4.944037e+01
      vertex   1.028700e+02 2.033502e+01 -4.946254e+01
    endloop
  endfacet
  facet normal 0.000000e+00 4.191430e-01 -9.079202e-01
    outer loop
      vertex   1.043700e+02 2.049696e+01 -4.940416e+01
      vertex   1.028700e+02 2.041852e+01 -4.944037e+01
      vertex   1.028700e+02 2.049696e+01 -4.940416e+01
    endloop
  endfacet
  facet normal -6.184383e-19 5.691746e-01 -8.222167e-01
    outer loop
      vertex   1.043700e+02 2.056799e+01 -4.935499e+01
      vertex   1.043700e+02 2.049696e+01 -4.940416e+01
      vertex   1.028700e+02 2.049696e+01 -4.940416e+01
    endloop
  endfacet
  facet normal 0.000000e+00 5.691746e-01 -8.222167e-01
    outer loop
      vertex   1.043700e+02 2.056799e+01 -4.935499e+01
      vertex   1.028700e+02 2.049696e+01 -4.940416e+01
      vertex   1.028700e+02 2.056799e+01 -4.935499e+01
    endloop
  endfacet
  facet normal -2.798134e-19 7.022137e-01 -7.119662e-01
    outer loop
      vertex   1.043700e+02 2.062950e+01 -4.929432e+01
      vertex   1.043700e+02 2.056799e+01 -4.935499e+01
      vertex   1.028700e+02 2.056799e+01 -4.935499e+01
    endloop
  endfacet
  facet normal 0.000000e+00 7.022137e-01 -7.119662e-01
    outer loop
      vertex   1.043700e+02 2.062950e+01 -4.929432e+01
      vertex   1.028700e+02 2.056799e+01 -4.935499e+01
      vertex   1.028700e+02 2.062950e+01 -4.929432e+01
    endloop
  endfacet
  facet normal -7.390970e-19 8.142886e-01 -5.804602e-01
    outer loop
      vertex   1.043700e+02 2.067965e+01 -4.922397e+01
      vertex   1.043700e+02 2.062950e+01 -4.929432e+01
      vertex   1.028700e+02 2.062950e+01 -4.929432e+01
    endloop
  endfacet
  facet normal 0.000000e+00 8.142886e-01 -5.804602e-01
    outer loop
      vertex   1.043700e+02 2.067965e+01 -4.922397e+01
      vertex   1.028700e+02 2.062950e+01 -4.929432e+01
      vertex   1.028700e+02 2.067965e+01 -4.922397e+01
    endloop
  endfacet
  facet normal 1.144504e-18 9.020532e-01 -4.316249e-01
    outer loop
      vertex   1.043700e+02 2.071694e+01 -4.914604e+01
      vertex   1.043700e+02 2.067965e+01 -4.922397e+01
      vertex   1.028700e+02 2.067965e+01 -4.922397e+01
    endloop
  endfacet
  facet normal 0.000000e+00 9.020532e-01 -4.316249e-01
    outer loop
      vertex   1.043700e+02 2.071694e+01 -4.914604e+01
      vertex   1.028700e+02 2.067965e+01 -4.922397e+01
      vertex   1.028700e+02 2.071694e+01 -4.914604e+01
    endloop
  endfacet
  facet normal 3.975123e-19 9.628874e-01 -2.699035e-01
    outer loop
      vertex   1.043700e+02 2.074026e+01 -4.906285e+01
      vertex   1.043700e+02 2.071694e+01 -4.914604e+01
      vertex   1.028700e+02 2.071694e+01 -4.914604e+01
    endloop
  endfacet
  facet normal 0.000000e+00 9.628874e-01 -2.699035e-01
    outer loop
      vertex   1.043700e+02 2.074026e+01 -4.906285e+01
      vertex   1.028700e+02 2.071694e+01 -4.914604e+01
      vertex   1.028700e+02 2.074026e+01 -4.906285e+01
    endloop
  endfacet
  facet normal -2.204922e-19 9.949749e-01 -1.001243e-01
    outer loop
      vertex   1.043700e+02 2.074891e+01 -4.897690e+01
      vertex   1.043700e+02 2.074026e+01 -4.906285e+01
      vertex   1.028700e+02 2.074026e+01 -4.906285e+01
    endloop
  endfacet
  facet normal 0.000000e+00 9.949749e-01 -1.001243e-01
    outer loop
      vertex   1.043700e+02 2.074891e+01 -4.897690e+01
      vertex   1.028700e+02 2.074026e+01 -4.906285e+01
      vertex   1.028700e+02 2.074891e+01 -4.897690e+01
    endloop
  endfacet
  facet normal 0.000000e+00 9.892175e-01 1.464540e-01
    outer loop
      vertex   1.058700e+02 2.074263e+01 -4.889073e+01
      vertex   9.987000e+01 2.074263e+01 -4.889073e+01
      vertex   1.058700e+02 2.067101e+01 -4.840699e+01
    endloop
  endfacet
  facet normal 0.000000e+00 9.892175e-01 1.464540e-01
    outer loop
      vertex   1.058700e+02 2.067101e+01 -4.840699e+01
      vertex   9.987000e+01 2.074263e+01 -4.889073e+01
      vertex   9.987000e+01 2.067101e+01 -4.840699e+01
    endloop
  endfacet
  facet normal 0.000000e+00 9.925024e-01 1.222249e-01
    outer loop
      vertex   1.058700e+02 2.067101e+01 -4.840699e+01
      vertex   9.987000e+01 2.067101e+01 -4.840699e+01
      vertex   1.058700e+02 2.061124e+01 -4.792164e+01
    endloop
  endfacet
  facet normal 0.000000e+00 9.925024e-01 1.222249e-01
    outer loop
      vertex   1.058700e+02 2.061124e+01 -4.792164e+01
      vertex   9.987000e+01 2.067101e+01 -4.840699e+01
      vertex   9.987000e+01 2.061124e+01 -4.792164e+01
    endloop
  endfacet
  facet normal 0.000000e+00 9.951940e-01 9.792271e-02
    outer loop
      vertex   1.058700e+02 2.061124e+01 -4.792164e+01
      vertex   9.987000e+01 2.061124e+01 -4.792164e+01
      vertex   1.058700e+02 2.056336e+01 -4.743498e+01
    endloop
  endfacet
  facet normal 0.000000e+00 9.951940e-01 9.792271e-02
    outer loop
      vertex   1.058700e+02 2.056336e+01 -4.743498e+01
      vertex   9.987000e+01 2.061124e+01 -4.792164e+01
      vertex   9.987000e+01 2.056336e+01 -4.743498e+01
    endloop
  endfacet
  facet normal 0.000000e+00 9.972906e-01 7.356201e-02
    outer loop
      vertex   1.058700e+02 2.056336e+01 -4.743498e+01
      vertex   9.987000e+01 2.056336e+01 -4.743498e+01
      vertex   1.058700e+02 2.052738e+01 -4.694728e+01
    endloop
  endfacet
  facet normal 0.000000e+00 9.972906e-01 7.356201e-02
    outer loop
      vertex   1.058700e+02 2.052738e+01 -4.694728e+01
      vertex   9.987000e+01 2.056336e+01 -4.743498e+01
      vertex   9.987000e+01 2.052738e+01 -4.694728e+01
    endloop
  endfacet
  facet normal 0.000000e+00 9.987910e-01 4.915732e-02
    outer loop
      vertex   1.058700e+02 2.052738e+01 -4.694728e+01
      vertex   9.987000e+01 2.052738e+01 -4.694728e+01
      vertex   1.058700e+02 2.050334e+01 -4.645886e+01
    endloop
  endfacet
  facet normal 0.000000e+00 9.987910e-01 4.915732e-02
    outer loop
      vertex   1.058700e+02 2.050334e+01 -4.645886e+01
      vertex   9.987000e+01 2.052738e+01 -4.694728e+01
      vertex   9.987000e+01 2.050334e+01 -4.645886e+01
    endloop
  endfacet
  facet normal 0.000000e+00 9.996943e-01 2.472325e-02
    outer loop
      vertex   1.058700e+02 2.050334e+01 -4.645886e+01
      vertex   9.987000e+01 2.050334e+01 -4.645886e+01
      vertex   1.058700e+02 2.049125e+01 -4.597000e+01
    endloop
  endfacet
  facet normal 0.000000e+00 9.996943e-01 2.472325e-02
    outer loop
      vertex   1.058700e+02 2.049125e+01 -4.597000e+01
      vertex   9.987000e+01 2.050334e+01 -4.645886e+01
      vertex   9.987000e+01 2.049125e+01 -4.597000e+01
    endloop
  endfacet
  facet normal 0.000000e+00 1.148075e-01 -9.933878e-01
    outer loop
      vertex   1.058700e+02 2.043115e+01 -4.547695e+01
      vertex   1.046700e+02 2.043115e+01 -4.547695e+01
      vertex   1.058700e+02 2.049125e+01 -4.547000e+01
    endloop
  endfacet
  facet normal -1.861731e-20 1.148075e-01 -9.933878e-01
    outer loop
      vertex   1.058700e+02 2.049125e+01 -4.547000e+01
      vertex   1.046700e+02 2.043115e+01 -4.547695e+01
      vertex   1.034700e+02 2.043115e+01 -4.547695e+01
    endloop
  endfacet
  facet normal -1.861731e-20 1.148075e-01 -9.933878e-01
    outer loop
      vertex   1.058700e+02 2.049125e+01 -4.547000e+01
      vertex   1.034700e+02 2.043115e+01 -4.547695e+01
      vertex   1.022700e+02 2.043115e+01 -4.547695e+01
    endloop
  endfacet
  facet normal 0.000000e+00 3.501055e-01 -9.367103e-01
    outer loop
      vertex   1.022700e+02 2.043115e+01 -4.547695e+01
      vertex   1.034700e+02 2.043115e+01 -4.547695e+01
      vertex   1.022700e+02 2.037447e+01 -4.549814e+01
    endloop
  endfacet
  facet normal 4.626112e-19 3.501055e-01 -9.367103e-01
    outer loop
      vertex   1.022700e+02 2.043115e+01 -4.547695e+01
      vertex   1.022700e+02 2.037447e+01 -4.549814e+01
      vertex   1.010700e+02 2.037447e+01 -4.549814e+01
    endloop
  endfacet
  facet normal 0.000000e+00 5.648952e-01 -8.251627e-01
    outer loop
      vertex   1.010700e+02 2.037447e+01 -4.549814e+01
      vertex   1.022700e+02 2.037447e+01 -4.549814e+01
      vertex   1.010700e+02 2.032454e+01 -4.553232e+01
    endloop
  endfacet
  facet normal 1.673739e-15 5.648952e-01 -8.251627e-01
    outer loop
      vertex   1.010700e+02 2.037447e+01 -4.549814e+01
      vertex   1.010700e+02 2.032454e+01 -4.553232e+01
      vertex   9.987000e+01 2.032454e+01 -4.553232e+01
    endloop
  endfacet
  facet normal 2.210365e-15 7.465948e-01 -6.652791e-01
    outer loop
      vertex   9.987000e+01 2.032454e+01 -4.553232e+01
      vertex   1.010700e+02 2.032454e+01 -4.553232e+01
      vertex   9.987000e+01 2.028429e+01 -4.557749e+01
    endloop
  endfacet
  facet normal 0.000000e+00 7.465948e-01 -6.652791e-01
    outer loop
      vertex   9.987000e+01 2.028429e+01 -4.557749e+01
      vertex   1.010700e+02 2.032454e+01 -4.553232e+01
      vertex   1.010700e+02 2.028429e+01 -4.557749e+01
    endloop
  endfacet
  facet normal 0.000000e+00 8.845607e-01 -4.664251e-01
    outer loop
      vertex   9.987000e+01 2.028429e+01 -4.557749e+01
      vertex   1.010700e+02 2.028429e+01 -4.557749e+01
      vertex   9.987000e+01 2.025607e+01 -4.563101e+01
    endloop
  endfacet
  facet normal 0.000000e+00 8.845607e-01 -4.664251e-01
    outer loop
      vertex   9.987000e+01 2.025607e+01 -4.563101e+01
      vertex   1.010700e+02 2.028429e+01 -4.557749e+01
      vertex   1.010700e+02 2.025607e+01 -4.563101e+01
    endloop
  endfacet
  facet normal 0.000000e+00 9.707113e-01 -2.402492e-01
    outer loop
      vertex   9.987000e+01 2.025607e+01 -4.563101e+01
      vertex   1.010700e+02 2.025607e+01 -4.563101e+01
      vertex   9.987000e+01 2.024153e+01 -4.568975e+01
    endloop
  endfacet
  facet normal 0.000000e+00 9.707113e-01 -2.402492e-01
    outer loop
      vertex   9.987000e+01 2.024153e+01 -4.568975e+01
      vertex   1.010700e+02 2.025607e+01 -4.563101e+01
      vertex   1.010700e+02 2.024153e+01 -4.568975e+01
    endloop
  endfacet
  facet normal -0.000000e+00 1.000000e+00 0.000000e+00
    outer loop
      vertex   9.987000e+01 2.024153e+01 -4.568975e+01
      vertex   1.010700e+02 2.024153e+01 -4.568975e+01
      vertex   9.987000e+01 2.024153e+01 -4.575025e+01
    endloop
  endfacet
  facet normal 0.000000e+00 1.000000e+00 0.000000e+00
    outer loop
      vertex   9.987000e+01 2.024153e+01 -4.575025e+01
      vertex   1.010700e+02 2.024153e+01 -4.568975e+01
      vertex   1.010700e+02 2.024153e+01 -4.575025e+01
    endloop
  endfacet
  facet normal -0.000000e+00 9.707113e-01 2.402492e-01
    outer loop
      vertex   9.987000e+01 2.024153e+01 -4.575025e+01
      vertex   1.010700e+02 2.024153e+01 -4.575025e+01
      vertex   9.987000e+01 2.025607e+01 -4.580899e+01
    endloop
  endfacet
  facet normal -0.000000e+00 9.707113e-01 2.402492e-01
    outer loop
      vertex   9.987000e+01 2.025607e+01 -4.580899e+01
      vertex   1.010700e+02 2.024153e+01 -4.575025e+01
      vertex   1.010700e+02 2.025607e+01 -4.580899e+01
    endloop
  endfacet
  facet normal -0.000000e+00 8.845607e-01 4.664251e-01
    outer loop
      vertex   9.987000e+01 2.025607e+01 -4.580899e+01
      vertex   1.010700e+02 2.025607e+01 -4.580899e+01
      vertex   9.987000e+01 2.028429e+01 -4.586251e+01
    endloop
  endfacet
  facet normal 2.618826e-15 8.845607e-01 4.664251e-01
    outer loop
      vertex   9.987000e+01 2.028429e+01 -4.586251e+01
      vertex   1.010700e+02 2.025607e+01 -4.580899e+01
      vertex   1.010700e+02 2.028429e+01 -4.586251e+01
    endloop
  endfacet
  facet normal 2.210365e-15 7.465948e-01 6.652791e-01
    outer loop
      vertex   9.987000e+01 2.028429e+01 -4.586251e+01
      vertex   1.010700e+02 2.028429e+01 -4.586251e+01
      vertex   9.987000e+01 2.032454e+01 -4.590768e+01
    endloop
  endfacet
  facet normal -0.000000e+00 7.465948e-01 6.652791e-01
    outer loop
      vertex   9.987000e+01 2.032454e+01 -4.590768e+01
      vertex   1.010700e+02 2.028429e+01 -4.586251e+01
      vertex   1.010700e+02 2.032454e+01 -4.590768e+01
    endloop
  endfacet
  facet normal -0.000000e+00 5.648952e-01 8.251627e-01
    outer loop
      vertex   9.987000e+01 2.032454e+01 -4.590768e+01
      vertex   1.010700e+02 2.032454e+01 -4.590768e+01
      vertex   9.987000e+01 2.037447e+01 -4.594186e+01
    endloop
  endfacet
  facet normal -0.000000e+00 5.648952e-01 8.251627e-01
    outer loop
      vertex   9.987000e+01 2.037447e+01 -4.594186e+01
      vertex   1.010700e+02 2.032454e+01 -4.590768e+01
      vertex   1.010700e+02 2.037447e+01 -4.594186e+01
    endloop
  endfacet
  facet normal -0.000000e+00 3.501055e-01 9.367103e-01
    outer loop
      vertex   9.987000e+01 2.037447e+01 -4.594186e+01
      vertex   1.010700e+02 2.037447e+01 -4.594186e+01
      vertex   9.987000e+01 2.043115e+01 -4.596305e+01
    endloop
  endfacet
  facet normal -0.000000e+00 3.501055e-01 9.367103e-01
    outer loop
      vertex   9.987000e+01 2.043115e+01 -4.596305e+01
      vertex   1.010700e+02 2.037447e+01 -4.594186e+01
      vertex   1.010700e+02 2.043115e+01 -4.596305e+01
    endloop
  endfacet
  facet normal -0.000000e+00 1.148075e-01 9.933878e-01
    outer loop
      vertex   9.987000e+01 2.043115e+01 -4.596305e+01
      vertex   1.010700e+02 2.043115e+01 -4.596305e+01
      vertex   9.987000e+01 2.049125e+01 -4.597000e+01
    endloop
  endfacet
  facet normal -3.593697e-20 1.148075e-01 9.933878e-01
    outer loop
      vertex   9.987000e+01 2.049125e+01 -4.597000e+01
      vertex   1.010700e+02 2.043115e+01 -4.596305e+01
      vertex   1.022700e+02 2.043115e+01 -4.596305e+01
    endloop
  endfacet
  facet normal -3.593697e-20 1.148075e-01 9.933878e-01
    outer loop
      vertex   9.987000e+01 2.049125e+01 -4.597000e+01
      vertex   1.022700e+02 2.043115e+01 -4.596305e+01
      vertex   1.034700e+02 2.043115e+01 -4.596305e+01
    endloop
  endfacet
  facet normal 0.000000e+00 3.501055e-01 9.367103e-01
    outer loop
      vertex   1.034700e+02 2.043115e+01 -4.596305e+01
      vertex   1.022700e+02 2.043115e+01 -4.596305e+01
      vertex   1.034700e+02 2.037447e+01 -4.594186e+01
    endloop
  endfacet
  facet normal 1.592505e-19 3.501055e-01 9.367103e-01
    outer loop
      vertex   1.034700e+02 2.043115e+01 -4.596305e+01
      vertex   1.034700e+02 2.037447e+01 -4.594186e+01
      vertex   1.046700e+02 2.037447e+01 -4.594186e+01
    endloop
  endfacet
  facet normal 0.000000e+00 5.648952e-01 8.251627e-01
    outer loop
      vertex   1.046700e+02 2.037447e+01 -4.594186e+01
      vertex   1.034700e+02 2.037447e+01 -4.594186e+01
      vertex   1.046700e+02 2.032454e+01 -4.590768e+01
    endloop
  endfacet
  facet normal -1.182826e-18 5.648952e-01 8.251627e-01
    outer loop
      vertex   1.046700e+02 2.037447e+01 -4.594186e+01
      vertex   1.046700e+02 2.032454e+01 -4.590768e+01
      vertex   1.058700e+02 2.032454e+01 -4.590768e+01
    endloop
  endfacet
  facet normal 0.000000e+00 7.465948e-01 6.652791e-01
    outer loop
      vertex   1.058700e+02 2.032454e+01 -4.590768e+01
      vertex   1.046700e+02 2.032454e+01 -4.590768e+01
      vertex   1.058700e+02 2.028429e+01 -4.586251e+01
    endloop
  endfacet
  facet normal -2.210365e-15 7.465948e-01 6.652791e-01
    outer loop
      vertex   1.058700e+02 2.028429e+01 -4.586251e+01
      vertex   1.046700e+02 2.032454e+01 -4.590768e+01
      vertex   1.046700e+02 2.028429e+01 -4.586251e+01
    endloop
  endfacet
  facet normal -2.618826e-15 8.845607e-01 4.664251e-01
    outer loop
      vertex   1.058700e+02 2.028429e+01 -4.586251e+01
      vertex   1.046700e+02 2.028429e+01 -4.586251e+01
      vertex   1.058700e+02 2.025607e+01 -4.580899e+01
    endloop
  endfacet
  facet normal 0.000000e+00 8.845607e-01 4.664251e-01
    outer loop
      vertex   1.058700e+02 2.025607e+01 -4.580899e+01
      vertex   1.046700e+02 2.028429e+01 -4.586251e+01
      vertex   1.046700e+02 2.025607e+01 -4.580899e+01
    endloop
  endfacet
  facet normal 0.000000e+00 9.707113e-01 2.402492e-01
    outer loop
      vertex   1.058700e+02 2.025607e+01 -4.580899e+01
      vertex   1.046700e+02 2.025607e+01 -4.580899e+01
      vertex   1.058700e+02 2.024153e+01 -4.575025e+01
    endloop
  endfacet
  facet normal 0.000000e+00 9.707113e-01 2.402492e-01
    outer loop
      vertex   1.058700e+02 2.024153e+01 -4.575025e+01
      vertex   1.046700e+02 2.025607e+01 -4.580899e+01
      vertex   1.046700e+02 2.024153e+01 -4.575025e+01
    endloop
  endfacet
  facet normal 0.000000e+00 1.000000e+00 -0.000000e+00
    outer loop
      vertex   1.058700e+02 2.024153e+01 -4.575025e+01
      vertex   1.046700e+02 2.024153e+01 -4.575025e+01
      vertex   1.058700e+02 2.024153e+01 -4.568975e+01
    endloop
  endfacet
  facet normal 0.000000e+00 1.000000e+00 0.000000e+00
    outer loop
      vertex   1.058700e+02 2.024153e+01 -4.568975e+01
      vertex   1.046700e+02 2.024153e+01 -4.575025e+01
      vertex   1.046700e+02 2.024153e+01 -4.568975e+01
    endloop
  endfacet
  facet normal 0.000000e+00 9.707113e-01 -2.402492e-01
    outer loop
      vertex   1.058700e+02 2.024153e+01 -4.568975e+01
      vertex   1.046700e+02 2.024153e+01 -4.568975e+01
      vertex   1.058700e+02 2.025607e+01 -4.563101e+01
    endloop
  endfacet
  facet normal 0.000000e+00 9.707113e-01 -2.402492e-01
    outer loop
      vertex   1.058700e+02 2.025607e+01 -4.563101e+01
      vertex   1.046700e+02 2.024153e+01 -4.568975e+01
      vertex   1.046700e+02 2.025607e+01 -4.563101e+01
    endloop
  endfacet
  facet normal 0.000000e+00 8.845607e-01 -4.664251e-01
    outer loop
      vertex   1.058700e+02 2.025607e+01 -4.563101e+01
      vertex   1.046700e+02 2.025607e+01 -4.563101e+01
      vertex   1.058700e+02 2.028429e+01 -4.557749e+01
    endloop
  endfacet
  facet normal 0.000000e+00 8.845607e-01 -4.664251e-01
    outer loop
      vertex   1.058700e+02 2.028429e+01 -4.557749e+01
      vertex   1.046700e+02 2.025607e+01 -4.563101e+01
      vertex   1.046700e+02 2.028429e+01 -4.557749e+01
    endloop
  endfacet
  facet normal 0.000000e+00 7.465948e-01 -6.652791e-01
    outer loop
      vertex   1.058700e+02 2.028429e+01 -4.557749e+01
      vertex   1.046700e+02 2.028429e+01 -4.557749e+01
      vertex   1.058700e+02 2.032454e+01 -4.553232e+01
    endloop
  endfacet
  facet normal -2.210365e-15 7.465948e-01 -6.652791e-01
    outer loop
      vertex   1.058700e+02 2.032454e+01 -4.553232e+01
      vertex   1.046700e+02 2.028429e+01 -4.557749e+01
      vertex   1.046700e+02 2.032454e+01 -4.553232e+01
    endloop
  endfacet
  facet normal -1.672426e-15 5.648952e-01 -8.251627e-01
    outer loop
      vertex   1.058700e+02 2.032454e+01 -4.553232e+01
      vertex   1.046700e+02 2.032454e+01 -4.553232e+01
      vertex   1.058700e+02 2.037447e+01 -4.549814e+01
    endloop
  endfacet
  facet normal 0.000000e+00 5.648952e-01 -8.251627e-01
    outer loop
      vertex   1.058700e+02 2.037447e+01 -4.549814e+01
      vertex   1.046700e+02 2.032454e+01 -4.553232e+01
      vertex   1.046700e+02 2.037447e+01 -4.549814e+01
    endloop
  endfacet
  facet normal 0.000000e+00 3.501055e-01 -9.367103e-01
    outer loop
      vertex   1.058700e+02 2.037447e+01 -4.549814e+01
      vertex   1.046700e+02 2.037447e+01 -4.549814e+01
      vertex   1.058700e+02 2.043115e+01 -4.547695e+01
    endloop
  endfacet
  facet normal 0.000000e+00 3.501055e-01 -9.367103e-01
    outer loop
      vertex   1.058700e+02 2.043115e+01 -4.547695e+01
      vertex   1.046700e+02 2.037447e+01 -4.549814e+01
      vertex   1.046700e+02 2.043115e+01 -4.547695e+01
    endloop
  endfacet
  facet normal -1.182826e-18 5.648952e-01 8.251627e-01
    outer loop
      vertex   1.058700e+02 2.032454e+01 -4.590768e+01
      vertex   1.058700e+02 2.037447e+01 -4.594186e+01
      vertex   1.046700e+02 2.037447e+01 -4.594186e+01
    endloop
  endfacet
  facet normal -0.000000e+00 3.501055e-01 9.367103e-01
    outer loop
      vertex   1.046700e+02 2.037447e+01 -4.594186e+01
      vertex   1.058700e+02 2.037447e+01 -4.594186e+01
      vertex   1.046700e+02 2.043115e+01 -4.596305e+01
    endloop
  endfacet
  facet normal 1.592505e-19 3.501055e-01 9.367103e-01
    outer loop
      vertex   1.046700e+02 2.037447e+01 -4.594186e+01
      vertex   1.046700e+02 2.043115e+01 -4.596305e+01
      vertex   1.034700e+02 2.043115e+01 -4.596305e+01
    endloop
  endfacet
  facet normal -0.000000e+00 1.148075e-01 9.933878e-01
    outer loop
      vertex   1.034700e+02 2.043115e+01 -4.596305e+01
      vertex   1.046700e+02 2.043115e+01 -4.596305e+01
      vertex   1.058700e+02 2.049125e+01 -4.597000e+01
    endloop
  endfacet
  facet normal -7.187394e-21 1.148075e-01 9.933878e-01
    outer loop
      vertex   1.034700e+02 2.043115e+01 -4.596305e+01
      vertex   1.058700e+02 2.049125e+01 -4.597000e+01
      vertex   9.987000e+01 2.049125e+01 -4.597000e+01
    endloop
  endfacet
  facet normal 1.592505e-19 3.501055e-01 9.367103e-01
    outer loop
      vertex   1.058700e+02 2.037447e+01 -4.594186e+01
      vertex   1.058700e+02 2.043115e+01 -4.596305e+01
      vertex   1.046700e+02 2.043115e+01 -4.596305e+01
    endloop
  endfacet
  facet normal -0.000000e+00 1.148075e-01 9.933878e-01
    outer loop
      vertex   1.046700e+02 2.043115e+01 -4.596305e+01
      vertex   1.058700e+02 2.043115e+01 -4.596305e+01
      vertex   1.058700e+02 2.049125e+01 -4.597000e+01
    endloop
  endfacet
  facet normal 1.313102e-18 5.648952e-01 -8.251627e-01
    outer loop
      vertex   9.987000e+01 2.032454e+01 -4.553232e+01
      vertex   9.987000e+01 2.037447e+01 -4.549814e+01
      vertex   1.010700e+02 2.037447e+01 -4.549814e+01
    endloop
  endfacet
  facet normal 0.000000e+00 3.501055e-01 -9.367103e-01
    outer loop
      vertex   1.010700e+02 2.037447e+01 -4.549814e+01
      vertex   9.987000e+01 2.037447e+01 -4.549814e+01
      vertex   1.010700e+02 2.043115e+01 -4.547695e+01
    endloop
  endfacet
  facet normal 4.626112e-19 3.501055e-01 -9.367103e-01
    outer loop
      vertex   1.010700e+02 2.037447e+01 -4.549814e+01
      vertex   1.010700e+02 2.043115e+01 -4.547695e+01
      vertex   1.022700e+02 2.043115e+01 -4.547695e+01
    endloop
  endfacet
  facet normal 0.000000e+00 1.148075e-01 -9.933878e-01
    outer loop
      vertex   1.022700e+02 2.043115e+01 -4.547695e+01
      vertex   1.010700e+02 2.043115e+01 -4.547695e+01
      vertex   9.987000e+01 2.049125e+01 -4.547000e+01
    endloop
  endfacet
  facet normal -3.723462e-21 1.148075e-01 -9.933878e-01
    outer loop
      vertex   1.022700e+02 2.043115e+01 -4.547695e+01
      vertex   9.987000e+01 2.049125e+01 -4.547000e+01
      vertex   1.058700e+02 2.049125e+01 -4.547000e+01
    endloop
  endfacet
  facet normal 4.626112e-19 3.501055e-01 -9.367103e-01
    outer loop
      vertex   9.987000e+01 2.037447e+01 -4.549814e+01
      vertex   9.987000e+01 2.043115e+01 -4.547695e+01
      vertex   1.010700e+02 2.043115e+01 -4.547695e+01
    endloop
  endfacet
  facet normal 0.000000e+00 1.148075e-01 -9.933878e-01
    outer loop
      vertex   1.010700e+02 2.043115e+01 -4.547695e+01
      vertex   9.987000e+01 2.043115e+01 -4.547695e+01
      vertex   9.987000e+01 2.049125e+01 -4.547000e+01
    endloop
  endfacet
  facet normal 0.000000e+00 3.501055e-01 -9.367103e-01
    outer loop
      vertex   1.034700e+02 2.043115e+01 -4.547695e+01
      vertex   1.046700e+02 2.043115e+01 -4.547695e+01
      vertex   1.034700e+02 2.037447e+01 -4.549814e+01
    endloop
  endfacet
  facet normal 0.000000e+00 3.501055e-01 -9.367103e-01
    outer loop
      vertex   1.034700e+02 2.037447e+01 -4.549814e+01
      vertex   1.046700e+02 2.043115e+01 -4.547695e+01
      vertex   1.046700e+02 2.037447e+01 -4.549814e+01
    endloop
  endfacet
  facet normal 0.000000e+00 5.648952e-01 -8.251627e-01
    outer loop
      vertex   1.034700e+02 2.037447e+01 -4.549814e+01
      vertex   1.046700e+02 2.037447e+01 -4.549814e+01
      vertex   1.034700e+02 2.032454e+01 -4.553232e+01
    endloop
  endfacet
  facet normal 0.000000e+00 5.648952e-01 -8.251627e-01
    outer loop
      vertex   1.034700e+02 2.032454e+01 -4.553232e+01
      vertex   1.046700e+02 2.037447e+01 -4.549814e+01
      vertex   1.046700e+02 2.032454e+01 -4.553232e+01
    endloop
  endfacet
  facet normal 0.000000e+00 7.465948e-01 -6.652791e-01
    outer loop
      vertex   1.034700e+02 2.032454e+01 -4.553232e+01
      vertex   1.046700e+02 2.032454e+01 -4.553232e+01
      vertex   1.034700e+02 2.028429e+01 -4.557749e+01
    endloop
  endfacet
  facet normal 0.000000e+00 7.465948e-01 -6.652791e-01
    outer loop
      vertex   1.034700e+02 2.028429e+01 -4.557749e+01
      vertex   1.046700e+02 2.032454e+01 -4.553232e+01
      vertex   1.046700e+02 2.028429e+01 -4.557749e+01
    endloop
  endfacet
  facet normal 0.000000e+00 8.845607e-01 -4.664251e-01
    outer loop
      vertex   1.034700e+02 2.028429e+01 -4.557749e+01
      vertex   1.046700e+02 2.028429e+01 -4.557749e+01
      vertex   1.034700e+02 2.025607e+01 -4.563101e+01
    endloop
  endfacet
  facet normal 0.000000e+00 8.845607e-01 -4.664251e-01
    outer loop
      vertex   1.034700e+02 2.025607e+01 -4.563101e+01
      vertex   1.046700e+02 2.028429e+01 -4.557749e+01
      vertex   1.046700e+02 2.025607e+01 -4.563101e+01
    endloop
  endfacet
  facet normal 0.000000e+00 9.707113e-01 -2.402492e-01
    outer loop
      vertex   1.034700e+02 2.025607e+01 -4.563101e+01
      vertex   1.046700e+02 2.025607e+01 -4.563101e+01
      vertex   1.034700e+02 2.024153e+01 -4.568975e+01
    endloop
  endfacet
  facet normal 0.000000e+00 9.707113e-01 -2.402492e-01
    outer loop
      vertex   1.034700e+02 2.024153e+01 -4.568975e+01
      vertex   1.046700e+02 2.025607e+01 -4.563101e+01
      vertex   1.046700e+02 2.024153e+01 -4.568975e+01
    endloop
  endfacet
  facet normal -0.000000e+00 1.000000e+00 0.000000e+00
    outer loop
      vertex   1.034700e+02 2.024153e+01 -4.568975e+01
      vertex   1.046700e+02 2.024153e+01 -4.568975e+01
      vertex   1.034700e+02 2.024153e+01 -4.575025e+01
    endloop
  endfacet
  facet normal 0.000000e+00 1.000000e+00 0.000000e+00
    outer loop
      vertex   1.034700e+02 2.024153e+01 -4.575025e+01
      vertex   1.046700e+02 2.024153e+01 -4.568975e+01
      vertex   1.046700e+02 2.024153e+01 -4.575025e+01
    endloop
  endfacet
  facet normal -0.000000e+00 9.707113e-01 2.402492e-01
    outer loop
      vertex   1.034700e+02 2.024153e+01 -4.575025e+01
      vertex   1.046700e+02 2.024153e+01 -4.575025e+01
      vertex   1.034700e+02 2.025607e+01 -4.580899e+01
    endloop
  endfacet
  facet normal -0.000000e+00 9.707113e-01 2.402492e-01
    outer loop
      vertex   1.034700e+02 2.025607e+01 -4.580899e+01
      vertex   1.046700e+02 2.024153e+01 -4.575025e+01
      vertex   1.046700e+02 2.025607e+01 -4.580899e+01
    endloop
  endfacet
  facet normal -0.000000e+00 8.845607e-01 4.664251e-01
    outer loop
      vertex   1.034700e+02 2.025607e+01 -4.580899e+01
      vertex   1.046700e+02 2.025607e+01 -4.580899e+01
      vertex   1.034700e+02 2.028429e+01 -4.586251e+01
    endloop
  endfacet
  facet normal -0.000000e+00 8.845607e-01 4.664251e-01
    outer loop
      vertex   1.034700e+02 2.028429e+01 -4.586251e+01
      vertex   1.046700e+02 2.025607e+01 -4.580899e+01
      vertex   1.046700e+02 2.028429e+01 -4.586251e+01
    endloop
  endfacet
  facet normal -0.000000e+00 7.465948e-01 6.652791e-01
    outer loop
      vertex   1.034700e+02 2.028429e+01 -4.586251e+01
      vertex   1.046700e+02 2.028429e+01 -4.586251e+01
      vertex   1.034700e+02 2.032454e+01 -4.590768e+01
    endloop
  endfacet
  facet normal -0.000000e+00 7.465948e-01 6.652791e-01
    outer loop
      vertex   1.034700e+02 2.032454e+01 -4.590768e+01
      vertex   1.046700e+02 2.028429e+01 -4.586251e+01
      vertex   1.046700e+02 2.032454e+01 -4.590768e+01
    endloop
  endfacet
  facet normal -0.000000e+00 5.648952e-01 8.251627e-01
    outer loop
      vertex   1.034700e+02 2.032454e+01 -4.590768e+01
      vertex   1.046700e+02 2.032454e+01 -4.590768e+01
      vertex   1.034700e+02 2.037447e+01 -4.594186e+01
    endloop
  endfacet
  facet normal 4.626112e-19 3.501055e-01 -9.367103e-01
    outer loop
      vertex   1.034700e+02 2.043115e+01 -4.547695e+01
      vertex   1.034700e+02 2.037447e+01 -4.549814e+01
      vertex   1.022700e+02 2.037447e+01 -4.549814e+01
    endloop
  endfacet
  facet normal 0.000000e+00 5.648952e-01 -8.251627e-01
    outer loop
      vertex   1.022700e+02 2.037447e+01 -4.549814e+01
      vertex   1.034700e+02 2.037447e+01 -4.549814e+01
      vertex   1.022700e+02 2.032454e+01 -4.553232e+01
    endloop
  endfacet
  facet normal 1.333070e-18 5.648952e-01 -8.251627e-01
    outer loop
      vertex   1.022700e+02 2.037447e+01 -4.549814e+01
      vertex   1.022700e+02 2.032454e+01 -4.553232e+01
      vertex   1.010700e+02 2.032454e+01 -4.553232e+01
    endloop
  endfacet
  facet normal 0.000000e+00 7.465948e-01 -6.652791e-01
    outer loop
      vertex   1.010700e+02 2.032454e+01 -4.553232e+01
      vertex   1.022700e+02 2.032454e+01 -4.553232e+01
      vertex   1.010700e+02 2.028429e+01 -4.557749e+01
    endloop
  endfacet
  facet normal 0.000000e+00 5.648952e-01 -8.251627e-01
    outer loop
      vertex   1.022700e+02 2.032454e+01 -4.553232e+01
      vertex   1.034700e+02 2.037447e+01 -4.549814e+01
      vertex   1.034700e+02 2.032454e+01 -4.553232e+01
    endloop
  endfacet
  facet normal 0.000000e+00 7.465948e-01 -6.652791e-01
    outer loop
      vertex   1.022700e+02 2.032454e+01 -4.553232e+01
      vertex   1.034700e+02 2.032454e+01 -4.553232e+01
      vertex   1.022700e+02 2.028429e+01 -4.557749e+01
    endloop
  endfacet
  facet normal 0.000000e+00 7.465948e-01 -6.652791e-01
    outer loop
      vertex   1.022700e+02 2.028429e+01 -4.557749e+01
      vertex   1.034700e+02 2.032454e+01 -4.553232e+01
      vertex   1.034700e+02 2.028429e+01 -4.557749e+01
    endloop
  endfacet
  facet normal 0.000000e+00 8.845607e-01 -4.664251e-01
    outer loop
      vertex   1.022700e+02 2.028429e+01 -4.557749e+01
      vertex   1.034700e+02 2.028429e+01 -4.557749e+01
      vertex   1.022700e+02 2.025607e+01 -4.563101e+01
    endloop
  endfacet
  facet normal 0.000000e+00 8.845607e-01 -4.664251e-01
    outer loop
      vertex   1.022700e+02 2.025607e+01 -4.563101e+01
      vertex   1.034700e+02 2.028429e+01 -4.557749e+01
      vertex   1.034700e+02 2.025607e+01 -4.563101e+01
    endloop
  endfacet
  facet normal 0.000000e+00 9.707113e-01 -2.402492e-01
    outer loop
      vertex   1.022700e+02 2.025607e+01 -4.563101e+01
      vertex   1.034700e+02 2.025607e+01 -4.563101e+01
      vertex   1.022700e+02 2.024153e+01 -4.568975e+01
    endloop
  endfacet
  facet normal 0.000000e+00 9.707113e-01 -2.402492e-01
    outer loop
      vertex   1.022700e+02 2.024153e+01 -4.568975e+01
      vertex   1.034700e+02 2.025607e+01 -4.563101e+01
      vertex   1.034700e+02 2.024153e+01 -4.568975e+01
    endloop
  endfacet
  facet normal -0.000000e+00 1.000000e+00 0.000000e+00
    outer loop
      vertex   1.022700e+02 2.024153e+01 -4.568975e+01
      vertex   1.034700e+02 2.024153e+01 -4.568975e+01
      vertex   1.022700e+02 2.024153e+01 -4.575025e+01
    endloop
  endfacet
  facet normal 0.000000e+00 1.000000e+00 0.000000e+00
    outer loop
      vertex   1.022700e+02 2.024153e+01 -4.575025e+01
      vertex   1.034700e+02 2.024153e+01 -4.568975e+01
      vertex   1.034700e+02 2.024153e+01 -4.575025e+01
    endloop
  endfacet
  facet normal -0.000000e+00 9.707113e-01 2.402492e-01
    outer loop
      vertex   1.022700e+02 2.024153e+01 -4.575025e+01
      vertex   1.034700e+02 2.024153e+01 -4.575025e+01
      vertex   1.022700e+02 2.025607e+01 -4.580899e+01
    endloop
  endfacet
  facet normal -0.000000e+00 9.707113e-01 2.402492e-01
    outer loop
      vertex   1.022700e+02 2.025607e+01 -4.580899e+01
      vertex   1.034700e+02 2.024153e+01 -4.575025e+01
      vertex   1.034700e+02 2.025607e+01 -4.580899e+01
    endloop
  endfacet
  facet normal -0.000000e+00 8.845607e-01 4.664251e-01
    outer loop
      vertex   1.022700e+02 2.025607e+01 -4.580899e+01
      vertex   1.034700e+02 2.025607e+01 -4.580899e+01
      vertex   1.022700e+02 2.028429e+01 -4.586251e+01
    endloop
  endfacet
  facet normal -0.000000e+00 8.845607e-01 4.664251e-01
    outer loop
      vertex   1.022700e+02 2.028429e+01 -4.586251e+01
      vertex   1.034700e+02 2.025607e+01 -4.580899e+01
      vertex   1.034700e+02 2.028429e+01 -4.586251e+01
    endloop
  endfacet
  facet normal -0.000000e+00 7.465948e-01 6.652791e-01
    outer loop
      vertex   1.022700e+02 2.028429e+01 -4.586251e+01
      vertex   1.034700e+02 2.028429e+01 -4.586251e+01
      vertex   1.022700e+02 2.032454e+01 -4.590768e+01
    endloop
  endfacet
  facet normal -0.000000e+00 7.465948e-01 6.652791e-01
    outer loop
      vertex   1.022700e+02 2.032454e+01 -4.590768e+01
      vertex   1.034700e+02 2.028429e+01 -4.586251e+01
      vertex   1.034700e+02 2.032454e+01 -4.590768e+01
    endloop
  endfacet
  facet normal -0.000000e+00 5.648952e-01 8.251627e-01
    outer loop
      vertex   1.022700e+02 2.032454e+01 -4.590768e+01
      vertex   1.034700e+02 2.032454e+01 -4.590768e+01
      vertex   1.022700e+02 2.037447e+01 -4.594186e+01
    endloop
  endfacet
  facet normal -0.000000e+00 5.648952e-01 8.251627e-01
    outer loop
      vertex   1.022700e+02 2.037447e+01 -4.594186e+01
      vertex   1.034700e+02 2.032454e+01 -4.590768e+01
      vertex   1.034700e+02 2.037447e+01 -4.594186e+01
    endloop
  endfacet
  facet normal -0.000000e+00 3.501055e-01 9.367103e-01
    outer loop
      vertex   1.022700e+02 2.037447e+01 -4.594186e+01
      vertex   1.034700e+02 2.037447e+01 -4.594186e+01
      vertex   1.022700e+02 2.043115e+01 -4.596305e+01
    endloop
  endfacet
  facet normal 4.344631e-19 8.845607e-01 -4.664251e-01
    outer loop
      vertex   1.010700e+02 2.025607e+01 -4.563101e+01
      vertex   1.010700e+02 2.028429e+01 -4.557749e+01
      vertex   1.022700e+02 2.028429e+01 -4.557749e+01
    endloop
  endfacet
  facet normal 0.000000e+00 7.465948e-01 -6.652791e-01
    outer loop
      vertex   1.022700e+02 2.028429e+01 -4.557749e+01
      vertex   1.010700e+02 2.028429e+01 -4.557749e+01
      vertex   1.022700e+02 2.032454e+01 -4.553232e+01
    endloop
  endfacet
  facet normal 0.000000e+00 8.845607e-01 -4.664251e-01
    outer loop
      vertex   1.010700e+02 2.025607e+01 -4.563101e+01
      vertex   1.022700e+02 2.028429e+01 -4.557749e+01
      vertex   1.022700e+02 2.025607e+01 -4.563101e+01
    endloop
  endfacet
  facet normal -3.643643e-19 9.707113e-01 -2.402492e-01
    outer loop
      vertex   1.010700e+02 2.024153e+01 -4.568975e+01
      vertex   1.010700e+02 2.025607e+01 -4.563101e+01
      vertex   1.022700e+02 2.025607e+01 -4.563101e+01
    endloop
  endfacet
  facet normal 0.000000e+00 9.707113e-01 -2.402492e-01
    outer loop
      vertex   1.010700e+02 2.024153e+01 -4.568975e+01
      vertex   1.022700e+02 2.025607e+01 -4.563101e+01
      vertex   1.022700e+02 2.024153e+01 -4.568975e+01
    endloop
  endfacet
  facet normal 0.000000e+00 1.000000e+00 0.000000e+00
    outer loop
      vertex   1.010700e+02 2.024153e+01 -4.575025e+01
      vertex   1.010700e+02 2.024153e+01 -4.568975e+01
      vertex   1.022700e+02 2.024153e+01 -4.568975e+01
    endloop
  endfacet
  facet normal 0.000000e+00 1.000000e+00 0.000000e+00
    outer loop
      vertex   1.010700e+02 2.024153e+01 -4.575025e+01
      vertex   1.022700e+02 2.024153e+01 -4.568975e+01
      vertex   1.022700e+02 2.024153e+01 -4.575025e+01
    endloop
  endfacet
  facet normal 3.379619e-19 9.707113e-01 2.402492e-01
    outer loop
      vertex   1.010700e+02 2.025607e+01 -4.580899e+01
      vertex   1.010700e+02 2.024153e+01 -4.575025e+01
      vertex   1.022700e+02 2.024153e+01 -4.575025e+01
    endloop
  endfacet
  facet normal -0.000000e+00 9.707113e-01 2.402492e-01
    outer loop
      vertex   1.010700e+02 2.025607e+01 -4.580899e+01
      vertex   1.022700e+02 2.024153e+01 -4.575025e+01
      vertex   1.022700e+02 2.025607e+01 -4.580899e+01
    endloop
  endfacet
  facet normal -4.344631e-19 8.845607e-01 4.664251e-01
    outer loop
      vertex   1.010700e+02 2.028429e+01 -4.586251e+01
      vertex   1.010700e+02 2.025607e+01 -4.580899e+01
      vertex   1.022700e+02 2.025607e+01 -4.580899e+01
    endloop
  endfacet
  facet normal -0.000000e+00 8.845607e-01 4.664251e-01
    outer loop
      vertex   1.010700e+02 2.028429e+01 -4.586251e+01
      vertex   1.022700e+02 2.025607e+01 -4.580899e+01
      vertex   1.022700e+02 2.028429e+01 -4.586251e+01
    endloop
  endfacet
  facet normal 1.128893e-18 7.465948e-01 6.652791e-01
    outer loop
      vertex   1.010700e+02 2.032454e+01 -4.590768e+01
      vertex   1.010700e+02 2.028429e+01 -4.586251e+01
      vertex   1.022700e+02 2.028429e+01 -4.586251e+01
    endloop
  endfacet
  facet normal -0.000000e+00 7.465948e-01 6.652791e-01
    outer loop
      vertex   1.010700e+02 2.032454e+01 -4.590768e+01
      vertex   1.022700e+02 2.028429e+01 -4.586251e+01
      vertex   1.022700e+02 2.032454e+01 -4.590768e+01
    endloop
  endfacet
  facet normal -1.182826e-18 5.648952e-01 8.251627e-01
    outer loop
      vertex   1.010700e+02 2.037447e+01 -4.594186e+01
      vertex   1.010700e+02 2.032454e+01 -4.590768e+01
      vertex   1.022700e+02 2.032454e+01 -4.590768e+01
    endloop
  endfacet
  facet normal -0.000000e+00 5.648952e-01 8.251627e-01
    outer loop
      vertex   1.010700e+02 2.037447e+01 -4.594186e+01
      vertex   1.022700e+02 2.032454e+01 -4.590768e+01
      vertex   1.022700e+02 2.037447e+01 -4.594186e+01
    endloop
  endfacet
  facet normal 1.592505e-19 3.501055e-01 9.367103e-01
    outer loop
      vertex   1.010700e+02 2.043115e+01 -4.596305e+01
      vertex   1.010700e+02 2.037447e+01 -4.594186e+01
      vertex   1.022700e+02 2.037447e+01 -4.594186e+01
    endloop
  endfacet
  facet normal -0.000000e+00 3.501055e-01 9.367103e-01
    outer loop
      vertex   1.010700e+02 2.043115e+01 -4.596305e+01
      vertex   1.022700e+02 2.037447e+01 -4.594186e+01
      vertex   1.022700e+02 2.043115e+01 -4.596305e+01
    endloop
  endfacet
  facet normal 0.000000e+00 0.000000e+00 -1.000000e+00
    outer loop
      vertex   1.037450e+02 1.259440e+01 -4.372000e+01
      vertex   1.019950e+02 1.259440e+01 -4.372000e+01
      vertex   1.037450e+02 1.959440e+01 -4.372000e+01
    endloop
  endfacet
  facet normal -0.000000e+00 0.000000e+00 -1.000000e+00
    outer loop
      vertex   1.037450e+02 1.959440e+01 -4.372000e+01
      vertex   1.019950e+02 1.259440e+01 -4.372000e+01
      vertex   1.019950e+02 1.959440e+01 -4.372000e+01
    endloop
  endfacet
  facet normal 1.000000e+00 -0.000000e+00 0.000000e+00
    outer loop
      vertex   1.019950e+02 1.259440e+01 -4.372000e+01
      vertex   1.019950e+02 1.259440e+01 -4.772000e+01
      vertex   1.019950e+02 1.959440e+01 -4.372000e+01
    endloop
  endfacet
  facet normal 1.000000e+00 0.000000e+00 0.000000e+00
    outer loop
      vertex   1.019950e+02 1.959440e+01 -4.372000e+01
      vertex   1.019950e+02 1.259440e+01 -4.772000e+01
      vertex   1.019950e+02 1.959440e+01 -4.772000e+01
    endloop
  endfacet
  facet normal 0.000000e+00 0.000000e+00 1.000000e+00
    outer loop
      vertex   1.019950e+02 1.259440e+01 -4.772000e+01
      vertex   1.037450e+02 1.259440e+01 -4.772000e+01
      vertex   1.019950e+02 1.959440e+01 -4.772000e+01
    endloop
  endfacet
  facet normal -0.000000e+00 0.000000e+00 1.000000e+00
    outer loop
      vertex   1.019950e+02 1.959440e+01 -4.772000e+01
      vertex   1.037450e+02 1.259440e+01 -4.772000e+01
      vertex   1.037450e+02 1.959440e+01 -4.772000e+01
    endloop
  endfacet
  facet normal -1.000000e+00 0.000000e+00 0.000000e+00
    outer loop
      vertex   1.037450e+02 1.259440e+01 -4.772000e+01
      vertex   1.037450e+02 1.259440e+01 -4.372000e+01
      vertex   1.037450e+02 1.959440e+01 -4.772000e+01
    endloop
  endfacet
  facet normal -1.000000e+00 0.000000e+00 0.000000e+00
    outer loop
      vertex   1.037450e+02 1.959440e+01 -4.772000e+01
      vertex   1.037450e+02 1.259440e+01 -4.372000e+01
      vertex   1.037450e+02 1.959440e+01 -4.372000e+01
    endloop
  endfacet
  facet normal 0.000000e+00 -1.000000e+00 0.000000e+00
    outer loop
      vertex   1.037450e+02 1.959440e+01 -4.772000e+01
      vertex   1.037450e+02 1.959440e+01 -4.372000e+01
      vertex   1.019950e+02 1.959440e+01 -4.772000e+01
    endloop
  endfacet
  facet normal 0.000000e+00 -1.000000e+00 0.000000e+00
    outer loop
      vertex   1.019950e+02 1.959440e+01 -4.772000e+01
      vertex   1.037450e+02 1.959440e+01 -4.372000e+01
      vertex   1.019950e+02 1.959440e+01 -4.372000e+01
    endloop
  endfacet
  facet normal -1.000000e+00 -0.000000e+00 -0.000000e+00
    outer loop
      vertex   9.987000e+01 2.033502e+01 -4.197746e+01
      vertex   9.987000e+01 2.041852e+01 -4.199963e+01
      vertex   9.987000e+01 2.024895e+01 -4.197000e+01
    endloop
  endfacet
  facet normal -1.000000e+00 0.000000e+00 0.000000e+00
    outer loop
      vertex   9.987000e+01 2.024895e+01 -4.197000e+01
      vertex   9.987000e+01 2.041852e+01 -4.199963e+01
      vertex   9.987000e+01 2.049696e+01 -4.203584e+01
    endloop
  endfacet
  facet normal -1.000000e+00 0.000000e+00 0.000000e+00
    outer loop
      vertex   9.987000e+01 2.024895e+01 -4.197000e+01
      vertex   9.987000e+01 2.049696e+01 -4.203584e+01
      vertex   9.987000e+01 2.056799e+01 -4.208501e+01
    endloop
  endfacet
  facet normal -1.000000e+00 -0.000000e+00 -0.000000e+00
    outer loop
      vertex   9.987000e+01 2.056799e+01 -4.208501e+01
      vertex   9.987000e+01 2.062950e+01 -4.214568e+01
      vertex   9.987000e+01 2.024895e+01 -4.197000e+01
    endloop
  endfacet
  facet normal -1.000000e+00 0.000000e+00 0.000000e+00
    outer loop
      vertex   9.987000e+01 2.024895e+01 -4.197000e+01
      vertex   9.987000e+01 2.062950e+01 -4.214568e+01
      vertex   9.987000e+01 2.067965e+01 -4.221603e+01
    endloop
  endfacet
  facet normal -1.000000e+00 0.000000e+00 0.000000e+00
    outer loop
      vertex   9.987000e+01 2.024895e+01 -4.197000e+01
      vertex   9.987000e+01 2.067965e+01 -4.221603e+01
      vertex   9.987000e+01 2.071694e+01 -4.229396e+01
    endloop
  endfacet
  facet normal -1.000000e+00 -0.000000e+00 -0.000000e+00
    outer loop
      vertex   9.987000e+01 2.071694e+01 -4.229396e+01
      vertex   9.987000e+01 2.074026e+01 -4.237715e+01
      vertex   9.987000e+01 2.024895e+01 -4.197000e+01
    endloop
  endfacet
  facet normal -1.000000e+00 0.000000e+00 0.000000e+00
    outer loop
      vertex   9.987000e+01 2.024895e+01 -4.197000e+01
      vertex   9.987000e+01 2.074026e+01 -4.237715e+01
      vertex   9.987000e+01 2.074891e+01 -4.246310e+01
    endloop
  endfacet
  facet normal -1.000000e+00 0.000000e+00 0.000000e+00
    outer loop
      vertex   9.987000e+01 2.024895e+01 -4.197000e+01
      vertex   9.987000e+01 2.074891e+01 -4.246310e+01
      vertex   9.987000e+01 2.074263e+01 -4.254927e+01
    endloop
  endfacet
  facet normal -1.000000e+00 -0.000000e+00 0.000000e+00
    outer loop
      vertex   9.987000e+01 2.074263e+01 -4.254927e+01
      vertex   9.987000e+01 2.067101e+01 -4.303301e+01
      vertex   9.987000e+01 2.024895e+01 -4.197000e+01
    endloop
  endfacet
  facet normal -1.000000e+00 0.000000e+00 0.000000e+00
    outer loop
      vertex   9.987000e+01 2.024895e+01 -4.197000e+01
      vertex   9.987000e+01 2.067101e+01 -4.303301e+01
      vertex   9.987000e+01 2.061124e+01 -4.351836e+01
    endloop
  endfacet
  facet normal -1.000000e+00 0.000000e+00 0.000000e+00
    outer loop
      vertex   9.987000e+01 2.024895e+01 -4.197000e+01
      vertex   9.987000e+01 2.061124e+01 -4.351836e+01
      vertex   9.987000e+01 2.056336e+01 -4.400502e+01
    endloop
  endfacet
  facet normal -1.000000e+00 -0.000000e+00 -0.000000e+00
    outer loop
      vertex   9.987000e+01 2.024895e+01 -4.197000e+01
      vertex   9.987000e+01 2.056336e+01 -4.400502e+01
      vertex   9.987000e+01 1.259440e+01 -4.197000e+01
    endloop
  endfacet
  facet normal -1.000000e+00 0.000000e+00 0.000000e+00
    outer loop
      vertex   9.987000e+01 1.259440e+01 -4.197000e+01
      vertex   9.987000e+01 2.056336e+01 -4.400502e+01
      vertex   9.987000e+01 2.052738e+01 -4.449272e+01
    endloop
  endfacet
  facet normal -1.000000e+00 0.000000e+00 0.000000e+00
    outer loop
      vertex   9.987000e+01 1.259440e+01 -4.197000e+01
      vertex   9.987000e+01 2.052738e+01 -4.449272e+01
      vertex   9.987000e+01 2.025607e+01 -4.563101e+01
    endloop
  endfacet
  facet normal -1.000000e+00 0.000000e+00 0.000000e+00
    outer loop
      vertex   9.987000e+01 2.025607e+01 -4.563101e+01
      vertex   9.987000e+01 2.052738e+01 -4.449272e+01
      vertex   9.987000e+01 2.028429e+01 -4.557749e+01
    endloop
  endfacet
  facet normal -1.000000e+00 0.000000e+00 0.000000e+00
    outer loop
      vertex   9.987000e+01 2.028429e+01 -4.557749e+01
      vertex   9.987000e+01 2.052738e+01 -4.449272e+01
      vertex   9.987000e+01 2.050334e+01 -4.498114e+01
    endloop
  endfacet
  facet normal -1.000000e+00 0.000000e+00 0.000000e+00
    outer loop
      vertex   9.987000e+01 2.028429e+01 -4.557749e+01
      vertex   9.987000e+01 2.050334e+01 -4.498114e+01
      vertex   9.987000e+01 2.032454e+01 -4.553232e+01
    endloop
  endfacet
  facet normal -1.000000e+00 0.000000e+00 0.000000e+00
    outer loop
      vertex   9.987000e+01 2.032454e+01 -4.553232e+01
      vertex   9.987000e+01 2.050334e+01 -4.498114e+01
      vertex   9.987000e+01 2.037447e+01 -4.549814e+01
    endloop
  endfacet
  facet normal -1.000000e+00 0.000000e+00 0.000000e+00
    outer loop
      vertex   9.987000e+01 2.037447e+01 -4.549814e+01
      vertex   9.987000e+01 2.050334e+01 -4.498114e+01
      vertex   9.987000e+01 2.043115e+01 -4.547695e+01
    endloop
  endfacet
  facet normal -1.000000e+00 0.000000e+00 0.000000e+00
    outer loop
      vertex   9.987000e+01 2.043115e+01 -4.547695e+01
      vertex   9.987000e+01 2.050334e+01 -4.498114e+01
      vertex   9.987000e+01 2.049125e+01 -4.547000e+01
    endloop
  endfacet
  facet normal -1.000000e+00 -0.000000e+00 0.000000e+00
    outer loop
      vertex   9.987000e+01 2.025607e+01 -4.563101e+01
      vertex   9.987000e+01 2.024153e+01 -4.568975e+01
      vertex   9.987000e+01 1.259440e+01 -4.197000e+01
    endloop
  endfacet
  facet normal -1.000000e+00 0.000000e+00 0.000000e+00
    outer loop
      vertex   9.987000e+01 1.259440e+01 -4.197000e+01
      vertex   9.987000e+01 2.024153e+01 -4.568975e+01
      vertex   9.987000e+01 2.024153e+01 -4.575025e+01
    endloop
  endfacet
  facet normal -1.000000e+00 0.000000e+00 0.000000e+00
    outer loop
      vertex   9.987000e+01 1.259440e+01 -4.197000e+01
      vertex   9.987000e+01 2.024153e+01 -4.575025e+01
      vertex   9.987000e+01 1.259440e+01 -4.947000e+01
    endloop
  endfacet
  facet normal -1.000000e+00 0.000000e+00 0.000000e+00
    outer loop
      vertex   9.987000e+01 1.259440e+01 -4.947000e+01
      vertex   9.987000e+01 2.024153e+01 -4.575025e+01
      vertex   9.987000e+01 2.025607e+01 -4.580899e+01
    endloop
  endfacet
  facet normal -1.000000e+00 0.000000e+00 0.000000e+00
    outer loop
      vertex   9.987000e+01 1.259440e+01 -4.947000e+01
      vertex   9.987000e+01 2.025607e+01 -4.580899e+01
      vertex   9.987000e+01 2.052738e+01 -4.694728e+01
    endloop
  endfacet
  facet normal -1.000000e+00 0.000000e+00 0.000000e+00
    outer loop
      vertex   9.987000e+01 2.052738e+01 -4.694728e+01
      vertex   9.987000e+01 2.025607e+01 -4.580899e+01
      vertex   9.987000e+01 2.028429e+01 -4.586251e+01
    endloop
  endfacet
  facet normal -1.000000e+00 0.000000e+00 0.000000e+00
    outer loop
      vertex   9.987000e+01 2.052738e+01 -4.694728e+01
      vertex   9.987000e+01 2.028429e+01 -4.586251e+01
      vertex   9.987000e+01 2.050334e+01 -4.645886e+01
    endloop
  endfacet
  facet normal -1.000000e+00 0.000000e+00 0.000000e+00
    outer loop
      vertex   9.987000e+01 2.050334e+01 -4.645886e+01
      vertex   9.987000e+01 2.028429e+01 -4.586251e+01
      vertex   9.987000e+01 2.032454e+01 -4.590768e+01
    endloop
  endfacet
  facet normal -1.000000e+00 0.000000e+00 0.000000e+00
    outer loop
      vertex   9.987000e+01 2.050334e+01 -4.645886e+01
      vertex   9.987000e+01 2.032454e+01 -4.590768e+01
      vertex   9.987000e+01 2.037447e+01 -4.594186e+01
    endloop
  endfacet
  facet normal -1.000000e+00 0.000000e+00 0.000000e+00
    outer loop
      vertex   9.987000e+01 2.037447e+01 -4.594186e+01
      vertex   9.987000e+01 2.043115e+01 -4.596305e+01
      vertex   9.987000e+01 2.050334e+01 -4.645886e+01
    endloop
  endfacet
  facet normal -1.000000e+00 0.000000e+00 0.000000e+00
    outer loop
      vertex   9.987000e+01 2.050334e+01 -4.645886e+01
      vertex   9.987000e+01 2.043115e+01 -4.596305e+01
      vertex   9.987000e+01 2.049125e+01 -4.597000e+01
    endloop
  endfacet
  facet normal -1.000000e+00 0.000000e+00 -0.000000e+00
    outer loop
      vertex   9.987000e+01 2.052738e+01 -4.694728e+01
      vertex   9.987000e+01 2.056336e+01 -4.743498e+01
      vertex   9.987000e+01 1.259440e+01 -4.947000e+01
    endloop
  endfacet
  facet normal -1.000000e+00 0.000000e+00 0.000000e+00
    outer loop
      vertex   9.987000e+01 1.259440e+01 -4.947000e+01
      vertex   9.987000e+01 2.056336e+01 -4.743498e+01
      vertex   9.987000e+01 2.024895e+01 -4.947000e+01
    endloop
  endfacet
  facet normal -1.000000e+00 0.000000e+00 0.000000e+00
    outer loop
      vertex   9.987000e+01 2.024895e+01 -4.947000e+01
      vertex   9.987000e+01 2.056336e+01 -4.743498e+01
      vertex   9.987000e+01 2.061124e+01 -4.792164e+01
    endloop
  endfacet
  facet normal -1.000000e+00 0.000000e+00 0.000000e+00
    outer loop
      vertex   9.987000e+01 2.024895e+01 -4.947000e+01
      vertex   9.987000e+01 2.061124e+01 -4.792164e+01
      vertex   9.987000e+01 2.067101e+01 -4.840699e+01
    endloop
  endfacet
  facet normal -1.000000e+00 0.000000e+00 -0.000000e+00
    outer loop
      vertex   9.987000e+01 2.067101e+01 -4.840699e+01
      vertex   9.987000e+01 2.074263e+01 -4.889073e+01
      vertex   9.987000e+01 2.024895e+01 -4.947000e+01
    endloop
  endfacet
  facet normal -1.000000e+00 0.000000e+00 0.000000e+00
    outer loop
      vertex   9.987000e+01 2.024895e+01 -4.947000e+01
      vertex   9.987000e+01 2.074263e+01 -4.889073e+01
      vertex   9.987000e+01 2.074891e+01 -4.897690e+01
    endloop
  endfacet
  facet normal -1.000000e+00 0.000000e+00 0.000000e+00
    outer loop
      vertex   9.987000e+01 2.024895e+01 -4.947000e+01
      vertex   9.987000e+01 2.074891e+01 -4.897690e+01
      vertex   9.987000e+01 2.074026e+01 -4.906285e+01
    endloop
  endfacet
  facet normal -1.000000e+00 0.000000e+00 0.000000e+00
    outer loop
      vertex   9.987000e+01 2.074026e+01 -4.906285e+01
      vertex   9.987000e+01 2.071694e+01 -4.914604e+01
      vertex   9.987000e+01 2.024895e+01 -4.947000e+01
    endloop
  endfacet
  facet normal -1.000000e+00 0.000000e+00 0.000000e+00
    outer loop
      vertex   9.987000e+01 2.024895e+01 -4.947000e+01
      vertex   9.987000e+01 2.071694e+01 -4.914604e+01
      vertex   9.987000e+01 2.067965e+01 -4.922397e+01
    endloop
  endfacet
  facet normal -1.000000e+00 0.000000e+00 0.000000e+00
    outer loop
      vertex   9.987000e+01 2.024895e+01 -4.947000e+01
      vertex   9.987000e+01 2.067965e+01 -4.922397e+01
      vertex   9.987000e+01 2.062950e+01 -4.929432e+01
    endloop
  endfacet
  facet normal -1.000000e+00 0.000000e+00 0.000000e+00
    outer loop
      vertex   9.987000e+01 2.062950e+01 -4.929432e+01
      vertex   9.987000e+01 2.056799e+01 -4.935499e+01
      vertex   9.987000e+01 2.024895e+01 -4.947000e+01
    endloop
  endfacet
  facet normal -1.000000e+00 0.000000e+00 0.000000e+00
    outer loop
      vertex   9.987000e+01 2.024895e+01 -4.947000e+01
      vertex   9.987000e+01 2.056799e+01 -4.935499e+01
      vertex   9.987000e+01 2.049696e+01 -4.940416e+01
    endloop
  endfacet
  facet normal -1.000000e+00 0.000000e+00 0.000000e+00
    outer loop
      vertex   9.987000e+01 2.024895e+01 -4.947000e+01
      vertex   9.987000e+01 2.049696e+01 -4.940416e+01
      vertex   9.987000e+01 2.041852e+01 -4.944037e+01
    endloop
  endfacet
  facet normal -1.000000e+00 0.000000e+00 0.000000e+00
    outer loop
      vertex   9.987000e+01 2.041852e+01 -4.944037e+01
      vertex   9.987000e+01 2.033502e+01 -4.946254e+01
      vertex   9.987000e+01 2.024895e+01 -4.947000e+01
    endloop
  endfacet
  facet normal 0.000000e+00 0.000000e+00 -1.000000e+00
    outer loop
      vertex   9.987000e+01 2.024895e+01 -4.947000e+01
      vertex   1.058700e+02 2.024895e+01 -4.947000e+01
      vertex   9.987000e+01 1.259440e+01 -4.947000e+01
    endloop
  endfacet
  facet normal 0.000000e+00 0.000000e+00 -1.000000e+00
    outer loop
      vertex   9.987000e+01 1.259440e+01 -4.947000e+01
      vertex   1.058700e+02 2.024895e+01 -4.947000e+01
      vertex   1.058700e+02 1.259440e+01 -4.947000e+01
    endloop
  endfacet
  facet normal 0.000000e+00 0.000000e+00 1.000000e+00
    outer loop
      vertex   1.058700e+02 2.024895e+01 -4.197000e+01
      vertex   9.987000e+01 2.024895e+01 -4.197000e+01
      vertex   1.058700e+02 1.259440e+01 -4.197000e+01
    endloop
  endfacet
  facet normal 0.000000e+00 0.000000e+00 1.000000e+00
    outer loop
      vertex   1.058700e+02 1.259440e+01 -4.197000e+01
      vertex   9.987000e+01 2.024895e+01 -4.197000e+01
      vertex   9.987000e+01 1.259440e+01 -4.197000e+01
    endloop
  endfacet
  facet normal 0.000000e+00 -1.000000e+00 0.000000e+00
    outer loop
      vertex   1.019950e+02 1.259440e+01 -4.772000e+01
      vertex   1.019950e+02 1.259440e+01 -4.372000e+01
      vertex   9.987000e+01 1.259440e+01 -4.197000e+01
    endloop
  endfacet
  facet normal 0.000000e+00 -1.000000e+00 0.000000e+00
    outer loop
      vertex   9.987000e+01 1.259440e+01 -4.197000e+01
      vertex   1.019950e+02 1.259440e+01 -4.372000e+01
      vertex   1.037450e+02 1.259440e+01 -4.372000e+01
    endloop
  endfacet
  facet normal 0.000000e+00 -1.000000e+00 0.000000e+00
    outer loop
      vertex   9.987000e+01 1.259440e+01 -4.197000e+01
      vertex   1.037450e+02 1.259440e+01 -4.372000e+01
      vertex   1.058700e+02 1.259440e+01 -4.197000e+01
    endloop
  endfacet
  facet normal 0.000000e+00 -1.000000e+00 0.000000e+00
    outer loop
      vertex   1.058700e+02 1.259440e+01 -4.197000e+01
      vertex   1.037450e+02 1.259440e+01 -4.372000e+01
      vertex   1.037450e+02 1.259440e+01 -4.772000e+01
    endloop
  endfacet
  facet normal 0.000000e+00 -1.000000e+00 -0.000000e+00
    outer loop
      vertex   1.058700e+02 1.259440e+01 -4.197000e+01
      vertex   1.037450e+02 1.259440e+01 -4.772000e+01
      vertex   1.058700e+02 1.259440e+01 -4.947000e+01
    endloop
  endfacet
  facet normal 0.000000e+00 -1.000000e+00 0.000000e+00
    outer loop
      vertex   1.058700e+02 1.259440e+01 -4.947000e+01
      vertex   1.037450e+02 1.259440e+01 -4.772000e+01
      vertex   1.019950e+02 1.259440e+01 -4.772000e+01
    endloop
  endfacet
  facet normal 0.000000e+00 -1.000000e+00 0.000000e+00
    outer loop
      vertex   1.058700e+02 1.259440e+01 -4.947000e+01
      vertex   1.019950e+02 1.259440e+01 -4.772000e+01
      vertex   9.987000e+01 1.259440e+01 -4.947000e+01
    endloop
  endfacet
  facet normal 0.000000e+00 -1.000000e+00 0.000000e+00
    outer loop
      vertex   9.987000e+01 1.259440e+01 -4.947000e+01
      vertex   1.019950e+02 1.259440e+01 -4.772000e+01
      vertex   9.987000e+01 1.259440e+01 -4.197000e+01
    endloop
  endfacet
endsolid
