solid ASCII
  facet normal -1.286617e-01 9.916792e-01 -4.301631e-03
    outer loop
      vertex   9.735171e+01 2.254440e+01 -8.037449e+01
      vertex   9.727456e+01 2.253440e+01 -8.037183e+01
      vertex   9.733936e+01 2.254440e+01 -8.000509e+01
    endloop
  endfacet
  facet normal -1.290829e-01 9.916248e-01 -4.225737e-03
    outer loop
      vertex   9.733936e+01 2.254440e+01 -8.000509e+01
      vertex   9.727456e+01 2.253440e+01 -8.037183e+01
      vertex   9.726256e+01 2.253440e+01 -8.000509e+01
    endloop
  endfacet
  facet normal -1.290829e-01 9.916248e-01 4.225737e-03
    outer loop
      vertex   9.733936e+01 2.254440e+01 -8.000509e+01
      vertex   9.726256e+01 2.253440e+01 -8.000509e+01
      vertex   9.727456e+01 2.253440e+01 -7.963834e+01
    endloop
  endfacet
  facet normal -3.786195e-01 9.254694e-01 1.239472e-02
    outer loop
      vertex   9.727456e+01 2.253440e+01 -7.963834e+01
      vertex   9.726256e+01 2.253440e+01 -8.000509e+01
      vertex   9.719087e+01 2.250508e+01 -8.000509e+01
    endloop
  endfacet
  facet normal -3.786195e-01 9.254694e-01 1.239472e-02
    outer loop
      vertex   9.727456e+01 2.253440e+01 -7.963834e+01
      vertex   9.719087e+01 2.250508e+01 -8.000509e+01
      vertex   9.720303e+01 2.250508e+01 -7.963365e+01
    endloop
  endfacet
  facet normal -6.028585e-01 7.976040e-01 1.973554e-02
    outer loop
      vertex   9.720303e+01 2.250508e+01 -7.963365e+01
      vertex   9.719087e+01 2.250508e+01 -8.000509e+01
      vertex   9.712909e+01 2.245838e+01 -8.000509e+01
    endloop
  endfacet
  facet normal -6.028585e-01 7.976040e-01 1.973554e-02
    outer loop
      vertex   9.720303e+01 2.250508e+01 -7.963365e+01
      vertex   9.712909e+01 2.245838e+01 -8.000509e+01
      vertex   9.714138e+01 2.245838e+01 -7.962961e+01
    endloop
  endfacet
  facet normal -7.868533e-01 6.166023e-01 2.575891e-02
    outer loop
      vertex   9.714138e+01 2.245838e+01 -7.962961e+01
      vertex   9.712909e+01 2.245838e+01 -8.000509e+01
      vertex   9.708132e+01 2.239741e+01 -8.000509e+01
    endloop
  endfacet
  facet normal -7.868533e-01 6.166023e-01 2.575891e-02
    outer loop
      vertex   9.714138e+01 2.245838e+01 -7.962961e+01
      vertex   9.708132e+01 2.239741e+01 -8.000509e+01
      vertex   9.709371e+01 2.239741e+01 -7.962649e+01
    endloop
  endfacet
  facet normal -9.183759e-01 3.945654e-01 3.006451e-02
    outer loop
      vertex   9.709371e+01 2.239741e+01 -7.962649e+01
      vertex   9.708132e+01 2.239741e+01 -8.000509e+01
      vertex   9.705074e+01 2.232625e+01 -8.000509e+01
    endloop
  endfacet
  facet normal -9.183759e-01 3.945654e-01 3.006451e-02
    outer loop
      vertex   9.709371e+01 2.239741e+01 -7.962649e+01
      vertex   9.705074e+01 2.232625e+01 -8.000509e+01
      vertex   9.706320e+01 2.232625e+01 -7.962449e+01
    endloop
  endfacet
  facet normal -9.884723e-01 1.479032e-01 3.235923e-02
    outer loop
      vertex   9.706320e+01 2.232625e+01 -7.962449e+01
      vertex   9.705074e+01 2.232625e+01 -8.000509e+01
      vertex   9.705163e+01 2.224964e+01 -7.962767e+01
    endloop
  endfacet
  facet normal -9.848079e-01 1.447053e-01 9.598880e-02
    outer loop
      vertex   9.706320e+01 2.232625e+01 -7.962449e+01
      vertex   9.705163e+01 2.224964e+01 -7.962767e+01
      vertex   9.708827e+01 2.224964e+01 -7.925184e+01
    endloop
  endfacet
  facet normal -1.289375e-01 9.915714e-01 -1.269924e-02
    outer loop
      vertex   9.727456e+01 2.253440e+01 -8.037183e+01
      vertex   9.735171e+01 2.254440e+01 -8.037449e+01
      vertex   9.731053e+01 2.253440e+01 -8.073700e+01
    endloop
  endfacet
  facet normal -1.276882e-01 9.917312e-01 -1.284556e-02
    outer loop
      vertex   9.731053e+01 2.253440e+01 -8.073700e+01
      vertex   9.735171e+01 2.254440e+01 -8.037449e+01
      vertex   9.738871e+01 2.254440e+01 -8.074225e+01
    endloop
  endfacet
  facet normal -1.282196e-01 9.915199e-01 -2.116913e-02
    outer loop
      vertex   9.731053e+01 2.253440e+01 -8.073700e+01
      vertex   9.738871e+01 2.254440e+01 -8.074225e+01
      vertex   9.737030e+01 2.253440e+01 -8.109904e+01
    endloop
  endfacet
  facet normal -1.261697e-01 9.917804e-01 -2.128217e-02
    outer loop
      vertex   9.737030e+01 2.253440e+01 -8.109904e+01
      vertex   9.738871e+01 2.254440e+01 -8.074225e+01
      vertex   9.745018e+01 2.254440e+01 -8.110671e+01
    endloop
  endfacet
  facet normal -1.269289e-01 9.914702e-01 -2.959566e-02
    outer loop
      vertex   9.737030e+01 2.253440e+01 -8.109904e+01
      vertex   9.745018e+01 2.254440e+01 -8.110671e+01
      vertex   9.745363e+01 2.253440e+01 -8.145640e+01
    endloop
  endfacet
  facet normal -1.241153e-01 9.918269e-01 -2.957817e-02
    outer loop
      vertex   9.745363e+01 2.253440e+01 -8.145640e+01
      vertex   9.745018e+01 2.254440e+01 -8.110671e+01
      vertex   9.753587e+01 2.254440e+01 -8.146625e+01
    endloop
  endfacet
  facet normal -1.250682e-01 9.914225e-01 -3.793901e-02
    outer loop
      vertex   9.745363e+01 2.253440e+01 -8.145640e+01
      vertex   9.753587e+01 2.254440e+01 -8.146625e+01
      vertex   9.756014e+01 2.253440e+01 -8.180754e+01
    endloop
  endfacet
  facet normal -1.215363e-01 9.918707e-01 -3.770092e-02
    outer loop
      vertex   9.756014e+01 2.253440e+01 -8.180754e+01
      vertex   9.753587e+01 2.254440e+01 -8.146625e+01
      vertex   9.764538e+01 2.254440e+01 -8.181927e+01
    endloop
  endfacet
  facet normal -1.226429e-01 9.913768e-01 -4.615952e-02
    outer loop
      vertex   9.756014e+01 2.253440e+01 -8.180754e+01
      vertex   9.764538e+01 2.254440e+01 -8.181927e+01
      vertex   9.768940e+01 2.253440e+01 -8.215096e+01
    endloop
  endfacet
  facet normal -1.184460e-01 9.919120e-01 -4.561862e-02
    outer loop
      vertex   9.768940e+01 2.253440e+01 -8.215096e+01
      vertex   9.764538e+01 2.254440e+01 -8.181927e+01
      vertex   9.777822e+01 2.254440e+01 -8.216419e+01
    endloop
  endfacet
  facet normal -1.196615e-01 9.913332e-01 -5.421791e-02
    outer loop
      vertex   9.768940e+01 2.253440e+01 -8.215096e+01
      vertex   9.777822e+01 2.254440e+01 -8.216419e+01
      vertex   9.784084e+01 2.253440e+01 -8.248519e+01
    endloop
  endfacet
  facet normal -1.148593e-01 9.919508e-01 -5.330035e-02
    outer loop
      vertex   9.784084e+01 2.253440e+01 -8.248519e+01
      vertex   9.777822e+01 2.254440e+01 -8.216419e+01
      vertex   9.793380e+01 2.254440e+01 -8.249946e+01
    endloop
  endfacet
  facet normal -1.161351e-01 9.912917e-01 -6.207548e-02
    outer loop
      vertex   9.784084e+01 2.253440e+01 -8.248519e+01
      vertex   9.793380e+01 2.254440e+01 -8.249946e+01
      vertex   9.801381e+01 2.253440e+01 -8.280881e+01
    endloop
  endfacet
  facet normal -1.107930e-01 9.919871e-01 -6.071622e-02
    outer loop
      vertex   9.801381e+01 2.253440e+01 -8.280881e+01
      vertex   9.793380e+01 2.254440e+01 -8.249946e+01
      vertex   9.811143e+01 2.254440e+01 -8.282359e+01
    endloop
  endfacet
  facet normal -1.120776e-01 9.912524e-01 -6.969431e-02
    outer loop
      vertex   9.801381e+01 2.253440e+01 -8.280881e+01
      vertex   9.811143e+01 2.254440e+01 -8.282359e+01
      vertex   9.820758e+01 2.253440e+01 -8.312041e+01
    endloop
  endfacet
  facet normal -1.062657e-01 9.920210e-01 -6.783747e-02
    outer loop
      vertex   9.820758e+01 2.253440e+01 -8.312041e+01
      vertex   9.811143e+01 2.254440e+01 -8.282359e+01
      vertex   9.831031e+01 2.254440e+01 -8.313513e+01
    endloop
  endfacet
  facet normal -1.075057e-01 9.912153e-01 -7.703747e-02
    outer loop
      vertex   9.820758e+01 2.253440e+01 -8.312041e+01
      vertex   9.831031e+01 2.254440e+01 -8.313513e+01
      vertex   9.842132e+01 2.253440e+01 -8.341868e+01
    endloop
  endfacet
  facet normal -1.012975e-01 9.920525e-01 -7.463654e-02
    outer loop
      vertex   9.842132e+01 2.253440e+01 -8.341868e+01
      vertex   9.831031e+01 2.254440e+01 -8.313513e+01
      vertex   9.852956e+01 2.254440e+01 -8.343270e+01
    endloop
  endfacet
  facet normal -1.024387e-01 9.911804e-01 -8.406924e-02
    outer loop
      vertex   9.842132e+01 2.253440e+01 -8.341868e+01
      vertex   9.852956e+01 2.254440e+01 -8.343270e+01
      vertex   9.865410e+01 2.253440e+01 -8.370233e+01
    endloop
  endfacet
  facet normal -9.591037e-02 9.920817e-01 -8.108718e-02
    outer loop
      vertex   9.865410e+01 2.253440e+01 -8.370233e+01
      vertex   9.852956e+01 2.254440e+01 -8.343270e+01
      vertex   9.876819e+01 2.254440e+01 -8.371495e+01
    endloop
  endfacet
  facet normal -9.689843e-02 9.911479e-01 -9.075528e-02
    outer loop
      vertex   9.865410e+01 2.253440e+01 -8.370233e+01
      vertex   9.876819e+01 2.254440e+01 -8.371495e+01
      vertex   9.890494e+01 2.253440e+01 -8.397015e+01
    endloop
  endfacet
  facet normal -9.012749e-02 9.921085e-01 -8.716456e-02
    outer loop
      vertex   9.890494e+01 2.253440e+01 -8.397015e+01
      vertex   9.876819e+01 2.254440e+01 -8.371495e+01
      vertex   9.902514e+01 2.254440e+01 -8.398064e+01
    endloop
  endfacet
  facet normal -9.090927e-02 9.911177e-01 -9.706284e-02
    outer loop
      vertex   9.890494e+01 2.253440e+01 -8.397015e+01
      vertex   9.902514e+01 2.254440e+01 -8.398064e+01
      vertex   9.917276e+01 2.253440e+01 -8.422098e+01
    endloop
  endfacet
  facet normal -8.397362e-02 9.921331e-01 -9.284531e-02
    outer loop
      vertex   9.917276e+01 2.253440e+01 -8.422098e+01
      vertex   9.902514e+01 2.254440e+01 -8.398064e+01
      vertex   9.929926e+01 2.254440e+01 -8.422857e+01
    endloop
  endfacet
  facet normal -8.449783e-02 9.910899e-01 -1.029609e-01
    outer loop
      vertex   9.917276e+01 2.253440e+01 -8.422098e+01
      vertex   9.929926e+01 2.254440e+01 -8.422857e+01
      vertex   9.945641e+01 2.253440e+01 -8.445377e+01
    endloop
  endfacet
  facet normal -7.747483e-02 9.921555e-01 -9.810764e-02
    outer loop
      vertex   9.945641e+01 2.253440e+01 -8.445377e+01
      vertex   9.929926e+01 2.254440e+01 -8.422857e+01
      vertex   9.958934e+01 2.254440e+01 -8.445764e+01
    endloop
  endfacet
  facet normal -7.769296e-02 9.910645e-01 -1.084204e-01
    outer loop
      vertex   9.945641e+01 2.253440e+01 -8.445377e+01
      vertex   9.958934e+01 2.254440e+01 -8.445764e+01
      vertex   9.975467e+01 2.253440e+01 -8.466750e+01
    endloop
  endfacet
  facet normal -7.065840e-02 9.921756e-01 -1.029314e-01
    outer loop
      vertex   9.975467e+01 2.253440e+01 -8.466750e+01
      vertex   9.958934e+01 2.254440e+01 -8.445764e+01
      vertex   9.989406e+01 2.254440e+01 -8.466682e+01
    endloop
  endfacet
  facet normal -7.052559e-02 9.910415e-01 -1.134144e-01
    outer loop
      vertex   9.975467e+01 2.253440e+01 -8.466750e+01
      vertex   9.989406e+01 2.254440e+01 -8.466682e+01
      vertex   1.000663e+02 2.253440e+01 -8.486127e+01
    endloop
  endfacet
  facet normal -6.355277e-02 9.921936e-01 -1.072981e-01
    outer loop
      vertex   1.000663e+02 2.253440e+01 -8.486127e+01
      vertex   9.989406e+01 2.254440e+01 -8.466682e+01
      vertex   1.002121e+02 2.254440e+01 -8.485518e+01
    endloop
  endfacet
  facet normal -6.302853e-02 9.910211e-01 -1.179181e-01
    outer loop
      vertex   1.000663e+02 2.253440e+01 -8.486127e+01
      vertex   1.002121e+02 2.254440e+01 -8.485518e+01
      vertex   1.003899e+02 2.253440e+01 -8.503425e+01
    endloop
  endfacet
  facet normal -5.618742e-02 9.922094e-01 -1.111911e-01
    outer loop
      vertex   1.003899e+02 2.253440e+01 -8.503425e+01
      vertex   1.002121e+02 2.254440e+01 -8.485518e+01
      vertex   1.005420e+02 2.254440e+01 -8.502188e+01
    endloop
  endfacet
  facet normal -5.523633e-02 9.910031e-01 -1.219092e-01
    outer loop
      vertex   1.003899e+02 2.253440e+01 -8.503425e+01
      vertex   1.005420e+02 2.254440e+01 -8.502188e+01
      vertex   1.007241e+02 2.253440e+01 -8.518569e+01
    endloop
  endfacet
  facet normal -4.859273e-02 9.922231e-01 -1.145956e-01
    outer loop
      vertex   1.007241e+02 2.253440e+01 -8.518569e+01
      vertex   1.005420e+02 2.254440e+01 -8.502188e+01
      vertex   1.008822e+02 2.254440e+01 -8.516617e+01
    endloop
  endfacet
  facet normal -4.718510e-02 9.909876e-01 -1.253678e-01
    outer loop
      vertex   1.007241e+02 2.253440e+01 -8.518569e+01
      vertex   1.008822e+02 2.254440e+01 -8.516617e+01
      vertex   1.010675e+02 2.253440e+01 -8.531494e+01
    endloop
  endfacet
  facet normal -4.079993e-02 9.922346e-01 -1.174985e-01
    outer loop
      vertex   1.010675e+02 2.253440e+01 -8.531494e+01
      vertex   1.008822e+02 2.254440e+01 -8.516617e+01
      vertex   1.012314e+02 2.254440e+01 -8.528741e+01
    endloop
  endfacet
  facet normal -3.891233e-02 9.909747e-01 -1.282768e-01
    outer loop
      vertex   1.010675e+02 2.253440e+01 -8.531494e+01
      vertex   1.012314e+02 2.254440e+01 -8.528741e+01
      vertex   1.014187e+02 2.253440e+01 -8.542146e+01
    endloop
  endfacet
  facet normal -3.284095e-02 9.922440e-01 -1.198888e-01
    outer loop
      vertex   1.014187e+02 2.253440e+01 -8.542146e+01
      vertex   1.012314e+02 2.254440e+01 -8.528741e+01
      vertex   1.015879e+02 2.254440e+01 -8.538506e+01
    endloop
  endfacet
  facet normal -3.045668e-02 9.909644e-01 -1.306216e-01
    outer loop
      vertex   1.014187e+02 2.253440e+01 -8.542146e+01
      vertex   1.015879e+02 2.254440e+01 -8.538506e+01
      vertex   1.017760e+02 2.253440e+01 -8.550478e+01
    endloop
  endfacet
  facet normal -2.474830e-02 9.922513e-01 -1.217575e-01
    outer loop
      vertex   1.017760e+02 2.253440e+01 -8.550478e+01
      vertex   1.015879e+02 2.254440e+01 -8.538506e+01
      vertex   1.019501e+02 2.254440e+01 -8.545868e+01
    endloop
  endfacet
  facet normal -2.185776e-02 9.909566e-01 -1.323905e-01
    outer loop
      vertex   1.017760e+02 2.253440e+01 -8.550478e+01
      vertex   1.019501e+02 2.254440e+01 -8.545868e+01
      vertex   1.021381e+02 2.253440e+01 -8.556456e+01
    endloop
  endfacet
  facet normal -1.655498e-02 9.922565e-01 -1.230973e-01
    outer loop
      vertex   1.021381e+02 2.253440e+01 -8.556456e+01
      vertex   1.019501e+02 2.254440e+01 -8.545868e+01
      vertex   1.023164e+02 2.254440e+01 -8.550795e+01
    endloop
  endfacet
  facet normal -1.315596e-02 9.909514e-01 -1.335747e-01
    outer loop
      vertex   1.021381e+02 2.253440e+01 -8.556456e+01
      vertex   1.023164e+02 2.254440e+01 -8.550795e+01
      vertex   1.025033e+02 2.253440e+01 -8.560052e+01
    endloop
  endfacet
  facet normal -8.294348e-03 9.922596e-01 -1.239033e-01
    outer loop
      vertex   1.025033e+02 2.253440e+01 -8.560052e+01
      vertex   1.023164e+02 2.254440e+01 -8.550795e+01
      vertex   1.026852e+02 2.254440e+01 -8.553264e+01
    endloop
  endfacet
  facet normal -4.392215e-03 9.909488e-01 -1.341683e-01
    outer loop
      vertex   1.025033e+02 2.253440e+01 -8.560052e+01
      vertex   1.026852e+02 2.254440e+01 -8.553264e+01
      vertex   1.028700e+02 2.253440e+01 -8.561253e+01
    endloop
  endfacet
  facet normal 1.613817e-18 9.922607e-01 -1.241723e-01
    outer loop
      vertex   1.028700e+02 2.253440e+01 -8.561253e+01
      vertex   1.026852e+02 2.254440e+01 -8.553264e+01
      vertex   1.030548e+02 2.254440e+01 -8.553264e+01
    endloop
  endfacet
  facet normal 4.392215e-03 9.909488e-01 -1.341683e-01
    outer loop
      vertex   1.028700e+02 2.253440e+01 -8.561253e+01
      vertex   1.030548e+02 2.254440e+01 -8.553264e+01
      vertex   1.032367e+02 2.253440e+01 -8.560052e+01
    endloop
  endfacet
  facet normal 8.294348e-03 9.922596e-01 -1.239033e-01
    outer loop
      vertex   1.032367e+02 2.253440e+01 -8.560052e+01
      vertex   1.030548e+02 2.254440e+01 -8.553264e+01
      vertex   1.034236e+02 2.254440e+01 -8.550795e+01
    endloop
  endfacet
  facet normal 1.315596e-02 9.909514e-01 -1.335747e-01
    outer loop
      vertex   1.032367e+02 2.253440e+01 -8.560052e+01
      vertex   1.034236e+02 2.254440e+01 -8.550795e+01
      vertex   1.036019e+02 2.253440e+01 -8.556456e+01
    endloop
  endfacet
  facet normal 1.655498e-02 9.922565e-01 -1.230973e-01
    outer loop
      vertex   1.036019e+02 2.253440e+01 -8.556456e+01
      vertex   1.034236e+02 2.254440e+01 -8.550795e+01
      vertex   1.037899e+02 2.254440e+01 -8.545868e+01
    endloop
  endfacet
  facet normal 2.185776e-02 9.909566e-01 -1.323905e-01
    outer loop
      vertex   1.036019e+02 2.253440e+01 -8.556456e+01
      vertex   1.037899e+02 2.254440e+01 -8.545868e+01
      vertex   1.039640e+02 2.253440e+01 -8.550478e+01
    endloop
  endfacet
  facet normal 2.474830e-02 9.922513e-01 -1.217575e-01
    outer loop
      vertex   1.039640e+02 2.253440e+01 -8.550478e+01
      vertex   1.037899e+02 2.254440e+01 -8.545868e+01
      vertex   1.041521e+02 2.254440e+01 -8.538506e+01
    endloop
  endfacet
  facet normal 3.045668e-02 9.909644e-01 -1.306216e-01
    outer loop
      vertex   1.039640e+02 2.253440e+01 -8.550478e+01
      vertex   1.041521e+02 2.254440e+01 -8.538506e+01
      vertex   1.043213e+02 2.253440e+01 -8.542146e+01
    endloop
  endfacet
  facet normal 3.284095e-02 9.922440e-01 -1.198888e-01
    outer loop
      vertex   1.043213e+02 2.253440e+01 -8.542146e+01
      vertex   1.041521e+02 2.254440e+01 -8.538506e+01
      vertex   1.045086e+02 2.254440e+01 -8.528741e+01
    endloop
  endfacet
  facet normal 3.891233e-02 9.909747e-01 -1.282768e-01
    outer loop
      vertex   1.043213e+02 2.253440e+01 -8.542146e+01
      vertex   1.045086e+02 2.254440e+01 -8.528741e+01
      vertex   1.046725e+02 2.253440e+01 -8.531494e+01
    endloop
  endfacet
  facet normal 4.079993e-02 9.922346e-01 -1.174985e-01
    outer loop
      vertex   1.046725e+02 2.253440e+01 -8.531494e+01
      vertex   1.045086e+02 2.254440e+01 -8.528741e+01
      vertex   1.048578e+02 2.254440e+01 -8.516617e+01
    endloop
  endfacet
  facet normal 4.718510e-02 9.909876e-01 -1.253678e-01
    outer loop
      vertex   1.046725e+02 2.253440e+01 -8.531494e+01
      vertex   1.048578e+02 2.254440e+01 -8.516617e+01
      vertex   1.050159e+02 2.253440e+01 -8.518569e+01
    endloop
  endfacet
  facet normal 4.859273e-02 9.922231e-01 -1.145956e-01
    outer loop
      vertex   1.050159e+02 2.253440e+01 -8.518569e+01
      vertex   1.048578e+02 2.254440e+01 -8.516617e+01
      vertex   1.051980e+02 2.254440e+01 -8.502188e+01
    endloop
  endfacet
  facet normal 5.523633e-02 9.910031e-01 -1.219092e-01
    outer loop
      vertex   1.050159e+02 2.253440e+01 -8.518569e+01
      vertex   1.051980e+02 2.254440e+01 -8.502188e+01
      vertex   1.053501e+02 2.253440e+01 -8.503425e+01
    endloop
  endfacet
  facet normal 5.618742e-02 9.922094e-01 -1.111911e-01
    outer loop
      vertex   1.053501e+02 2.253440e+01 -8.503425e+01
      vertex   1.051980e+02 2.254440e+01 -8.502188e+01
      vertex   1.055279e+02 2.254440e+01 -8.485518e+01
    endloop
  endfacet
  facet normal 6.302853e-02 9.910211e-01 -1.179181e-01
    outer loop
      vertex   1.053501e+02 2.253440e+01 -8.503425e+01
      vertex   1.055279e+02 2.254440e+01 -8.485518e+01
      vertex   1.056737e+02 2.253440e+01 -8.486127e+01
    endloop
  endfacet
  facet normal 6.355277e-02 9.921936e-01 -1.072981e-01
    outer loop
      vertex   1.056737e+02 2.253440e+01 -8.486127e+01
      vertex   1.055279e+02 2.254440e+01 -8.485518e+01
      vertex   1.058459e+02 2.254440e+01 -8.466682e+01
    endloop
  endfacet
  facet normal 7.052559e-02 9.910415e-01 -1.134144e-01
    outer loop
      vertex   1.056737e+02 2.253440e+01 -8.486127e+01
      vertex   1.058459e+02 2.254440e+01 -8.466682e+01
      vertex   1.059853e+02 2.253440e+01 -8.466750e+01
    endloop
  endfacet
  facet normal 7.065840e-02 9.921756e-01 -1.029314e-01
    outer loop
      vertex   1.059853e+02 2.253440e+01 -8.466750e+01
      vertex   1.058459e+02 2.254440e+01 -8.466682e+01
      vertex   1.061507e+02 2.254440e+01 -8.445764e+01
    endloop
  endfacet
  facet normal 7.769296e-02 9.910645e-01 -1.084204e-01
    outer loop
      vertex   1.059853e+02 2.253440e+01 -8.466750e+01
      vertex   1.061507e+02 2.254440e+01 -8.445764e+01
      vertex   1.062836e+02 2.253440e+01 -8.445377e+01
    endloop
  endfacet
  facet normal 7.747483e-02 9.921555e-01 -9.810764e-02
    outer loop
      vertex   1.062836e+02 2.253440e+01 -8.445377e+01
      vertex   1.061507e+02 2.254440e+01 -8.445764e+01
      vertex   1.064407e+02 2.254440e+01 -8.422857e+01
    endloop
  endfacet
  facet normal 8.449783e-02 9.910899e-01 -1.029609e-01
    outer loop
      vertex   1.062836e+02 2.253440e+01 -8.445377e+01
      vertex   1.064407e+02 2.254440e+01 -8.422857e+01
      vertex   1.065672e+02 2.253440e+01 -8.422098e+01
    endloop
  endfacet
  facet normal 8.397362e-02 9.921331e-01 -9.284531e-02
    outer loop
      vertex   1.065672e+02 2.253440e+01 -8.422098e+01
      vertex   1.064407e+02 2.254440e+01 -8.422857e+01
      vertex   1.067149e+02 2.254440e+01 -8.398064e+01
    endloop
  endfacet
  facet normal 9.090927e-02 9.911177e-01 -9.706284e-02
    outer loop
      vertex   1.065672e+02 2.253440e+01 -8.422098e+01
      vertex   1.067149e+02 2.254440e+01 -8.398064e+01
      vertex   1.068351e+02 2.253440e+01 -8.397015e+01
    endloop
  endfacet
  facet normal 9.012749e-02 9.921085e-01 -8.716456e-02
    outer loop
      vertex   1.068351e+02 2.253440e+01 -8.397015e+01
      vertex   1.067149e+02 2.254440e+01 -8.398064e+01
      vertex   1.069718e+02 2.254440e+01 -8.371495e+01
    endloop
  endfacet
  facet normal 9.689843e-02 9.911479e-01 -9.075528e-02
    outer loop
      vertex   1.068351e+02 2.253440e+01 -8.397015e+01
      vertex   1.069718e+02 2.254440e+01 -8.371495e+01
      vertex   1.070859e+02 2.253440e+01 -8.370233e+01
    endloop
  endfacet
  facet normal 9.591037e-02 9.920817e-01 -8.108718e-02
    outer loop
      vertex   1.070859e+02 2.253440e+01 -8.370233e+01
      vertex   1.069718e+02 2.254440e+01 -8.371495e+01
      vertex   1.072104e+02 2.254440e+01 -8.343270e+01
    endloop
  endfacet
  facet normal 1.024387e-01 9.911804e-01 -8.406924e-02
    outer loop
      vertex   1.070859e+02 2.253440e+01 -8.370233e+01
      vertex   1.072104e+02 2.254440e+01 -8.343270e+01
      vertex   1.073187e+02 2.253440e+01 -8.341868e+01
    endloop
  endfacet
  facet normal 1.012975e-01 9.920525e-01 -7.463654e-02
    outer loop
      vertex   1.073187e+02 2.253440e+01 -8.341868e+01
      vertex   1.072104e+02 2.254440e+01 -8.343270e+01
      vertex   1.074297e+02 2.254440e+01 -8.313513e+01
    endloop
  endfacet
  facet normal 1.075057e-01 9.912153e-01 -7.703747e-02
    outer loop
      vertex   1.073187e+02 2.253440e+01 -8.341868e+01
      vertex   1.074297e+02 2.254440e+01 -8.313513e+01
      vertex   1.075324e+02 2.253440e+01 -8.312041e+01
    endloop
  endfacet
  facet normal 1.062657e-01 9.920210e-01 -6.783747e-02
    outer loop
      vertex   1.075324e+02 2.253440e+01 -8.312041e+01
      vertex   1.074297e+02 2.254440e+01 -8.313513e+01
      vertex   1.076286e+02 2.254440e+01 -8.282359e+01
    endloop
  endfacet
  facet normal 1.120776e-01 9.912524e-01 -6.969431e-02
    outer loop
      vertex   1.075324e+02 2.253440e+01 -8.312041e+01
      vertex   1.076286e+02 2.254440e+01 -8.282359e+01
      vertex   1.077262e+02 2.253440e+01 -8.280881e+01
    endloop
  endfacet
  facet normal 1.107930e-01 9.919871e-01 -6.071622e-02
    outer loop
      vertex   1.077262e+02 2.253440e+01 -8.280881e+01
      vertex   1.076286e+02 2.254440e+01 -8.282359e+01
      vertex   1.078062e+02 2.254440e+01 -8.249946e+01
    endloop
  endfacet
  facet normal 1.161351e-01 9.912917e-01 -6.207548e-02
    outer loop
      vertex   1.077262e+02 2.253440e+01 -8.280881e+01
      vertex   1.078062e+02 2.254440e+01 -8.249946e+01
      vertex   1.078992e+02 2.253440e+01 -8.248519e+01
    endloop
  endfacet
  facet normal 1.148593e-01 9.919508e-01 -5.330035e-02
    outer loop
      vertex   1.078992e+02 2.253440e+01 -8.248519e+01
      vertex   1.078062e+02 2.254440e+01 -8.249946e+01
      vertex   1.079618e+02 2.254440e+01 -8.216419e+01
    endloop
  endfacet
  facet normal 1.196615e-01 9.913332e-01 -5.421791e-02
    outer loop
      vertex   1.078992e+02 2.253440e+01 -8.248519e+01
      vertex   1.079618e+02 2.254440e+01 -8.216419e+01
      vertex   1.080506e+02 2.253440e+01 -8.215096e+01
    endloop
  endfacet
  facet normal 1.184460e-01 9.919120e-01 -4.561862e-02
    outer loop
      vertex   1.080506e+02 2.253440e+01 -8.215096e+01
      vertex   1.079618e+02 2.254440e+01 -8.216419e+01
      vertex   1.080946e+02 2.254440e+01 -8.181927e+01
    endloop
  endfacet
  facet normal 1.226429e-01 9.913768e-01 -4.615952e-02
    outer loop
      vertex   1.080506e+02 2.253440e+01 -8.215096e+01
      vertex   1.080946e+02 2.254440e+01 -8.181927e+01
      vertex   1.081799e+02 2.253440e+01 -8.180754e+01
    endloop
  endfacet
  facet normal 1.215363e-01 9.918707e-01 -3.770092e-02
    outer loop
      vertex   1.081799e+02 2.253440e+01 -8.180754e+01
      vertex   1.080946e+02 2.254440e+01 -8.181927e+01
      vertex   1.082041e+02 2.254440e+01 -8.146625e+01
    endloop
  endfacet
  facet normal 1.250682e-01 9.914225e-01 -3.793901e-02
    outer loop
      vertex   1.081799e+02 2.253440e+01 -8.180754e+01
      vertex   1.082041e+02 2.254440e+01 -8.146625e+01
      vertex   1.082864e+02 2.253440e+01 -8.145640e+01
    endloop
  endfacet
  facet normal 1.241153e-01 9.918269e-01 -2.957817e-02
    outer loop
      vertex   1.082864e+02 2.253440e+01 -8.145640e+01
      vertex   1.082041e+02 2.254440e+01 -8.146625e+01
      vertex   1.082898e+02 2.254440e+01 -8.110671e+01
    endloop
  endfacet
  facet normal 1.269289e-01 9.914702e-01 -2.959566e-02
    outer loop
      vertex   1.082864e+02 2.253440e+01 -8.145640e+01
      vertex   1.082898e+02 2.254440e+01 -8.110671e+01
      vertex   1.083697e+02 2.253440e+01 -8.109904e+01
    endloop
  endfacet
  facet normal 1.261697e-01 9.917804e-01 -2.128217e-02
    outer loop
      vertex   1.083697e+02 2.253440e+01 -8.109904e+01
      vertex   1.082898e+02 2.254440e+01 -8.110671e+01
      vertex   1.083513e+02 2.254440e+01 -8.074225e+01
    endloop
  endfacet
  facet normal 1.282196e-01 9.915199e-01 -2.116913e-02
    outer loop
      vertex   1.083697e+02 2.253440e+01 -8.109904e+01
      vertex   1.083513e+02 2.254440e+01 -8.074225e+01
      vertex   1.084295e+02 2.253440e+01 -8.073700e+01
    endloop
  endfacet
  facet normal 1.276882e-01 9.917312e-01 -1.284556e-02
    outer loop
      vertex   1.084295e+02 2.253440e+01 -8.073700e+01
      vertex   1.083513e+02 2.254440e+01 -8.074225e+01
      vertex   1.083883e+02 2.254440e+01 -8.037449e+01
    endloop
  endfacet
  facet normal 1.289375e-01 9.915714e-01 -1.269924e-02
    outer loop
      vertex   1.084295e+02 2.253440e+01 -8.073700e+01
      vertex   1.083883e+02 2.254440e+01 -8.037449e+01
      vertex   1.084654e+02 2.253440e+01 -8.037183e+01
    endloop
  endfacet
  facet normal 1.286617e-01 9.916792e-01 -4.301631e-03
    outer loop
      vertex   1.084654e+02 2.253440e+01 -8.037183e+01
      vertex   1.083883e+02 2.254440e+01 -8.037449e+01
      vertex   1.084006e+02 2.254440e+01 -8.000509e+01
    endloop
  endfacet
  facet normal 1.290829e-01 9.916248e-01 -4.225737e-03
    outer loop
      vertex   1.084654e+02 2.253440e+01 -8.037183e+01
      vertex   1.084006e+02 2.254440e+01 -8.000509e+01
      vertex   1.084774e+02 2.253440e+01 -8.000509e+01
    endloop
  endfacet
  facet normal 1.290829e-01 9.916248e-01 4.225737e-03
    outer loop
      vertex   1.084774e+02 2.253440e+01 -8.000509e+01
      vertex   1.084006e+02 2.254440e+01 -8.000509e+01
      vertex   1.084654e+02 2.253440e+01 -7.963834e+01
    endloop
  endfacet
  facet normal 3.786195e-01 9.254694e-01 1.239472e-02
    outer loop
      vertex   1.084774e+02 2.253440e+01 -8.000509e+01
      vertex   1.084654e+02 2.253440e+01 -7.963834e+01
      vertex   1.085370e+02 2.250508e+01 -7.963365e+01
    endloop
  endfacet
  facet normal 3.769982e-01 9.254694e-01 3.713108e-02
    outer loop
      vertex   1.085370e+02 2.250508e+01 -7.963365e+01
      vertex   1.084654e+02 2.253440e+01 -7.963834e+01
      vertex   1.085005e+02 2.250508e+01 -7.926381e+01
    endloop
  endfacet
  facet normal 6.002770e-01 7.976040e-01 5.912212e-02
    outer loop
      vertex   1.085370e+02 2.250508e+01 -7.963365e+01
      vertex   1.085005e+02 2.250508e+01 -7.926381e+01
      vertex   1.085618e+02 2.245838e+01 -7.925575e+01
    endloop
  endfacet
  facet normal 5.951250e-01 7.976040e-01 9.825553e-02
    outer loop
      vertex   1.085618e+02 2.245838e+01 -7.925575e+01
      vertex   1.085005e+02 2.250508e+01 -7.926381e+01
      vertex   1.085006e+02 2.245838e+01 -7.888509e+01
    endloop
  endfacet
  facet normal 7.767594e-01 6.166023e-01 1.282435e-01
    outer loop
      vertex   1.085618e+02 2.245838e+01 -7.925575e+01
      vertex   1.085006e+02 2.245838e+01 -7.888509e+01
      vertex   1.085475e+02 2.239741e+01 -7.887577e+01
    endloop
  endfacet
  facet normal 7.667088e-01 6.166023e-01 1.787714e-01
    outer loop
      vertex   1.085475e+02 2.239741e+01 -7.887577e+01
      vertex   1.085006e+02 2.245838e+01 -7.888509e+01
      vertex   1.084614e+02 2.239741e+01 -7.850686e+01
    endloop
  endfacet
  facet normal 8.948642e-01 3.945654e-01 2.086531e-01
    outer loop
      vertex   1.085475e+02 2.239741e+01 -7.887577e+01
      vertex   1.084614e+02 2.239741e+01 -7.850686e+01
      vertex   1.084910e+02 2.232625e+01 -7.849895e+01
    endloop
  endfacet
  facet normal 8.793017e-01 3.945654e-01 2.667333e-01
    outer loop
      vertex   1.084910e+02 2.232625e+01 -7.849895e+01
      vertex   1.084614e+02 2.239741e+01 -7.850686e+01
      vertex   1.083804e+02 2.232625e+01 -7.813455e+01
    endloop
  endfacet
  facet normal 9.404169e-01 1.850289e-01 2.852724e-01
    outer loop
      vertex   1.084910e+02 2.232625e+01 -7.849895e+01
      vertex   1.083804e+02 2.232625e+01 -7.813455e+01
      vertex   1.084546e+02 2.224964e+01 -7.832950e+01
    endloop
  endfacet
  facet normal 9.424792e-01 1.078540e-01 3.163866e-01
    outer loop
      vertex   1.084546e+02 2.224964e+01 -7.832950e+01
      vertex   1.083804e+02 2.232625e+01 -7.813455e+01
      vertex   1.083345e+02 2.224964e+01 -7.797152e+01
    endloop
  endfacet
  facet normal 9.197747e-01 1.848645e-01 3.461787e-01
    outer loop
      vertex   1.083345e+02 2.224964e+01 -7.797152e+01
      vertex   1.083804e+02 2.232625e+01 -7.813455e+01
      vertex   1.082463e+02 2.232625e+01 -7.777815e+01
    endloop
  endfacet
  facet normal 9.200042e-01 1.080408e-01 3.767219e-01
    outer loop
      vertex   1.083345e+02 2.224964e+01 -7.797152e+01
      vertex   1.082463e+02 2.232625e+01 -7.777815e+01
      vertex   1.081914e+02 2.224964e+01 -7.762207e+01
    endloop
  endfacet
  facet normal 8.951980e-01 1.846672e-01 4.056089e-01
    outer loop
      vertex   1.081914e+02 2.224964e+01 -7.762207e+01
      vertex   1.082463e+02 2.232625e+01 -7.777815e+01
      vertex   1.080891e+02 2.232625e+01 -7.743129e+01
    endloop
  endfacet
  facet normal 8.936681e-01 1.082617e-01 4.354730e-01
    outer loop
      vertex   1.081914e+02 2.224964e+01 -7.762207e+01
      vertex   1.080891e+02 2.232625e+01 -7.743129e+01
      vertex   1.080260e+02 2.224964e+01 -7.728262e+01
    endloop
  endfacet
  facet normal 8.667913e-01 1.844369e-01 4.633096e-01
    outer loop
      vertex   1.080260e+02 2.224964e+01 -7.728262e+01
      vertex   1.080891e+02 2.232625e+01 -7.743129e+01
      vertex   1.079096e+02 2.232625e+01 -7.709546e+01
    endloop
  endfacet
  facet normal 8.635817e-01 1.085165e-01 4.923930e-01
    outer loop
      vertex   1.080260e+02 2.224964e+01 -7.728262e+01
      vertex   1.079096e+02 2.232625e+01 -7.709546e+01
      vertex   1.078389e+02 2.224964e+01 -7.695458e+01
    endloop
  endfacet
  facet normal 8.346755e-01 1.841738e-01 5.190346e-01
    outer loop
      vertex   1.078389e+02 2.224964e+01 -7.695458e+01
      vertex   1.079096e+02 2.232625e+01 -7.709546e+01
      vertex   1.077085e+02 2.232625e+01 -7.677208e+01
    endloop
  endfacet
  facet normal 8.298718e-01 1.088052e-01 5.472425e-01
    outer loop
      vertex   1.078389e+02 2.224964e+01 -7.695458e+01
      vertex   1.077085e+02 2.232625e+01 -7.677208e+01
      vertex   1.076311e+02 2.224964e+01 -7.663934e+01
    endloop
  endfacet
  facet normal 7.989870e-01 1.838776e-01 5.725460e-01
    outer loop
      vertex   1.076311e+02 2.224964e+01 -7.663934e+01
      vertex   1.077085e+02 2.232625e+01 -7.677208e+01
      vertex   1.074867e+02 2.232625e+01 -7.646255e+01
    endloop
  endfacet
  facet normal 7.926803e-01 1.091279e-01 5.997909e-01
    outer loop
      vertex   1.076311e+02 2.224964e+01 -7.663934e+01
      vertex   1.074867e+02 2.232625e+01 -7.646255e+01
      vertex   1.074032e+02 2.224964e+01 -7.633822e+01
    endloop
  endfacet
  facet normal 7.598775e-01 1.835486e-01 6.236154e-01
    outer loop
      vertex   1.074032e+02 2.224964e+01 -7.633822e+01
      vertex   1.074867e+02 2.232625e+01 -7.646255e+01
      vertex   1.072451e+02 2.232625e+01 -7.616818e+01
    endloop
  endfacet
  facet normal 7.521638e-01 1.094845e-01 6.498174e-01
    outer loop
      vertex   1.074032e+02 2.224964e+01 -7.633822e+01
      vertex   1.072451e+02 2.232625e+01 -7.616818e+01
      vertex   1.071563e+02 2.224964e+01 -7.605248e+01
    endloop
  endfacet
  facet normal 7.175134e-01 1.831865e-01 6.720247e-01
    outer loop
      vertex   1.071563e+02 2.224964e+01 -7.605248e+01
      vertex   1.072451e+02 2.232625e+01 -7.616818e+01
      vertex   1.069848e+02 2.232625e+01 -7.589025e+01
    endloop
  endfacet
  facet normal 7.084931e-01 1.098750e-01 6.971119e-01
    outer loop
      vertex   1.071563e+02 2.224964e+01 -7.605248e+01
      vertex   1.069848e+02 2.232625e+01 -7.589025e+01
      vertex   1.068915e+02 2.224964e+01 -7.578331e+01
    endloop
  endfacet
  facet normal 6.720749e-01 1.827915e-01 7.175671e-01
    outer loop
      vertex   1.068915e+02 2.224964e+01 -7.578331e+01
      vertex   1.069848e+02 2.232625e+01 -7.589025e+01
      vertex   1.067069e+02 2.232625e+01 -7.562994e+01
    endloop
  endfacet
  facet normal 6.618521e-01 1.102994e-01 7.414755e-01
    outer loop
      vertex   1.068915e+02 2.224964e+01 -7.578331e+01
      vertex   1.067069e+02 2.232625e+01 -7.562994e+01
      vertex   1.066098e+02 2.224964e+01 -7.553185e+01
    endloop
  endfacet
  facet normal 6.237553e-01 1.823634e-01 7.600480e-01
    outer loop
      vertex   1.066098e+02 2.224964e+01 -7.553185e+01
      vertex   1.067069e+02 2.232625e+01 -7.562994e+01
      vertex   1.064125e+02 2.232625e+01 -7.538836e+01
    endloop
  endfacet
  facet normal 6.124371e-01 1.107577e-01 7.827219e-01
    outer loop
      vertex   1.066098e+02 2.224964e+01 -7.553185e+01
      vertex   1.064125e+02 2.232625e+01 -7.538836e+01
      vertex   1.063124e+02 2.224964e+01 -7.529916e+01
    endloop
  endfacet
  facet normal 5.727600e-01 1.819023e-01 7.992857e-01
    outer loop
      vertex   1.063124e+02 2.224964e+01 -7.529916e+01
      vertex   1.064125e+02 2.232625e+01 -7.538836e+01
      vertex   1.061030e+02 2.232625e+01 -7.516655e+01
    endloop
  endfacet
  facet normal 5.604563e-01 1.112498e-01 8.206779e-01
    outer loop
      vertex   1.063124e+02 2.224964e+01 -7.529916e+01
      vertex   1.061030e+02 2.232625e+01 -7.516655e+01
      vertex   1.060006e+02 2.224964e+01 -7.508620e+01
    endloop
  endfacet
  facet normal 5.193061e-01 1.814081e-01 8.351121e-01
    outer loop
      vertex   1.060006e+02 2.224964e+01 -7.508620e+01
      vertex   1.061030e+02 2.232625e+01 -7.516655e+01
      vertex   1.057796e+02 2.232625e+01 -7.496546e+01
    endloop
  endfacet
  facet normal 5.061285e-01 1.117758e-01 8.551843e-01
    outer loop
      vertex   1.060006e+02 2.224964e+01 -7.508620e+01
      vertex   1.057796e+02 2.232625e+01 -7.496546e+01
      vertex   1.056756e+02 2.224964e+01 -7.489388e+01
    endloop
  endfacet
  facet normal 4.636211e-01 1.808808e-01 8.673740e-01
    outer loop
      vertex   1.056756e+02 2.224964e+01 -7.489388e+01
      vertex   1.057796e+02 2.232625e+01 -7.496546e+01
      vertex   1.054438e+02 2.232625e+01 -7.478595e+01
    endloop
  endfacet
  facet normal 4.496825e-01 1.123357e-01 8.860961e-01
    outer loop
      vertex   1.056756e+02 2.224964e+01 -7.489388e+01
      vertex   1.054438e+02 2.232625e+01 -7.478595e+01
      vertex   1.053389e+02 2.224964e+01 -7.472299e+01
    endloop
  endfacet
  facet normal 4.059419e-01 1.803204e-01 8.959329e-01
    outer loop
      vertex   1.053389e+02 2.224964e+01 -7.472299e+01
      vertex   1.054438e+02 2.232625e+01 -7.478595e+01
      vertex   1.050969e+02 2.232625e+01 -7.462879e+01
    endloop
  endfacet
  facet normal 3.913561e-01 1.129293e-01 9.132838e-01
    outer loop
      vertex   1.053389e+02 2.224964e+01 -7.472299e+01
      vertex   1.050969e+02 2.232625e+01 -7.462879e+01
      vertex   1.049918e+02 2.224964e+01 -7.457426e+01
    endloop
  endfacet
  facet normal 3.465142e-01 1.797268e-01 9.206662e-01
    outer loop
      vertex   1.049918e+02 2.224964e+01 -7.457426e+01
      vertex   1.050969e+02 2.232625e+01 -7.462879e+01
      vertex   1.047405e+02 2.232625e+01 -7.449465e+01
    endloop
  endfacet
  facet normal 3.313949e-01 1.135568e-01 9.366335e-01
    outer loop
      vertex   1.049918e+02 2.224964e+01 -7.457426e+01
      vertex   1.047405e+02 2.232625e+01 -7.449465e+01
      vertex   1.046358e+02 2.224964e+01 -7.444831e+01
    endloop
  endfacet
  facet normal 2.855910e-01 1.791001e-01 9.414674e-01
    outer loop
      vertex   1.046358e+02 2.224964e+01 -7.444831e+01
      vertex   1.047405e+02 2.232625e+01 -7.449465e+01
      vertex   1.043761e+02 2.232625e+01 -7.438411e+01
    endloop
  endfacet
  facet normal 2.700511e-01 1.142180e-01 9.560474e-01
    outer loop
      vertex   1.046358e+02 2.224964e+01 -7.444831e+01
      vertex   1.043761e+02 2.232625e+01 -7.438411e+01
      vertex   1.042724e+02 2.224964e+01 -7.434566e+01
    endloop
  endfacet
  facet normal 2.234319e-01 1.784401e-01 9.582470e-01
    outer loop
      vertex   1.042724e+02 2.224964e+01 -7.434566e+01
      vertex   1.043761e+02 2.232625e+01 -7.438411e+01
      vertex   1.040053e+02 2.232625e+01 -7.429764e+01
    endloop
  endfacet
  facet normal 2.075833e-01 1.149129e-01 9.714444e-01
    outer loop
      vertex   1.042724e+02 2.224964e+01 -7.434566e+01
      vertex   1.040053e+02 2.232625e+01 -7.429764e+01
      vertex   1.039031e+02 2.224964e+01 -7.426675e+01
    endloop
  endfacet
  facet normal 1.603016e-01 1.777469e-01 9.709323e-01
    outer loop
      vertex   1.039031e+02 2.224964e+01 -7.426675e+01
      vertex   1.040053e+02 2.232625e+01 -7.429764e+01
      vertex   1.036296e+02 2.232625e+01 -7.423561e+01
    endloop
  endfacet
  facet normal 1.442542e-01 1.156416e-01 9.827603e-01
    outer loop
      vertex   1.039031e+02 2.224964e+01 -7.426675e+01
      vertex   1.036296e+02 2.232625e+01 -7.423561e+01
      vertex   1.035295e+02 2.224964e+01 -7.421191e+01
    endloop
  endfacet
  facet normal 9.646917e-02 1.770204e-01 9.794680e-01
    outer loop
      vertex   1.035295e+02 2.224964e+01 -7.421191e+01
      vertex   1.036296e+02 2.232625e+01 -7.423561e+01
      vertex   1.032506e+02 2.232625e+01 -7.419829e+01
    endloop
  endfacet
  facet normal 8.033061e-02 1.164039e-01 9.899480e-01
    outer loop
      vertex   1.035295e+02 2.224964e+01 -7.421191e+01
      vertex   1.032506e+02 2.232625e+01 -7.419829e+01
      vertex   1.031531e+02 2.224964e+01 -7.418137e+01
    endloop
  endfacet
  facet normal 3.220682e-02 1.762605e-01 9.838165e-01
    outer loop
      vertex   1.031531e+02 2.224964e+01 -7.418137e+01
      vertex   1.032506e+02 2.232625e+01 -7.419829e+01
      vertex   1.028700e+02 2.232625e+01 -7.418583e+01
    endloop
  endfacet
  facet normal 1.608147e-02 1.172000e-01 9.929781e-01
    outer loop
      vertex   1.031531e+02 2.224964e+01 -7.418137e+01
      vertex   1.028700e+02 2.232625e+01 -7.418583e+01
      vertex   1.027756e+02 2.224964e+01 -7.417526e+01
    endloop
  endfacet
  facet normal -3.221145e-02 1.754673e-01 9.839582e-01
    outer loop
      vertex   1.027756e+02 2.224964e+01 -7.417526e+01
      vertex   1.028700e+02 2.232625e+01 -7.418583e+01
      vertex   1.024894e+02 2.232625e+01 -7.419829e+01
    endloop
  endfacet
  facet normal -4.822278e-02 1.180296e-01 9.918385e-01
    outer loop
      vertex   1.027756e+02 2.224964e+01 -7.417526e+01
      vertex   1.024894e+02 2.232625e+01 -7.419829e+01
      vertex   1.023984e+02 2.224964e+01 -7.419359e+01
    endloop
  endfacet
  facet normal -9.651084e-02 1.746407e-01 9.798910e-01
    outer loop
      vertex   1.023984e+02 2.224964e+01 -7.419359e+01
      vertex   1.024894e+02 2.232625e+01 -7.419829e+01
      vertex   1.021104e+02 2.232625e+01 -7.423561e+01
    endloop
  endfacet
  facet normal -1.123115e-01 1.188928e-01 9.865346e-01
    outer loop
      vertex   1.023984e+02 2.224964e+01 -7.419359e+01
      vertex   1.021104e+02 2.232625e+01 -7.423561e+01
      vertex   1.020232e+02 2.224964e+01 -7.423631e+01
    endloop
  endfacet
  facet normal -1.604169e-01 1.737806e-01 9.716310e-01
    outer loop
      vertex   1.020232e+02 2.224964e+01 -7.423631e+01
      vertex   1.021104e+02 2.232625e+01 -7.423561e+01
      vertex   1.017347e+02 2.232625e+01 -7.429764e+01
    endloop
  endfacet
  facet normal -1.759151e-01 1.197896e-01 9.770897e-01
    outer loop
      vertex   1.020232e+02 2.224964e+01 -7.423631e+01
      vertex   1.017347e+02 2.232625e+01 -7.429764e+01
      vertex   1.016516e+02 2.224964e+01 -7.430322e+01
    endloop
  endfacet
  facet normal -2.236569e-01 1.728870e-01 9.592120e-01
    outer loop
      vertex   1.016516e+02 2.224964e+01 -7.430322e+01
      vertex   1.017347e+02 2.232625e+01 -7.429764e+01
      vertex   1.013639e+02 2.232625e+01 -7.438411e+01
    endloop
  endfacet
  facet normal -2.387659e-01 1.207200e-01 9.635443e-01
    outer loop
      vertex   1.016516e+02 2.224964e+01 -7.430322e+01
      vertex   1.013639e+02 2.232625e+01 -7.438411e+01
      vertex   1.012851e+02 2.224964e+01 -7.439404e+01
    endloop
  endfacet
  facet normal -2.859606e-01 1.719599e-01 9.426857e-01
    outer loop
      vertex   1.012851e+02 2.224964e+01 -7.439404e+01
      vertex   1.013639e+02 2.232625e+01 -7.438411e+01
      vertex   1.009995e+02 2.232625e+01 -7.449465e+01
    endloop
  endfacet
  facet normal -3.005996e-01 1.216838e-01 9.459561e-01
    outer loop
      vertex   1.012851e+02 2.224964e+01 -7.439404e+01
      vertex   1.009995e+02 2.232625e+01 -7.449465e+01
      vertex   1.009252e+02 2.224964e+01 -7.450840e+01
    endloop
  endfacet
  facet normal -3.470618e-01 1.709992e-01 9.221211e-01
    outer loop
      vertex   1.009252e+02 2.224964e+01 -7.450840e+01
      vertex   1.009995e+02 2.232625e+01 -7.449465e+01
      vertex   1.006431e+02 2.232625e+01 -7.462879e+01
    endloop
  endfacet
  facet normal -3.611561e-01 1.226811e-01 9.244002e-01
    outer loop
      vertex   1.009252e+02 2.224964e+01 -7.450840e+01
      vertex   1.006431e+02 2.232625e+01 -7.462879e+01
      vertex   1.005735e+02 2.224964e+01 -7.464581e+01
    endloop
  endfacet
  facet normal -4.066993e-01 1.700048e-01 8.976046e-01
    outer loop
      vertex   1.005735e+02 2.224964e+01 -7.464581e+01
      vertex   1.006431e+02 2.232625e+01 -7.462879e+01
      vertex   1.002962e+02 2.232625e+01 -7.478595e+01
    endloop
  endfacet
  facet normal -4.201807e-01 1.237118e-01 8.989681e-01
    outer loop
      vertex   1.005735e+02 2.224964e+01 -7.464581e+01
      vertex   1.002962e+02 2.232625e+01 -7.478595e+01
      vertex   1.002314e+02 2.224964e+01 -7.480571e+01
    endloop
  endfacet
  facet normal -4.646181e-01 1.689768e-01 8.692393e-01
    outer loop
      vertex   1.002314e+02 2.224964e+01 -7.480571e+01
      vertex   1.002962e+02 2.232625e+01 -7.478595e+01
      vertex   9.996037e+01 2.232625e+01 -7.496546e+01
    endloop
  endfacet
  facet normal -4.774255e-01 1.247758e-01 8.697677e-01
    outer loop
      vertex   1.002314e+02 2.224964e+01 -7.480571e+01
      vertex   9.996037e+01 2.232625e+01 -7.496546e+01
      vertex   9.990036e+01 2.224964e+01 -7.498741e+01
    endloop
  endfacet
  facet normal -5.205701e-01 1.679150e-01 8.371448e-01
    outer loop
      vertex   9.990036e+01 2.224964e+01 -7.498741e+01
      vertex   9.996037e+01 2.232625e+01 -7.496546e+01
      vertex   9.963699e+01 2.232625e+01 -7.516655e+01
    endloop
  endfacet
  facet normal -5.326497e-01 1.258732e-01 8.369231e-01
    outer loop
      vertex   9.990036e+01 2.224964e+01 -7.498741e+01
      vertex   9.963699e+01 2.232625e+01 -7.516655e+01
      vertex   9.958180e+01 2.224964e+01 -7.519016e+01
    endloop
  endfacet
  facet normal -5.743157e-01 1.668195e-01 8.014566e-01
    outer loop
      vertex   9.958180e+01 2.224964e+01 -7.519016e+01
      vertex   9.963699e+01 2.232625e+01 -7.516655e+01
      vertex   9.932746e+01 2.232625e+01 -7.538836e+01
    endloop
  endfacet
  facet normal -5.856214e-01 1.270039e-01 8.005733e-01
    outer loop
      vertex   9.958180e+01 2.224964e+01 -7.519016e+01
      vertex   9.932746e+01 2.232625e+01 -7.538836e+01
      vertex   9.927702e+01 2.224964e+01 -7.541310e+01
    endloop
  endfacet
  facet normal -6.256246e-01 1.656901e-01 7.623258e-01
    outer loop
      vertex   9.927702e+01 2.224964e+01 -7.541310e+01
      vertex   9.932746e+01 2.232625e+01 -7.538836e+01
      vertex   9.903310e+01 2.232625e+01 -7.562994e+01
    endloop
  endfacet
  facet normal -6.361182e-01 1.281677e-01 7.608723e-01
    outer loop
      vertex   9.927702e+01 2.224964e+01 -7.541310e+01
      vertex   9.903310e+01 2.232625e+01 -7.562994e+01
      vertex   9.898732e+01 2.224964e+01 -7.565530e+01
    endloop
  endfacet
  facet normal -6.742767e-01 1.645268e-01 7.199179e-01
    outer loop
      vertex   9.898732e+01 2.224964e+01 -7.565530e+01
      vertex   9.903310e+01 2.232625e+01 -7.562994e+01
      vertex   9.875516e+01 2.232625e+01 -7.589025e+01
    endloop
  endfacet
  facet normal -6.839281e-01 1.293648e-01 7.179883e-01
    outer loop
      vertex   9.898732e+01 2.224964e+01 -7.565530e+01
      vertex   9.875516e+01 2.232625e+01 -7.589025e+01
      vertex   9.871390e+01 2.224964e+01 -7.591575e+01
    endloop
  endfacet
  facet normal -7.200631e-01 1.633296e-01 6.744127e-01
    outer loop
      vertex   9.871390e+01 2.224964e+01 -7.591575e+01
      vertex   9.875516e+01 2.232625e+01 -7.589025e+01
      vertex   9.849485e+01 2.232625e+01 -7.616818e+01
    endloop
  endfacet
  facet normal -7.288505e-01 1.305950e-01 6.721026e-01
    outer loop
      vertex   9.871390e+01 2.224964e+01 -7.591575e+01
      vertex   9.849485e+01 2.232625e+01 -7.616818e+01
      vertex   9.845791e+01 2.224964e+01 -7.619335e+01
    endloop
  endfacet
  facet normal -7.627871e-01 1.620983e-01 6.260032e-01
    outer loop
      vertex   9.845791e+01 2.224964e+01 -7.619335e+01
      vertex   9.849485e+01 2.232625e+01 -7.616818e+01
      vertex   9.825327e+01 2.232625e+01 -7.646255e+01
    endloop
  endfacet
  facet normal -7.706970e-01 1.318582e-01 6.234096e-01
    outer loop
      vertex   9.845791e+01 2.224964e+01 -7.619335e+01
      vertex   9.825327e+01 2.232625e+01 -7.646255e+01
      vertex   9.822043e+01 2.224964e+01 -7.648694e+01
    endloop
  endfacet
  facet normal -8.022647e-01 1.608330e-01 5.748948e-01
    outer loop
      vertex   9.822043e+01 2.224964e+01 -7.648694e+01
      vertex   9.825327e+01 2.232625e+01 -7.646255e+01
      vertex   9.803146e+01 2.232625e+01 -7.677208e+01
    endloop
  endfacet
  facet normal -8.092924e-01 1.331545e-01 5.721151e-01
    outer loop
      vertex   9.822043e+01 2.224964e+01 -7.648694e+01
      vertex   9.803146e+01 2.232625e+01 -7.677208e+01
      vertex   9.800246e+01 2.224964e+01 -7.679528e+01
    endloop
  endfacet
  facet normal -8.383260e-01 1.595336e-01 5.213046e-01
    outer loop
      vertex   9.800246e+01 2.224964e+01 -7.679528e+01
      vertex   9.803146e+01 2.232625e+01 -7.677208e+01
      vertex   9.783037e+01 2.232625e+01 -7.709546e+01
    endloop
  endfacet
  facet normal -8.444751e-01 1.344837e-01 5.184360e-01
    outer loop
      vertex   9.800246e+01 2.224964e+01 -7.679528e+01
      vertex   9.783037e+01 2.232625e+01 -7.709546e+01
      vertex   9.780489e+01 2.224964e+01 -7.711709e+01
    endloop
  endfacet
  facet normal -8.708153e-01 1.582000e-01 4.654605e-01
    outer loop
      vertex   9.780489e+01 2.224964e+01 -7.711709e+01
      vertex   9.783037e+01 2.232625e+01 -7.709546e+01
      vertex   9.765087e+01 2.232625e+01 -7.743129e+01
    endloop
  endfacet
  facet normal -8.760981e-01 1.358458e-01 4.625993e-01
    outer loop
      vertex   9.780489e+01 2.224964e+01 -7.711709e+01
      vertex   9.765087e+01 2.232625e+01 -7.743129e+01
      vertex   9.762858e+01 2.224964e+01 -7.745101e+01
    endloop
  endfacet
  facet normal -8.995921e-01 1.568322e-01 4.075999e-01
    outer loop
      vertex   9.762858e+01 2.224964e+01 -7.745101e+01
      vertex   9.765087e+01 2.232625e+01 -7.743129e+01
      vertex   9.749371e+01 2.232625e+01 -7.777815e+01
    endloop
  endfacet
  facet normal -9.040292e-01 1.372407e-01 4.048409e-01
    outer loop
      vertex   9.762858e+01 2.224964e+01 -7.745101e+01
      vertex   9.749371e+01 2.232625e+01 -7.777815e+01
      vertex   9.747424e+01 2.224964e+01 -7.779564e+01
    endloop
  endfacet
  facet normal -9.245318e-01 1.554301e-01 3.479691e-01
    outer loop
      vertex   9.747424e+01 2.224964e+01 -7.779564e+01
      vertex   9.749371e+01 2.232625e+01 -7.777815e+01
      vertex   9.735957e+01 2.232625e+01 -7.813455e+01
    endloop
  endfacet
  facet normal -9.281522e-01 1.386684e-01 3.454049e-01
    outer loop
      vertex   9.747424e+01 2.224964e+01 -7.779564e+01
      vertex   9.735957e+01 2.232625e+01 -7.813455e+01
      vertex   9.734254e+01 2.224964e+01 -7.814954e+01
    endloop
  endfacet
  facet normal -9.455258e-01 1.539937e-01 2.868221e-01
    outer loop
      vertex   9.734254e+01 2.224964e+01 -7.814954e+01
      vertex   9.735957e+01 2.232625e+01 -7.813455e+01
      vertex   9.724903e+01 2.232625e+01 -7.849895e+01
    endloop
  endfacet
  facet normal -9.483668e-01 1.401288e-01 2.845423e-01
    outer loop
      vertex   9.734254e+01 2.224964e+01 -7.814954e+01
      vertex   9.724903e+01 2.232625e+01 -7.849895e+01
      vertex   9.723403e+01 2.224964e+01 -7.851122e+01
    endloop
  endfacet
  facet normal -9.624826e-01 1.525228e-01 2.244195e-01
    outer loop
      vertex   9.723403e+01 2.224964e+01 -7.851122e+01
      vertex   9.724903e+01 2.232625e+01 -7.849895e+01
      vertex   9.716256e+01 2.232625e+01 -7.886980e+01
    endloop
  endfacet
  facet normal -9.645893e-01 1.416218e-01 2.225102e-01
    outer loop
      vertex   9.723403e+01 2.224964e+01 -7.851122e+01
      vertex   9.716256e+01 2.232625e+01 -7.886980e+01
      vertex   9.714915e+01 2.224964e+01 -7.887917e+01
    endloop
  endfacet
  facet normal -9.753276e-01 1.510175e-01 1.610272e-01
    outer loop
      vertex   9.714915e+01 2.224964e+01 -7.887917e+01
      vertex   9.716256e+01 2.232625e+01 -7.886980e+01
      vertex   9.710053e+01 2.232625e+01 -7.924552e+01
    endloop
  endfacet
  facet normal -9.767528e-01 1.431473e-01 1.595705e-01
    outer loop
      vertex   9.714915e+01 2.224964e+01 -7.887917e+01
      vertex   9.710053e+01 2.232625e+01 -7.924552e+01
      vertex   9.708827e+01 2.224964e+01 -7.925184e+01
    endloop
  endfacet
  facet normal -9.840039e-01 1.494776e-01 9.691593e-02
    outer loop
      vertex   9.708827e+01 2.224964e+01 -7.925184e+01
      vertex   9.710053e+01 2.232625e+01 -7.924552e+01
      vertex   9.706320e+01 2.232625e+01 -7.962449e+01
    endloop
  endfacet
  facet normal 1.286617e-01 9.916792e-01 4.301631e-03
    outer loop
      vertex   1.084006e+02 2.254440e+01 -8.000509e+01
      vertex   1.083883e+02 2.254440e+01 -7.963568e+01
      vertex   1.084654e+02 2.253440e+01 -7.963834e+01
    endloop
  endfacet
  facet normal 1.289375e-01 9.915714e-01 1.269924e-02
    outer loop
      vertex   1.084654e+02 2.253440e+01 -7.963834e+01
      vertex   1.083883e+02 2.254440e+01 -7.963568e+01
      vertex   1.084295e+02 2.253440e+01 -7.927317e+01
    endloop
  endfacet
  facet normal 3.769982e-01 9.254694e-01 3.713108e-02
    outer loop
      vertex   1.084654e+02 2.253440e+01 -7.963834e+01
      vertex   1.084295e+02 2.253440e+01 -7.927317e+01
      vertex   1.085005e+02 2.250508e+01 -7.926381e+01
    endloop
  endfacet
  facet normal 3.737626e-01 9.254694e-01 6.170845e-02
    outer loop
      vertex   1.085005e+02 2.250508e+01 -7.926381e+01
      vertex   1.084295e+02 2.253440e+01 -7.927317e+01
      vertex   1.084400e+02 2.250508e+01 -7.889714e+01
    endloop
  endfacet
  facet normal 5.951250e-01 7.976040e-01 9.825553e-02
    outer loop
      vertex   1.085005e+02 2.250508e+01 -7.926381e+01
      vertex   1.084400e+02 2.250508e+01 -7.889714e+01
      vertex   1.085006e+02 2.245838e+01 -7.888509e+01
    endloop
  endfacet
  facet normal 5.874245e-01 7.976040e-01 1.369682e-01
    outer loop
      vertex   1.085006e+02 2.245838e+01 -7.888509e+01
      vertex   1.084400e+02 2.250508e+01 -7.889714e+01
      vertex   1.084153e+02 2.245838e+01 -7.851923e+01
    endloop
  endfacet
  facet normal 7.667088e-01 6.166023e-01 1.787714e-01
    outer loop
      vertex   1.085006e+02 2.245838e+01 -7.888509e+01
      vertex   1.084153e+02 2.245838e+01 -7.851923e+01
      vertex   1.084614e+02 2.239741e+01 -7.850686e+01
    endloop
  endfacet
  facet normal 7.533750e-01 6.166023e-01 2.285338e-01
    outer loop
      vertex   1.084614e+02 2.239741e+01 -7.850686e+01
      vertex   1.084153e+02 2.245838e+01 -7.851923e+01
      vertex   1.083515e+02 2.239741e+01 -7.814437e+01
    endloop
  endfacet
  facet normal 8.793017e-01 3.945654e-01 2.667333e-01
    outer loop
      vertex   1.084614e+02 2.239741e+01 -7.850686e+01
      vertex   1.083515e+02 2.239741e+01 -7.814437e+01
      vertex   1.083804e+02 2.232625e+01 -7.813455e+01
    endloop
  endfacet
  facet normal 8.599739e-01 3.945654e-01 3.236712e-01
    outer loop
      vertex   1.083804e+02 2.232625e+01 -7.813455e+01
      vertex   1.083515e+02 2.239741e+01 -7.814437e+01
      vertex   1.082463e+02 2.232625e+01 -7.777815e+01
    endloop
  endfacet
  facet normal 1.276882e-01 9.917312e-01 1.284556e-02
    outer loop
      vertex   1.083883e+02 2.254440e+01 -7.963568e+01
      vertex   1.083513e+02 2.254440e+01 -7.926792e+01
      vertex   1.084295e+02 2.253440e+01 -7.927317e+01
    endloop
  endfacet
  facet normal 1.282196e-01 9.915199e-01 2.116913e-02
    outer loop
      vertex   1.084295e+02 2.253440e+01 -7.927317e+01
      vertex   1.083513e+02 2.254440e+01 -7.926792e+01
      vertex   1.083697e+02 2.253440e+01 -7.891113e+01
    endloop
  endfacet
  facet normal 3.737626e-01 9.254694e-01 6.170845e-02
    outer loop
      vertex   1.084295e+02 2.253440e+01 -7.927317e+01
      vertex   1.083697e+02 2.253440e+01 -7.891113e+01
      vertex   1.084400e+02 2.250508e+01 -7.889714e+01
    endloop
  endfacet
  facet normal 3.689264e-01 9.254694e-01 8.602157e-02
    outer loop
      vertex   1.084400e+02 2.250508e+01 -7.889714e+01
      vertex   1.083697e+02 2.253440e+01 -7.891113e+01
      vertex   1.083556e+02 2.250508e+01 -7.853522e+01
    endloop
  endfacet
  facet normal 5.874245e-01 7.976040e-01 1.369682e-01
    outer loop
      vertex   1.084400e+02 2.250508e+01 -7.889714e+01
      vertex   1.083556e+02 2.250508e+01 -7.853522e+01
      vertex   1.084153e+02 2.245838e+01 -7.851923e+01
    endloop
  endfacet
  facet normal 5.772087e-01 7.976040e-01 1.750943e-01
    outer loop
      vertex   1.084153e+02 2.245838e+01 -7.851923e+01
      vertex   1.083556e+02 2.250508e+01 -7.853522e+01
      vertex   1.083062e+02 2.245838e+01 -7.815973e+01
    endloop
  endfacet
  facet normal 7.533750e-01 6.166023e-01 2.285338e-01
    outer loop
      vertex   1.084153e+02 2.245838e+01 -7.851923e+01
      vertex   1.083062e+02 2.245838e+01 -7.815973e+01
      vertex   1.083515e+02 2.239741e+01 -7.814437e+01
    endloop
  endfacet
  facet normal 7.368152e-01 6.166023e-01 2.773176e-01
    outer loop
      vertex   1.083515e+02 2.239741e+01 -7.814437e+01
      vertex   1.083062e+02 2.245838e+01 -7.815973e+01
      vertex   1.082180e+02 2.239741e+01 -7.778985e+01
    endloop
  endfacet
  facet normal 8.599739e-01 3.945654e-01 3.236712e-01
    outer loop
      vertex   1.083515e+02 2.239741e+01 -7.814437e+01
      vertex   1.082180e+02 2.239741e+01 -7.778985e+01
      vertex   1.082463e+02 2.232625e+01 -7.777815e+01
    endloop
  endfacet
  facet normal 8.369635e-01 3.945654e-01 3.792232e-01
    outer loop
      vertex   1.082463e+02 2.232625e+01 -7.777815e+01
      vertex   1.082180e+02 2.239741e+01 -7.778985e+01
      vertex   1.080891e+02 2.232625e+01 -7.743129e+01
    endloop
  endfacet
  facet normal 1.261697e-01 9.917804e-01 2.128217e-02
    outer loop
      vertex   1.083513e+02 2.254440e+01 -7.926792e+01
      vertex   1.082898e+02 2.254440e+01 -7.890346e+01
      vertex   1.083697e+02 2.253440e+01 -7.891113e+01
    endloop
  endfacet
  facet normal 1.269289e-01 9.914702e-01 2.959566e-02
    outer loop
      vertex   1.083697e+02 2.253440e+01 -7.891113e+01
      vertex   1.082898e+02 2.254440e+01 -7.890346e+01
      vertex   1.082864e+02 2.253440e+01 -7.855377e+01
    endloop
  endfacet
  facet normal 3.689264e-01 9.254694e-01 8.602157e-02
    outer loop
      vertex   1.083697e+02 2.253440e+01 -7.891113e+01
      vertex   1.082864e+02 2.253440e+01 -7.855377e+01
      vertex   1.083556e+02 2.250508e+01 -7.853522e+01
    endloop
  endfacet
  facet normal 3.625104e-01 9.254694e-01 1.099663e-01
    outer loop
      vertex   1.083556e+02 2.250508e+01 -7.853522e+01
      vertex   1.082864e+02 2.253440e+01 -7.855377e+01
      vertex   1.082477e+02 2.250508e+01 -7.817959e+01
    endloop
  endfacet
  facet normal 5.772087e-01 7.976040e-01 1.750943e-01
    outer loop
      vertex   1.083556e+02 2.250508e+01 -7.853522e+01
      vertex   1.082477e+02 2.250508e+01 -7.817959e+01
      vertex   1.083062e+02 2.245838e+01 -7.815973e+01
    endloop
  endfacet
  facet normal 5.645211e-01 7.976040e-01 2.124707e-01
    outer loop
      vertex   1.083062e+02 2.245838e+01 -7.815973e+01
      vertex   1.082477e+02 2.250508e+01 -7.817959e+01
      vertex   1.081739e+02 2.245838e+01 -7.780813e+01
    endloop
  endfacet
  facet normal 7.368152e-01 6.166023e-01 2.773176e-01
    outer loop
      vertex   1.083062e+02 2.245838e+01 -7.815973e+01
      vertex   1.081739e+02 2.245838e+01 -7.780813e+01
      vertex   1.082180e+02 2.239741e+01 -7.778985e+01
    endloop
  endfacet
  facet normal 7.171002e-01 6.166023e-01 3.249139e-01
    outer loop
      vertex   1.082180e+02 2.239741e+01 -7.778985e+01
      vertex   1.081739e+02 2.245838e+01 -7.780813e+01
      vertex   1.080617e+02 2.239741e+01 -7.744482e+01
    endloop
  endfacet
  facet normal 8.369635e-01 3.945654e-01 3.792232e-01
    outer loop
      vertex   1.082180e+02 2.239741e+01 -7.778985e+01
      vertex   1.080617e+02 2.239741e+01 -7.744482e+01
      vertex   1.080891e+02 2.232625e+01 -7.743129e+01
    endloop
  endfacet
  facet normal 8.103691e-01 3.945654e-01 4.331513e-01
    outer loop
      vertex   1.080891e+02 2.232625e+01 -7.743129e+01
      vertex   1.080617e+02 2.239741e+01 -7.744482e+01
      vertex   1.079096e+02 2.232625e+01 -7.709546e+01
    endloop
  endfacet
  facet normal 1.241153e-01 9.918269e-01 2.957817e-02
    outer loop
      vertex   1.082898e+02 2.254440e+01 -7.890346e+01
      vertex   1.082041e+02 2.254440e+01 -7.854392e+01
      vertex   1.082864e+02 2.253440e+01 -7.855377e+01
    endloop
  endfacet
  facet normal 1.250682e-01 9.914225e-01 3.793901e-02
    outer loop
      vertex   1.082864e+02 2.253440e+01 -7.855377e+01
      vertex   1.082041e+02 2.254440e+01 -7.854392e+01
      vertex   1.081799e+02 2.253440e+01 -7.820263e+01
    endloop
  endfacet
  facet normal 3.625104e-01 9.254694e-01 1.099663e-01
    outer loop
      vertex   1.082864e+02 2.253440e+01 -7.855377e+01
      vertex   1.081799e+02 2.253440e+01 -7.820263e+01
      vertex   1.082477e+02 2.250508e+01 -7.817959e+01
    endloop
  endfacet
  facet normal 3.545421e-01 9.254694e-01 1.334402e-01
    outer loop
      vertex   1.082477e+02 2.250508e+01 -7.817959e+01
      vertex   1.081799e+02 2.253440e+01 -7.820263e+01
      vertex   1.081168e+02 2.250508e+01 -7.783178e+01
    endloop
  endfacet
  facet normal 5.645211e-01 7.976040e-01 2.124707e-01
    outer loop
      vertex   1.082477e+02 2.250508e+01 -7.817959e+01
      vertex   1.081168e+02 2.250508e+01 -7.783178e+01
      vertex   1.081739e+02 2.245838e+01 -7.780813e+01
    endloop
  endfacet
  facet normal 5.494162e-01 7.976040e-01 2.489372e-01
    outer loop
      vertex   1.081739e+02 2.245838e+01 -7.780813e+01
      vertex   1.081168e+02 2.250508e+01 -7.783178e+01
      vertex   1.080189e+02 2.245838e+01 -7.746594e+01
    endloop
  endfacet
  facet normal 7.171002e-01 6.166023e-01 3.249139e-01
    outer loop
      vertex   1.081739e+02 2.245838e+01 -7.780813e+01
      vertex   1.080189e+02 2.245838e+01 -7.746594e+01
      vertex   1.080617e+02 2.239741e+01 -7.744482e+01
    endloop
  endfacet
  facet normal 6.943144e-01 6.166023e-01 3.711188e-01
    outer loop
      vertex   1.080617e+02 2.239741e+01 -7.744482e+01
      vertex   1.080189e+02 2.245838e+01 -7.746594e+01
      vertex   1.078831e+02 2.239741e+01 -7.711074e+01
    endloop
  endfacet
  facet normal 8.103691e-01 3.945654e-01 4.331513e-01
    outer loop
      vertex   1.080617e+02 2.239741e+01 -7.744482e+01
      vertex   1.078831e+02 2.239741e+01 -7.711074e+01
      vertex   1.079096e+02 2.232625e+01 -7.709546e+01
    endloop
  endfacet
  facet normal 7.803046e-01 3.945654e-01 4.852246e-01
    outer loop
      vertex   1.079096e+02 2.232625e+01 -7.709546e+01
      vertex   1.078831e+02 2.239741e+01 -7.711074e+01
      vertex   1.077085e+02 2.232625e+01 -7.677208e+01
    endloop
  endfacet
  facet normal 1.215363e-01 9.918707e-01 3.770092e-02
    outer loop
      vertex   1.082041e+02 2.254440e+01 -7.854392e+01
      vertex   1.080946e+02 2.254440e+01 -7.819090e+01
      vertex   1.081799e+02 2.253440e+01 -7.820263e+01
    endloop
  endfacet
  facet normal 1.226429e-01 9.913768e-01 4.615952e-02
    outer loop
      vertex   1.081799e+02 2.253440e+01 -7.820263e+01
      vertex   1.080946e+02 2.254440e+01 -7.819090e+01
      vertex   1.080506e+02 2.253440e+01 -7.785921e+01
    endloop
  endfacet
  facet normal 3.545421e-01 9.254694e-01 1.334402e-01
    outer loop
      vertex   1.081799e+02 2.253440e+01 -7.820263e+01
      vertex   1.080506e+02 2.253440e+01 -7.785921e+01
      vertex   1.081168e+02 2.250508e+01 -7.783178e+01
    endloop
  endfacet
  facet normal 3.450556e-01 9.254694e-01 1.563426e-01
    outer loop
      vertex   1.081168e+02 2.250508e+01 -7.783178e+01
      vertex   1.080506e+02 2.253440e+01 -7.785921e+01
      vertex   1.079635e+02 2.250508e+01 -7.749327e+01
    endloop
  endfacet
  facet normal 5.494162e-01 7.976040e-01 2.489372e-01
    outer loop
      vertex   1.081168e+02 2.250508e+01 -7.783178e+01
      vertex   1.079635e+02 2.250508e+01 -7.749327e+01
      vertex   1.080189e+02 2.245838e+01 -7.746594e+01
    endloop
  endfacet
  facet normal 5.319586e-01 7.976040e-01 2.843378e-01
    outer loop
      vertex   1.080189e+02 2.245838e+01 -7.746594e+01
      vertex   1.079635e+02 2.250508e+01 -7.749327e+01
      vertex   1.078418e+02 2.245838e+01 -7.713463e+01
    endloop
  endfacet
  facet normal 6.943144e-01 6.166023e-01 3.711188e-01
    outer loop
      vertex   1.080189e+02 2.245838e+01 -7.746594e+01
      vertex   1.078418e+02 2.245838e+01 -7.713463e+01
      vertex   1.078831e+02 2.239741e+01 -7.711074e+01
    endloop
  endfacet
  facet normal 6.685555e-01 6.166023e-01 4.157345e-01
    outer loop
      vertex   1.078831e+02 2.239741e+01 -7.711074e+01
      vertex   1.078418e+02 2.245838e+01 -7.713463e+01
      vertex   1.076831e+02 2.239741e+01 -7.678906e+01
    endloop
  endfacet
  facet normal 7.803046e-01 3.945654e-01 4.852246e-01
    outer loop
      vertex   1.078831e+02 2.239741e+01 -7.711074e+01
      vertex   1.076831e+02 2.239741e+01 -7.678906e+01
      vertex   1.077085e+02 2.232625e+01 -7.677208e+01
    endloop
  endfacet
  facet normal 7.468987e-01 3.945654e-01 5.352200e-01
    outer loop
      vertex   1.077085e+02 2.232625e+01 -7.677208e+01
      vertex   1.076831e+02 2.239741e+01 -7.678906e+01
      vertex   1.074867e+02 2.232625e+01 -7.646255e+01
    endloop
  endfacet
  facet normal 1.184460e-01 9.919120e-01 4.561862e-02
    outer loop
      vertex   1.080946e+02 2.254440e+01 -7.819090e+01
      vertex   1.079618e+02 2.254440e+01 -7.784598e+01
      vertex   1.080506e+02 2.253440e+01 -7.785921e+01
    endloop
  endfacet
  facet normal 1.196615e-01 9.913332e-01 5.421791e-02
    outer loop
      vertex   1.080506e+02 2.253440e+01 -7.785921e+01
      vertex   1.079618e+02 2.254440e+01 -7.784598e+01
      vertex   1.078992e+02 2.253440e+01 -7.752498e+01
    endloop
  endfacet
  facet normal 3.450556e-01 9.254694e-01 1.563426e-01
    outer loop
      vertex   1.080506e+02 2.253440e+01 -7.785921e+01
      vertex   1.078992e+02 2.253440e+01 -7.752498e+01
      vertex   1.079635e+02 2.250508e+01 -7.749327e+01
    endloop
  endfacet
  facet normal 3.340915e-01 9.254694e-01 1.785756e-01
    outer loop
      vertex   1.079635e+02 2.250508e+01 -7.749327e+01
      vertex   1.078992e+02 2.253440e+01 -7.752498e+01
      vertex   1.077883e+02 2.250508e+01 -7.716552e+01
    endloop
  endfacet
  facet normal 5.319586e-01 7.976040e-01 2.843378e-01
    outer loop
      vertex   1.079635e+02 2.250508e+01 -7.749327e+01
      vertex   1.077883e+02 2.250508e+01 -7.716552e+01
      vertex   1.078418e+02 2.245838e+01 -7.713463e+01
    endloop
  endfacet
  facet normal 5.122230e-01 7.976040e-01 3.185207e-01
    outer loop
      vertex   1.078418e+02 2.245838e+01 -7.713463e+01
      vertex   1.077883e+02 2.250508e+01 -7.716552e+01
      vertex   1.076434e+02 2.245838e+01 -7.681560e+01
    endloop
  endfacet
  facet normal 6.685555e-01 6.166023e-01 4.157345e-01
    outer loop
      vertex   1.078418e+02 2.245838e+01 -7.713463e+01
      vertex   1.076434e+02 2.245838e+01 -7.681560e+01
      vertex   1.076831e+02 2.239741e+01 -7.678906e+01
    endloop
  endfacet
  facet normal 6.399337e-01 6.166023e-01 4.585700e-01
    outer loop
      vertex   1.076831e+02 2.239741e+01 -7.678906e+01
      vertex   1.076434e+02 2.245838e+01 -7.681560e+01
      vertex   1.074625e+02 2.239741e+01 -7.648116e+01
    endloop
  endfacet
  facet normal 7.468987e-01 3.945654e-01 5.352200e-01
    outer loop
      vertex   1.076831e+02 2.239741e+01 -7.678906e+01
      vertex   1.074625e+02 2.239741e+01 -7.648116e+01
      vertex   1.074867e+02 2.232625e+01 -7.646255e+01
    endloop
  endfacet
  facet normal 7.102945e-01 3.945654e-01 5.829236e-01
    outer loop
      vertex   1.074867e+02 2.232625e+01 -7.646255e+01
      vertex   1.074625e+02 2.239741e+01 -7.648116e+01
      vertex   1.072451e+02 2.232625e+01 -7.616818e+01
    endloop
  endfacet
  facet normal 1.148593e-01 9.919508e-01 5.330035e-02
    outer loop
      vertex   1.079618e+02 2.254440e+01 -7.784598e+01
      vertex   1.078062e+02 2.254440e+01 -7.751071e+01
      vertex   1.078992e+02 2.253440e+01 -7.752498e+01
    endloop
  endfacet
  facet normal 1.161351e-01 9.912917e-01 6.207548e-02
    outer loop
      vertex   1.078992e+02 2.253440e+01 -7.752498e+01
      vertex   1.078062e+02 2.254440e+01 -7.751071e+01
      vertex   1.077262e+02 2.253440e+01 -7.720136e+01
    endloop
  endfacet
  facet normal 3.340915e-01 9.254694e-01 1.785756e-01
    outer loop
      vertex   1.078992e+02 2.253440e+01 -7.752498e+01
      vertex   1.077262e+02 2.253440e+01 -7.720136e+01
      vertex   1.077883e+02 2.250508e+01 -7.716552e+01
    endloop
  endfacet
  facet normal 3.216968e-01 9.254694e-01 2.000439e-01
    outer loop
      vertex   1.077883e+02 2.250508e+01 -7.716552e+01
      vertex   1.077262e+02 2.253440e+01 -7.720136e+01
      vertex   1.075920e+02 2.250508e+01 -7.684993e+01
    endloop
  endfacet
  facet normal 5.122230e-01 7.976040e-01 3.185207e-01
    outer loop
      vertex   1.077883e+02 2.250508e+01 -7.716552e+01
      vertex   1.075920e+02 2.250508e+01 -7.684993e+01
      vertex   1.076434e+02 2.245838e+01 -7.681560e+01
    endloop
  endfacet
  facet normal 4.902941e-01 7.976040e-01 3.513398e-01
    outer loop
      vertex   1.076434e+02 2.245838e+01 -7.681560e+01
      vertex   1.075920e+02 2.250508e+01 -7.684993e+01
      vertex   1.074246e+02 2.245838e+01 -7.651024e+01
    endloop
  endfacet
  facet normal 6.399337e-01 6.166023e-01 4.585700e-01
    outer loop
      vertex   1.076434e+02 2.245838e+01 -7.681560e+01
      vertex   1.074246e+02 2.245838e+01 -7.651024e+01
      vertex   1.074625e+02 2.239741e+01 -7.648116e+01
    endloop
  endfacet
  facet normal 6.085717e-01 6.166023e-01 4.994419e-01
    outer loop
      vertex   1.074625e+02 2.239741e+01 -7.648116e+01
      vertex   1.074246e+02 2.245838e+01 -7.651024e+01
      vertex   1.072222e+02 2.239741e+01 -7.618834e+01
    endloop
  endfacet
  facet normal 7.102945e-01 3.945654e-01 5.829236e-01
    outer loop
      vertex   1.074625e+02 2.239741e+01 -7.648116e+01
      vertex   1.072222e+02 2.239741e+01 -7.618834e+01
      vertex   1.072451e+02 2.232625e+01 -7.616818e+01
    endloop
  endfacet
  facet normal 6.706486e-01 3.945654e-01 6.281310e-01
    outer loop
      vertex   1.072451e+02 2.232625e+01 -7.616818e+01
      vertex   1.072222e+02 2.239741e+01 -7.618834e+01
      vertex   1.069848e+02 2.232625e+01 -7.589025e+01
    endloop
  endfacet
  facet normal 1.107930e-01 9.919871e-01 6.071622e-02
    outer loop
      vertex   1.078062e+02 2.254440e+01 -7.751071e+01
      vertex   1.076286e+02 2.254440e+01 -7.718658e+01
      vertex   1.077262e+02 2.253440e+01 -7.720136e+01
    endloop
  endfacet
  facet normal 1.120776e-01 9.912524e-01 6.969431e-02
    outer loop
      vertex   1.077262e+02 2.253440e+01 -7.720136e+01
      vertex   1.076286e+02 2.254440e+01 -7.718658e+01
      vertex   1.075324e+02 2.253440e+01 -7.688976e+01
    endloop
  endfacet
  facet normal 3.216968e-01 9.254694e-01 2.000439e-01
    outer loop
      vertex   1.077262e+02 2.253440e+01 -7.720136e+01
      vertex   1.075324e+02 2.253440e+01 -7.688976e+01
      vertex   1.075920e+02 2.250508e+01 -7.684993e+01
    endloop
  endfacet
  facet normal 3.079245e-01 9.254694e-01 2.206556e-01
    outer loop
      vertex   1.075920e+02 2.250508e+01 -7.684993e+01
      vertex   1.075324e+02 2.253440e+01 -7.688976e+01
      vertex   1.073756e+02 2.250508e+01 -7.654785e+01
    endloop
  endfacet
  facet normal 4.902941e-01 7.976040e-01 3.513398e-01
    outer loop
      vertex   1.075920e+02 2.250508e+01 -7.684993e+01
      vertex   1.073756e+02 2.250508e+01 -7.654785e+01
      vertex   1.074246e+02 2.245838e+01 -7.651024e+01
    endloop
  endfacet
  facet normal 4.662656e-01 7.976040e-01 3.826543e-01
    outer loop
      vertex   1.074246e+02 2.245838e+01 -7.651024e+01
      vertex   1.073756e+02 2.250508e+01 -7.654785e+01
      vertex   1.071862e+02 2.245838e+01 -7.621984e+01
    endloop
  endfacet
  facet normal 6.085717e-01 6.166023e-01 4.994419e-01
    outer loop
      vertex   1.074246e+02 2.245838e+01 -7.651024e+01
      vertex   1.071862e+02 2.245838e+01 -7.621984e+01
      vertex   1.072222e+02 2.239741e+01 -7.618834e+01
    endloop
  endfacet
  facet normal 5.746036e-01 6.166023e-01 5.381750e-01
    outer loop
      vertex   1.072222e+02 2.239741e+01 -7.618834e+01
      vertex   1.071862e+02 2.245838e+01 -7.621984e+01
      vertex   1.069632e+02 2.239741e+01 -7.591187e+01
    endloop
  endfacet
  facet normal 6.706486e-01 3.945654e-01 6.281310e-01
    outer loop
      vertex   1.072222e+02 2.239741e+01 -7.618834e+01
      vertex   1.069632e+02 2.239741e+01 -7.591187e+01
      vertex   1.069848e+02 2.232625e+01 -7.589025e+01
    endloop
  endfacet
  facet normal 6.281310e-01 3.945654e-01 6.706486e-01
    outer loop
      vertex   1.069848e+02 2.232625e+01 -7.589025e+01
      vertex   1.069632e+02 2.239741e+01 -7.591187e+01
      vertex   1.067069e+02 2.232625e+01 -7.562994e+01
    endloop
  endfacet
  facet normal 1.062657e-01 9.920210e-01 6.783747e-02
    outer loop
      vertex   1.076286e+02 2.254440e+01 -7.718658e+01
      vertex   1.074297e+02 2.254440e+01 -7.687504e+01
      vertex   1.075324e+02 2.253440e+01 -7.688976e+01
    endloop
  endfacet
  facet normal 1.075057e-01 9.912153e-01 7.703747e-02
    outer loop
      vertex   1.075324e+02 2.253440e+01 -7.688976e+01
      vertex   1.074297e+02 2.254440e+01 -7.687504e+01
      vertex   1.073187e+02 2.253440e+01 -7.659149e+01
    endloop
  endfacet
  facet normal 3.079245e-01 9.254694e-01 2.206556e-01
    outer loop
      vertex   1.075324e+02 2.253440e+01 -7.688976e+01
      vertex   1.073187e+02 2.253440e+01 -7.659149e+01
      vertex   1.073756e+02 2.250508e+01 -7.654785e+01
    endloop
  endfacet
  facet normal 2.928336e-01 9.254694e-01 2.403224e-01
    outer loop
      vertex   1.073756e+02 2.250508e+01 -7.654785e+01
      vertex   1.073187e+02 2.253440e+01 -7.659149e+01
      vertex   1.071398e+02 2.250508e+01 -7.626058e+01
    endloop
  endfacet
  facet normal 4.662656e-01 7.976040e-01 3.826543e-01
    outer loop
      vertex   1.073756e+02 2.250508e+01 -7.654785e+01
      vertex   1.071398e+02 2.250508e+01 -7.626058e+01
      vertex   1.071862e+02 2.245838e+01 -7.621984e+01
    endloop
  endfacet
  facet normal 4.402405e-01 7.976040e-01 4.123302e-01
    outer loop
      vertex   1.071862e+02 2.245838e+01 -7.621984e+01
      vertex   1.071398e+02 2.250508e+01 -7.626058e+01
      vertex   1.069294e+02 2.245838e+01 -7.594565e+01
    endloop
  endfacet
  facet normal 5.746036e-01 6.166023e-01 5.381750e-01
    outer loop
      vertex   1.071862e+02 2.245838e+01 -7.621984e+01
      vertex   1.069294e+02 2.245838e+01 -7.594565e+01
      vertex   1.069632e+02 2.239741e+01 -7.591187e+01
    endloop
  endfacet
  facet normal 5.381750e-01 6.166023e-01 5.746036e-01
    outer loop
      vertex   1.069632e+02 2.239741e+01 -7.591187e+01
      vertex   1.069294e+02 2.245838e+01 -7.594565e+01
      vertex   1.066867e+02 2.239741e+01 -7.565292e+01
    endloop
  endfacet
  facet normal 6.281310e-01 3.945654e-01 6.706486e-01
    outer loop
      vertex   1.069632e+02 2.239741e+01 -7.591187e+01
      vertex   1.066867e+02 2.239741e+01 -7.565292e+01
      vertex   1.067069e+02 2.232625e+01 -7.562994e+01
    endloop
  endfacet
  facet normal 5.829236e-01 3.945654e-01 7.102945e-01
    outer loop
      vertex   1.067069e+02 2.232625e+01 -7.562994e+01
      vertex   1.066867e+02 2.239741e+01 -7.565292e+01
      vertex   1.064125e+02 2.232625e+01 -7.538836e+01
    endloop
  endfacet
  facet normal 1.012975e-01 9.920525e-01 7.463654e-02
    outer loop
      vertex   1.074297e+02 2.254440e+01 -7.687504e+01
      vertex   1.072104e+02 2.254440e+01 -7.657747e+01
      vertex   1.073187e+02 2.253440e+01 -7.659149e+01
    endloop
  endfacet
  facet normal 1.024387e-01 9.911804e-01 8.406924e-02
    outer loop
      vertex   1.073187e+02 2.253440e+01 -7.659149e+01
      vertex   1.072104e+02 2.254440e+01 -7.657747e+01
      vertex   1.070859e+02 2.253440e+01 -7.630784e+01
    endloop
  endfacet
  facet normal 2.928336e-01 9.254694e-01 2.403224e-01
    outer loop
      vertex   1.073187e+02 2.253440e+01 -7.659149e+01
      vertex   1.070859e+02 2.253440e+01 -7.630784e+01
      vertex   1.071398e+02 2.250508e+01 -7.626058e+01
    endloop
  endfacet
  facet normal 2.764888e-01 9.254694e-01 2.589600e-01
    outer loop
      vertex   1.071398e+02 2.250508e+01 -7.626058e+01
      vertex   1.070859e+02 2.253440e+01 -7.630784e+01
      vertex   1.068857e+02 2.250508e+01 -7.598934e+01
    endloop
  endfacet
  facet normal 4.402405e-01 7.976040e-01 4.123302e-01
    outer loop
      vertex   1.071398e+02 2.250508e+01 -7.626058e+01
      vertex   1.068857e+02 2.250508e+01 -7.598934e+01
      vertex   1.069294e+02 2.245838e+01 -7.594565e+01
    endloop
  endfacet
  facet normal 4.123302e-01 7.976040e-01 4.402405e-01
    outer loop
      vertex   1.069294e+02 2.245838e+01 -7.594565e+01
      vertex   1.068857e+02 2.250508e+01 -7.598934e+01
      vertex   1.066552e+02 2.245838e+01 -7.568884e+01
    endloop
  endfacet
  facet normal 5.381750e-01 6.166023e-01 5.746036e-01
    outer loop
      vertex   1.069294e+02 2.245838e+01 -7.594565e+01
      vertex   1.066552e+02 2.245838e+01 -7.568884e+01
      vertex   1.066867e+02 2.239741e+01 -7.565292e+01
    endloop
  endfacet
  facet normal 4.994419e-01 6.166023e-01 6.085717e-01
    outer loop
      vertex   1.066867e+02 2.239741e+01 -7.565292e+01
      vertex   1.066552e+02 2.245838e+01 -7.568884e+01
      vertex   1.063939e+02 2.239741e+01 -7.541261e+01
    endloop
  endfacet
  facet normal 5.829236e-01 3.945654e-01 7.102945e-01
    outer loop
      vertex   1.066867e+02 2.239741e+01 -7.565292e+01
      vertex   1.063939e+02 2.239741e+01 -7.541261e+01
      vertex   1.064125e+02 2.232625e+01 -7.538836e+01
    endloop
  endfacet
  facet normal 5.352200e-01 3.945654e-01 7.468987e-01
    outer loop
      vertex   1.064125e+02 2.232625e+01 -7.538836e+01
      vertex   1.063939e+02 2.239741e+01 -7.541261e+01
      vertex   1.061030e+02 2.232625e+01 -7.516655e+01
    endloop
  endfacet
  facet normal 9.591037e-02 9.920817e-01 8.108718e-02
    outer loop
      vertex   1.072104e+02 2.254440e+01 -7.657747e+01
      vertex   1.069718e+02 2.254440e+01 -7.629522e+01
      vertex   1.070859e+02 2.253440e+01 -7.630784e+01
    endloop
  endfacet
  facet normal 9.689843e-02 9.911479e-01 9.075528e-02
    outer loop
      vertex   1.070859e+02 2.253440e+01 -7.630784e+01
      vertex   1.069718e+02 2.254440e+01 -7.629522e+01
      vertex   1.068351e+02 2.253440e+01 -7.604002e+01
    endloop
  endfacet
  facet normal 2.764888e-01 9.254694e-01 2.589600e-01
    outer loop
      vertex   1.070859e+02 2.253440e+01 -7.630784e+01
      vertex   1.068351e+02 2.253440e+01 -7.604002e+01
      vertex   1.068857e+02 2.250508e+01 -7.598934e+01
    endloop
  endfacet
  facet normal 2.589600e-01 9.254694e-01 2.764888e-01
    outer loop
      vertex   1.068857e+02 2.250508e+01 -7.598934e+01
      vertex   1.068351e+02 2.253440e+01 -7.604002e+01
      vertex   1.066145e+02 2.250508e+01 -7.573529e+01
    endloop
  endfacet
  facet normal 4.123302e-01 7.976040e-01 4.402405e-01
    outer loop
      vertex   1.068857e+02 2.250508e+01 -7.598934e+01
      vertex   1.066145e+02 2.250508e+01 -7.573529e+01
      vertex   1.066552e+02 2.245838e+01 -7.568884e+01
    endloop
  endfacet
  facet normal 3.826543e-01 7.976040e-01 4.662656e-01
    outer loop
      vertex   1.066552e+02 2.245838e+01 -7.568884e+01
      vertex   1.066145e+02 2.250508e+01 -7.573529e+01
      vertex   1.063648e+02 2.245838e+01 -7.545051e+01
    endloop
  endfacet
  facet normal 4.994419e-01 6.166023e-01 6.085717e-01
    outer loop
      vertex   1.066552e+02 2.245838e+01 -7.568884e+01
      vertex   1.063648e+02 2.245838e+01 -7.545051e+01
      vertex   1.063939e+02 2.239741e+01 -7.541261e+01
    endloop
  endfacet
  facet normal 4.585700e-01 6.166023e-01 6.399337e-01
    outer loop
      vertex   1.063939e+02 2.239741e+01 -7.541261e+01
      vertex   1.063648e+02 2.245838e+01 -7.545051e+01
      vertex   1.060860e+02 2.239741e+01 -7.519197e+01
    endloop
  endfacet
  facet normal 5.352200e-01 3.945654e-01 7.468987e-01
    outer loop
      vertex   1.063939e+02 2.239741e+01 -7.541261e+01
      vertex   1.060860e+02 2.239741e+01 -7.519197e+01
      vertex   1.061030e+02 2.232625e+01 -7.516655e+01
    endloop
  endfacet
  facet normal 4.852246e-01 3.945654e-01 7.803046e-01
    outer loop
      vertex   1.061030e+02 2.232625e+01 -7.516655e+01
      vertex   1.060860e+02 2.239741e+01 -7.519197e+01
      vertex   1.057796e+02 2.232625e+01 -7.496546e+01
    endloop
  endfacet
  facet normal 9.012749e-02 9.921085e-01 8.716456e-02
    outer loop
      vertex   1.069718e+02 2.254440e+01 -7.629522e+01
      vertex   1.067149e+02 2.254440e+01 -7.602953e+01
      vertex   1.068351e+02 2.253440e+01 -7.604002e+01
    endloop
  endfacet
  facet normal 9.090927e-02 9.911177e-01 9.706284e-02
    outer loop
      vertex   1.068351e+02 2.253440e+01 -7.604002e+01
      vertex   1.067149e+02 2.254440e+01 -7.602953e+01
      vertex   1.065672e+02 2.253440e+01 -7.578919e+01
    endloop
  endfacet
  facet normal 2.589600e-01 9.254694e-01 2.764888e-01
    outer loop
      vertex   1.068351e+02 2.253440e+01 -7.604002e+01
      vertex   1.065672e+02 2.253440e+01 -7.578919e+01
      vertex   1.066145e+02 2.250508e+01 -7.573529e+01
    endloop
  endfacet
  facet normal 2.403224e-01 9.254694e-01 2.928336e-01
    outer loop
      vertex   1.066145e+02 2.250508e+01 -7.573529e+01
      vertex   1.065672e+02 2.253440e+01 -7.578919e+01
      vertex   1.063272e+02 2.250508e+01 -7.549953e+01
    endloop
  endfacet
  facet normal 3.826543e-01 7.976040e-01 4.662656e-01
    outer loop
      vertex   1.066145e+02 2.250508e+01 -7.573529e+01
      vertex   1.063272e+02 2.250508e+01 -7.549953e+01
      vertex   1.063648e+02 2.245838e+01 -7.545051e+01
    endloop
  endfacet
  facet normal 3.513398e-01 7.976040e-01 4.902941e-01
    outer loop
      vertex   1.063648e+02 2.245838e+01 -7.545051e+01
      vertex   1.063272e+02 2.250508e+01 -7.549953e+01
      vertex   1.060595e+02 2.245838e+01 -7.523169e+01
    endloop
  endfacet
  facet normal 4.585700e-01 6.166023e-01 6.399337e-01
    outer loop
      vertex   1.063648e+02 2.245838e+01 -7.545051e+01
      vertex   1.060595e+02 2.245838e+01 -7.523169e+01
      vertex   1.060860e+02 2.239741e+01 -7.519197e+01
    endloop
  endfacet
  facet normal 4.157345e-01 6.166023e-01 6.685555e-01
    outer loop
      vertex   1.060860e+02 2.239741e+01 -7.519197e+01
      vertex   1.060595e+02 2.245838e+01 -7.523169e+01
      vertex   1.057643e+02 2.239741e+01 -7.499194e+01
    endloop
  endfacet
  facet normal 4.852246e-01 3.945654e-01 7.803046e-01
    outer loop
      vertex   1.060860e+02 2.239741e+01 -7.519197e+01
      vertex   1.057643e+02 2.239741e+01 -7.499194e+01
      vertex   1.057796e+02 2.232625e+01 -7.496546e+01
    endloop
  endfacet
  facet normal 4.331513e-01 3.945654e-01 8.103691e-01
    outer loop
      vertex   1.057796e+02 2.232625e+01 -7.496546e+01
      vertex   1.057643e+02 2.239741e+01 -7.499194e+01
      vertex   1.054438e+02 2.232625e+01 -7.478595e+01
    endloop
  endfacet
  facet normal 8.397362e-02 9.921331e-01 9.284531e-02
    outer loop
      vertex   1.067149e+02 2.254440e+01 -7.602953e+01
      vertex   1.064407e+02 2.254440e+01 -7.578160e+01
      vertex   1.065672e+02 2.253440e+01 -7.578919e+01
    endloop
  endfacet
  facet normal 8.449783e-02 9.910899e-01 1.029609e-01
    outer loop
      vertex   1.065672e+02 2.253440e+01 -7.578919e+01
      vertex   1.064407e+02 2.254440e+01 -7.578160e+01
      vertex   1.062836e+02 2.253440e+01 -7.555640e+01
    endloop
  endfacet
  facet normal 2.403224e-01 9.254694e-01 2.928336e-01
    outer loop
      vertex   1.065672e+02 2.253440e+01 -7.578919e+01
      vertex   1.062836e+02 2.253440e+01 -7.555640e+01
      vertex   1.063272e+02 2.250508e+01 -7.549953e+01
    endloop
  endfacet
  facet normal 2.206556e-01 9.254694e-01 3.079245e-01
    outer loop
      vertex   1.063272e+02 2.250508e+01 -7.549953e+01
      vertex   1.062836e+02 2.253440e+01 -7.555640e+01
      vertex   1.060252e+02 2.250508e+01 -7.528306e+01
    endloop
  endfacet
  facet normal 3.513398e-01 7.976040e-01 4.902941e-01
    outer loop
      vertex   1.063272e+02 2.250508e+01 -7.549953e+01
      vertex   1.060252e+02 2.250508e+01 -7.528306e+01
      vertex   1.060595e+02 2.245838e+01 -7.523169e+01
    endloop
  endfacet
  facet normal 3.185207e-01 7.976040e-01 5.122230e-01
    outer loop
      vertex   1.060595e+02 2.245838e+01 -7.523169e+01
      vertex   1.060252e+02 2.250508e+01 -7.528306e+01
      vertex   1.057405e+02 2.245838e+01 -7.503331e+01
    endloop
  endfacet
  facet normal 4.157345e-01 6.166023e-01 6.685555e-01
    outer loop
      vertex   1.060595e+02 2.245838e+01 -7.523169e+01
      vertex   1.057405e+02 2.245838e+01 -7.503331e+01
      vertex   1.057643e+02 2.239741e+01 -7.499194e+01
    endloop
  endfacet
  facet normal 3.711188e-01 6.166023e-01 6.943144e-01
    outer loop
      vertex   1.057643e+02 2.239741e+01 -7.499194e+01
      vertex   1.057405e+02 2.245838e+01 -7.503331e+01
      vertex   1.054303e+02 2.239741e+01 -7.481337e+01
    endloop
  endfacet
  facet normal 4.331513e-01 3.945654e-01 8.103691e-01
    outer loop
      vertex   1.057643e+02 2.239741e+01 -7.499194e+01
      vertex   1.054303e+02 2.239741e+01 -7.481337e+01
      vertex   1.054438e+02 2.232625e+01 -7.478595e+01
    endloop
  endfacet
  facet normal 3.792232e-01 3.945654e-01 8.369635e-01
    outer loop
      vertex   1.054438e+02 2.232625e+01 -7.478595e+01
      vertex   1.054303e+02 2.239741e+01 -7.481337e+01
      vertex   1.050969e+02 2.232625e+01 -7.462879e+01
    endloop
  endfacet
  facet normal 7.747483e-02 9.921555e-01 9.810764e-02
    outer loop
      vertex   1.064407e+02 2.254440e+01 -7.578160e+01
      vertex   1.061507e+02 2.254440e+01 -7.555253e+01
      vertex   1.062836e+02 2.253440e+01 -7.555640e+01
    endloop
  endfacet
  facet normal 7.769296e-02 9.910645e-01 1.084204e-01
    outer loop
      vertex   1.062836e+02 2.253440e+01 -7.555640e+01
      vertex   1.061507e+02 2.254440e+01 -7.555253e+01
      vertex   1.059853e+02 2.253440e+01 -7.534267e+01
    endloop
  endfacet
  facet normal 2.206556e-01 9.254694e-01 3.079245e-01
    outer loop
      vertex   1.062836e+02 2.253440e+01 -7.555640e+01
      vertex   1.059853e+02 2.253440e+01 -7.534267e+01
      vertex   1.060252e+02 2.250508e+01 -7.528306e+01
    endloop
  endfacet
  facet normal 2.000439e-01 9.254694e-01 3.216968e-01
    outer loop
      vertex   1.060252e+02 2.250508e+01 -7.528306e+01
      vertex   1.059853e+02 2.253440e+01 -7.534267e+01
      vertex   1.057096e+02 2.250508e+01 -7.508682e+01
    endloop
  endfacet
  facet normal 3.185207e-01 7.976040e-01 5.122230e-01
    outer loop
      vertex   1.060252e+02 2.250508e+01 -7.528306e+01
      vertex   1.057096e+02 2.250508e+01 -7.508682e+01
      vertex   1.057405e+02 2.245838e+01 -7.503331e+01
    endloop
  endfacet
  facet normal 2.843378e-01 7.976040e-01 5.319586e-01
    outer loop
      vertex   1.057405e+02 2.245838e+01 -7.503331e+01
      vertex   1.057096e+02 2.250508e+01 -7.508682e+01
      vertex   1.054091e+02 2.245838e+01 -7.485622e+01
    endloop
  endfacet
  facet normal 3.711188e-01 6.166023e-01 6.943144e-01
    outer loop
      vertex   1.057405e+02 2.245838e+01 -7.503331e+01
      vertex   1.054091e+02 2.245838e+01 -7.485622e+01
      vertex   1.054303e+02 2.239741e+01 -7.481337e+01
    endloop
  endfacet
  facet normal 3.249139e-01 6.166023e-01 7.171002e-01
    outer loop
      vertex   1.054303e+02 2.239741e+01 -7.481337e+01
      vertex   1.054091e+02 2.245838e+01 -7.485622e+01
      vertex   1.050852e+02 2.239741e+01 -7.465704e+01
    endloop
  endfacet
  facet normal 3.792232e-01 3.945654e-01 8.369635e-01
    outer loop
      vertex   1.054303e+02 2.239741e+01 -7.481337e+01
      vertex   1.050852e+02 2.239741e+01 -7.465704e+01
      vertex   1.050969e+02 2.232625e+01 -7.462879e+01
    endloop
  endfacet
  facet normal 3.236712e-01 3.945654e-01 8.599739e-01
    outer loop
      vertex   1.050969e+02 2.232625e+01 -7.462879e+01
      vertex   1.050852e+02 2.239741e+01 -7.465704e+01
      vertex   1.047405e+02 2.232625e+01 -7.449465e+01
    endloop
  endfacet
  facet normal 7.065840e-02 9.921756e-01 1.029314e-01
    outer loop
      vertex   1.061507e+02 2.254440e+01 -7.555253e+01
      vertex   1.058459e+02 2.254440e+01 -7.534335e+01
      vertex   1.059853e+02 2.253440e+01 -7.534267e+01
    endloop
  endfacet
  facet normal 7.052559e-02 9.910415e-01 1.134144e-01
    outer loop
      vertex   1.059853e+02 2.253440e+01 -7.534267e+01
      vertex   1.058459e+02 2.254440e+01 -7.534335e+01
      vertex   1.056737e+02 2.253440e+01 -7.514890e+01
    endloop
  endfacet
  facet normal 2.000439e-01 9.254694e-01 3.216968e-01
    outer loop
      vertex   1.059853e+02 2.253440e+01 -7.534267e+01
      vertex   1.056737e+02 2.253440e+01 -7.514890e+01
      vertex   1.057096e+02 2.250508e+01 -7.508682e+01
    endloop
  endfacet
  facet normal 1.785756e-01 9.254694e-01 3.340915e-01
    outer loop
      vertex   1.057096e+02 2.250508e+01 -7.508682e+01
      vertex   1.056737e+02 2.253440e+01 -7.514890e+01
      vertex   1.053818e+02 2.250508e+01 -7.491163e+01
    endloop
  endfacet
  facet normal 2.843378e-01 7.976040e-01 5.319586e-01
    outer loop
      vertex   1.057096e+02 2.250508e+01 -7.508682e+01
      vertex   1.053818e+02 2.250508e+01 -7.491163e+01
      vertex   1.054091e+02 2.245838e+01 -7.485622e+01
    endloop
  endfacet
  facet normal 2.489372e-01 7.976040e-01 5.494162e-01
    outer loop
      vertex   1.054091e+02 2.245838e+01 -7.485622e+01
      vertex   1.053818e+02 2.250508e+01 -7.491163e+01
      vertex   1.050670e+02 2.245838e+01 -7.470117e+01
    endloop
  endfacet
  facet normal 3.249139e-01 6.166023e-01 7.171002e-01
    outer loop
      vertex   1.054091e+02 2.245838e+01 -7.485622e+01
      vertex   1.050670e+02 2.245838e+01 -7.470117e+01
      vertex   1.050852e+02 2.239741e+01 -7.465704e+01
    endloop
  endfacet
  facet normal 2.773176e-01 6.166023e-01 7.368152e-01
    outer loop
      vertex   1.050852e+02 2.239741e+01 -7.465704e+01
      vertex   1.050670e+02 2.245838e+01 -7.470117e+01
      vertex   1.047307e+02 2.239741e+01 -7.452360e+01
    endloop
  endfacet
  facet normal 3.236712e-01 3.945654e-01 8.599739e-01
    outer loop
      vertex   1.050852e+02 2.239741e+01 -7.465704e+01
      vertex   1.047307e+02 2.239741e+01 -7.452360e+01
      vertex   1.047405e+02 2.232625e+01 -7.449465e+01
    endloop
  endfacet
  facet normal 2.667333e-01 3.945654e-01 8.793017e-01
    outer loop
      vertex   1.047405e+02 2.232625e+01 -7.449465e+01
      vertex   1.047307e+02 2.239741e+01 -7.452360e+01
      vertex   1.043761e+02 2.232625e+01 -7.438411e+01
    endloop
  endfacet
  facet normal 6.355277e-02 9.921936e-01 1.072981e-01
    outer loop
      vertex   1.058459e+02 2.254440e+01 -7.534335e+01
      vertex   1.055279e+02 2.254440e+01 -7.515499e+01
      vertex   1.056737e+02 2.253440e+01 -7.514890e+01
    endloop
  endfacet
  facet normal 6.302853e-02 9.910211e-01 1.179181e-01
    outer loop
      vertex   1.056737e+02 2.253440e+01 -7.514890e+01
      vertex   1.055279e+02 2.254440e+01 -7.515499e+01
      vertex   1.053501e+02 2.253440e+01 -7.497592e+01
    endloop
  endfacet
  facet normal 1.785756e-01 9.254694e-01 3.340915e-01
    outer loop
      vertex   1.056737e+02 2.253440e+01 -7.514890e+01
      vertex   1.053501e+02 2.253440e+01 -7.497592e+01
      vertex   1.053818e+02 2.250508e+01 -7.491163e+01
    endloop
  endfacet
  facet normal 1.563426e-01 9.254694e-01 3.450556e-01
    outer loop
      vertex   1.053818e+02 2.250508e+01 -7.491163e+01
      vertex   1.053501e+02 2.253440e+01 -7.497592e+01
      vertex   1.050433e+02 2.250508e+01 -7.475826e+01
    endloop
  endfacet
  facet normal 2.489372e-01 7.976040e-01 5.494162e-01
    outer loop
      vertex   1.053818e+02 2.250508e+01 -7.491163e+01
      vertex   1.050433e+02 2.250508e+01 -7.475826e+01
      vertex   1.050670e+02 2.245838e+01 -7.470117e+01
    endloop
  endfacet
  facet normal 2.124707e-01 7.976040e-01 5.645211e-01
    outer loop
      vertex   1.050670e+02 2.245838e+01 -7.470117e+01
      vertex   1.050433e+02 2.250508e+01 -7.475826e+01
      vertex   1.047154e+02 2.245838e+01 -7.456884e+01
    endloop
  endfacet
  facet normal 2.773176e-01 6.166023e-01 7.368152e-01
    outer loop
      vertex   1.050670e+02 2.245838e+01 -7.470117e+01
      vertex   1.047154e+02 2.245838e+01 -7.456884e+01
      vertex   1.047307e+02 2.239741e+01 -7.452360e+01
    endloop
  endfacet
  facet normal 2.285338e-01 6.166023e-01 7.533750e-01
    outer loop
      vertex   1.047307e+02 2.239741e+01 -7.452360e+01
      vertex   1.047154e+02 2.245838e+01 -7.456884e+01
      vertex   1.043682e+02 2.239741e+01 -7.441364e+01
    endloop
  endfacet
  facet normal 2.667333e-01 3.945654e-01 8.793017e-01
    outer loop
      vertex   1.047307e+02 2.239741e+01 -7.452360e+01
      vertex   1.043682e+02 2.239741e+01 -7.441364e+01
      vertex   1.043761e+02 2.232625e+01 -7.438411e+01
    endloop
  endfacet
  facet normal 2.086531e-01 3.945654e-01 8.948642e-01
    outer loop
      vertex   1.043761e+02 2.232625e+01 -7.438411e+01
      vertex   1.043682e+02 2.239741e+01 -7.441364e+01
      vertex   1.040053e+02 2.232625e+01 -7.429764e+01
    endloop
  endfacet
  facet normal 5.618742e-02 9.922094e-01 1.111911e-01
    outer loop
      vertex   1.055279e+02 2.254440e+01 -7.515499e+01
      vertex   1.051980e+02 2.254440e+01 -7.498829e+01
      vertex   1.053501e+02 2.253440e+01 -7.497592e+01
    endloop
  endfacet
  facet normal 5.523633e-02 9.910031e-01 1.219092e-01
    outer loop
      vertex   1.053501e+02 2.253440e+01 -7.497592e+01
      vertex   1.051980e+02 2.254440e+01 -7.498829e+01
      vertex   1.050159e+02 2.253440e+01 -7.482448e+01
    endloop
  endfacet
  facet normal 1.563426e-01 9.254694e-01 3.450556e-01
    outer loop
      vertex   1.053501e+02 2.253440e+01 -7.497592e+01
      vertex   1.050159e+02 2.253440e+01 -7.482448e+01
      vertex   1.050433e+02 2.250508e+01 -7.475826e+01
    endloop
  endfacet
  facet normal 1.334402e-01 9.254694e-01 3.545421e-01
    outer loop
      vertex   1.050433e+02 2.250508e+01 -7.475826e+01
      vertex   1.050159e+02 2.253440e+01 -7.482448e+01
      vertex   1.046955e+02 2.250508e+01 -7.462735e+01
    endloop
  endfacet
  facet normal 2.124707e-01 7.976040e-01 5.645211e-01
    outer loop
      vertex   1.050433e+02 2.250508e+01 -7.475826e+01
      vertex   1.046955e+02 2.250508e+01 -7.462735e+01
      vertex   1.047154e+02 2.245838e+01 -7.456884e+01
    endloop
  endfacet
  facet normal 1.750943e-01 7.976040e-01 5.772087e-01
    outer loop
      vertex   1.047154e+02 2.245838e+01 -7.456884e+01
      vertex   1.046955e+02 2.250508e+01 -7.462735e+01
      vertex   1.043559e+02 2.245838e+01 -7.445979e+01
    endloop
  endfacet
  facet normal 2.285338e-01 6.166023e-01 7.533750e-01
    outer loop
      vertex   1.047154e+02 2.245838e+01 -7.456884e+01
      vertex   1.043559e+02 2.245838e+01 -7.445979e+01
      vertex   1.043682e+02 2.239741e+01 -7.441364e+01
    endloop
  endfacet
  facet normal 1.787714e-01 6.166023e-01 7.667088e-01
    outer loop
      vertex   1.043682e+02 2.239741e+01 -7.441364e+01
      vertex   1.043559e+02 2.245838e+01 -7.445979e+01
      vertex   1.039993e+02 2.239741e+01 -7.432763e+01
    endloop
  endfacet
  facet normal 2.086531e-01 3.945654e-01 8.948642e-01
    outer loop
      vertex   1.043682e+02 2.239741e+01 -7.441364e+01
      vertex   1.039993e+02 2.239741e+01 -7.432763e+01
      vertex   1.040053e+02 2.232625e+01 -7.429764e+01
    endloop
  endfacet
  facet normal 1.496794e-01 3.945654e-01 9.065948e-01
    outer loop
      vertex   1.040053e+02 2.232625e+01 -7.429764e+01
      vertex   1.039993e+02 2.239741e+01 -7.432763e+01
      vertex   1.036296e+02 2.232625e+01 -7.423561e+01
    endloop
  endfacet
  facet normal 4.859273e-02 9.922231e-01 1.145956e-01
    outer loop
      vertex   1.051980e+02 2.254440e+01 -7.498829e+01
      vertex   1.048578e+02 2.254440e+01 -7.484400e+01
      vertex   1.050159e+02 2.253440e+01 -7.482448e+01
    endloop
  endfacet
  facet normal 4.718510e-02 9.909876e-01 1.253678e-01
    outer loop
      vertex   1.050159e+02 2.253440e+01 -7.482448e+01
      vertex   1.048578e+02 2.254440e+01 -7.484400e+01
      vertex   1.046725e+02 2.253440e+01 -7.469523e+01
    endloop
  endfacet
  facet normal 1.334402e-01 9.254694e-01 3.545421e-01
    outer loop
      vertex   1.050159e+02 2.253440e+01 -7.482448e+01
      vertex   1.046725e+02 2.253440e+01 -7.469523e+01
      vertex   1.046955e+02 2.250508e+01 -7.462735e+01
    endloop
  endfacet
  facet normal 1.099663e-01 9.254694e-01 3.625104e-01
    outer loop
      vertex   1.046955e+02 2.250508e+01 -7.462735e+01
      vertex   1.046725e+02 2.253440e+01 -7.469523e+01
      vertex   1.043399e+02 2.250508e+01 -7.451947e+01
    endloop
  endfacet
  facet normal 1.750943e-01 7.976040e-01 5.772087e-01
    outer loop
      vertex   1.046955e+02 2.250508e+01 -7.462735e+01
      vertex   1.043399e+02 2.250508e+01 -7.451947e+01
      vertex   1.043559e+02 2.245838e+01 -7.445979e+01
    endloop
  endfacet
  facet normal 1.369682e-01 7.976040e-01 5.874245e-01
    outer loop
      vertex   1.043559e+02 2.245838e+01 -7.445979e+01
      vertex   1.043399e+02 2.250508e+01 -7.451947e+01
      vertex   1.039900e+02 2.245838e+01 -7.437448e+01
    endloop
  endfacet
  facet normal 1.787714e-01 6.166023e-01 7.667088e-01
    outer loop
      vertex   1.043559e+02 2.245838e+01 -7.445979e+01
      vertex   1.039900e+02 2.245838e+01 -7.437448e+01
      vertex   1.039993e+02 2.239741e+01 -7.432763e+01
    endloop
  endfacet
  facet normal 1.282435e-01 6.166023e-01 7.767594e-01
    outer loop
      vertex   1.039993e+02 2.239741e+01 -7.432763e+01
      vertex   1.039900e+02 2.245838e+01 -7.437448e+01
      vertex   1.036256e+02 2.239741e+01 -7.426592e+01
    endloop
  endfacet
  facet normal 1.496794e-01 3.945654e-01 9.065948e-01
    outer loop
      vertex   1.039993e+02 2.239741e+01 -7.432763e+01
      vertex   1.036256e+02 2.239741e+01 -7.426592e+01
      vertex   1.036296e+02 2.232625e+01 -7.423561e+01
    endloop
  endfacet
  facet normal 9.006480e-02 3.945654e-01 9.144433e-01
    outer loop
      vertex   1.036296e+02 2.232625e+01 -7.423561e+01
      vertex   1.036256e+02 2.239741e+01 -7.426592e+01
      vertex   1.032506e+02 2.232625e+01 -7.419829e+01
    endloop
  endfacet
  facet normal 4.079993e-02 9.922346e-01 1.174985e-01
    outer loop
      vertex   1.048578e+02 2.254440e+01 -7.484400e+01
      vertex   1.045086e+02 2.254440e+01 -7.472276e+01
      vertex   1.046725e+02 2.253440e+01 -7.469523e+01
    endloop
  endfacet
  facet normal 3.891233e-02 9.909747e-01 1.282768e-01
    outer loop
      vertex   1.046725e+02 2.253440e+01 -7.469523e+01
      vertex   1.045086e+02 2.254440e+01 -7.472276e+01
      vertex   1.043213e+02 2.253440e+01 -7.458871e+01
    endloop
  endfacet
  facet normal 1.099663e-01 9.254694e-01 3.625104e-01
    outer loop
      vertex   1.046725e+02 2.253440e+01 -7.469523e+01
      vertex   1.043213e+02 2.253440e+01 -7.458871e+01
      vertex   1.043399e+02 2.250508e+01 -7.451947e+01
    endloop
  endfacet
  facet normal 8.602157e-02 9.254694e-01 3.689264e-01
    outer loop
      vertex   1.043399e+02 2.250508e+01 -7.451947e+01
      vertex   1.043213e+02 2.253440e+01 -7.458871e+01
      vertex   1.039779e+02 2.250508e+01 -7.443508e+01
    endloop
  endfacet
  facet normal 1.369682e-01 7.976040e-01 5.874245e-01
    outer loop
      vertex   1.043399e+02 2.250508e+01 -7.451947e+01
      vertex   1.039779e+02 2.250508e+01 -7.443508e+01
      vertex   1.039900e+02 2.245838e+01 -7.437448e+01
    endloop
  endfacet
  facet normal 9.825553e-02 7.976040e-01 5.951250e-01
    outer loop
      vertex   1.039900e+02 2.245838e+01 -7.437448e+01
      vertex   1.039779e+02 2.250508e+01 -7.443508e+01
      vertex   1.036193e+02 2.245838e+01 -7.431329e+01
    endloop
  endfacet
  facet normal 1.282435e-01 6.166023e-01 7.767594e-01
    outer loop
      vertex   1.039900e+02 2.245838e+01 -7.437448e+01
      vertex   1.036193e+02 2.245838e+01 -7.431329e+01
      vertex   1.036256e+02 2.239741e+01 -7.426592e+01
    endloop
  endfacet
  facet normal 7.716643e-02 6.166023e-01 7.834839e-01
    outer loop
      vertex   1.036256e+02 2.239741e+01 -7.426592e+01
      vertex   1.036193e+02 2.245838e+01 -7.431329e+01
      vertex   1.032486e+02 2.239741e+01 -7.422879e+01
    endloop
  endfacet
  facet normal 9.006480e-02 3.945654e-01 9.144433e-01
    outer loop
      vertex   1.036256e+02 2.239741e+01 -7.426592e+01
      vertex   1.032486e+02 2.239741e+01 -7.422879e+01
      vertex   1.032506e+02 2.232625e+01 -7.419829e+01
    endloop
  endfacet
  facet normal 3.006451e-02 3.945654e-01 9.183759e-01
    outer loop
      vertex   1.032506e+02 2.232625e+01 -7.419829e+01
      vertex   1.032486e+02 2.239741e+01 -7.422879e+01
      vertex   1.028700e+02 2.232625e+01 -7.418583e+01
    endloop
  endfacet
  facet normal 3.284095e-02 9.922440e-01 1.198888e-01
    outer loop
      vertex   1.045086e+02 2.254440e+01 -7.472276e+01
      vertex   1.041521e+02 2.254440e+01 -7.462511e+01
      vertex   1.043213e+02 2.253440e+01 -7.458871e+01
    endloop
  endfacet
  facet normal 3.045668e-02 9.909644e-01 1.306216e-01
    outer loop
      vertex   1.043213e+02 2.253440e+01 -7.458871e+01
      vertex   1.041521e+02 2.254440e+01 -7.462511e+01
      vertex   1.039640e+02 2.253440e+01 -7.450539e+01
    endloop
  endfacet
  facet normal 8.602157e-02 9.254694e-01 3.689264e-01
    outer loop
      vertex   1.043213e+02 2.253440e+01 -7.458871e+01
      vertex   1.039640e+02 2.253440e+01 -7.450539e+01
      vertex   1.039779e+02 2.250508e+01 -7.443508e+01
    endloop
  endfacet
  facet normal 6.170845e-02 9.254694e-01 3.737626e-01
    outer loop
      vertex   1.039779e+02 2.250508e+01 -7.443508e+01
      vertex   1.039640e+02 2.253440e+01 -7.450539e+01
      vertex   1.036113e+02 2.250508e+01 -7.437454e+01
    endloop
  endfacet
  facet normal 9.825553e-02 7.976040e-01 5.951250e-01
    outer loop
      vertex   1.039779e+02 2.250508e+01 -7.443508e+01
      vertex   1.036113e+02 2.250508e+01 -7.437454e+01
      vertex   1.036193e+02 2.245838e+01 -7.431329e+01
    endloop
  endfacet
  facet normal 5.912212e-02 7.976040e-01 6.002770e-01
    outer loop
      vertex   1.036193e+02 2.245838e+01 -7.431329e+01
      vertex   1.036113e+02 2.250508e+01 -7.437454e+01
      vertex   1.032455e+02 2.245838e+01 -7.427646e+01
    endloop
  endfacet
  facet normal 7.716643e-02 6.166023e-01 7.834839e-01
    outer loop
      vertex   1.036193e+02 2.245838e+01 -7.431329e+01
      vertex   1.032455e+02 2.245838e+01 -7.427646e+01
      vertex   1.032486e+02 2.239741e+01 -7.422879e+01
    endloop
  endfacet
  facet normal 2.575891e-02 6.166023e-01 7.868533e-01
    outer loop
      vertex   1.032486e+02 2.239741e+01 -7.422879e+01
      vertex   1.032455e+02 2.245838e+01 -7.427646e+01
      vertex   1.028700e+02 2.239741e+01 -7.421640e+01
    endloop
  endfacet
  facet normal 3.006451e-02 3.945654e-01 9.183759e-01
    outer loop
      vertex   1.032486e+02 2.239741e+01 -7.422879e+01
      vertex   1.028700e+02 2.239741e+01 -7.421640e+01
      vertex   1.028700e+02 2.232625e+01 -7.418583e+01
    endloop
  endfacet
  facet normal -3.006451e-02 3.945654e-01 9.183759e-01
    outer loop
      vertex   1.028700e+02 2.232625e+01 -7.418583e+01
      vertex   1.028700e+02 2.239741e+01 -7.421640e+01
      vertex   1.024894e+02 2.232625e+01 -7.419829e+01
    endloop
  endfacet
  facet normal 2.474830e-02 9.922513e-01 1.217575e-01
    outer loop
      vertex   1.041521e+02 2.254440e+01 -7.462511e+01
      vertex   1.037899e+02 2.254440e+01 -7.455149e+01
      vertex   1.039640e+02 2.253440e+01 -7.450539e+01
    endloop
  endfacet
  facet normal 2.185776e-02 9.909566e-01 1.323905e-01
    outer loop
      vertex   1.039640e+02 2.253440e+01 -7.450539e+01
      vertex   1.037899e+02 2.254440e+01 -7.455149e+01
      vertex   1.036019e+02 2.253440e+01 -7.444561e+01
    endloop
  endfacet
  facet normal 6.170845e-02 9.254694e-01 3.737626e-01
    outer loop
      vertex   1.039640e+02 2.253440e+01 -7.450539e+01
      vertex   1.036019e+02 2.253440e+01 -7.444561e+01
      vertex   1.036113e+02 2.250508e+01 -7.437454e+01
    endloop
  endfacet
  facet normal 3.713108e-02 9.254694e-01 3.769982e-01
    outer loop
      vertex   1.036113e+02 2.250508e+01 -7.437454e+01
      vertex   1.036019e+02 2.253440e+01 -7.444561e+01
      vertex   1.032414e+02 2.250508e+01 -7.433812e+01
    endloop
  endfacet
  facet normal 5.912212e-02 7.976040e-01 6.002770e-01
    outer loop
      vertex   1.036113e+02 2.250508e+01 -7.437454e+01
      vertex   1.032414e+02 2.250508e+01 -7.433812e+01
      vertex   1.032455e+02 2.245838e+01 -7.427646e+01
    endloop
  endfacet
  facet normal 1.973554e-02 7.976040e-01 6.028585e-01
    outer loop
      vertex   1.032455e+02 2.245838e+01 -7.427646e+01
      vertex   1.032414e+02 2.250508e+01 -7.433812e+01
      vertex   1.028700e+02 2.245838e+01 -7.426417e+01
    endloop
  endfacet
  facet normal 2.575891e-02 6.166023e-01 7.868533e-01
    outer loop
      vertex   1.032455e+02 2.245838e+01 -7.427646e+01
      vertex   1.028700e+02 2.245838e+01 -7.426417e+01
      vertex   1.028700e+02 2.239741e+01 -7.421640e+01
    endloop
  endfacet
  facet normal -2.575891e-02 6.166023e-01 7.868533e-01
    outer loop
      vertex   1.028700e+02 2.239741e+01 -7.421640e+01
      vertex   1.028700e+02 2.245838e+01 -7.426417e+01
      vertex   1.024914e+02 2.239741e+01 -7.422879e+01
    endloop
  endfacet
  facet normal -3.006451e-02 3.945654e-01 9.183759e-01
    outer loop
      vertex   1.028700e+02 2.239741e+01 -7.421640e+01
      vertex   1.024914e+02 2.239741e+01 -7.422879e+01
      vertex   1.024894e+02 2.232625e+01 -7.419829e+01
    endloop
  endfacet
  facet normal -9.006480e-02 3.945654e-01 9.144433e-01
    outer loop
      vertex   1.024894e+02 2.232625e+01 -7.419829e+01
      vertex   1.024914e+02 2.239741e+01 -7.422879e+01
      vertex   1.021104e+02 2.232625e+01 -7.423561e+01
    endloop
  endfacet
  facet normal 1.655498e-02 9.922565e-01 1.230973e-01
    outer loop
      vertex   1.037899e+02 2.254440e+01 -7.455149e+01
      vertex   1.034236e+02 2.254440e+01 -7.450222e+01
      vertex   1.036019e+02 2.253440e+01 -7.444561e+01
    endloop
  endfacet
  facet normal 1.315596e-02 9.909514e-01 1.335747e-01
    outer loop
      vertex   1.036019e+02 2.253440e+01 -7.444561e+01
      vertex   1.034236e+02 2.254440e+01 -7.450222e+01
      vertex   1.032367e+02 2.253440e+01 -7.440965e+01
    endloop
  endfacet
  facet normal 3.713108e-02 9.254694e-01 3.769982e-01
    outer loop
      vertex   1.036019e+02 2.253440e+01 -7.444561e+01
      vertex   1.032367e+02 2.253440e+01 -7.440965e+01
      vertex   1.032414e+02 2.250508e+01 -7.433812e+01
    endloop
  endfacet
  facet normal 1.239472e-02 9.254694e-01 3.786195e-01
    outer loop
      vertex   1.032414e+02 2.250508e+01 -7.433812e+01
      vertex   1.032367e+02 2.253440e+01 -7.440965e+01
      vertex   1.028700e+02 2.250508e+01 -7.432596e+01
    endloop
  endfacet
  facet normal 1.973554e-02 7.976040e-01 6.028585e-01
    outer loop
      vertex   1.032414e+02 2.250508e+01 -7.433812e+01
      vertex   1.028700e+02 2.250508e+01 -7.432596e+01
      vertex   1.028700e+02 2.245838e+01 -7.426417e+01
    endloop
  endfacet
  facet normal -1.973554e-02 7.976040e-01 6.028585e-01
    outer loop
      vertex   1.028700e+02 2.245838e+01 -7.426417e+01
      vertex   1.028700e+02 2.250508e+01 -7.432596e+01
      vertex   1.024945e+02 2.245838e+01 -7.427646e+01
    endloop
  endfacet
  facet normal -2.575891e-02 6.166023e-01 7.868533e-01
    outer loop
      vertex   1.028700e+02 2.245838e+01 -7.426417e+01
      vertex   1.024945e+02 2.245838e+01 -7.427646e+01
      vertex   1.024914e+02 2.239741e+01 -7.422879e+01
    endloop
  endfacet
  facet normal -7.716643e-02 6.166023e-01 7.834839e-01
    outer loop
      vertex   1.024914e+02 2.239741e+01 -7.422879e+01
      vertex   1.024945e+02 2.245838e+01 -7.427646e+01
      vertex   1.021144e+02 2.239741e+01 -7.426592e+01
    endloop
  endfacet
  facet normal -9.006480e-02 3.945654e-01 9.144433e-01
    outer loop
      vertex   1.024914e+02 2.239741e+01 -7.422879e+01
      vertex   1.021144e+02 2.239741e+01 -7.426592e+01
      vertex   1.021104e+02 2.232625e+01 -7.423561e+01
    endloop
  endfacet
  facet normal -1.496794e-01 3.945654e-01 9.065948e-01
    outer loop
      vertex   1.021104e+02 2.232625e+01 -7.423561e+01
      vertex   1.021144e+02 2.239741e+01 -7.426592e+01
      vertex   1.017347e+02 2.232625e+01 -7.429764e+01
    endloop
  endfacet
  facet normal 8.294348e-03 9.922596e-01 1.239033e-01
    outer loop
      vertex   1.034236e+02 2.254440e+01 -7.450222e+01
      vertex   1.030548e+02 2.254440e+01 -7.447753e+01
      vertex   1.032367e+02 2.253440e+01 -7.440965e+01
    endloop
  endfacet
  facet normal 4.392215e-03 9.909488e-01 1.341683e-01
    outer loop
      vertex   1.032367e+02 2.253440e+01 -7.440965e+01
      vertex   1.030548e+02 2.254440e+01 -7.447753e+01
      vertex   1.028700e+02 2.253440e+01 -7.439764e+01
    endloop
  endfacet
  facet normal 1.239472e-02 9.254694e-01 3.786195e-01
    outer loop
      vertex   1.032367e+02 2.253440e+01 -7.440965e+01
      vertex   1.028700e+02 2.253440e+01 -7.439764e+01
      vertex   1.028700e+02 2.250508e+01 -7.432596e+01
    endloop
  endfacet
  facet normal -1.239472e-02 9.254694e-01 3.786195e-01
    outer loop
      vertex   1.028700e+02 2.250508e+01 -7.432596e+01
      vertex   1.028700e+02 2.253440e+01 -7.439764e+01
      vertex   1.024986e+02 2.250508e+01 -7.433812e+01
    endloop
  endfacet
  facet normal -1.973554e-02 7.976040e-01 6.028585e-01
    outer loop
      vertex   1.028700e+02 2.250508e+01 -7.432596e+01
      vertex   1.024986e+02 2.250508e+01 -7.433812e+01
      vertex   1.024945e+02 2.245838e+01 -7.427646e+01
    endloop
  endfacet
  facet normal -5.912212e-02 7.976040e-01 6.002770e-01
    outer loop
      vertex   1.024945e+02 2.245838e+01 -7.427646e+01
      vertex   1.024986e+02 2.250508e+01 -7.433812e+01
      vertex   1.021207e+02 2.245838e+01 -7.431329e+01
    endloop
  endfacet
  facet normal -7.716643e-02 6.166023e-01 7.834839e-01
    outer loop
      vertex   1.024945e+02 2.245838e+01 -7.427646e+01
      vertex   1.021207e+02 2.245838e+01 -7.431329e+01
      vertex   1.021144e+02 2.239741e+01 -7.426592e+01
    endloop
  endfacet
  facet normal -1.282435e-01 6.166023e-01 7.767594e-01
    outer loop
      vertex   1.021144e+02 2.239741e+01 -7.426592e+01
      vertex   1.021207e+02 2.245838e+01 -7.431329e+01
      vertex   1.017407e+02 2.239741e+01 -7.432763e+01
    endloop
  endfacet
  facet normal -1.496794e-01 3.945654e-01 9.065948e-01
    outer loop
      vertex   1.021144e+02 2.239741e+01 -7.426592e+01
      vertex   1.017407e+02 2.239741e+01 -7.432763e+01
      vertex   1.017347e+02 2.232625e+01 -7.429764e+01
    endloop
  endfacet
  facet normal -2.086531e-01 3.945654e-01 8.948642e-01
    outer loop
      vertex   1.017347e+02 2.232625e+01 -7.429764e+01
      vertex   1.017407e+02 2.239741e+01 -7.432763e+01
      vertex   1.013639e+02 2.232625e+01 -7.438411e+01
    endloop
  endfacet
  facet normal 0.000000e+00 9.922607e-01 1.241723e-01
    outer loop
      vertex   1.030548e+02 2.254440e+01 -7.447753e+01
      vertex   1.026852e+02 2.254440e+01 -7.447753e+01
      vertex   1.028700e+02 2.253440e+01 -7.439764e+01
    endloop
  endfacet
  facet normal -4.392215e-03 9.909488e-01 1.341683e-01
    outer loop
      vertex   1.028700e+02 2.253440e+01 -7.439764e+01
      vertex   1.026852e+02 2.254440e+01 -7.447753e+01
      vertex   1.025033e+02 2.253440e+01 -7.440965e+01
    endloop
  endfacet
  facet normal -1.239472e-02 9.254694e-01 3.786195e-01
    outer loop
      vertex   1.028700e+02 2.253440e+01 -7.439764e+01
      vertex   1.025033e+02 2.253440e+01 -7.440965e+01
      vertex   1.024986e+02 2.250508e+01 -7.433812e+01
    endloop
  endfacet
  facet normal -3.713108e-02 9.254694e-01 3.769982e-01
    outer loop
      vertex   1.024986e+02 2.250508e+01 -7.433812e+01
      vertex   1.025033e+02 2.253440e+01 -7.440965e+01
      vertex   1.021287e+02 2.250508e+01 -7.437454e+01
    endloop
  endfacet
  facet normal -5.912212e-02 7.976040e-01 6.002770e-01
    outer loop
      vertex   1.024986e+02 2.250508e+01 -7.433812e+01
      vertex   1.021287e+02 2.250508e+01 -7.437454e+01
      vertex   1.021207e+02 2.245838e+01 -7.431329e+01
    endloop
  endfacet
  facet normal -9.825553e-02 7.976040e-01 5.951250e-01
    outer loop
      vertex   1.021207e+02 2.245838e+01 -7.431329e+01
      vertex   1.021287e+02 2.250508e+01 -7.437454e+01
      vertex   1.017500e+02 2.245838e+01 -7.437448e+01
    endloop
  endfacet
  facet normal -1.282435e-01 6.166023e-01 7.767594e-01
    outer loop
      vertex   1.021207e+02 2.245838e+01 -7.431329e+01
      vertex   1.017500e+02 2.245838e+01 -7.437448e+01
      vertex   1.017407e+02 2.239741e+01 -7.432763e+01
    endloop
  endfacet
  facet normal -1.787714e-01 6.166023e-01 7.667088e-01
    outer loop
      vertex   1.017407e+02 2.239741e+01 -7.432763e+01
      vertex   1.017500e+02 2.245838e+01 -7.437448e+01
      vertex   1.013718e+02 2.239741e+01 -7.441364e+01
    endloop
  endfacet
  facet normal -2.086531e-01 3.945654e-01 8.948642e-01
    outer loop
      vertex   1.017407e+02 2.239741e+01 -7.432763e+01
      vertex   1.013718e+02 2.239741e+01 -7.441364e+01
      vertex   1.013639e+02 2.232625e+01 -7.438411e+01
    endloop
  endfacet
  facet normal -2.667333e-01 3.945654e-01 8.793017e-01
    outer loop
      vertex   1.013639e+02 2.232625e+01 -7.438411e+01
      vertex   1.013718e+02 2.239741e+01 -7.441364e+01
      vertex   1.009995e+02 2.232625e+01 -7.449465e+01
    endloop
  endfacet
  facet normal -8.294348e-03 9.922596e-01 1.239033e-01
    outer loop
      vertex   1.026852e+02 2.254440e+01 -7.447753e+01
      vertex   1.023164e+02 2.254440e+01 -7.450222e+01
      vertex   1.025033e+02 2.253440e+01 -7.440965e+01
    endloop
  endfacet
  facet normal -1.315596e-02 9.909514e-01 1.335747e-01
    outer loop
      vertex   1.025033e+02 2.253440e+01 -7.440965e+01
      vertex   1.023164e+02 2.254440e+01 -7.450222e+01
      vertex   1.021381e+02 2.253440e+01 -7.444561e+01
    endloop
  endfacet
  facet normal -3.713108e-02 9.254694e-01 3.769982e-01
    outer loop
      vertex   1.025033e+02 2.253440e+01 -7.440965e+01
      vertex   1.021381e+02 2.253440e+01 -7.444561e+01
      vertex   1.021287e+02 2.250508e+01 -7.437454e+01
    endloop
  endfacet
  facet normal -6.170845e-02 9.254694e-01 3.737626e-01
    outer loop
      vertex   1.021287e+02 2.250508e+01 -7.437454e+01
      vertex   1.021381e+02 2.253440e+01 -7.444561e+01
      vertex   1.017621e+02 2.250508e+01 -7.443508e+01
    endloop
  endfacet
  facet normal -9.825553e-02 7.976040e-01 5.951250e-01
    outer loop
      vertex   1.021287e+02 2.250508e+01 -7.437454e+01
      vertex   1.017621e+02 2.250508e+01 -7.443508e+01
      vertex   1.017500e+02 2.245838e+01 -7.437448e+01
    endloop
  endfacet
  facet normal -1.369682e-01 7.976040e-01 5.874245e-01
    outer loop
      vertex   1.017500e+02 2.245838e+01 -7.437448e+01
      vertex   1.017621e+02 2.250508e+01 -7.443508e+01
      vertex   1.013841e+02 2.245838e+01 -7.445979e+01
    endloop
  endfacet
  facet normal -1.787714e-01 6.166023e-01 7.667088e-01
    outer loop
      vertex   1.017500e+02 2.245838e+01 -7.437448e+01
      vertex   1.013841e+02 2.245838e+01 -7.445979e+01
      vertex   1.013718e+02 2.239741e+01 -7.441364e+01
    endloop
  endfacet
  facet normal -2.285338e-01 6.166023e-01 7.533750e-01
    outer loop
      vertex   1.013718e+02 2.239741e+01 -7.441364e+01
      vertex   1.013841e+02 2.245838e+01 -7.445979e+01
      vertex   1.010093e+02 2.239741e+01 -7.452360e+01
    endloop
  endfacet
  facet normal -2.667333e-01 3.945654e-01 8.793017e-01
    outer loop
      vertex   1.013718e+02 2.239741e+01 -7.441364e+01
      vertex   1.010093e+02 2.239741e+01 -7.452360e+01
      vertex   1.009995e+02 2.232625e+01 -7.449465e+01
    endloop
  endfacet
  facet normal -3.236712e-01 3.945654e-01 8.599739e-01
    outer loop
      vertex   1.009995e+02 2.232625e+01 -7.449465e+01
      vertex   1.010093e+02 2.239741e+01 -7.452360e+01
      vertex   1.006431e+02 2.232625e+01 -7.462879e+01
    endloop
  endfacet
  facet normal -1.655498e-02 9.922565e-01 1.230973e-01
    outer loop
      vertex   1.023164e+02 2.254440e+01 -7.450222e+01
      vertex   1.019501e+02 2.254440e+01 -7.455149e+01
      vertex   1.021381e+02 2.253440e+01 -7.444561e+01
    endloop
  endfacet
  facet normal -2.185776e-02 9.909566e-01 1.323905e-01
    outer loop
      vertex   1.021381e+02 2.253440e+01 -7.444561e+01
      vertex   1.019501e+02 2.254440e+01 -7.455149e+01
      vertex   1.017760e+02 2.253440e+01 -7.450539e+01
    endloop
  endfacet
  facet normal -6.170845e-02 9.254694e-01 3.737626e-01
    outer loop
      vertex   1.021381e+02 2.253440e+01 -7.444561e+01
      vertex   1.017760e+02 2.253440e+01 -7.450539e+01
      vertex   1.017621e+02 2.250508e+01 -7.443508e+01
    endloop
  endfacet
  facet normal -8.602157e-02 9.254694e-01 3.689264e-01
    outer loop
      vertex   1.017621e+02 2.250508e+01 -7.443508e+01
      vertex   1.017760e+02 2.253440e+01 -7.450539e+01
      vertex   1.014001e+02 2.250508e+01 -7.451947e+01
    endloop
  endfacet
  facet normal -1.369682e-01 7.976040e-01 5.874245e-01
    outer loop
      vertex   1.017621e+02 2.250508e+01 -7.443508e+01
      vertex   1.014001e+02 2.250508e+01 -7.451947e+01
      vertex   1.013841e+02 2.245838e+01 -7.445979e+01
    endloop
  endfacet
  facet normal -1.750943e-01 7.976040e-01 5.772087e-01
    outer loop
      vertex   1.013841e+02 2.245838e+01 -7.445979e+01
      vertex   1.014001e+02 2.250508e+01 -7.451947e+01
      vertex   1.010246e+02 2.245838e+01 -7.456884e+01
    endloop
  endfacet
  facet normal -2.285338e-01 6.166023e-01 7.533750e-01
    outer loop
      vertex   1.013841e+02 2.245838e+01 -7.445979e+01
      vertex   1.010246e+02 2.245838e+01 -7.456884e+01
      vertex   1.010093e+02 2.239741e+01 -7.452360e+01
    endloop
  endfacet
  facet normal -2.773176e-01 6.166023e-01 7.368152e-01
    outer loop
      vertex   1.010093e+02 2.239741e+01 -7.452360e+01
      vertex   1.010246e+02 2.245838e+01 -7.456884e+01
      vertex   1.006548e+02 2.239741e+01 -7.465704e+01
    endloop
  endfacet
  facet normal -3.236712e-01 3.945654e-01 8.599739e-01
    outer loop
      vertex   1.010093e+02 2.239741e+01 -7.452360e+01
      vertex   1.006548e+02 2.239741e+01 -7.465704e+01
      vertex   1.006431e+02 2.232625e+01 -7.462879e+01
    endloop
  endfacet
  facet normal -3.792232e-01 3.945654e-01 8.369635e-01
    outer loop
      vertex   1.006431e+02 2.232625e+01 -7.462879e+01
      vertex   1.006548e+02 2.239741e+01 -7.465704e+01
      vertex   1.002962e+02 2.232625e+01 -7.478595e+01
    endloop
  endfacet
  facet normal -2.474830e-02 9.922513e-01 1.217575e-01
    outer loop
      vertex   1.019501e+02 2.254440e+01 -7.455149e+01
      vertex   1.015879e+02 2.254440e+01 -7.462511e+01
      vertex   1.017760e+02 2.253440e+01 -7.450539e+01
    endloop
  endfacet
  facet normal -3.045668e-02 9.909644e-01 1.306216e-01
    outer loop
      vertex   1.017760e+02 2.253440e+01 -7.450539e+01
      vertex   1.015879e+02 2.254440e+01 -7.462511e+01
      vertex   1.014187e+02 2.253440e+01 -7.458871e+01
    endloop
  endfacet
  facet normal -8.602157e-02 9.254694e-01 3.689264e-01
    outer loop
      vertex   1.017760e+02 2.253440e+01 -7.450539e+01
      vertex   1.014187e+02 2.253440e+01 -7.458871e+01
      vertex   1.014001e+02 2.250508e+01 -7.451947e+01
    endloop
  endfacet
  facet normal -1.099663e-01 9.254694e-01 3.625104e-01
    outer loop
      vertex   1.014001e+02 2.250508e+01 -7.451947e+01
      vertex   1.014187e+02 2.253440e+01 -7.458871e+01
      vertex   1.010445e+02 2.250508e+01 -7.462735e+01
    endloop
  endfacet
  facet normal -1.750943e-01 7.976040e-01 5.772087e-01
    outer loop
      vertex   1.014001e+02 2.250508e+01 -7.451947e+01
      vertex   1.010445e+02 2.250508e+01 -7.462735e+01
      vertex   1.010246e+02 2.245838e+01 -7.456884e+01
    endloop
  endfacet
  facet normal -2.124707e-01 7.976040e-01 5.645211e-01
    outer loop
      vertex   1.010246e+02 2.245838e+01 -7.456884e+01
      vertex   1.010445e+02 2.250508e+01 -7.462735e+01
      vertex   1.006730e+02 2.245838e+01 -7.470117e+01
    endloop
  endfacet
  facet normal -2.773176e-01 6.166023e-01 7.368152e-01
    outer loop
      vertex   1.010246e+02 2.245838e+01 -7.456884e+01
      vertex   1.006730e+02 2.245838e+01 -7.470117e+01
      vertex   1.006548e+02 2.239741e+01 -7.465704e+01
    endloop
  endfacet
  facet normal -3.249139e-01 6.166023e-01 7.171002e-01
    outer loop
      vertex   1.006548e+02 2.239741e+01 -7.465704e+01
      vertex   1.006730e+02 2.245838e+01 -7.470117e+01
      vertex   1.003097e+02 2.239741e+01 -7.481337e+01
    endloop
  endfacet
  facet normal -3.792232e-01 3.945654e-01 8.369635e-01
    outer loop
      vertex   1.006548e+02 2.239741e+01 -7.465704e+01
      vertex   1.003097e+02 2.239741e+01 -7.481337e+01
      vertex   1.002962e+02 2.232625e+01 -7.478595e+01
    endloop
  endfacet
  facet normal -4.331513e-01 3.945654e-01 8.103691e-01
    outer loop
      vertex   1.002962e+02 2.232625e+01 -7.478595e+01
      vertex   1.003097e+02 2.239741e+01 -7.481337e+01
      vertex   9.996037e+01 2.232625e+01 -7.496546e+01
    endloop
  endfacet
  facet normal -3.284095e-02 9.922440e-01 1.198888e-01
    outer loop
      vertex   1.015879e+02 2.254440e+01 -7.462511e+01
      vertex   1.012314e+02 2.254440e+01 -7.472276e+01
      vertex   1.014187e+02 2.253440e+01 -7.458871e+01
    endloop
  endfacet
  facet normal -3.891233e-02 9.909747e-01 1.282768e-01
    outer loop
      vertex   1.014187e+02 2.253440e+01 -7.458871e+01
      vertex   1.012314e+02 2.254440e+01 -7.472276e+01
      vertex   1.010675e+02 2.253440e+01 -7.469523e+01
    endloop
  endfacet
  facet normal -1.099663e-01 9.254694e-01 3.625104e-01
    outer loop
      vertex   1.014187e+02 2.253440e+01 -7.458871e+01
      vertex   1.010675e+02 2.253440e+01 -7.469523e+01
      vertex   1.010445e+02 2.250508e+01 -7.462735e+01
    endloop
  endfacet
  facet normal -1.334402e-01 9.254694e-01 3.545421e-01
    outer loop
      vertex   1.010445e+02 2.250508e+01 -7.462735e+01
      vertex   1.010675e+02 2.253440e+01 -7.469523e+01
      vertex   1.006967e+02 2.250508e+01 -7.475826e+01
    endloop
  endfacet
  facet normal -2.124707e-01 7.976040e-01 5.645211e-01
    outer loop
      vertex   1.010445e+02 2.250508e+01 -7.462735e+01
      vertex   1.006967e+02 2.250508e+01 -7.475826e+01
      vertex   1.006730e+02 2.245838e+01 -7.470117e+01
    endloop
  endfacet
  facet normal -2.489372e-01 7.976040e-01 5.494162e-01
    outer loop
      vertex   1.006730e+02 2.245838e+01 -7.470117e+01
      vertex   1.006967e+02 2.250508e+01 -7.475826e+01
      vertex   1.003309e+02 2.245838e+01 -7.485622e+01
    endloop
  endfacet
  facet normal -3.249139e-01 6.166023e-01 7.171002e-01
    outer loop
      vertex   1.006730e+02 2.245838e+01 -7.470117e+01
      vertex   1.003309e+02 2.245838e+01 -7.485622e+01
      vertex   1.003097e+02 2.239741e+01 -7.481337e+01
    endloop
  endfacet
  facet normal -3.711188e-01 6.166023e-01 6.943144e-01
    outer loop
      vertex   1.003097e+02 2.239741e+01 -7.481337e+01
      vertex   1.003309e+02 2.245838e+01 -7.485622e+01
      vertex   9.997566e+01 2.239741e+01 -7.499194e+01
    endloop
  endfacet
  facet normal -4.331513e-01 3.945654e-01 8.103691e-01
    outer loop
      vertex   1.003097e+02 2.239741e+01 -7.481337e+01
      vertex   9.997566e+01 2.239741e+01 -7.499194e+01
      vertex   9.996037e+01 2.232625e+01 -7.496546e+01
    endloop
  endfacet
  facet normal -4.852246e-01 3.945654e-01 7.803046e-01
    outer loop
      vertex   9.996037e+01 2.232625e+01 -7.496546e+01
      vertex   9.997566e+01 2.239741e+01 -7.499194e+01
      vertex   9.963699e+01 2.232625e+01 -7.516655e+01
    endloop
  endfacet
  facet normal -4.079993e-02 9.922346e-01 1.174985e-01
    outer loop
      vertex   1.012314e+02 2.254440e+01 -7.472276e+01
      vertex   1.008822e+02 2.254440e+01 -7.484400e+01
      vertex   1.010675e+02 2.253440e+01 -7.469523e+01
    endloop
  endfacet
  facet normal -4.718510e-02 9.909876e-01 1.253678e-01
    outer loop
      vertex   1.010675e+02 2.253440e+01 -7.469523e+01
      vertex   1.008822e+02 2.254440e+01 -7.484400e+01
      vertex   1.007241e+02 2.253440e+01 -7.482448e+01
    endloop
  endfacet
  facet normal -1.334402e-01 9.254694e-01 3.545421e-01
    outer loop
      vertex   1.010675e+02 2.253440e+01 -7.469523e+01
      vertex   1.007241e+02 2.253440e+01 -7.482448e+01
      vertex   1.006967e+02 2.250508e+01 -7.475826e+01
    endloop
  endfacet
  facet normal -1.563426e-01 9.254694e-01 3.450556e-01
    outer loop
      vertex   1.006967e+02 2.250508e+01 -7.475826e+01
      vertex   1.007241e+02 2.253440e+01 -7.482448e+01
      vertex   1.003582e+02 2.250508e+01 -7.491163e+01
    endloop
  endfacet
  facet normal -2.489372e-01 7.976040e-01 5.494162e-01
    outer loop
      vertex   1.006967e+02 2.250508e+01 -7.475826e+01
      vertex   1.003582e+02 2.250508e+01 -7.491163e+01
      vertex   1.003309e+02 2.245838e+01 -7.485622e+01
    endloop
  endfacet
  facet normal -2.843378e-01 7.976040e-01 5.319586e-01
    outer loop
      vertex   1.003309e+02 2.245838e+01 -7.485622e+01
      vertex   1.003582e+02 2.250508e+01 -7.491163e+01
      vertex   9.999954e+01 2.245838e+01 -7.503331e+01
    endloop
  endfacet
  facet normal -3.711188e-01 6.166023e-01 6.943144e-01
    outer loop
      vertex   1.003309e+02 2.245838e+01 -7.485622e+01
      vertex   9.999954e+01 2.245838e+01 -7.503331e+01
      vertex   9.997566e+01 2.239741e+01 -7.499194e+01
    endloop
  endfacet
  facet normal -4.157345e-01 6.166023e-01 6.685555e-01
    outer loop
      vertex   9.997566e+01 2.239741e+01 -7.499194e+01
      vertex   9.999954e+01 2.245838e+01 -7.503331e+01
      vertex   9.965398e+01 2.239741e+01 -7.519197e+01
    endloop
  endfacet
  facet normal -4.852246e-01 3.945654e-01 7.803046e-01
    outer loop
      vertex   9.997566e+01 2.239741e+01 -7.499194e+01
      vertex   9.965398e+01 2.239741e+01 -7.519197e+01
      vertex   9.963699e+01 2.232625e+01 -7.516655e+01
    endloop
  endfacet
  facet normal -5.352200e-01 3.945654e-01 7.468987e-01
    outer loop
      vertex   9.963699e+01 2.232625e+01 -7.516655e+01
      vertex   9.965398e+01 2.239741e+01 -7.519197e+01
      vertex   9.932746e+01 2.232625e+01 -7.538836e+01
    endloop
  endfacet
  facet normal -4.859273e-02 9.922231e-01 1.145956e-01
    outer loop
      vertex   1.008822e+02 2.254440e+01 -7.484400e+01
      vertex   1.005420e+02 2.254440e+01 -7.498829e+01
      vertex   1.007241e+02 2.253440e+01 -7.482448e+01
    endloop
  endfacet
  facet normal -5.523633e-02 9.910031e-01 1.219092e-01
    outer loop
      vertex   1.007241e+02 2.253440e+01 -7.482448e+01
      vertex   1.005420e+02 2.254440e+01 -7.498829e+01
      vertex   1.003899e+02 2.253440e+01 -7.497592e+01
    endloop
  endfacet
  facet normal -1.563426e-01 9.254694e-01 3.450556e-01
    outer loop
      vertex   1.007241e+02 2.253440e+01 -7.482448e+01
      vertex   1.003899e+02 2.253440e+01 -7.497592e+01
      vertex   1.003582e+02 2.250508e+01 -7.491163e+01
    endloop
  endfacet
  facet normal -1.785756e-01 9.254694e-01 3.340915e-01
    outer loop
      vertex   1.003582e+02 2.250508e+01 -7.491163e+01
      vertex   1.003899e+02 2.253440e+01 -7.497592e+01
      vertex   1.000304e+02 2.250508e+01 -7.508682e+01
    endloop
  endfacet
  facet normal -2.843378e-01 7.976040e-01 5.319586e-01
    outer loop
      vertex   1.003582e+02 2.250508e+01 -7.491163e+01
      vertex   1.000304e+02 2.250508e+01 -7.508682e+01
      vertex   9.999954e+01 2.245838e+01 -7.503331e+01
    endloop
  endfacet
  facet normal -3.185207e-01 7.976040e-01 5.122230e-01
    outer loop
      vertex   9.999954e+01 2.245838e+01 -7.503331e+01
      vertex   1.000304e+02 2.250508e+01 -7.508682e+01
      vertex   9.968052e+01 2.245838e+01 -7.523169e+01
    endloop
  endfacet
  facet normal -4.157345e-01 6.166023e-01 6.685555e-01
    outer loop
      vertex   9.999954e+01 2.245838e+01 -7.503331e+01
      vertex   9.968052e+01 2.245838e+01 -7.523169e+01
      vertex   9.965398e+01 2.239741e+01 -7.519197e+01
    endloop
  endfacet
  facet normal -4.585700e-01 6.166023e-01 6.399337e-01
    outer loop
      vertex   9.965398e+01 2.239741e+01 -7.519197e+01
      vertex   9.968052e+01 2.245838e+01 -7.523169e+01
      vertex   9.934607e+01 2.239741e+01 -7.541261e+01
    endloop
  endfacet
  facet normal -5.352200e-01 3.945654e-01 7.468987e-01
    outer loop
      vertex   9.965398e+01 2.239741e+01 -7.519197e+01
      vertex   9.934607e+01 2.239741e+01 -7.541261e+01
      vertex   9.932746e+01 2.232625e+01 -7.538836e+01
    endloop
  endfacet
  facet normal -5.829236e-01 3.945654e-01 7.102945e-01
    outer loop
      vertex   9.932746e+01 2.232625e+01 -7.538836e+01
      vertex   9.934607e+01 2.239741e+01 -7.541261e+01
      vertex   9.903310e+01 2.232625e+01 -7.562994e+01
    endloop
  endfacet
  facet normal -5.618742e-02 9.922094e-01 1.111911e-01
    outer loop
      vertex   1.005420e+02 2.254440e+01 -7.498829e+01
      vertex   1.002121e+02 2.254440e+01 -7.515499e+01
      vertex   1.003899e+02 2.253440e+01 -7.497592e+01
    endloop
  endfacet
  facet normal -6.302853e-02 9.910211e-01 1.179181e-01
    outer loop
      vertex   1.003899e+02 2.253440e+01 -7.497592e+01
      vertex   1.002121e+02 2.254440e+01 -7.515499e+01
      vertex   1.000663e+02 2.253440e+01 -7.514890e+01
    endloop
  endfacet
  facet normal -1.785756e-01 9.254694e-01 3.340915e-01
    outer loop
      vertex   1.003899e+02 2.253440e+01 -7.497592e+01
      vertex   1.000663e+02 2.253440e+01 -7.514890e+01
      vertex   1.000304e+02 2.250508e+01 -7.508682e+01
    endloop
  endfacet
  facet normal -2.000439e-01 9.254694e-01 3.216968e-01
    outer loop
      vertex   1.000304e+02 2.250508e+01 -7.508682e+01
      vertex   1.000663e+02 2.253440e+01 -7.514890e+01
      vertex   9.971485e+01 2.250508e+01 -7.528306e+01
    endloop
  endfacet
  facet normal -3.185207e-01 7.976040e-01 5.122230e-01
    outer loop
      vertex   1.000304e+02 2.250508e+01 -7.508682e+01
      vertex   9.971485e+01 2.250508e+01 -7.528306e+01
      vertex   9.968052e+01 2.245838e+01 -7.523169e+01
    endloop
  endfacet
  facet normal -3.513398e-01 7.976040e-01 4.902941e-01
    outer loop
      vertex   9.968052e+01 2.245838e+01 -7.523169e+01
      vertex   9.971485e+01 2.250508e+01 -7.528306e+01
      vertex   9.937515e+01 2.245838e+01 -7.545051e+01
    endloop
  endfacet
  facet normal -4.585700e-01 6.166023e-01 6.399337e-01
    outer loop
      vertex   9.968052e+01 2.245838e+01 -7.523169e+01
      vertex   9.937515e+01 2.245838e+01 -7.545051e+01
      vertex   9.934607e+01 2.239741e+01 -7.541261e+01
    endloop
  endfacet
  facet normal -4.994419e-01 6.166023e-01 6.085717e-01
    outer loop
      vertex   9.934607e+01 2.239741e+01 -7.541261e+01
      vertex   9.937515e+01 2.245838e+01 -7.545051e+01
      vertex   9.905325e+01 2.239741e+01 -7.565292e+01
    endloop
  endfacet
  facet normal -5.829236e-01 3.945654e-01 7.102945e-01
    outer loop
      vertex   9.934607e+01 2.239741e+01 -7.541261e+01
      vertex   9.905325e+01 2.239741e+01 -7.565292e+01
      vertex   9.903310e+01 2.232625e+01 -7.562994e+01
    endloop
  endfacet
  facet normal -6.281310e-01 3.945654e-01 6.706486e-01
    outer loop
      vertex   9.903310e+01 2.232625e+01 -7.562994e+01
      vertex   9.905325e+01 2.239741e+01 -7.565292e+01
      vertex   9.875516e+01 2.232625e+01 -7.589025e+01
    endloop
  endfacet
  facet normal -6.355277e-02 9.921936e-01 1.072981e-01
    outer loop
      vertex   1.002121e+02 2.254440e+01 -7.515499e+01
      vertex   9.989406e+01 2.254440e+01 -7.534335e+01
      vertex   1.000663e+02 2.253440e+01 -7.514890e+01
    endloop
  endfacet
  facet normal -7.052559e-02 9.910415e-01 1.134144e-01
    outer loop
      vertex   1.000663e+02 2.253440e+01 -7.514890e+01
      vertex   9.989406e+01 2.254440e+01 -7.534335e+01
      vertex   9.975467e+01 2.253440e+01 -7.534267e+01
    endloop
  endfacet
  facet normal -2.000439e-01 9.254694e-01 3.216968e-01
    outer loop
      vertex   1.000663e+02 2.253440e+01 -7.514890e+01
      vertex   9.975467e+01 2.253440e+01 -7.534267e+01
      vertex   9.971485e+01 2.250508e+01 -7.528306e+01
    endloop
  endfacet
  facet normal -2.206556e-01 9.254694e-01 3.079245e-01
    outer loop
      vertex   9.971485e+01 2.250508e+01 -7.528306e+01
      vertex   9.975467e+01 2.253440e+01 -7.534267e+01
      vertex   9.941277e+01 2.250508e+01 -7.549953e+01
    endloop
  endfacet
  facet normal -3.513398e-01 7.976040e-01 4.902941e-01
    outer loop
      vertex   9.971485e+01 2.250508e+01 -7.528306e+01
      vertex   9.941277e+01 2.250508e+01 -7.549953e+01
      vertex   9.937515e+01 2.245838e+01 -7.545051e+01
    endloop
  endfacet
  facet normal -3.826543e-01 7.976040e-01 4.662656e-01
    outer loop
      vertex   9.937515e+01 2.245838e+01 -7.545051e+01
      vertex   9.941277e+01 2.250508e+01 -7.549953e+01
      vertex   9.908475e+01 2.245838e+01 -7.568884e+01
    endloop
  endfacet
  facet normal -4.994419e-01 6.166023e-01 6.085717e-01
    outer loop
      vertex   9.937515e+01 2.245838e+01 -7.545051e+01
      vertex   9.908475e+01 2.245838e+01 -7.568884e+01
      vertex   9.905325e+01 2.239741e+01 -7.565292e+01
    endloop
  endfacet
  facet normal -5.381750e-01 6.166023e-01 5.746036e-01
    outer loop
      vertex   9.905325e+01 2.239741e+01 -7.565292e+01
      vertex   9.908475e+01 2.245838e+01 -7.568884e+01
      vertex   9.877678e+01 2.239741e+01 -7.591187e+01
    endloop
  endfacet
  facet normal -6.281310e-01 3.945654e-01 6.706486e-01
    outer loop
      vertex   9.905325e+01 2.239741e+01 -7.565292e+01
      vertex   9.877678e+01 2.239741e+01 -7.591187e+01
      vertex   9.875516e+01 2.232625e+01 -7.589025e+01
    endloop
  endfacet
  facet normal -6.706486e-01 3.945654e-01 6.281310e-01
    outer loop
      vertex   9.875516e+01 2.232625e+01 -7.589025e+01
      vertex   9.877678e+01 2.239741e+01 -7.591187e+01
      vertex   9.849485e+01 2.232625e+01 -7.616818e+01
    endloop
  endfacet
  facet normal -7.065840e-02 9.921756e-01 1.029314e-01
    outer loop
      vertex   9.989406e+01 2.254440e+01 -7.534335e+01
      vertex   9.958934e+01 2.254440e+01 -7.555253e+01
      vertex   9.975467e+01 2.253440e+01 -7.534267e+01
    endloop
  endfacet
  facet normal -7.769296e-02 9.910645e-01 1.084204e-01
    outer loop
      vertex   9.975467e+01 2.253440e+01 -7.534267e+01
      vertex   9.958934e+01 2.254440e+01 -7.555253e+01
      vertex   9.945641e+01 2.253440e+01 -7.555640e+01
    endloop
  endfacet
  facet normal -2.206556e-01 9.254694e-01 3.079245e-01
    outer loop
      vertex   9.975467e+01 2.253440e+01 -7.534267e+01
      vertex   9.945641e+01 2.253440e+01 -7.555640e+01
      vertex   9.941277e+01 2.250508e+01 -7.549953e+01
    endloop
  endfacet
  facet normal -2.403224e-01 9.254694e-01 2.928336e-01
    outer loop
      vertex   9.941277e+01 2.250508e+01 -7.549953e+01
      vertex   9.945641e+01 2.253440e+01 -7.555640e+01
      vertex   9.912549e+01 2.250508e+01 -7.573529e+01
    endloop
  endfacet
  facet normal -3.826543e-01 7.976040e-01 4.662656e-01
    outer loop
      vertex   9.941277e+01 2.250508e+01 -7.549953e+01
      vertex   9.912549e+01 2.250508e+01 -7.573529e+01
      vertex   9.908475e+01 2.245838e+01 -7.568884e+01
    endloop
  endfacet
  facet normal -4.123302e-01 7.976040e-01 4.402405e-01
    outer loop
      vertex   9.908475e+01 2.245838e+01 -7.568884e+01
      vertex   9.912549e+01 2.250508e+01 -7.573529e+01
      vertex   9.881056e+01 2.245838e+01 -7.594565e+01
    endloop
  endfacet
  facet normal -5.381750e-01 6.166023e-01 5.746036e-01
    outer loop
      vertex   9.908475e+01 2.245838e+01 -7.568884e+01
      vertex   9.881056e+01 2.245838e+01 -7.594565e+01
      vertex   9.877678e+01 2.239741e+01 -7.591187e+01
    endloop
  endfacet
  facet normal -5.746036e-01 6.166023e-01 5.381750e-01
    outer loop
      vertex   9.877678e+01 2.239741e+01 -7.591187e+01
      vertex   9.881056e+01 2.245838e+01 -7.594565e+01
      vertex   9.851784e+01 2.239741e+01 -7.618834e+01
    endloop
  endfacet
  facet normal -6.706486e-01 3.945654e-01 6.281310e-01
    outer loop
      vertex   9.877678e+01 2.239741e+01 -7.591187e+01
      vertex   9.851784e+01 2.239741e+01 -7.618834e+01
      vertex   9.849485e+01 2.232625e+01 -7.616818e+01
    endloop
  endfacet
  facet normal -7.102945e-01 3.945654e-01 5.829236e-01
    outer loop
      vertex   9.849485e+01 2.232625e+01 -7.616818e+01
      vertex   9.851784e+01 2.239741e+01 -7.618834e+01
      vertex   9.825327e+01 2.232625e+01 -7.646255e+01
    endloop
  endfacet
  facet normal -7.747483e-02 9.921555e-01 9.810764e-02
    outer loop
      vertex   9.958934e+01 2.254440e+01 -7.555253e+01
      vertex   9.929926e+01 2.254440e+01 -7.578160e+01
      vertex   9.945641e+01 2.253440e+01 -7.555640e+01
    endloop
  endfacet
  facet normal -8.449783e-02 9.910899e-01 1.029609e-01
    outer loop
      vertex   9.945641e+01 2.253440e+01 -7.555640e+01
      vertex   9.929926e+01 2.254440e+01 -7.578160e+01
      vertex   9.917276e+01 2.253440e+01 -7.578919e+01
    endloop
  endfacet
  facet normal -2.403224e-01 9.254694e-01 2.928336e-01
    outer loop
      vertex   9.945641e+01 2.253440e+01 -7.555640e+01
      vertex   9.917276e+01 2.253440e+01 -7.578919e+01
      vertex   9.912549e+01 2.250508e+01 -7.573529e+01
    endloop
  endfacet
  facet normal -2.589600e-01 9.254694e-01 2.764888e-01
    outer loop
      vertex   9.912549e+01 2.250508e+01 -7.573529e+01
      vertex   9.917276e+01 2.253440e+01 -7.578919e+01
      vertex   9.885425e+01 2.250508e+01 -7.598934e+01
    endloop
  endfacet
  facet normal -4.123302e-01 7.976040e-01 4.402405e-01
    outer loop
      vertex   9.912549e+01 2.250508e+01 -7.573529e+01
      vertex   9.885425e+01 2.250508e+01 -7.598934e+01
      vertex   9.881056e+01 2.245838e+01 -7.594565e+01
    endloop
  endfacet
  facet normal -4.402405e-01 7.976040e-01 4.123302e-01
    outer loop
      vertex   9.881056e+01 2.245838e+01 -7.594565e+01
      vertex   9.885425e+01 2.250508e+01 -7.598934e+01
      vertex   9.855375e+01 2.245838e+01 -7.621984e+01
    endloop
  endfacet
  facet normal -5.746036e-01 6.166023e-01 5.381750e-01
    outer loop
      vertex   9.881056e+01 2.245838e+01 -7.594565e+01
      vertex   9.855375e+01 2.245838e+01 -7.621984e+01
      vertex   9.851784e+01 2.239741e+01 -7.618834e+01
    endloop
  endfacet
  facet normal -6.085717e-01 6.166023e-01 4.994419e-01
    outer loop
      vertex   9.851784e+01 2.239741e+01 -7.618834e+01
      vertex   9.855375e+01 2.245838e+01 -7.621984e+01
      vertex   9.827753e+01 2.239741e+01 -7.648116e+01
    endloop
  endfacet
  facet normal -7.102945e-01 3.945654e-01 5.829236e-01
    outer loop
      vertex   9.851784e+01 2.239741e+01 -7.618834e+01
      vertex   9.827753e+01 2.239741e+01 -7.648116e+01
      vertex   9.825327e+01 2.232625e+01 -7.646255e+01
    endloop
  endfacet
  facet normal -7.468987e-01 3.945654e-01 5.352200e-01
    outer loop
      vertex   9.825327e+01 2.232625e+01 -7.646255e+01
      vertex   9.827753e+01 2.239741e+01 -7.648116e+01
      vertex   9.803146e+01 2.232625e+01 -7.677208e+01
    endloop
  endfacet
  facet normal -8.397362e-02 9.921331e-01 9.284531e-02
    outer loop
      vertex   9.929926e+01 2.254440e+01 -7.578160e+01
      vertex   9.902514e+01 2.254440e+01 -7.602953e+01
      vertex   9.917276e+01 2.253440e+01 -7.578919e+01
    endloop
  endfacet
  facet normal -9.090927e-02 9.911177e-01 9.706284e-02
    outer loop
      vertex   9.917276e+01 2.253440e+01 -7.578919e+01
      vertex   9.902514e+01 2.254440e+01 -7.602953e+01
      vertex   9.890494e+01 2.253440e+01 -7.604002e+01
    endloop
  endfacet
  facet normal -2.589600e-01 9.254694e-01 2.764888e-01
    outer loop
      vertex   9.917276e+01 2.253440e+01 -7.578919e+01
      vertex   9.890494e+01 2.253440e+01 -7.604002e+01
      vertex   9.885425e+01 2.250508e+01 -7.598934e+01
    endloop
  endfacet
  facet normal -2.764888e-01 9.254694e-01 2.589600e-01
    outer loop
      vertex   9.885425e+01 2.250508e+01 -7.598934e+01
      vertex   9.890494e+01 2.253440e+01 -7.604002e+01
      vertex   9.860021e+01 2.250508e+01 -7.626058e+01
    endloop
  endfacet
  facet normal -4.402405e-01 7.976040e-01 4.123302e-01
    outer loop
      vertex   9.885425e+01 2.250508e+01 -7.598934e+01
      vertex   9.860021e+01 2.250508e+01 -7.626058e+01
      vertex   9.855375e+01 2.245838e+01 -7.621984e+01
    endloop
  endfacet
  facet normal -4.662656e-01 7.976040e-01 3.826543e-01
    outer loop
      vertex   9.855375e+01 2.245838e+01 -7.621984e+01
      vertex   9.860021e+01 2.250508e+01 -7.626058e+01
      vertex   9.831543e+01 2.245838e+01 -7.651024e+01
    endloop
  endfacet
  facet normal -6.085717e-01 6.166023e-01 4.994419e-01
    outer loop
      vertex   9.855375e+01 2.245838e+01 -7.621984e+01
      vertex   9.831543e+01 2.245838e+01 -7.651024e+01
      vertex   9.827753e+01 2.239741e+01 -7.648116e+01
    endloop
  endfacet
  facet normal -6.399337e-01 6.166023e-01 4.585700e-01
    outer loop
      vertex   9.827753e+01 2.239741e+01 -7.648116e+01
      vertex   9.831543e+01 2.245838e+01 -7.651024e+01
      vertex   9.805688e+01 2.239741e+01 -7.678906e+01
    endloop
  endfacet
  facet normal -7.468987e-01 3.945654e-01 5.352200e-01
    outer loop
      vertex   9.827753e+01 2.239741e+01 -7.648116e+01
      vertex   9.805688e+01 2.239741e+01 -7.678906e+01
      vertex   9.803146e+01 2.232625e+01 -7.677208e+01
    endloop
  endfacet
  facet normal -7.803046e-01 3.945654e-01 4.852246e-01
    outer loop
      vertex   9.803146e+01 2.232625e+01 -7.677208e+01
      vertex   9.805688e+01 2.239741e+01 -7.678906e+01
      vertex   9.783037e+01 2.232625e+01 -7.709546e+01
    endloop
  endfacet
  facet normal -9.012749e-02 9.921085e-01 8.716456e-02
    outer loop
      vertex   9.902514e+01 2.254440e+01 -7.602953e+01
      vertex   9.876819e+01 2.254440e+01 -7.629522e+01
      vertex   9.890494e+01 2.253440e+01 -7.604002e+01
    endloop
  endfacet
  facet normal -9.689843e-02 9.911479e-01 9.075528e-02
    outer loop
      vertex   9.890494e+01 2.253440e+01 -7.604002e+01
      vertex   9.876819e+01 2.254440e+01 -7.629522e+01
      vertex   9.865410e+01 2.253440e+01 -7.630784e+01
    endloop
  endfacet
  facet normal -2.764888e-01 9.254694e-01 2.589600e-01
    outer loop
      vertex   9.890494e+01 2.253440e+01 -7.604002e+01
      vertex   9.865410e+01 2.253440e+01 -7.630784e+01
      vertex   9.860021e+01 2.250508e+01 -7.626058e+01
    endloop
  endfacet
  facet normal -2.928336e-01 9.254694e-01 2.403224e-01
    outer loop
      vertex   9.860021e+01 2.250508e+01 -7.626058e+01
      vertex   9.865410e+01 2.253440e+01 -7.630784e+01
      vertex   9.836445e+01 2.250508e+01 -7.654785e+01
    endloop
  endfacet
  facet normal -4.662656e-01 7.976040e-01 3.826543e-01
    outer loop
      vertex   9.860021e+01 2.250508e+01 -7.626058e+01
      vertex   9.836445e+01 2.250508e+01 -7.654785e+01
      vertex   9.831543e+01 2.245838e+01 -7.651024e+01
    endloop
  endfacet
  facet normal -4.902941e-01 7.976040e-01 3.513398e-01
    outer loop
      vertex   9.831543e+01 2.245838e+01 -7.651024e+01
      vertex   9.836445e+01 2.250508e+01 -7.654785e+01
      vertex   9.809661e+01 2.245838e+01 -7.681560e+01
    endloop
  endfacet
  facet normal -6.399337e-01 6.166023e-01 4.585700e-01
    outer loop
      vertex   9.831543e+01 2.245838e+01 -7.651024e+01
      vertex   9.809661e+01 2.245838e+01 -7.681560e+01
      vertex   9.805688e+01 2.239741e+01 -7.678906e+01
    endloop
  endfacet
  facet normal -6.685555e-01 6.166023e-01 4.157345e-01
    outer loop
      vertex   9.805688e+01 2.239741e+01 -7.678906e+01
      vertex   9.809661e+01 2.245838e+01 -7.681560e+01
      vertex   9.785685e+01 2.239741e+01 -7.711074e+01
    endloop
  endfacet
  facet normal -7.803046e-01 3.945654e-01 4.852246e-01
    outer loop
      vertex   9.805688e+01 2.239741e+01 -7.678906e+01
      vertex   9.785685e+01 2.239741e+01 -7.711074e+01
      vertex   9.783037e+01 2.232625e+01 -7.709546e+01
    endloop
  endfacet
  facet normal -8.103691e-01 3.945654e-01 4.331513e-01
    outer loop
      vertex   9.783037e+01 2.232625e+01 -7.709546e+01
      vertex   9.785685e+01 2.239741e+01 -7.711074e+01
      vertex   9.765087e+01 2.232625e+01 -7.743129e+01
    endloop
  endfacet
  facet normal -9.591037e-02 9.920817e-01 8.108718e-02
    outer loop
      vertex   9.876819e+01 2.254440e+01 -7.629522e+01
      vertex   9.852956e+01 2.254440e+01 -7.657747e+01
      vertex   9.865410e+01 2.253440e+01 -7.630784e+01
    endloop
  endfacet
  facet normal -1.024387e-01 9.911804e-01 8.406924e-02
    outer loop
      vertex   9.865410e+01 2.253440e+01 -7.630784e+01
      vertex   9.852956e+01 2.254440e+01 -7.657747e+01
      vertex   9.842132e+01 2.253440e+01 -7.659149e+01
    endloop
  endfacet
  facet normal -2.928336e-01 9.254694e-01 2.403224e-01
    outer loop
      vertex   9.865410e+01 2.253440e+01 -7.630784e+01
      vertex   9.842132e+01 2.253440e+01 -7.659149e+01
      vertex   9.836445e+01 2.250508e+01 -7.654785e+01
    endloop
  endfacet
  facet normal -3.079245e-01 9.254694e-01 2.206556e-01
    outer loop
      vertex   9.836445e+01 2.250508e+01 -7.654785e+01
      vertex   9.842132e+01 2.253440e+01 -7.659149e+01
      vertex   9.814798e+01 2.250508e+01 -7.684993e+01
    endloop
  endfacet
  facet normal -4.902941e-01 7.976040e-01 3.513398e-01
    outer loop
      vertex   9.836445e+01 2.250508e+01 -7.654785e+01
      vertex   9.814798e+01 2.250508e+01 -7.684993e+01
      vertex   9.809661e+01 2.245838e+01 -7.681560e+01
    endloop
  endfacet
  facet normal -5.122230e-01 7.976040e-01 3.185207e-01
    outer loop
      vertex   9.809661e+01 2.245838e+01 -7.681560e+01
      vertex   9.814798e+01 2.250508e+01 -7.684993e+01
      vertex   9.789822e+01 2.245838e+01 -7.713463e+01
    endloop
  endfacet
  facet normal -6.685555e-01 6.166023e-01 4.157345e-01
    outer loop
      vertex   9.809661e+01 2.245838e+01 -7.681560e+01
      vertex   9.789822e+01 2.245838e+01 -7.713463e+01
      vertex   9.785685e+01 2.239741e+01 -7.711074e+01
    endloop
  endfacet
  facet normal -6.943144e-01 6.166023e-01 3.711188e-01
    outer loop
      vertex   9.785685e+01 2.239741e+01 -7.711074e+01
      vertex   9.789822e+01 2.245838e+01 -7.713463e+01
      vertex   9.767829e+01 2.239741e+01 -7.744482e+01
    endloop
  endfacet
  facet normal -8.103691e-01 3.945654e-01 4.331513e-01
    outer loop
      vertex   9.785685e+01 2.239741e+01 -7.711074e+01
      vertex   9.767829e+01 2.239741e+01 -7.744482e+01
      vertex   9.765087e+01 2.232625e+01 -7.743129e+01
    endloop
  endfacet
  facet normal -8.369635e-01 3.945654e-01 3.792232e-01
    outer loop
      vertex   9.765087e+01 2.232625e+01 -7.743129e+01
      vertex   9.767829e+01 2.239741e+01 -7.744482e+01
      vertex   9.749371e+01 2.232625e+01 -7.777815e+01
    endloop
  endfacet
  facet normal -1.012975e-01 9.920525e-01 7.463654e-02
    outer loop
      vertex   9.852956e+01 2.254440e+01 -7.657747e+01
      vertex   9.831031e+01 2.254440e+01 -7.687504e+01
      vertex   9.842132e+01 2.253440e+01 -7.659149e+01
    endloop
  endfacet
  facet normal -1.075057e-01 9.912153e-01 7.703747e-02
    outer loop
      vertex   9.842132e+01 2.253440e+01 -7.659149e+01
      vertex   9.831031e+01 2.254440e+01 -7.687504e+01
      vertex   9.820758e+01 2.253440e+01 -7.688976e+01
    endloop
  endfacet
  facet normal -3.079245e-01 9.254694e-01 2.206556e-01
    outer loop
      vertex   9.842132e+01 2.253440e+01 -7.659149e+01
      vertex   9.820758e+01 2.253440e+01 -7.688976e+01
      vertex   9.814798e+01 2.250508e+01 -7.684993e+01
    endloop
  endfacet
  facet normal -3.216968e-01 9.254694e-01 2.000439e-01
    outer loop
      vertex   9.814798e+01 2.250508e+01 -7.684993e+01
      vertex   9.820758e+01 2.253440e+01 -7.688976e+01
      vertex   9.795173e+01 2.250508e+01 -7.716552e+01
    endloop
  endfacet
  facet normal -5.122230e-01 7.976040e-01 3.185207e-01
    outer loop
      vertex   9.814798e+01 2.250508e+01 -7.684993e+01
      vertex   9.795173e+01 2.250508e+01 -7.716552e+01
      vertex   9.789822e+01 2.245838e+01 -7.713463e+01
    endloop
  endfacet
  facet normal -5.319586e-01 7.976040e-01 2.843378e-01
    outer loop
      vertex   9.789822e+01 2.245838e+01 -7.713463e+01
      vertex   9.795173e+01 2.250508e+01 -7.716552e+01
      vertex   9.772113e+01 2.245838e+01 -7.746594e+01
    endloop
  endfacet
  facet normal -6.943144e-01 6.166023e-01 3.711188e-01
    outer loop
      vertex   9.789822e+01 2.245838e+01 -7.713463e+01
      vertex   9.772113e+01 2.245838e+01 -7.746594e+01
      vertex   9.767829e+01 2.239741e+01 -7.744482e+01
    endloop
  endfacet
  facet normal -7.171002e-01 6.166023e-01 3.249139e-01
    outer loop
      vertex   9.767829e+01 2.239741e+01 -7.744482e+01
      vertex   9.772113e+01 2.245838e+01 -7.746594e+01
      vertex   9.752195e+01 2.239741e+01 -7.778985e+01
    endloop
  endfacet
  facet normal -8.369635e-01 3.945654e-01 3.792232e-01
    outer loop
      vertex   9.767829e+01 2.239741e+01 -7.744482e+01
      vertex   9.752195e+01 2.239741e+01 -7.778985e+01
      vertex   9.749371e+01 2.232625e+01 -7.777815e+01
    endloop
  endfacet
  facet normal -8.599739e-01 3.945654e-01 3.236712e-01
    outer loop
      vertex   9.749371e+01 2.232625e+01 -7.777815e+01
      vertex   9.752195e+01 2.239741e+01 -7.778985e+01
      vertex   9.735957e+01 2.232625e+01 -7.813455e+01
    endloop
  endfacet
  facet normal -1.062657e-01 9.920210e-01 6.783747e-02
    outer loop
      vertex   9.831031e+01 2.254440e+01 -7.687504e+01
      vertex   9.811143e+01 2.254440e+01 -7.718658e+01
      vertex   9.820758e+01 2.253440e+01 -7.688976e+01
    endloop
  endfacet
  facet normal -1.120776e-01 9.912524e-01 6.969431e-02
    outer loop
      vertex   9.820758e+01 2.253440e+01 -7.688976e+01
      vertex   9.811143e+01 2.254440e+01 -7.718658e+01
      vertex   9.801381e+01 2.253440e+01 -7.720136e+01
    endloop
  endfacet
  facet normal -3.216968e-01 9.254694e-01 2.000439e-01
    outer loop
      vertex   9.820758e+01 2.253440e+01 -7.688976e+01
      vertex   9.801381e+01 2.253440e+01 -7.720136e+01
      vertex   9.795173e+01 2.250508e+01 -7.716552e+01
    endloop
  endfacet
  facet normal -3.340915e-01 9.254694e-01 1.785756e-01
    outer loop
      vertex   9.795173e+01 2.250508e+01 -7.716552e+01
      vertex   9.801381e+01 2.253440e+01 -7.720136e+01
      vertex   9.777655e+01 2.250508e+01 -7.749327e+01
    endloop
  endfacet
  facet normal -5.319586e-01 7.976040e-01 2.843378e-01
    outer loop
      vertex   9.795173e+01 2.250508e+01 -7.716552e+01
      vertex   9.777655e+01 2.250508e+01 -7.749327e+01
      vertex   9.772113e+01 2.245838e+01 -7.746594e+01
    endloop
  endfacet
  facet normal -5.494162e-01 7.976040e-01 2.489372e-01
    outer loop
      vertex   9.772113e+01 2.245838e+01 -7.746594e+01
      vertex   9.777655e+01 2.250508e+01 -7.749327e+01
      vertex   9.756609e+01 2.245838e+01 -7.780813e+01
    endloop
  endfacet
  facet normal -7.171002e-01 6.166023e-01 3.249139e-01
    outer loop
      vertex   9.772113e+01 2.245838e+01 -7.746594e+01
      vertex   9.756609e+01 2.245838e+01 -7.780813e+01
      vertex   9.752195e+01 2.239741e+01 -7.778985e+01
    endloop
  endfacet
  facet normal -7.368152e-01 6.166023e-01 2.773176e-01
    outer loop
      vertex   9.752195e+01 2.239741e+01 -7.778985e+01
      vertex   9.756609e+01 2.245838e+01 -7.780813e+01
      vertex   9.738852e+01 2.239741e+01 -7.814437e+01
    endloop
  endfacet
  facet normal -8.599739e-01 3.945654e-01 3.236712e-01
    outer loop
      vertex   9.752195e+01 2.239741e+01 -7.778985e+01
      vertex   9.738852e+01 2.239741e+01 -7.814437e+01
      vertex   9.735957e+01 2.232625e+01 -7.813455e+01
    endloop
  endfacet
  facet normal -8.793017e-01 3.945654e-01 2.667333e-01
    outer loop
      vertex   9.735957e+01 2.232625e+01 -7.813455e+01
      vertex   9.738852e+01 2.239741e+01 -7.814437e+01
      vertex   9.724903e+01 2.232625e+01 -7.849895e+01
    endloop
  endfacet
  facet normal -1.107930e-01 9.919871e-01 6.071622e-02
    outer loop
      vertex   9.811143e+01 2.254440e+01 -7.718658e+01
      vertex   9.793380e+01 2.254440e+01 -7.751071e+01
      vertex   9.801381e+01 2.253440e+01 -7.720136e+01
    endloop
  endfacet
  facet normal -1.161351e-01 9.912917e-01 6.207548e-02
    outer loop
      vertex   9.801381e+01 2.253440e+01 -7.720136e+01
      vertex   9.793380e+01 2.254440e+01 -7.751071e+01
      vertex   9.784084e+01 2.253440e+01 -7.752498e+01
    endloop
  endfacet
  facet normal -3.340915e-01 9.254694e-01 1.785756e-01
    outer loop
      vertex   9.801381e+01 2.253440e+01 -7.720136e+01
      vertex   9.784084e+01 2.253440e+01 -7.752498e+01
      vertex   9.777655e+01 2.250508e+01 -7.749327e+01
    endloop
  endfacet
  facet normal -3.450556e-01 9.254694e-01 1.563426e-01
    outer loop
      vertex   9.777655e+01 2.250508e+01 -7.749327e+01
      vertex   9.784084e+01 2.253440e+01 -7.752498e+01
      vertex   9.762317e+01 2.250508e+01 -7.783178e+01
    endloop
  endfacet
  facet normal -5.494162e-01 7.976040e-01 2.489372e-01
    outer loop
      vertex   9.777655e+01 2.250508e+01 -7.749327e+01
      vertex   9.762317e+01 2.250508e+01 -7.783178e+01
      vertex   9.756609e+01 2.245838e+01 -7.780813e+01
    endloop
  endfacet
  facet normal -5.645211e-01 7.976040e-01 2.124707e-01
    outer loop
      vertex   9.756609e+01 2.245838e+01 -7.780813e+01
      vertex   9.762317e+01 2.250508e+01 -7.783178e+01
      vertex   9.743376e+01 2.245838e+01 -7.815973e+01
    endloop
  endfacet
  facet normal -7.368152e-01 6.166023e-01 2.773176e-01
    outer loop
      vertex   9.756609e+01 2.245838e+01 -7.780813e+01
      vertex   9.743376e+01 2.245838e+01 -7.815973e+01
      vertex   9.738852e+01 2.239741e+01 -7.814437e+01
    endloop
  endfacet
  facet normal -7.533750e-01 6.166023e-01 2.285338e-01
    outer loop
      vertex   9.738852e+01 2.239741e+01 -7.814437e+01
      vertex   9.743376e+01 2.245838e+01 -7.815973e+01
      vertex   9.727856e+01 2.239741e+01 -7.850686e+01
    endloop
  endfacet
  facet normal -8.793017e-01 3.945654e-01 2.667333e-01
    outer loop
      vertex   9.738852e+01 2.239741e+01 -7.814437e+01
      vertex   9.727856e+01 2.239741e+01 -7.850686e+01
      vertex   9.724903e+01 2.232625e+01 -7.849895e+01
    endloop
  endfacet
  facet normal -8.948642e-01 3.945654e-01 2.086531e-01
    outer loop
      vertex   9.724903e+01 2.232625e+01 -7.849895e+01
      vertex   9.727856e+01 2.239741e+01 -7.850686e+01
      vertex   9.716256e+01 2.232625e+01 -7.886980e+01
    endloop
  endfacet
  facet normal -1.148593e-01 9.919508e-01 5.330035e-02
    outer loop
      vertex   9.793380e+01 2.254440e+01 -7.751071e+01
      vertex   9.777822e+01 2.254440e+01 -7.784598e+01
      vertex   9.784084e+01 2.253440e+01 -7.752498e+01
    endloop
  endfacet
  facet normal -1.196615e-01 9.913332e-01 5.421791e-02
    outer loop
      vertex   9.784084e+01 2.253440e+01 -7.752498e+01
      vertex   9.777822e+01 2.254440e+01 -7.784598e+01
      vertex   9.768940e+01 2.253440e+01 -7.785921e+01
    endloop
  endfacet
  facet normal -3.450556e-01 9.254694e-01 1.563426e-01
    outer loop
      vertex   9.784084e+01 2.253440e+01 -7.752498e+01
      vertex   9.768940e+01 2.253440e+01 -7.785921e+01
      vertex   9.762317e+01 2.250508e+01 -7.783178e+01
    endloop
  endfacet
  facet normal -3.545421e-01 9.254694e-01 1.334402e-01
    outer loop
      vertex   9.762317e+01 2.250508e+01 -7.783178e+01
      vertex   9.768940e+01 2.253440e+01 -7.785921e+01
      vertex   9.749226e+01 2.250508e+01 -7.817959e+01
    endloop
  endfacet
  facet normal -5.645211e-01 7.976040e-01 2.124707e-01
    outer loop
      vertex   9.762317e+01 2.250508e+01 -7.783178e+01
      vertex   9.749226e+01 2.250508e+01 -7.817959e+01
      vertex   9.743376e+01 2.245838e+01 -7.815973e+01
    endloop
  endfacet
  facet normal -5.772087e-01 7.976040e-01 1.750943e-01
    outer loop
      vertex   9.743376e+01 2.245838e+01 -7.815973e+01
      vertex   9.749226e+01 2.250508e+01 -7.817959e+01
      vertex   9.732470e+01 2.245838e+01 -7.851923e+01
    endloop
  endfacet
  facet normal -7.533750e-01 6.166023e-01 2.285338e-01
    outer loop
      vertex   9.743376e+01 2.245838e+01 -7.815973e+01
      vertex   9.732470e+01 2.245838e+01 -7.851923e+01
      vertex   9.727856e+01 2.239741e+01 -7.850686e+01
    endloop
  endfacet
  facet normal -7.667088e-01 6.166023e-01 1.787714e-01
    outer loop
      vertex   9.727856e+01 2.239741e+01 -7.850686e+01
      vertex   9.732470e+01 2.245838e+01 -7.851923e+01
      vertex   9.719254e+01 2.239741e+01 -7.887577e+01
    endloop
  endfacet
  facet normal -8.948642e-01 3.945654e-01 2.086531e-01
    outer loop
      vertex   9.727856e+01 2.239741e+01 -7.850686e+01
      vertex   9.719254e+01 2.239741e+01 -7.887577e+01
      vertex   9.716256e+01 2.232625e+01 -7.886980e+01
    endloop
  endfacet
  facet normal -9.065948e-01 3.945654e-01 1.496794e-01
    outer loop
      vertex   9.716256e+01 2.232625e+01 -7.886980e+01
      vertex   9.719254e+01 2.239741e+01 -7.887577e+01
      vertex   9.710053e+01 2.232625e+01 -7.924552e+01
    endloop
  endfacet
  facet normal -1.184460e-01 9.919120e-01 4.561862e-02
    outer loop
      vertex   9.777822e+01 2.254440e+01 -7.784598e+01
      vertex   9.764538e+01 2.254440e+01 -7.819090e+01
      vertex   9.768940e+01 2.253440e+01 -7.785921e+01
    endloop
  endfacet
  facet normal -1.226429e-01 9.913768e-01 4.615952e-02
    outer loop
      vertex   9.768940e+01 2.253440e+01 -7.785921e+01
      vertex   9.764538e+01 2.254440e+01 -7.819090e+01
      vertex   9.756014e+01 2.253440e+01 -7.820263e+01
    endloop
  endfacet
  facet normal -3.545421e-01 9.254694e-01 1.334402e-01
    outer loop
      vertex   9.768940e+01 2.253440e+01 -7.785921e+01
      vertex   9.756014e+01 2.253440e+01 -7.820263e+01
      vertex   9.749226e+01 2.250508e+01 -7.817959e+01
    endloop
  endfacet
  facet normal -3.625104e-01 9.254694e-01 1.099663e-01
    outer loop
      vertex   9.749226e+01 2.250508e+01 -7.817959e+01
      vertex   9.756014e+01 2.253440e+01 -7.820263e+01
      vertex   9.738439e+01 2.250508e+01 -7.853522e+01
    endloop
  endfacet
  facet normal -5.772087e-01 7.976040e-01 1.750943e-01
    outer loop
      vertex   9.749226e+01 2.250508e+01 -7.817959e+01
      vertex   9.738439e+01 2.250508e+01 -7.853522e+01
      vertex   9.732470e+01 2.245838e+01 -7.851923e+01
    endloop
  endfacet
  facet normal -5.874245e-01 7.976040e-01 1.369682e-01
    outer loop
      vertex   9.732470e+01 2.245838e+01 -7.851923e+01
      vertex   9.738439e+01 2.250508e+01 -7.853522e+01
      vertex   9.723940e+01 2.245838e+01 -7.888509e+01
    endloop
  endfacet
  facet normal -7.667088e-01 6.166023e-01 1.787714e-01
    outer loop
      vertex   9.732470e+01 2.245838e+01 -7.851923e+01
      vertex   9.723940e+01 2.245838e+01 -7.888509e+01
      vertex   9.719254e+01 2.239741e+01 -7.887577e+01
    endloop
  endfacet
  facet normal -7.767594e-01 6.166023e-01 1.282435e-01
    outer loop
      vertex   9.719254e+01 2.239741e+01 -7.887577e+01
      vertex   9.723940e+01 2.245838e+01 -7.888509e+01
      vertex   9.713084e+01 2.239741e+01 -7.924951e+01
    endloop
  endfacet
  facet normal -9.065948e-01 3.945654e-01 1.496794e-01
    outer loop
      vertex   9.719254e+01 2.239741e+01 -7.887577e+01
      vertex   9.713084e+01 2.239741e+01 -7.924951e+01
      vertex   9.710053e+01 2.232625e+01 -7.924552e+01
    endloop
  endfacet
  facet normal -9.144433e-01 3.945654e-01 9.006480e-02
    outer loop
      vertex   9.710053e+01 2.232625e+01 -7.924552e+01
      vertex   9.713084e+01 2.239741e+01 -7.924951e+01
      vertex   9.706320e+01 2.232625e+01 -7.962449e+01
    endloop
  endfacet
  facet normal -1.215363e-01 9.918707e-01 3.770092e-02
    outer loop
      vertex   9.764538e+01 2.254440e+01 -7.819090e+01
      vertex   9.753587e+01 2.254440e+01 -7.854392e+01
      vertex   9.756014e+01 2.253440e+01 -7.820263e+01
    endloop
  endfacet
  facet normal -1.250682e-01 9.914225e-01 3.793901e-02
    outer loop
      vertex   9.756014e+01 2.253440e+01 -7.820263e+01
      vertex   9.753587e+01 2.254440e+01 -7.854392e+01
      vertex   9.745363e+01 2.253440e+01 -7.855377e+01
    endloop
  endfacet
  facet normal -3.625104e-01 9.254694e-01 1.099663e-01
    outer loop
      vertex   9.756014e+01 2.253440e+01 -7.820263e+01
      vertex   9.745363e+01 2.253440e+01 -7.855377e+01
      vertex   9.738439e+01 2.250508e+01 -7.853522e+01
    endloop
  endfacet
  facet normal -3.689264e-01 9.254694e-01 8.602157e-02
    outer loop
      vertex   9.738439e+01 2.250508e+01 -7.853522e+01
      vertex   9.745363e+01 2.253440e+01 -7.855377e+01
      vertex   9.730000e+01 2.250508e+01 -7.889714e+01
    endloop
  endfacet
  facet normal -5.874245e-01 7.976040e-01 1.369682e-01
    outer loop
      vertex   9.738439e+01 2.250508e+01 -7.853522e+01
      vertex   9.730000e+01 2.250508e+01 -7.889714e+01
      vertex   9.723940e+01 2.245838e+01 -7.888509e+01
    endloop
  endfacet
  facet normal -5.951250e-01 7.976040e-01 9.825553e-02
    outer loop
      vertex   9.723940e+01 2.245838e+01 -7.888509e+01
      vertex   9.730000e+01 2.250508e+01 -7.889714e+01
      vertex   9.717820e+01 2.245838e+01 -7.925575e+01
    endloop
  endfacet
  facet normal -7.767594e-01 6.166023e-01 1.282435e-01
    outer loop
      vertex   9.723940e+01 2.245838e+01 -7.888509e+01
      vertex   9.717820e+01 2.245838e+01 -7.925575e+01
      vertex   9.713084e+01 2.239741e+01 -7.924951e+01
    endloop
  endfacet
  facet normal -7.834839e-01 6.166023e-01 7.716643e-02
    outer loop
      vertex   9.713084e+01 2.239741e+01 -7.924951e+01
      vertex   9.717820e+01 2.245838e+01 -7.925575e+01
      vertex   9.709371e+01 2.239741e+01 -7.962649e+01
    endloop
  endfacet
  facet normal -9.144433e-01 3.945654e-01 9.006480e-02
    outer loop
      vertex   9.713084e+01 2.239741e+01 -7.924951e+01
      vertex   9.709371e+01 2.239741e+01 -7.962649e+01
      vertex   9.706320e+01 2.232625e+01 -7.962449e+01
    endloop
  endfacet
  facet normal -1.241153e-01 9.918269e-01 2.957817e-02
    outer loop
      vertex   9.753587e+01 2.254440e+01 -7.854392e+01
      vertex   9.745018e+01 2.254440e+01 -7.890346e+01
      vertex   9.745363e+01 2.253440e+01 -7.855377e+01
    endloop
  endfacet
  facet normal -1.269289e-01 9.914702e-01 2.959566e-02
    outer loop
      vertex   9.745363e+01 2.253440e+01 -7.855377e+01
      vertex   9.745018e+01 2.254440e+01 -7.890346e+01
      vertex   9.737030e+01 2.253440e+01 -7.891113e+01
    endloop
  endfacet
  facet normal -3.689264e-01 9.254694e-01 8.602157e-02
    outer loop
      vertex   9.745363e+01 2.253440e+01 -7.855377e+01
      vertex   9.737030e+01 2.253440e+01 -7.891113e+01
      vertex   9.730000e+01 2.250508e+01 -7.889714e+01
    endloop
  endfacet
  facet normal -3.737626e-01 9.254694e-01 6.170845e-02
    outer loop
      vertex   9.730000e+01 2.250508e+01 -7.889714e+01
      vertex   9.737030e+01 2.253440e+01 -7.891113e+01
      vertex   9.723946e+01 2.250508e+01 -7.926381e+01
    endloop
  endfacet
  facet normal -5.951250e-01 7.976040e-01 9.825553e-02
    outer loop
      vertex   9.730000e+01 2.250508e+01 -7.889714e+01
      vertex   9.723946e+01 2.250508e+01 -7.926381e+01
      vertex   9.717820e+01 2.245838e+01 -7.925575e+01
    endloop
  endfacet
  facet normal -6.002770e-01 7.976040e-01 5.912212e-02
    outer loop
      vertex   9.717820e+01 2.245838e+01 -7.925575e+01
      vertex   9.723946e+01 2.250508e+01 -7.926381e+01
      vertex   9.714138e+01 2.245838e+01 -7.962961e+01
    endloop
  endfacet
  facet normal -7.834839e-01 6.166023e-01 7.716643e-02
    outer loop
      vertex   9.717820e+01 2.245838e+01 -7.925575e+01
      vertex   9.714138e+01 2.245838e+01 -7.962961e+01
      vertex   9.709371e+01 2.239741e+01 -7.962649e+01
    endloop
  endfacet
  facet normal -1.261697e-01 9.917804e-01 2.128217e-02
    outer loop
      vertex   9.745018e+01 2.254440e+01 -7.890346e+01
      vertex   9.738871e+01 2.254440e+01 -7.926792e+01
      vertex   9.737030e+01 2.253440e+01 -7.891113e+01
    endloop
  endfacet
  facet normal -1.282196e-01 9.915199e-01 2.116913e-02
    outer loop
      vertex   9.737030e+01 2.253440e+01 -7.891113e+01
      vertex   9.738871e+01 2.254440e+01 -7.926792e+01
      vertex   9.731053e+01 2.253440e+01 -7.927317e+01
    endloop
  endfacet
  facet normal -3.737626e-01 9.254694e-01 6.170845e-02
    outer loop
      vertex   9.737030e+01 2.253440e+01 -7.891113e+01
      vertex   9.731053e+01 2.253440e+01 -7.927317e+01
      vertex   9.723946e+01 2.250508e+01 -7.926381e+01
    endloop
  endfacet
  facet normal -3.769982e-01 9.254694e-01 3.713108e-02
    outer loop
      vertex   9.723946e+01 2.250508e+01 -7.926381e+01
      vertex   9.731053e+01 2.253440e+01 -7.927317e+01
      vertex   9.720303e+01 2.250508e+01 -7.963365e+01
    endloop
  endfacet
  facet normal -6.002770e-01 7.976040e-01 5.912212e-02
    outer loop
      vertex   9.723946e+01 2.250508e+01 -7.926381e+01
      vertex   9.720303e+01 2.250508e+01 -7.963365e+01
      vertex   9.714138e+01 2.245838e+01 -7.962961e+01
    endloop
  endfacet
  facet normal -1.276882e-01 9.917312e-01 1.284556e-02
    outer loop
      vertex   9.738871e+01 2.254440e+01 -7.926792e+01
      vertex   9.735171e+01 2.254440e+01 -7.963568e+01
      vertex   9.731053e+01 2.253440e+01 -7.927317e+01
    endloop
  endfacet
  facet normal -1.289375e-01 9.915714e-01 1.269924e-02
    outer loop
      vertex   9.731053e+01 2.253440e+01 -7.927317e+01
      vertex   9.735171e+01 2.254440e+01 -7.963568e+01
      vertex   9.727456e+01 2.253440e+01 -7.963834e+01
    endloop
  endfacet
  facet normal -3.769982e-01 9.254694e-01 3.713108e-02
    outer loop
      vertex   9.731053e+01 2.253440e+01 -7.927317e+01
      vertex   9.727456e+01 2.253440e+01 -7.963834e+01
      vertex   9.720303e+01 2.250508e+01 -7.963365e+01
    endloop
  endfacet
  facet normal -1.286617e-01 9.916792e-01 4.301631e-03
    outer loop
      vertex   9.735171e+01 2.254440e+01 -7.963568e+01
      vertex   9.733936e+01 2.254440e+01 -8.000509e+01
      vertex   9.727456e+01 2.253440e+01 -7.963834e+01
    endloop
  endfacet
  facet normal -9.887221e-01 1.462957e-01 -3.203349e-02
    outer loop
      vertex   9.705163e+01 2.224964e+01 -8.038250e+01
      vertex   9.703941e+01 2.224964e+01 -8.000509e+01
      vertex   9.705074e+01 2.232625e+01 -8.000509e+01
    endloop
  endfacet
  facet normal -9.887221e-01 1.462957e-01 3.203349e-02
    outer loop
      vertex   9.705074e+01 2.232625e+01 -8.000509e+01
      vertex   9.703941e+01 2.224964e+01 -8.000509e+01
      vertex   9.705163e+01 2.224964e+01 -7.962767e+01
    endloop
  endfacet
  facet normal 9.609983e-01 1.077011e-01 2.547208e-01
    outer loop
      vertex   1.084546e+02 2.224964e+01 -7.832950e+01
      vertex   1.085514e+02 2.224964e+01 -7.869451e+01
      vertex   1.084910e+02 2.232625e+01 -7.849895e+01
    endloop
  endfacet
  facet normal 9.570370e-01 1.851604e-01 2.231497e-01
    outer loop
      vertex   1.084910e+02 2.232625e+01 -7.849895e+01
      vertex   1.085514e+02 2.224964e+01 -7.869451e+01
      vertex   1.085774e+02 2.232625e+01 -7.886980e+01
    endloop
  endfacet
  facet normal 8.948642e-01 3.945654e-01 2.086531e-01
    outer loop
      vertex   1.084910e+02 2.232625e+01 -7.849895e+01
      vertex   1.085774e+02 2.232625e+01 -7.886980e+01
      vertex   1.085475e+02 2.239741e+01 -7.887577e+01
    endloop
  endfacet
  facet normal 9.065948e-01 3.945654e-01 1.496794e-01
    outer loop
      vertex   1.085475e+02 2.239741e+01 -7.887577e+01
      vertex   1.085774e+02 2.232625e+01 -7.886980e+01
      vertex   1.086092e+02 2.239741e+01 -7.924951e+01
    endloop
  endfacet
  facet normal 7.767594e-01 6.166023e-01 1.282435e-01
    outer loop
      vertex   1.085475e+02 2.239741e+01 -7.887577e+01
      vertex   1.086092e+02 2.239741e+01 -7.924951e+01
      vertex   1.085618e+02 2.245838e+01 -7.925575e+01
    endloop
  endfacet
  facet normal 7.834839e-01 6.166023e-01 7.716643e-02
    outer loop
      vertex   1.085618e+02 2.245838e+01 -7.925575e+01
      vertex   1.086092e+02 2.239741e+01 -7.924951e+01
      vertex   1.085986e+02 2.245838e+01 -7.962961e+01
    endloop
  endfacet
  facet normal 6.002770e-01 7.976040e-01 5.912212e-02
    outer loop
      vertex   1.085618e+02 2.245838e+01 -7.925575e+01
      vertex   1.085986e+02 2.245838e+01 -7.962961e+01
      vertex   1.085370e+02 2.250508e+01 -7.963365e+01
    endloop
  endfacet
  facet normal 6.028585e-01 7.976040e-01 1.973554e-02
    outer loop
      vertex   1.085370e+02 2.250508e+01 -7.963365e+01
      vertex   1.085986e+02 2.245838e+01 -7.962961e+01
      vertex   1.085491e+02 2.250508e+01 -8.000509e+01
    endloop
  endfacet
  facet normal 3.786195e-01 9.254694e-01 1.239472e-02
    outer loop
      vertex   1.085370e+02 2.250508e+01 -7.963365e+01
      vertex   1.085491e+02 2.250508e+01 -8.000509e+01
      vertex   1.084774e+02 2.253440e+01 -8.000509e+01
    endloop
  endfacet
  facet normal 3.786195e-01 9.254694e-01 -1.239472e-02
    outer loop
      vertex   1.084774e+02 2.253440e+01 -8.000509e+01
      vertex   1.085491e+02 2.250508e+01 -8.000509e+01
      vertex   1.084654e+02 2.253440e+01 -8.037183e+01
    endloop
  endfacet
  facet normal 9.754836e-01 1.075821e-01 1.919839e-01
    outer loop
      vertex   1.085514e+02 2.224964e+01 -7.869451e+01
      vertex   1.086243e+02 2.224964e+01 -7.906501e+01
      vertex   1.085774e+02 2.232625e+01 -7.886980e+01
    endloop
  endfacet
  facet normal 9.695643e-01 1.852591e-01 1.600757e-01
    outer loop
      vertex   1.085774e+02 2.232625e+01 -7.886980e+01
      vertex   1.086243e+02 2.224964e+01 -7.906501e+01
      vertex   1.086395e+02 2.232625e+01 -7.924552e+01
    endloop
  endfacet
  facet normal 9.065948e-01 3.945654e-01 1.496794e-01
    outer loop
      vertex   1.085774e+02 2.232625e+01 -7.886980e+01
      vertex   1.086395e+02 2.232625e+01 -7.924552e+01
      vertex   1.086092e+02 2.239741e+01 -7.924951e+01
    endloop
  endfacet
  facet normal 9.144433e-01 3.945654e-01 9.006480e-02
    outer loop
      vertex   1.086092e+02 2.239741e+01 -7.924951e+01
      vertex   1.086395e+02 2.232625e+01 -7.924552e+01
      vertex   1.086463e+02 2.239741e+01 -7.962649e+01
    endloop
  endfacet
  facet normal 7.834839e-01 6.166023e-01 7.716643e-02
    outer loop
      vertex   1.086092e+02 2.239741e+01 -7.924951e+01
      vertex   1.086463e+02 2.239741e+01 -7.962649e+01
      vertex   1.085986e+02 2.245838e+01 -7.962961e+01
    endloop
  endfacet
  facet normal 7.868533e-01 6.166023e-01 2.575891e-02
    outer loop
      vertex   1.085986e+02 2.245838e+01 -7.962961e+01
      vertex   1.086463e+02 2.239741e+01 -7.962649e+01
      vertex   1.086109e+02 2.245838e+01 -8.000509e+01
    endloop
  endfacet
  facet normal 6.028585e-01 7.976040e-01 1.973554e-02
    outer loop
      vertex   1.085986e+02 2.245838e+01 -7.962961e+01
      vertex   1.086109e+02 2.245838e+01 -8.000509e+01
      vertex   1.085491e+02 2.250508e+01 -8.000509e+01
    endloop
  endfacet
  facet normal 6.028585e-01 7.976040e-01 -1.973554e-02
    outer loop
      vertex   1.085491e+02 2.250508e+01 -8.000509e+01
      vertex   1.086109e+02 2.245838e+01 -8.000509e+01
      vertex   1.085370e+02 2.250508e+01 -8.037652e+01
    endloop
  endfacet
  facet normal 3.786195e-01 9.254694e-01 -1.239472e-02
    outer loop
      vertex   1.085491e+02 2.250508e+01 -8.000509e+01
      vertex   1.085370e+02 2.250508e+01 -8.037652e+01
      vertex   1.084654e+02 2.253440e+01 -8.037183e+01
    endloop
  endfacet
  facet normal 3.769982e-01 9.254694e-01 -3.713108e-02
    outer loop
      vertex   1.084654e+02 2.253440e+01 -8.037183e+01
      vertex   1.085370e+02 2.250508e+01 -8.037652e+01
      vertex   1.084295e+02 2.253440e+01 -8.073700e+01
    endloop
  endfacet
  facet normal 9.858740e-01 1.074972e-01 1.284395e-01
    outer loop
      vertex   1.086243e+02 2.224964e+01 -7.906501e+01
      vertex   1.086731e+02 2.224964e+01 -7.943946e+01
      vertex   1.086395e+02 2.232625e+01 -7.924552e+01
    endloop
  endfacet
  facet normal 9.779455e-01 1.853248e-01 9.631922e-02
    outer loop
      vertex   1.086395e+02 2.232625e+01 -7.924552e+01
      vertex   1.086731e+02 2.224964e+01 -7.943946e+01
      vertex   1.086768e+02 2.232625e+01 -7.962449e+01
    endloop
  endfacet
  facet normal 9.144433e-01 3.945654e-01 9.006480e-02
    outer loop
      vertex   1.086395e+02 2.232625e+01 -7.924552e+01
      vertex   1.086768e+02 2.232625e+01 -7.962449e+01
      vertex   1.086463e+02 2.239741e+01 -7.962649e+01
    endloop
  endfacet
  facet normal 9.183759e-01 3.945654e-01 3.006451e-02
    outer loop
      vertex   1.086463e+02 2.239741e+01 -7.962649e+01
      vertex   1.086768e+02 2.232625e+01 -7.962449e+01
      vertex   1.086587e+02 2.239741e+01 -8.000509e+01
    endloop
  endfacet
  facet normal 7.868533e-01 6.166023e-01 2.575891e-02
    outer loop
      vertex   1.086463e+02 2.239741e+01 -7.962649e+01
      vertex   1.086587e+02 2.239741e+01 -8.000509e+01
      vertex   1.086109e+02 2.245838e+01 -8.000509e+01
    endloop
  endfacet
  facet normal 7.868533e-01 6.166023e-01 -2.575891e-02
    outer loop
      vertex   1.086109e+02 2.245838e+01 -8.000509e+01
      vertex   1.086587e+02 2.239741e+01 -8.000509e+01
      vertex   1.085986e+02 2.245838e+01 -8.038056e+01
    endloop
  endfacet
  facet normal 6.028585e-01 7.976040e-01 -1.973554e-02
    outer loop
      vertex   1.086109e+02 2.245838e+01 -8.000509e+01
      vertex   1.085986e+02 2.245838e+01 -8.038056e+01
      vertex   1.085370e+02 2.250508e+01 -8.037652e+01
    endloop
  endfacet
  facet normal 6.002770e-01 7.976040e-01 -5.912212e-02
    outer loop
      vertex   1.085370e+02 2.250508e+01 -8.037652e+01
      vertex   1.085986e+02 2.245838e+01 -8.038056e+01
      vertex   1.085005e+02 2.250508e+01 -8.074636e+01
    endloop
  endfacet
  facet normal 3.769982e-01 9.254694e-01 -3.713108e-02
    outer loop
      vertex   1.085370e+02 2.250508e+01 -8.037652e+01
      vertex   1.085005e+02 2.250508e+01 -8.074636e+01
      vertex   1.084295e+02 2.253440e+01 -8.073700e+01
    endloop
  endfacet
  facet normal 3.737626e-01 9.254694e-01 -6.170845e-02
    outer loop
      vertex   1.084295e+02 2.253440e+01 -8.073700e+01
      vertex   1.085005e+02 2.250508e+01 -8.074636e+01
      vertex   1.083697e+02 2.253440e+01 -8.109904e+01
    endloop
  endfacet
  facet normal 9.921259e-01 1.074462e-01 6.435509e-02
    outer loop
      vertex   1.086731e+02 2.224964e+01 -7.943946e+01
      vertex   1.086975e+02 2.224964e+01 -7.981628e+01
      vertex   1.086768e+02 2.232625e+01 -7.962449e+01
    endloop
  endfacet
  facet normal 9.821450e-01 1.853577e-01 3.215210e-02
    outer loop
      vertex   1.086768e+02 2.232625e+01 -7.962449e+01
      vertex   1.086975e+02 2.224964e+01 -7.981628e+01
      vertex   1.086893e+02 2.232625e+01 -8.000509e+01
    endloop
  endfacet
  facet normal 9.183759e-01 3.945654e-01 3.006451e-02
    outer loop
      vertex   1.086768e+02 2.232625e+01 -7.962449e+01
      vertex   1.086893e+02 2.232625e+01 -8.000509e+01
      vertex   1.086587e+02 2.239741e+01 -8.000509e+01
    endloop
  endfacet
  facet normal 9.183759e-01 3.945654e-01 -3.006451e-02
    outer loop
      vertex   1.086587e+02 2.239741e+01 -8.000509e+01
      vertex   1.086893e+02 2.232625e+01 -8.000509e+01
      vertex   1.086463e+02 2.239741e+01 -8.038368e+01
    endloop
  endfacet
  facet normal 7.868533e-01 6.166023e-01 -2.575891e-02
    outer loop
      vertex   1.086587e+02 2.239741e+01 -8.000509e+01
      vertex   1.086463e+02 2.239741e+01 -8.038368e+01
      vertex   1.085986e+02 2.245838e+01 -8.038056e+01
    endloop
  endfacet
  facet normal 7.834839e-01 6.166023e-01 -7.716643e-02
    outer loop
      vertex   1.085986e+02 2.245838e+01 -8.038056e+01
      vertex   1.086463e+02 2.239741e+01 -8.038368e+01
      vertex   1.085618e+02 2.245838e+01 -8.075442e+01
    endloop
  endfacet
  facet normal 6.002770e-01 7.976040e-01 -5.912212e-02
    outer loop
      vertex   1.085986e+02 2.245838e+01 -8.038056e+01
      vertex   1.085618e+02 2.245838e+01 -8.075442e+01
      vertex   1.085005e+02 2.250508e+01 -8.074636e+01
    endloop
  endfacet
  facet normal 5.951250e-01 7.976040e-01 -9.825553e-02
    outer loop
      vertex   1.085005e+02 2.250508e+01 -8.074636e+01
      vertex   1.085618e+02 2.245838e+01 -8.075442e+01
      vertex   1.084400e+02 2.250508e+01 -8.111303e+01
    endloop
  endfacet
  facet normal 3.737626e-01 9.254694e-01 -6.170845e-02
    outer loop
      vertex   1.085005e+02 2.250508e+01 -8.074636e+01
      vertex   1.084400e+02 2.250508e+01 -8.111303e+01
      vertex   1.083697e+02 2.253440e+01 -8.109904e+01
    endloop
  endfacet
  facet normal 3.689264e-01 9.254694e-01 -8.602157e-02
    outer loop
      vertex   1.083697e+02 2.253440e+01 -8.109904e+01
      vertex   1.084400e+02 2.250508e+01 -8.111303e+01
      vertex   1.082864e+02 2.253440e+01 -8.145640e+01
    endloop
  endfacet
  facet normal 9.942127e-01 1.074292e-01 0.000000e+00
    outer loop
      vertex   1.086975e+02 2.224964e+01 -7.981628e+01
      vertex   1.086975e+02 2.224964e+01 -8.019389e+01
      vertex   1.086893e+02 2.232625e+01 -8.000509e+01
    endloop
  endfacet
  facet normal 9.821450e-01 1.853577e-01 -3.215210e-02
    outer loop
      vertex   1.086893e+02 2.232625e+01 -8.000509e+01
      vertex   1.086975e+02 2.224964e+01 -8.019389e+01
      vertex   1.086768e+02 2.232625e+01 -8.038568e+01
    endloop
  endfacet
  facet normal 9.183759e-01 3.945654e-01 -3.006451e-02
    outer loop
      vertex   1.086893e+02 2.232625e+01 -8.000509e+01
      vertex   1.086768e+02 2.232625e+01 -8.038568e+01
      vertex   1.086463e+02 2.239741e+01 -8.038368e+01
    endloop
  endfacet
  facet normal 9.144433e-01 3.945654e-01 -9.006480e-02
    outer loop
      vertex   1.086463e+02 2.239741e+01 -8.038368e+01
      vertex   1.086768e+02 2.232625e+01 -8.038568e+01
      vertex   1.086092e+02 2.239741e+01 -8.076066e+01
    endloop
  endfacet
  facet normal 7.834839e-01 6.166023e-01 -7.716643e-02
    outer loop
      vertex   1.086463e+02 2.239741e+01 -8.038368e+01
      vertex   1.086092e+02 2.239741e+01 -8.076066e+01
      vertex   1.085618e+02 2.245838e+01 -8.075442e+01
    endloop
  endfacet
  facet normal 7.767594e-01 6.166023e-01 -1.282435e-01
    outer loop
      vertex   1.085618e+02 2.245838e+01 -8.075442e+01
      vertex   1.086092e+02 2.239741e+01 -8.076066e+01
      vertex   1.085006e+02 2.245838e+01 -8.112508e+01
    endloop
  endfacet
  facet normal 5.951250e-01 7.976040e-01 -9.825553e-02
    outer loop
      vertex   1.085618e+02 2.245838e+01 -8.075442e+01
      vertex   1.085006e+02 2.245838e+01 -8.112508e+01
      vertex   1.084400e+02 2.250508e+01 -8.111303e+01
    endloop
  endfacet
  facet normal 5.874245e-01 7.976040e-01 -1.369682e-01
    outer loop
      vertex   1.084400e+02 2.250508e+01 -8.111303e+01
      vertex   1.085006e+02 2.245838e+01 -8.112508e+01
      vertex   1.083556e+02 2.250508e+01 -8.147495e+01
    endloop
  endfacet
  facet normal 3.689264e-01 9.254694e-01 -8.602157e-02
    outer loop
      vertex   1.084400e+02 2.250508e+01 -8.111303e+01
      vertex   1.083556e+02 2.250508e+01 -8.147495e+01
      vertex   1.082864e+02 2.253440e+01 -8.145640e+01
    endloop
  endfacet
  facet normal 3.625104e-01 9.254694e-01 -1.099663e-01
    outer loop
      vertex   1.082864e+02 2.253440e+01 -8.145640e+01
      vertex   1.083556e+02 2.250508e+01 -8.147495e+01
      vertex   1.081799e+02 2.253440e+01 -8.180754e+01
    endloop
  endfacet
  facet normal 9.921259e-01 1.074462e-01 -6.435509e-02
    outer loop
      vertex   1.086975e+02 2.224964e+01 -8.019389e+01
      vertex   1.086731e+02 2.224964e+01 -8.057071e+01
      vertex   1.086768e+02 2.232625e+01 -8.038568e+01
    endloop
  endfacet
  facet normal 9.779455e-01 1.853248e-01 -9.631922e-02
    outer loop
      vertex   1.086768e+02 2.232625e+01 -8.038568e+01
      vertex   1.086731e+02 2.224964e+01 -8.057071e+01
      vertex   1.086395e+02 2.232625e+01 -8.076465e+01
    endloop
  endfacet
  facet normal 9.144433e-01 3.945654e-01 -9.006480e-02
    outer loop
      vertex   1.086768e+02 2.232625e+01 -8.038568e+01
      vertex   1.086395e+02 2.232625e+01 -8.076465e+01
      vertex   1.086092e+02 2.239741e+01 -8.076066e+01
    endloop
  endfacet
  facet normal 9.065948e-01 3.945654e-01 -1.496794e-01
    outer loop
      vertex   1.086092e+02 2.239741e+01 -8.076066e+01
      vertex   1.086395e+02 2.232625e+01 -8.076465e+01
      vertex   1.085475e+02 2.239741e+01 -8.113440e+01
    endloop
  endfacet
  facet normal 7.767594e-01 6.166023e-01 -1.282435e-01
    outer loop
      vertex   1.086092e+02 2.239741e+01 -8.076066e+01
      vertex   1.085475e+02 2.239741e+01 -8.113440e+01
      vertex   1.085006e+02 2.245838e+01 -8.112508e+01
    endloop
  endfacet
  facet normal 7.667088e-01 6.166023e-01 -1.787714e-01
    outer loop
      vertex   1.085006e+02 2.245838e+01 -8.112508e+01
      vertex   1.085475e+02 2.239741e+01 -8.113440e+01
      vertex   1.084153e+02 2.245838e+01 -8.149094e+01
    endloop
  endfacet
  facet normal 5.874245e-01 7.976040e-01 -1.369682e-01
    outer loop
      vertex   1.085006e+02 2.245838e+01 -8.112508e+01
      vertex   1.084153e+02 2.245838e+01 -8.149094e+01
      vertex   1.083556e+02 2.250508e+01 -8.147495e+01
    endloop
  endfacet
  facet normal 5.772087e-01 7.976040e-01 -1.750943e-01
    outer loop
      vertex   1.083556e+02 2.250508e+01 -8.147495e+01
      vertex   1.084153e+02 2.245838e+01 -8.149094e+01
      vertex   1.082477e+02 2.250508e+01 -8.183058e+01
    endloop
  endfacet
  facet normal 3.625104e-01 9.254694e-01 -1.099663e-01
    outer loop
      vertex   1.083556e+02 2.250508e+01 -8.147495e+01
      vertex   1.082477e+02 2.250508e+01 -8.183058e+01
      vertex   1.081799e+02 2.253440e+01 -8.180754e+01
    endloop
  endfacet
  facet normal 3.545421e-01 9.254694e-01 -1.334402e-01
    outer loop
      vertex   1.081799e+02 2.253440e+01 -8.180754e+01
      vertex   1.082477e+02 2.250508e+01 -8.183058e+01
      vertex   1.080506e+02 2.253440e+01 -8.215096e+01
    endloop
  endfacet
  facet normal 9.858740e-01 1.074972e-01 -1.284395e-01
    outer loop
      vertex   1.086731e+02 2.224964e+01 -8.057071e+01
      vertex   1.086243e+02 2.224964e+01 -8.094516e+01
      vertex   1.086395e+02 2.232625e+01 -8.076465e+01
    endloop
  endfacet
  facet normal 9.695643e-01 1.852591e-01 -1.600757e-01
    outer loop
      vertex   1.086395e+02 2.232625e+01 -8.076465e+01
      vertex   1.086243e+02 2.224964e+01 -8.094516e+01
      vertex   1.085774e+02 2.232625e+01 -8.114037e+01
    endloop
  endfacet
  facet normal 9.065948e-01 3.945654e-01 -1.496794e-01
    outer loop
      vertex   1.086395e+02 2.232625e+01 -8.076465e+01
      vertex   1.085774e+02 2.232625e+01 -8.114037e+01
      vertex   1.085475e+02 2.239741e+01 -8.113440e+01
    endloop
  endfacet
  facet normal 8.948642e-01 3.945654e-01 -2.086531e-01
    outer loop
      vertex   1.085475e+02 2.239741e+01 -8.113440e+01
      vertex   1.085774e+02 2.232625e+01 -8.114037e+01
      vertex   1.084614e+02 2.239741e+01 -8.150331e+01
    endloop
  endfacet
  facet normal 7.667088e-01 6.166023e-01 -1.787714e-01
    outer loop
      vertex   1.085475e+02 2.239741e+01 -8.113440e+01
      vertex   1.084614e+02 2.239741e+01 -8.150331e+01
      vertex   1.084153e+02 2.245838e+01 -8.149094e+01
    endloop
  endfacet
  facet normal 7.533750e-01 6.166023e-01 -2.285338e-01
    outer loop
      vertex   1.084153e+02 2.245838e+01 -8.149094e+01
      vertex   1.084614e+02 2.239741e+01 -8.150331e+01
      vertex   1.083062e+02 2.245838e+01 -8.185044e+01
    endloop
  endfacet
  facet normal 5.772087e-01 7.976040e-01 -1.750943e-01
    outer loop
      vertex   1.084153e+02 2.245838e+01 -8.149094e+01
      vertex   1.083062e+02 2.245838e+01 -8.185044e+01
      vertex   1.082477e+02 2.250508e+01 -8.183058e+01
    endloop
  endfacet
  facet normal 5.645211e-01 7.976040e-01 -2.124707e-01
    outer loop
      vertex   1.082477e+02 2.250508e+01 -8.183058e+01
      vertex   1.083062e+02 2.245838e+01 -8.185044e+01
      vertex   1.081168e+02 2.250508e+01 -8.217839e+01
    endloop
  endfacet
  facet normal 3.545421e-01 9.254694e-01 -1.334402e-01
    outer loop
      vertex   1.082477e+02 2.250508e+01 -8.183058e+01
      vertex   1.081168e+02 2.250508e+01 -8.217839e+01
      vertex   1.080506e+02 2.253440e+01 -8.215096e+01
    endloop
  endfacet
  facet normal 3.450556e-01 9.254694e-01 -1.563426e-01
    outer loop
      vertex   1.080506e+02 2.253440e+01 -8.215096e+01
      vertex   1.081168e+02 2.250508e+01 -8.217839e+01
      vertex   1.078992e+02 2.253440e+01 -8.248519e+01
    endloop
  endfacet
  facet normal 9.754836e-01 1.075821e-01 -1.919839e-01
    outer loop
      vertex   1.086243e+02 2.224964e+01 -8.094516e+01
      vertex   1.085514e+02 2.224964e+01 -8.131566e+01
      vertex   1.085774e+02 2.232625e+01 -8.114037e+01
    endloop
  endfacet
  facet normal 9.570370e-01 1.851604e-01 -2.231497e-01
    outer loop
      vertex   1.085774e+02 2.232625e+01 -8.114037e+01
      vertex   1.085514e+02 2.224964e+01 -8.131566e+01
      vertex   1.084910e+02 2.232625e+01 -8.151122e+01
    endloop
  endfacet
  facet normal 8.948642e-01 3.945654e-01 -2.086531e-01
    outer loop
      vertex   1.085774e+02 2.232625e+01 -8.114037e+01
      vertex   1.084910e+02 2.232625e+01 -8.151122e+01
      vertex   1.084614e+02 2.239741e+01 -8.150331e+01
    endloop
  endfacet
  facet normal 8.793017e-01 3.945654e-01 -2.667333e-01
    outer loop
      vertex   1.084614e+02 2.239741e+01 -8.150331e+01
      vertex   1.084910e+02 2.232625e+01 -8.151122e+01
      vertex   1.083515e+02 2.239741e+01 -8.186580e+01
    endloop
  endfacet
  facet normal 7.533750e-01 6.166023e-01 -2.285338e-01
    outer loop
      vertex   1.084614e+02 2.239741e+01 -8.150331e+01
      vertex   1.083515e+02 2.239741e+01 -8.186580e+01
      vertex   1.083062e+02 2.245838e+01 -8.185044e+01
    endloop
  endfacet
  facet normal 7.368152e-01 6.166023e-01 -2.773176e-01
    outer loop
      vertex   1.083062e+02 2.245838e+01 -8.185044e+01
      vertex   1.083515e+02 2.239741e+01 -8.186580e+01
      vertex   1.081739e+02 2.245838e+01 -8.220204e+01
    endloop
  endfacet
  facet normal 5.645211e-01 7.976040e-01 -2.124707e-01
    outer loop
      vertex   1.083062e+02 2.245838e+01 -8.185044e+01
      vertex   1.081739e+02 2.245838e+01 -8.220204e+01
      vertex   1.081168e+02 2.250508e+01 -8.217839e+01
    endloop
  endfacet
  facet normal 5.494162e-01 7.976040e-01 -2.489372e-01
    outer loop
      vertex   1.081168e+02 2.250508e+01 -8.217839e+01
      vertex   1.081739e+02 2.245838e+01 -8.220204e+01
      vertex   1.079635e+02 2.250508e+01 -8.251690e+01
    endloop
  endfacet
  facet normal 3.450556e-01 9.254694e-01 -1.563426e-01
    outer loop
      vertex   1.081168e+02 2.250508e+01 -8.217839e+01
      vertex   1.079635e+02 2.250508e+01 -8.251690e+01
      vertex   1.078992e+02 2.253440e+01 -8.248519e+01
    endloop
  endfacet
  facet normal 3.340915e-01 9.254694e-01 -1.785756e-01
    outer loop
      vertex   1.078992e+02 2.253440e+01 -8.248519e+01
      vertex   1.079635e+02 2.250508e+01 -8.251690e+01
      vertex   1.077262e+02 2.253440e+01 -8.280881e+01
    endloop
  endfacet
  facet normal 9.609983e-01 1.077011e-01 -2.547208e-01
    outer loop
      vertex   1.085514e+02 2.224964e+01 -8.131566e+01
      vertex   1.084546e+02 2.224964e+01 -8.168067e+01
      vertex   1.084910e+02 2.232625e+01 -8.151122e+01
    endloop
  endfacet
  facet normal 9.404169e-01 1.850289e-01 -2.852724e-01
    outer loop
      vertex   1.084910e+02 2.232625e+01 -8.151122e+01
      vertex   1.084546e+02 2.224964e+01 -8.168067e+01
      vertex   1.083804e+02 2.232625e+01 -8.187562e+01
    endloop
  endfacet
  facet normal 8.793017e-01 3.945654e-01 -2.667333e-01
    outer loop
      vertex   1.084910e+02 2.232625e+01 -8.151122e+01
      vertex   1.083804e+02 2.232625e+01 -8.187562e+01
      vertex   1.083515e+02 2.239741e+01 -8.186580e+01
    endloop
  endfacet
  facet normal 8.599739e-01 3.945654e-01 -3.236712e-01
    outer loop
      vertex   1.083515e+02 2.239741e+01 -8.186580e+01
      vertex   1.083804e+02 2.232625e+01 -8.187562e+01
      vertex   1.082180e+02 2.239741e+01 -8.222032e+01
    endloop
  endfacet
  facet normal 7.368152e-01 6.166023e-01 -2.773176e-01
    outer loop
      vertex   1.083515e+02 2.239741e+01 -8.186580e+01
      vertex   1.082180e+02 2.239741e+01 -8.222032e+01
      vertex   1.081739e+02 2.245838e+01 -8.220204e+01
    endloop
  endfacet
  facet normal 7.171002e-01 6.166023e-01 -3.249139e-01
    outer loop
      vertex   1.081739e+02 2.245838e+01 -8.220204e+01
      vertex   1.082180e+02 2.239741e+01 -8.222032e+01
      vertex   1.080189e+02 2.245838e+01 -8.254423e+01
    endloop
  endfacet
  facet normal 5.494162e-01 7.976040e-01 -2.489372e-01
    outer loop
      vertex   1.081739e+02 2.245838e+01 -8.220204e+01
      vertex   1.080189e+02 2.245838e+01 -8.254423e+01
      vertex   1.079635e+02 2.250508e+01 -8.251690e+01
    endloop
  endfacet
  facet normal 5.319586e-01 7.976040e-01 -2.843378e-01
    outer loop
      vertex   1.079635e+02 2.250508e+01 -8.251690e+01
      vertex   1.080189e+02 2.245838e+01 -8.254423e+01
      vertex   1.077883e+02 2.250508e+01 -8.284465e+01
    endloop
  endfacet
  facet normal 3.340915e-01 9.254694e-01 -1.785756e-01
    outer loop
      vertex   1.079635e+02 2.250508e+01 -8.251690e+01
      vertex   1.077883e+02 2.250508e+01 -8.284465e+01
      vertex   1.077262e+02 2.253440e+01 -8.280881e+01
    endloop
  endfacet
  facet normal 3.216968e-01 9.254694e-01 -2.000439e-01
    outer loop
      vertex   1.077262e+02 2.253440e+01 -8.280881e+01
      vertex   1.077883e+02 2.250508e+01 -8.284465e+01
      vertex   1.075324e+02 2.253440e+01 -8.312041e+01
    endloop
  endfacet
  facet normal 9.424792e-01 1.078540e-01 -3.163866e-01
    outer loop
      vertex   1.084546e+02 2.224964e+01 -8.168067e+01
      vertex   1.083345e+02 2.224964e+01 -8.203865e+01
      vertex   1.083804e+02 2.232625e+01 -8.187562e+01
    endloop
  endfacet
  facet normal 9.197747e-01 1.848645e-01 -3.461787e-01
    outer loop
      vertex   1.083804e+02 2.232625e+01 -8.187562e+01
      vertex   1.083345e+02 2.224964e+01 -8.203865e+01
      vertex   1.082463e+02 2.232625e+01 -8.223202e+01
    endloop
  endfacet
  facet normal 8.599739e-01 3.945654e-01 -3.236712e-01
    outer loop
      vertex   1.083804e+02 2.232625e+01 -8.187562e+01
      vertex   1.082463e+02 2.232625e+01 -8.223202e+01
      vertex   1.082180e+02 2.239741e+01 -8.222032e+01
    endloop
  endfacet
  facet normal 8.369635e-01 3.945654e-01 -3.792232e-01
    outer loop
      vertex   1.082180e+02 2.239741e+01 -8.222032e+01
      vertex   1.082463e+02 2.232625e+01 -8.223202e+01
      vertex   1.080617e+02 2.239741e+01 -8.256535e+01
    endloop
  endfacet
  facet normal 7.171002e-01 6.166023e-01 -3.249139e-01
    outer loop
      vertex   1.082180e+02 2.239741e+01 -8.222032e+01
      vertex   1.080617e+02 2.239741e+01 -8.256535e+01
      vertex   1.080189e+02 2.245838e+01 -8.254423e+01
    endloop
  endfacet
  facet normal 6.943144e-01 6.166023e-01 -3.711188e-01
    outer loop
      vertex   1.080189e+02 2.245838e+01 -8.254423e+01
      vertex   1.080617e+02 2.239741e+01 -8.256535e+01
      vertex   1.078418e+02 2.245838e+01 -8.287554e+01
    endloop
  endfacet
  facet normal 5.319586e-01 7.976040e-01 -2.843378e-01
    outer loop
      vertex   1.080189e+02 2.245838e+01 -8.254423e+01
      vertex   1.078418e+02 2.245838e+01 -8.287554e+01
      vertex   1.077883e+02 2.250508e+01 -8.284465e+01
    endloop
  endfacet
  facet normal 5.122230e-01 7.976040e-01 -3.185207e-01
    outer loop
      vertex   1.077883e+02 2.250508e+01 -8.284465e+01
      vertex   1.078418e+02 2.245838e+01 -8.287554e+01
      vertex   1.075920e+02 2.250508e+01 -8.316024e+01
    endloop
  endfacet
  facet normal 3.216968e-01 9.254694e-01 -2.000439e-01
    outer loop
      vertex   1.077883e+02 2.250508e+01 -8.284465e+01
      vertex   1.075920e+02 2.250508e+01 -8.316024e+01
      vertex   1.075324e+02 2.253440e+01 -8.312041e+01
    endloop
  endfacet
  facet normal 3.079245e-01 9.254694e-01 -2.206556e-01
    outer loop
      vertex   1.075324e+02 2.253440e+01 -8.312041e+01
      vertex   1.075920e+02 2.250508e+01 -8.316024e+01
      vertex   1.073187e+02 2.253440e+01 -8.341868e+01
    endloop
  endfacet
  facet normal 9.200042e-01 1.080408e-01 -3.767219e-01
    outer loop
      vertex   1.083345e+02 2.224964e+01 -8.203865e+01
      vertex   1.081914e+02 2.224964e+01 -8.238810e+01
      vertex   1.082463e+02 2.232625e+01 -8.223202e+01
    endloop
  endfacet
  facet normal 8.951980e-01 1.846672e-01 -4.056089e-01
    outer loop
      vertex   1.082463e+02 2.232625e+01 -8.223202e+01
      vertex   1.081914e+02 2.224964e+01 -8.238810e+01
      vertex   1.080891e+02 2.232625e+01 -8.257888e+01
    endloop
  endfacet
  facet normal 8.369635e-01 3.945654e-01 -3.792232e-01
    outer loop
      vertex   1.082463e+02 2.232625e+01 -8.223202e+01
      vertex   1.080891e+02 2.232625e+01 -8.257888e+01
      vertex   1.080617e+02 2.239741e+01 -8.256535e+01
    endloop
  endfacet
  facet normal 8.103691e-01 3.945654e-01 -4.331513e-01
    outer loop
      vertex   1.080617e+02 2.239741e+01 -8.256535e+01
      vertex   1.080891e+02 2.232625e+01 -8.257888e+01
      vertex   1.078831e+02 2.239741e+01 -8.289943e+01
    endloop
  endfacet
  facet normal 6.943144e-01 6.166023e-01 -3.711188e-01
    outer loop
      vertex   1.080617e+02 2.239741e+01 -8.256535e+01
      vertex   1.078831e+02 2.239741e+01 -8.289943e+01
      vertex   1.078418e+02 2.245838e+01 -8.287554e+01
    endloop
  endfacet
  facet normal 6.685555e-01 6.166023e-01 -4.157345e-01
    outer loop
      vertex   1.078418e+02 2.245838e+01 -8.287554e+01
      vertex   1.078831e+02 2.239741e+01 -8.289943e+01
      vertex   1.076434e+02 2.245838e+01 -8.319457e+01
    endloop
  endfacet
  facet normal 5.122230e-01 7.976040e-01 -3.185207e-01
    outer loop
      vertex   1.078418e+02 2.245838e+01 -8.287554e+01
      vertex   1.076434e+02 2.245838e+01 -8.319457e+01
      vertex   1.075920e+02 2.250508e+01 -8.316024e+01
    endloop
  endfacet
  facet normal 4.902941e-01 7.976040e-01 -3.513398e-01
    outer loop
      vertex   1.075920e+02 2.250508e+01 -8.316024e+01
      vertex   1.076434e+02 2.245838e+01 -8.319457e+01
      vertex   1.073756e+02 2.250508e+01 -8.346232e+01
    endloop
  endfacet
  facet normal 3.079245e-01 9.254694e-01 -2.206556e-01
    outer loop
      vertex   1.075920e+02 2.250508e+01 -8.316024e+01
      vertex   1.073756e+02 2.250508e+01 -8.346232e+01
      vertex   1.073187e+02 2.253440e+01 -8.341868e+01
    endloop
  endfacet
  facet normal 2.928336e-01 9.254694e-01 -2.403224e-01
    outer loop
      vertex   1.073187e+02 2.253440e+01 -8.341868e+01
      vertex   1.073756e+02 2.250508e+01 -8.346232e+01
      vertex   1.070859e+02 2.253440e+01 -8.370233e+01
    endloop
  endfacet
  facet normal 8.936681e-01 1.082617e-01 -4.354730e-01
    outer loop
      vertex   1.081914e+02 2.224964e+01 -8.238810e+01
      vertex   1.080260e+02 2.224964e+01 -8.272755e+01
      vertex   1.080891e+02 2.232625e+01 -8.257888e+01
    endloop
  endfacet
  facet normal 8.667913e-01 1.844369e-01 -4.633096e-01
    outer loop
      vertex   1.080891e+02 2.232625e+01 -8.257888e+01
      vertex   1.080260e+02 2.224964e+01 -8.272755e+01
      vertex   1.079096e+02 2.232625e+01 -8.291471e+01
    endloop
  endfacet
  facet normal 8.103691e-01 3.945654e-01 -4.331513e-01
    outer loop
      vertex   1.080891e+02 2.232625e+01 -8.257888e+01
      vertex   1.079096e+02 2.232625e+01 -8.291471e+01
      vertex   1.078831e+02 2.239741e+01 -8.289943e+01
    endloop
  endfacet
  facet normal 7.803046e-01 3.945654e-01 -4.852246e-01
    outer loop
      vertex   1.078831e+02 2.239741e+01 -8.289943e+01
      vertex   1.079096e+02 2.232625e+01 -8.291471e+01
      vertex   1.076831e+02 2.239741e+01 -8.322111e+01
    endloop
  endfacet
  facet normal 6.685555e-01 6.166023e-01 -4.157345e-01
    outer loop
      vertex   1.078831e+02 2.239741e+01 -8.289943e+01
      vertex   1.076831e+02 2.239741e+01 -8.322111e+01
      vertex   1.076434e+02 2.245838e+01 -8.319457e+01
    endloop
  endfacet
  facet normal 6.399337e-01 6.166023e-01 -4.585700e-01
    outer loop
      vertex   1.076434e+02 2.245838e+01 -8.319457e+01
      vertex   1.076831e+02 2.239741e+01 -8.322111e+01
      vertex   1.074246e+02 2.245838e+01 -8.349993e+01
    endloop
  endfacet
  facet normal 4.902941e-01 7.976040e-01 -3.513398e-01
    outer loop
      vertex   1.076434e+02 2.245838e+01 -8.319457e+01
      vertex   1.074246e+02 2.245838e+01 -8.349993e+01
      vertex   1.073756e+02 2.250508e+01 -8.346232e+01
    endloop
  endfacet
  facet normal 4.662656e-01 7.976040e-01 -3.826543e-01
    outer loop
      vertex   1.073756e+02 2.250508e+01 -8.346232e+01
      vertex   1.074246e+02 2.245838e+01 -8.349993e+01
      vertex   1.071398e+02 2.250508e+01 -8.374959e+01
    endloop
  endfacet
  facet normal 2.928336e-01 9.254694e-01 -2.403224e-01
    outer loop
      vertex   1.073756e+02 2.250508e+01 -8.346232e+01
      vertex   1.071398e+02 2.250508e+01 -8.374959e+01
      vertex   1.070859e+02 2.253440e+01 -8.370233e+01
    endloop
  endfacet
  facet normal 2.764888e-01 9.254694e-01 -2.589600e-01
    outer loop
      vertex   1.070859e+02 2.253440e+01 -8.370233e+01
      vertex   1.071398e+02 2.250508e+01 -8.374959e+01
      vertex   1.068351e+02 2.253440e+01 -8.397015e+01
    endloop
  endfacet
  facet normal 8.635817e-01 1.085165e-01 -4.923930e-01
    outer loop
      vertex   1.080260e+02 2.224964e+01 -8.272755e+01
      vertex   1.078389e+02 2.224964e+01 -8.305559e+01
      vertex   1.079096e+02 2.232625e+01 -8.291471e+01
    endloop
  endfacet
  facet normal 8.346755e-01 1.841738e-01 -5.190346e-01
    outer loop
      vertex   1.079096e+02 2.232625e+01 -8.291471e+01
      vertex   1.078389e+02 2.224964e+01 -8.305559e+01
      vertex   1.077085e+02 2.232625e+01 -8.323809e+01
    endloop
  endfacet
  facet normal 7.803046e-01 3.945654e-01 -4.852246e-01
    outer loop
      vertex   1.079096e+02 2.232625e+01 -8.291471e+01
      vertex   1.077085e+02 2.232625e+01 -8.323809e+01
      vertex   1.076831e+02 2.239741e+01 -8.322111e+01
    endloop
  endfacet
  facet normal 7.468987e-01 3.945654e-01 -5.352200e-01
    outer loop
      vertex   1.076831e+02 2.239741e+01 -8.322111e+01
      vertex   1.077085e+02 2.232625e+01 -8.323809e+01
      vertex   1.074625e+02 2.239741e+01 -8.352901e+01
    endloop
  endfacet
  facet normal 6.399337e-01 6.166023e-01 -4.585700e-01
    outer loop
      vertex   1.076831e+02 2.239741e+01 -8.322111e+01
      vertex   1.074625e+02 2.239741e+01 -8.352901e+01
      vertex   1.074246e+02 2.245838e+01 -8.349993e+01
    endloop
  endfacet
  facet normal 6.085717e-01 6.166023e-01 -4.994419e-01
    outer loop
      vertex   1.074246e+02 2.245838e+01 -8.349993e+01
      vertex   1.074625e+02 2.239741e+01 -8.352901e+01
      vertex   1.071862e+02 2.245838e+01 -8.379033e+01
    endloop
  endfacet
  facet normal 4.662656e-01 7.976040e-01 -3.826543e-01
    outer loop
      vertex   1.074246e+02 2.245838e+01 -8.349993e+01
      vertex   1.071862e+02 2.245838e+01 -8.379033e+01
      vertex   1.071398e+02 2.250508e+01 -8.374959e+01
    endloop
  endfacet
  facet normal 4.402405e-01 7.976040e-01 -4.123302e-01
    outer loop
      vertex   1.071398e+02 2.250508e+01 -8.374959e+01
      vertex   1.071862e+02 2.245838e+01 -8.379033e+01
      vertex   1.068857e+02 2.250508e+01 -8.402083e+01
    endloop
  endfacet
  facet normal 2.764888e-01 9.254694e-01 -2.589600e-01
    outer loop
      vertex   1.071398e+02 2.250508e+01 -8.374959e+01
      vertex   1.068857e+02 2.250508e+01 -8.402083e+01
      vertex   1.068351e+02 2.253440e+01 -8.397015e+01
    endloop
  endfacet
  facet normal 2.589600e-01 9.254694e-01 -2.764888e-01
    outer loop
      vertex   1.068351e+02 2.253440e+01 -8.397015e+01
      vertex   1.068857e+02 2.250508e+01 -8.402083e+01
      vertex   1.065672e+02 2.253440e+01 -8.422098e+01
    endloop
  endfacet
  facet normal 8.298718e-01 1.088052e-01 -5.472425e-01
    outer loop
      vertex   1.078389e+02 2.224964e+01 -8.305559e+01
      vertex   1.076311e+02 2.224964e+01 -8.337083e+01
      vertex   1.077085e+02 2.232625e+01 -8.323809e+01
    endloop
  endfacet
  facet normal 7.989870e-01 1.838776e-01 -5.725460e-01
    outer loop
      vertex   1.077085e+02 2.232625e+01 -8.323809e+01
      vertex   1.076311e+02 2.224964e+01 -8.337083e+01
      vertex   1.074867e+02 2.232625e+01 -8.354762e+01
    endloop
  endfacet
  facet normal 7.468987e-01 3.945654e-01 -5.352200e-01
    outer loop
      vertex   1.077085e+02 2.232625e+01 -8.323809e+01
      vertex   1.074867e+02 2.232625e+01 -8.354762e+01
      vertex   1.074625e+02 2.239741e+01 -8.352901e+01
    endloop
  endfacet
  facet normal 7.102945e-01 3.945654e-01 -5.829236e-01
    outer loop
      vertex   1.074625e+02 2.239741e+01 -8.352901e+01
      vertex   1.074867e+02 2.232625e+01 -8.354762e+01
      vertex   1.072222e+02 2.239741e+01 -8.382183e+01
    endloop
  endfacet
  facet normal 6.085717e-01 6.166023e-01 -4.994419e-01
    outer loop
      vertex   1.074625e+02 2.239741e+01 -8.352901e+01
      vertex   1.072222e+02 2.239741e+01 -8.382183e+01
      vertex   1.071862e+02 2.245838e+01 -8.379033e+01
    endloop
  endfacet
  facet normal 5.746036e-01 6.166023e-01 -5.381750e-01
    outer loop
      vertex   1.071862e+02 2.245838e+01 -8.379033e+01
      vertex   1.072222e+02 2.239741e+01 -8.382183e+01
      vertex   1.069294e+02 2.245838e+01 -8.406452e+01
    endloop
  endfacet
  facet normal 4.402405e-01 7.976040e-01 -4.123302e-01
    outer loop
      vertex   1.071862e+02 2.245838e+01 -8.379033e+01
      vertex   1.069294e+02 2.245838e+01 -8.406452e+01
      vertex   1.068857e+02 2.250508e+01 -8.402083e+01
    endloop
  endfacet
  facet normal 4.123302e-01 7.976040e-01 -4.402405e-01
    outer loop
      vertex   1.068857e+02 2.250508e+01 -8.402083e+01
      vertex   1.069294e+02 2.245838e+01 -8.406452e+01
      vertex   1.066145e+02 2.250508e+01 -8.427488e+01
    endloop
  endfacet
  facet normal 2.589600e-01 9.254694e-01 -2.764888e-01
    outer loop
      vertex   1.068857e+02 2.250508e+01 -8.402083e+01
      vertex   1.066145e+02 2.250508e+01 -8.427488e+01
      vertex   1.065672e+02 2.253440e+01 -8.422098e+01
    endloop
  endfacet
  facet normal 2.403224e-01 9.254694e-01 -2.928336e-01
    outer loop
      vertex   1.065672e+02 2.253440e+01 -8.422098e+01
      vertex   1.066145e+02 2.250508e+01 -8.427488e+01
      vertex   1.062836e+02 2.253440e+01 -8.445377e+01
    endloop
  endfacet
  facet normal 7.926803e-01 1.091279e-01 -5.997909e-01
    outer loop
      vertex   1.076311e+02 2.224964e+01 -8.337083e+01
      vertex   1.074032e+02 2.224964e+01 -8.367195e+01
      vertex   1.074867e+02 2.232625e+01 -8.354762e+01
    endloop
  endfacet
  facet normal 7.598775e-01 1.835486e-01 -6.236154e-01
    outer loop
      vertex   1.074867e+02 2.232625e+01 -8.354762e+01
      vertex   1.074032e+02 2.224964e+01 -8.367195e+01
      vertex   1.072451e+02 2.232625e+01 -8.384199e+01
    endloop
  endfacet
  facet normal 7.102945e-01 3.945654e-01 -5.829236e-01
    outer loop
      vertex   1.074867e+02 2.232625e+01 -8.354762e+01
      vertex   1.072451e+02 2.232625e+01 -8.384199e+01
      vertex   1.072222e+02 2.239741e+01 -8.382183e+01
    endloop
  endfacet
  facet normal 6.706486e-01 3.945654e-01 -6.281310e-01
    outer loop
      vertex   1.072222e+02 2.239741e+01 -8.382183e+01
      vertex   1.072451e+02 2.232625e+01 -8.384199e+01
      vertex   1.069632e+02 2.239741e+01 -8.409830e+01
    endloop
  endfacet
  facet normal 5.746036e-01 6.166023e-01 -5.381750e-01
    outer loop
      vertex   1.072222e+02 2.239741e+01 -8.382183e+01
      vertex   1.069632e+02 2.239741e+01 -8.409830e+01
      vertex   1.069294e+02 2.245838e+01 -8.406452e+01
    endloop
  endfacet
  facet normal 5.381750e-01 6.166023e-01 -5.746036e-01
    outer loop
      vertex   1.069294e+02 2.245838e+01 -8.406452e+01
      vertex   1.069632e+02 2.239741e+01 -8.409830e+01
      vertex   1.066552e+02 2.245838e+01 -8.432133e+01
    endloop
  endfacet
  facet normal 4.123302e-01 7.976040e-01 -4.402405e-01
    outer loop
      vertex   1.069294e+02 2.245838e+01 -8.406452e+01
      vertex   1.066552e+02 2.245838e+01 -8.432133e+01
      vertex   1.066145e+02 2.250508e+01 -8.427488e+01
    endloop
  endfacet
  facet normal 3.826543e-01 7.976040e-01 -4.662656e-01
    outer loop
      vertex   1.066145e+02 2.250508e+01 -8.427488e+01
      vertex   1.066552e+02 2.245838e+01 -8.432133e+01
      vertex   1.063272e+02 2.250508e+01 -8.451064e+01
    endloop
  endfacet
  facet normal 2.403224e-01 9.254694e-01 -2.928336e-01
    outer loop
      vertex   1.066145e+02 2.250508e+01 -8.427488e+01
      vertex   1.063272e+02 2.250508e+01 -8.451064e+01
      vertex   1.062836e+02 2.253440e+01 -8.445377e+01
    endloop
  endfacet
  facet normal 2.206556e-01 9.254694e-01 -3.079245e-01
    outer loop
      vertex   1.062836e+02 2.253440e+01 -8.445377e+01
      vertex   1.063272e+02 2.250508e+01 -8.451064e+01
      vertex   1.059853e+02 2.253440e+01 -8.466750e+01
    endloop
  endfacet
  facet normal 7.521638e-01 1.094845e-01 -6.498174e-01
    outer loop
      vertex   1.074032e+02 2.224964e+01 -8.367195e+01
      vertex   1.071563e+02 2.224964e+01 -8.395769e+01
      vertex   1.072451e+02 2.232625e+01 -8.384199e+01
    endloop
  endfacet
  facet normal 7.175134e-01 1.831865e-01 -6.720247e-01
    outer loop
      vertex   1.072451e+02 2.232625e+01 -8.384199e+01
      vertex   1.071563e+02 2.224964e+01 -8.395769e+01
      vertex   1.069848e+02 2.232625e+01 -8.411992e+01
    endloop
  endfacet
  facet normal 6.706486e-01 3.945654e-01 -6.281310e-01
    outer loop
      vertex   1.072451e+02 2.232625e+01 -8.384199e+01
      vertex   1.069848e+02 2.232625e+01 -8.411992e+01
      vertex   1.069632e+02 2.239741e+01 -8.409830e+01
    endloop
  endfacet
  facet normal 6.281310e-01 3.945654e-01 -6.706486e-01
    outer loop
      vertex   1.069632e+02 2.239741e+01 -8.409830e+01
      vertex   1.069848e+02 2.232625e+01 -8.411992e+01
      vertex   1.066867e+02 2.239741e+01 -8.435725e+01
    endloop
  endfacet
  facet normal 5.381750e-01 6.166023e-01 -5.746036e-01
    outer loop
      vertex   1.069632e+02 2.239741e+01 -8.409830e+01
      vertex   1.066867e+02 2.239741e+01 -8.435725e+01
      vertex   1.066552e+02 2.245838e+01 -8.432133e+01
    endloop
  endfacet
  facet normal 4.994419e-01 6.166023e-01 -6.085717e-01
    outer loop
      vertex   1.066552e+02 2.245838e+01 -8.432133e+01
      vertex   1.066867e+02 2.239741e+01 -8.435725e+01
      vertex   1.063648e+02 2.245838e+01 -8.455966e+01
    endloop
  endfacet
  facet normal 3.826543e-01 7.976040e-01 -4.662656e-01
    outer loop
      vertex   1.066552e+02 2.245838e+01 -8.432133e+01
      vertex   1.063648e+02 2.245838e+01 -8.455966e+01
      vertex   1.063272e+02 2.250508e+01 -8.451064e+01
    endloop
  endfacet
  facet normal 3.513398e-01 7.976040e-01 -4.902941e-01
    outer loop
      vertex   1.063272e+02 2.250508e+01 -8.451064e+01
      vertex   1.063648e+02 2.245838e+01 -8.455966e+01
      vertex   1.060252e+02 2.250508e+01 -8.472711e+01
    endloop
  endfacet
  facet normal 2.206556e-01 9.254694e-01 -3.079245e-01
    outer loop
      vertex   1.063272e+02 2.250508e+01 -8.451064e+01
      vertex   1.060252e+02 2.250508e+01 -8.472711e+01
      vertex   1.059853e+02 2.253440e+01 -8.466750e+01
    endloop
  endfacet
  facet normal 2.000439e-01 9.254694e-01 -3.216968e-01
    outer loop
      vertex   1.059853e+02 2.253440e+01 -8.466750e+01
      vertex   1.060252e+02 2.250508e+01 -8.472711e+01
      vertex   1.056737e+02 2.253440e+01 -8.486127e+01
    endloop
  endfacet
  facet normal 7.084931e-01 1.098750e-01 -6.971119e-01
    outer loop
      vertex   1.071563e+02 2.224964e+01 -8.395769e+01
      vertex   1.068915e+02 2.224964e+01 -8.422686e+01
      vertex   1.069848e+02 2.232625e+01 -8.411992e+01
    endloop
  endfacet
  facet normal 6.720749e-01 1.827915e-01 -7.175671e-01
    outer loop
      vertex   1.069848e+02 2.232625e+01 -8.411992e+01
      vertex   1.068915e+02 2.224964e+01 -8.422686e+01
      vertex   1.067069e+02 2.232625e+01 -8.438023e+01
    endloop
  endfacet
  facet normal 6.281310e-01 3.945654e-01 -6.706486e-01
    outer loop
      vertex   1.069848e+02 2.232625e+01 -8.411992e+01
      vertex   1.067069e+02 2.232625e+01 -8.438023e+01
      vertex   1.066867e+02 2.239741e+01 -8.435725e+01
    endloop
  endfacet
  facet normal 5.829236e-01 3.945654e-01 -7.102945e-01
    outer loop
      vertex   1.066867e+02 2.239741e+01 -8.435725e+01
      vertex   1.067069e+02 2.232625e+01 -8.438023e+01
      vertex   1.063939e+02 2.239741e+01 -8.459756e+01
    endloop
  endfacet
  facet normal 4.994419e-01 6.166023e-01 -6.085717e-01
    outer loop
      vertex   1.066867e+02 2.239741e+01 -8.435725e+01
      vertex   1.063939e+02 2.239741e+01 -8.459756e+01
      vertex   1.063648e+02 2.245838e+01 -8.455966e+01
    endloop
  endfacet
  facet normal 4.585700e-01 6.166023e-01 -6.399337e-01
    outer loop
      vertex   1.063648e+02 2.245838e+01 -8.455966e+01
      vertex   1.063939e+02 2.239741e+01 -8.459756e+01
      vertex   1.060595e+02 2.245838e+01 -8.477848e+01
    endloop
  endfacet
  facet normal 3.513398e-01 7.976040e-01 -4.902941e-01
    outer loop
      vertex   1.063648e+02 2.245838e+01 -8.455966e+01
      vertex   1.060595e+02 2.245838e+01 -8.477848e+01
      vertex   1.060252e+02 2.250508e+01 -8.472711e+01
    endloop
  endfacet
  facet normal 3.185207e-01 7.976040e-01 -5.122230e-01
    outer loop
      vertex   1.060252e+02 2.250508e+01 -8.472711e+01
      vertex   1.060595e+02 2.245838e+01 -8.477848e+01
      vertex   1.057096e+02 2.250508e+01 -8.492335e+01
    endloop
  endfacet
  facet normal 2.000439e-01 9.254694e-01 -3.216968e-01
    outer loop
      vertex   1.060252e+02 2.250508e+01 -8.472711e+01
      vertex   1.057096e+02 2.250508e+01 -8.492335e+01
      vertex   1.056737e+02 2.253440e+01 -8.486127e+01
    endloop
  endfacet
  facet normal 1.785756e-01 9.254694e-01 -3.340915e-01
    outer loop
      vertex   1.056737e+02 2.253440e+01 -8.486127e+01
      vertex   1.057096e+02 2.250508e+01 -8.492335e+01
      vertex   1.053501e+02 2.253440e+01 -8.503425e+01
    endloop
  endfacet
  facet normal 6.618521e-01 1.102994e-01 -7.414755e-01
    outer loop
      vertex   1.068915e+02 2.224964e+01 -8.422686e+01
      vertex   1.066098e+02 2.224964e+01 -8.447832e+01
      vertex   1.067069e+02 2.232625e+01 -8.438023e+01
    endloop
  endfacet
  facet normal 6.237553e-01 1.823634e-01 -7.600480e-01
    outer loop
      vertex   1.067069e+02 2.232625e+01 -8.438023e+01
      vertex   1.066098e+02 2.224964e+01 -8.447832e+01
      vertex   1.064125e+02 2.232625e+01 -8.462181e+01
    endloop
  endfacet
  facet normal 5.829236e-01 3.945654e-01 -7.102945e-01
    outer loop
      vertex   1.067069e+02 2.232625e+01 -8.438023e+01
      vertex   1.064125e+02 2.232625e+01 -8.462181e+01
      vertex   1.063939e+02 2.239741e+01 -8.459756e+01
    endloop
  endfacet
  facet normal 5.352200e-01 3.945654e-01 -7.468987e-01
    outer loop
      vertex   1.063939e+02 2.239741e+01 -8.459756e+01
      vertex   1.064125e+02 2.232625e+01 -8.462181e+01
      vertex   1.060860e+02 2.239741e+01 -8.481820e+01
    endloop
  endfacet
  facet normal 4.585700e-01 6.166023e-01 -6.399337e-01
    outer loop
      vertex   1.063939e+02 2.239741e+01 -8.459756e+01
      vertex   1.060860e+02 2.239741e+01 -8.481820e+01
      vertex   1.060595e+02 2.245838e+01 -8.477848e+01
    endloop
  endfacet
  facet normal 4.157345e-01 6.166023e-01 -6.685555e-01
    outer loop
      vertex   1.060595e+02 2.245838e+01 -8.477848e+01
      vertex   1.060860e+02 2.239741e+01 -8.481820e+01
      vertex   1.057405e+02 2.245838e+01 -8.497686e+01
    endloop
  endfacet
  facet normal 3.185207e-01 7.976040e-01 -5.122230e-01
    outer loop
      vertex   1.060595e+02 2.245838e+01 -8.477848e+01
      vertex   1.057405e+02 2.245838e+01 -8.497686e+01
      vertex   1.057096e+02 2.250508e+01 -8.492335e+01
    endloop
  endfacet
  facet normal 2.843378e-01 7.976040e-01 -5.319586e-01
    outer loop
      vertex   1.057096e+02 2.250508e+01 -8.492335e+01
      vertex   1.057405e+02 2.245838e+01 -8.497686e+01
      vertex   1.053818e+02 2.250508e+01 -8.509854e+01
    endloop
  endfacet
  facet normal 1.785756e-01 9.254694e-01 -3.340915e-01
    outer loop
      vertex   1.057096e+02 2.250508e+01 -8.492335e+01
      vertex   1.053818e+02 2.250508e+01 -8.509854e+01
      vertex   1.053501e+02 2.253440e+01 -8.503425e+01
    endloop
  endfacet
  facet normal 1.563426e-01 9.254694e-01 -3.450556e-01
    outer loop
      vertex   1.053501e+02 2.253440e+01 -8.503425e+01
      vertex   1.053818e+02 2.250508e+01 -8.509854e+01
      vertex   1.050159e+02 2.253440e+01 -8.518569e+01
    endloop
  endfacet
  facet normal 6.124371e-01 1.107577e-01 -7.827219e-01
    outer loop
      vertex   1.066098e+02 2.224964e+01 -8.447832e+01
      vertex   1.063124e+02 2.224964e+01 -8.471101e+01
      vertex   1.064125e+02 2.232625e+01 -8.462181e+01
    endloop
  endfacet
  facet normal 5.727600e-01 1.819023e-01 -7.992857e-01
    outer loop
      vertex   1.064125e+02 2.232625e+01 -8.462181e+01
      vertex   1.063124e+02 2.224964e+01 -8.471101e+01
      vertex   1.061030e+02 2.232625e+01 -8.484362e+01
    endloop
  endfacet
  facet normal 5.352200e-01 3.945654e-01 -7.468987e-01
    outer loop
      vertex   1.064125e+02 2.232625e+01 -8.462181e+01
      vertex   1.061030e+02 2.232625e+01 -8.484362e+01
      vertex   1.060860e+02 2.239741e+01 -8.481820e+01
    endloop
  endfacet
  facet normal 4.852246e-01 3.945654e-01 -7.803046e-01
    outer loop
      vertex   1.060860e+02 2.239741e+01 -8.481820e+01
      vertex   1.061030e+02 2.232625e+01 -8.484362e+01
      vertex   1.057643e+02 2.239741e+01 -8.501823e+01
    endloop
  endfacet
  facet normal 4.157345e-01 6.166023e-01 -6.685555e-01
    outer loop
      vertex   1.060860e+02 2.239741e+01 -8.481820e+01
      vertex   1.057643e+02 2.239741e+01 -8.501823e+01
      vertex   1.057405e+02 2.245838e+01 -8.497686e+01
    endloop
  endfacet
  facet normal 3.711188e-01 6.166023e-01 -6.943144e-01
    outer loop
      vertex   1.057405e+02 2.245838e+01 -8.497686e+01
      vertex   1.057643e+02 2.239741e+01 -8.501823e+01
      vertex   1.054091e+02 2.245838e+01 -8.515395e+01
    endloop
  endfacet
  facet normal 2.843378e-01 7.976040e-01 -5.319586e-01
    outer loop
      vertex   1.057405e+02 2.245838e+01 -8.497686e+01
      vertex   1.054091e+02 2.245838e+01 -8.515395e+01
      vertex   1.053818e+02 2.250508e+01 -8.509854e+01
    endloop
  endfacet
  facet normal 2.489372e-01 7.976040e-01 -5.494162e-01
    outer loop
      vertex   1.053818e+02 2.250508e+01 -8.509854e+01
      vertex   1.054091e+02 2.245838e+01 -8.515395e+01
      vertex   1.050433e+02 2.250508e+01 -8.525191e+01
    endloop
  endfacet
  facet normal 1.563426e-01 9.254694e-01 -3.450556e-01
    outer loop
      vertex   1.053818e+02 2.250508e+01 -8.509854e+01
      vertex   1.050433e+02 2.250508e+01 -8.525191e+01
      vertex   1.050159e+02 2.253440e+01 -8.518569e+01
    endloop
  endfacet
  facet normal 1.334402e-01 9.254694e-01 -3.545421e-01
    outer loop
      vertex   1.050159e+02 2.253440e+01 -8.518569e+01
      vertex   1.050433e+02 2.250508e+01 -8.525191e+01
      vertex   1.046725e+02 2.253440e+01 -8.531494e+01
    endloop
  endfacet
  facet normal 5.604563e-01 1.112498e-01 -8.206779e-01
    outer loop
      vertex   1.063124e+02 2.224964e+01 -8.471101e+01
      vertex   1.060006e+02 2.224964e+01 -8.492397e+01
      vertex   1.061030e+02 2.232625e+01 -8.484362e+01
    endloop
  endfacet
  facet normal 5.193061e-01 1.814081e-01 -8.351121e-01
    outer loop
      vertex   1.061030e+02 2.232625e+01 -8.484362e+01
      vertex   1.060006e+02 2.224964e+01 -8.492397e+01
      vertex   1.057796e+02 2.232625e+01 -8.504471e+01
    endloop
  endfacet
  facet normal 4.852246e-01 3.945654e-01 -7.803046e-01
    outer loop
      vertex   1.061030e+02 2.232625e+01 -8.484362e+01
      vertex   1.057796e+02 2.232625e+01 -8.504471e+01
      vertex   1.057643e+02 2.239741e+01 -8.501823e+01
    endloop
  endfacet
  facet normal 4.331513e-01 3.945654e-01 -8.103691e-01
    outer loop
      vertex   1.057643e+02 2.239741e+01 -8.501823e+01
      vertex   1.057796e+02 2.232625e+01 -8.504471e+01
      vertex   1.054303e+02 2.239741e+01 -8.519680e+01
    endloop
  endfacet
  facet normal 3.711188e-01 6.166023e-01 -6.943144e-01
    outer loop
      vertex   1.057643e+02 2.239741e+01 -8.501823e+01
      vertex   1.054303e+02 2.239741e+01 -8.519680e+01
      vertex   1.054091e+02 2.245838e+01 -8.515395e+01
    endloop
  endfacet
  facet normal 3.249139e-01 6.166023e-01 -7.171002e-01
    outer loop
      vertex   1.054091e+02 2.245838e+01 -8.515395e+01
      vertex   1.054303e+02 2.239741e+01 -8.519680e+01
      vertex   1.050670e+02 2.245838e+01 -8.530900e+01
    endloop
  endfacet
  facet normal 2.489372e-01 7.976040e-01 -5.494162e-01
    outer loop
      vertex   1.054091e+02 2.245838e+01 -8.515395e+01
      vertex   1.050670e+02 2.245838e+01 -8.530900e+01
      vertex   1.050433e+02 2.250508e+01 -8.525191e+01
    endloop
  endfacet
  facet normal 2.124707e-01 7.976040e-01 -5.645211e-01
    outer loop
      vertex   1.050433e+02 2.250508e+01 -8.525191e+01
      vertex   1.050670e+02 2.245838e+01 -8.530900e+01
      vertex   1.046955e+02 2.250508e+01 -8.538282e+01
    endloop
  endfacet
  facet normal 1.334402e-01 9.254694e-01 -3.545421e-01
    outer loop
      vertex   1.050433e+02 2.250508e+01 -8.525191e+01
      vertex   1.046955e+02 2.250508e+01 -8.538282e+01
      vertex   1.046725e+02 2.253440e+01 -8.531494e+01
    endloop
  endfacet
  facet normal 1.099663e-01 9.254694e-01 -3.625104e-01
    outer loop
      vertex   1.046725e+02 2.253440e+01 -8.531494e+01
      vertex   1.046955e+02 2.250508e+01 -8.538282e+01
      vertex   1.043213e+02 2.253440e+01 -8.542146e+01
    endloop
  endfacet
  facet normal 5.061285e-01 1.117758e-01 -8.551843e-01
    outer loop
      vertex   1.060006e+02 2.224964e+01 -8.492397e+01
      vertex   1.056756e+02 2.224964e+01 -8.511629e+01
      vertex   1.057796e+02 2.232625e+01 -8.504471e+01
    endloop
  endfacet
  facet normal 4.636211e-01 1.808808e-01 -8.673740e-01
    outer loop
      vertex   1.057796e+02 2.232625e+01 -8.504471e+01
      vertex   1.056756e+02 2.224964e+01 -8.511629e+01
      vertex   1.054438e+02 2.232625e+01 -8.522422e+01
    endloop
  endfacet
  facet normal 4.331513e-01 3.945654e-01 -8.103691e-01
    outer loop
      vertex   1.057796e+02 2.232625e+01 -8.504471e+01
      vertex   1.054438e+02 2.232625e+01 -8.522422e+01
      vertex   1.054303e+02 2.239741e+01 -8.519680e+01
    endloop
  endfacet
  facet normal 3.792232e-01 3.945654e-01 -8.369635e-01
    outer loop
      vertex   1.054303e+02 2.239741e+01 -8.519680e+01
      vertex   1.054438e+02 2.232625e+01 -8.522422e+01
      vertex   1.050852e+02 2.239741e+01 -8.535313e+01
    endloop
  endfacet
  facet normal 3.249139e-01 6.166023e-01 -7.171002e-01
    outer loop
      vertex   1.054303e+02 2.239741e+01 -8.519680e+01
      vertex   1.050852e+02 2.239741e+01 -8.535313e+01
      vertex   1.050670e+02 2.245838e+01 -8.530900e+01
    endloop
  endfacet
  facet normal 2.773176e-01 6.166023e-01 -7.368152e-01
    outer loop
      vertex   1.050670e+02 2.245838e+01 -8.530900e+01
      vertex   1.050852e+02 2.239741e+01 -8.535313e+01
      vertex   1.047154e+02 2.245838e+01 -8.544133e+01
    endloop
  endfacet
  facet normal 2.124707e-01 7.976040e-01 -5.645211e-01
    outer loop
      vertex   1.050670e+02 2.245838e+01 -8.530900e+01
      vertex   1.047154e+02 2.245838e+01 -8.544133e+01
      vertex   1.046955e+02 2.250508e+01 -8.538282e+01
    endloop
  endfacet
  facet normal 1.750943e-01 7.976040e-01 -5.772087e-01
    outer loop
      vertex   1.046955e+02 2.250508e+01 -8.538282e+01
      vertex   1.047154e+02 2.245838e+01 -8.544133e+01
      vertex   1.043399e+02 2.250508e+01 -8.549070e+01
    endloop
  endfacet
  facet normal 1.099663e-01 9.254694e-01 -3.625104e-01
    outer loop
      vertex   1.046955e+02 2.250508e+01 -8.538282e+01
      vertex   1.043399e+02 2.250508e+01 -8.549070e+01
      vertex   1.043213e+02 2.253440e+01 -8.542146e+01
    endloop
  endfacet
  facet normal 8.602157e-02 9.254694e-01 -3.689264e-01
    outer loop
      vertex   1.043213e+02 2.253440e+01 -8.542146e+01
      vertex   1.043399e+02 2.250508e+01 -8.549070e+01
      vertex   1.039640e+02 2.253440e+01 -8.550478e+01
    endloop
  endfacet
  facet normal 4.496825e-01 1.123357e-01 -8.860961e-01
    outer loop
      vertex   1.056756e+02 2.224964e+01 -8.511629e+01
      vertex   1.053389e+02 2.224964e+01 -8.528718e+01
      vertex   1.054438e+02 2.232625e+01 -8.522422e+01
    endloop
  endfacet
  facet normal 4.059419e-01 1.803204e-01 -8.959329e-01
    outer loop
      vertex   1.054438e+02 2.232625e+01 -8.522422e+01
      vertex   1.053389e+02 2.224964e+01 -8.528718e+01
      vertex   1.050969e+02 2.232625e+01 -8.538138e+01
    endloop
  endfacet
  facet normal 3.792232e-01 3.945654e-01 -8.369635e-01
    outer loop
      vertex   1.054438e+02 2.232625e+01 -8.522422e+01
      vertex   1.050969e+02 2.232625e+01 -8.538138e+01
      vertex   1.050852e+02 2.239741e+01 -8.535313e+01
    endloop
  endfacet
  facet normal 3.236712e-01 3.945654e-01 -8.599739e-01
    outer loop
      vertex   1.050852e+02 2.239741e+01 -8.535313e+01
      vertex   1.050969e+02 2.232625e+01 -8.538138e+01
      vertex   1.047307e+02 2.239741e+01 -8.548657e+01
    endloop
  endfacet
  facet normal 2.773176e-01 6.166023e-01 -7.368152e-01
    outer loop
      vertex   1.050852e+02 2.239741e+01 -8.535313e+01
      vertex   1.047307e+02 2.239741e+01 -8.548657e+01
      vertex   1.047154e+02 2.245838e+01 -8.544133e+01
    endloop
  endfacet
  facet normal 2.285338e-01 6.166023e-01 -7.533750e-01
    outer loop
      vertex   1.047154e+02 2.245838e+01 -8.544133e+01
      vertex   1.047307e+02 2.239741e+01 -8.548657e+01
      vertex   1.043559e+02 2.245838e+01 -8.555038e+01
    endloop
  endfacet
  facet normal 1.750943e-01 7.976040e-01 -5.772087e-01
    outer loop
      vertex   1.047154e+02 2.245838e+01 -8.544133e+01
      vertex   1.043559e+02 2.245838e+01 -8.555038e+01
      vertex   1.043399e+02 2.250508e+01 -8.549070e+01
    endloop
  endfacet
  facet normal 1.369682e-01 7.976040e-01 -5.874245e-01
    outer loop
      vertex   1.043399e+02 2.250508e+01 -8.549070e+01
      vertex   1.043559e+02 2.245838e+01 -8.555038e+01
      vertex   1.039779e+02 2.250508e+01 -8.557509e+01
    endloop
  endfacet
  facet normal 8.602157e-02 9.254694e-01 -3.689264e-01
    outer loop
      vertex   1.043399e+02 2.250508e+01 -8.549070e+01
      vertex   1.039779e+02 2.250508e+01 -8.557509e+01
      vertex   1.039640e+02 2.253440e+01 -8.550478e+01
    endloop
  endfacet
  facet normal 6.170845e-02 9.254694e-01 -3.737626e-01
    outer loop
      vertex   1.039640e+02 2.253440e+01 -8.550478e+01
      vertex   1.039779e+02 2.250508e+01 -8.557509e+01
      vertex   1.036019e+02 2.253440e+01 -8.556456e+01
    endloop
  endfacet
  facet normal 3.913561e-01 1.129293e-01 -9.132838e-01
    outer loop
      vertex   1.053389e+02 2.224964e+01 -8.528718e+01
      vertex   1.049918e+02 2.224964e+01 -8.543591e+01
      vertex   1.050969e+02 2.232625e+01 -8.538138e+01
    endloop
  endfacet
  facet normal 3.465142e-01 1.797268e-01 -9.206662e-01
    outer loop
      vertex   1.050969e+02 2.232625e+01 -8.538138e+01
      vertex   1.049918e+02 2.224964e+01 -8.543591e+01
      vertex   1.047405e+02 2.232625e+01 -8.551552e+01
    endloop
  endfacet
  facet normal 3.236712e-01 3.945654e-01 -8.599739e-01
    outer loop
      vertex   1.050969e+02 2.232625e+01 -8.538138e+01
      vertex   1.047405e+02 2.232625e+01 -8.551552e+01
      vertex   1.047307e+02 2.239741e+01 -8.548657e+01
    endloop
  endfacet
  facet normal 2.667333e-01 3.945654e-01 -8.793017e-01
    outer loop
      vertex   1.047307e+02 2.239741e+01 -8.548657e+01
      vertex   1.047405e+02 2.232625e+01 -8.551552e+01
      vertex   1.043682e+02 2.239741e+01 -8.559653e+01
    endloop
  endfacet
  facet normal 2.285338e-01 6.166023e-01 -7.533750e-01
    outer loop
      vertex   1.047307e+02 2.239741e+01 -8.548657e+01
      vertex   1.043682e+02 2.239741e+01 -8.559653e+01
      vertex   1.043559e+02 2.245838e+01 -8.555038e+01
    endloop
  endfacet
  facet normal 1.787714e-01 6.166023e-01 -7.667088e-01
    outer loop
      vertex   1.043559e+02 2.245838e+01 -8.555038e+01
      vertex   1.043682e+02 2.239741e+01 -8.559653e+01
      vertex   1.039900e+02 2.245838e+01 -8.563569e+01
    endloop
  endfacet
  facet normal 1.369682e-01 7.976040e-01 -5.874245e-01
    outer loop
      vertex   1.043559e+02 2.245838e+01 -8.555038e+01
      vertex   1.039900e+02 2.245838e+01 -8.563569e+01
      vertex   1.039779e+02 2.250508e+01 -8.557509e+01
    endloop
  endfacet
  facet normal 9.825553e-02 7.976040e-01 -5.951250e-01
    outer loop
      vertex   1.039779e+02 2.250508e+01 -8.557509e+01
      vertex   1.039900e+02 2.245838e+01 -8.563569e+01
      vertex   1.036113e+02 2.250508e+01 -8.563563e+01
    endloop
  endfacet
  facet normal 6.170845e-02 9.254694e-01 -3.737626e-01
    outer loop
      vertex   1.039779e+02 2.250508e+01 -8.557509e+01
      vertex   1.036113e+02 2.250508e+01 -8.563563e+01
      vertex   1.036019e+02 2.253440e+01 -8.556456e+01
    endloop
  endfacet
  facet normal 3.713108e-02 9.254694e-01 -3.769982e-01
    outer loop
      vertex   1.036019e+02 2.253440e+01 -8.556456e+01
      vertex   1.036113e+02 2.250508e+01 -8.563563e+01
      vertex   1.032367e+02 2.253440e+01 -8.560052e+01
    endloop
  endfacet
  facet normal 3.313949e-01 1.135568e-01 -9.366335e-01
    outer loop
      vertex   1.049918e+02 2.224964e+01 -8.543591e+01
      vertex   1.046358e+02 2.224964e+01 -8.556186e+01
      vertex   1.047405e+02 2.232625e+01 -8.551552e+01
    endloop
  endfacet
  facet normal 2.855910e-01 1.791001e-01 -9.414674e-01
    outer loop
      vertex   1.047405e+02 2.232625e+01 -8.551552e+01
      vertex   1.046358e+02 2.224964e+01 -8.556186e+01
      vertex   1.043761e+02 2.232625e+01 -8.562606e+01
    endloop
  endfacet
  facet normal 2.667333e-01 3.945654e-01 -8.793017e-01
    outer loop
      vertex   1.047405e+02 2.232625e+01 -8.551552e+01
      vertex   1.043761e+02 2.232625e+01 -8.562606e+01
      vertex   1.043682e+02 2.239741e+01 -8.559653e+01
    endloop
  endfacet
  facet normal 2.086531e-01 3.945654e-01 -8.948642e-01
    outer loop
      vertex   1.043682e+02 2.239741e+01 -8.559653e+01
      vertex   1.043761e+02 2.232625e+01 -8.562606e+01
      vertex   1.039993e+02 2.239741e+01 -8.568254e+01
    endloop
  endfacet
  facet normal 1.787714e-01 6.166023e-01 -7.667088e-01
    outer loop
      vertex   1.043682e+02 2.239741e+01 -8.559653e+01
      vertex   1.039993e+02 2.239741e+01 -8.568254e+01
      vertex   1.039900e+02 2.245838e+01 -8.563569e+01
    endloop
  endfacet
  facet normal 1.282435e-01 6.166023e-01 -7.767594e-01
    outer loop
      vertex   1.039900e+02 2.245838e+01 -8.563569e+01
      vertex   1.039993e+02 2.239741e+01 -8.568254e+01
      vertex   1.036193e+02 2.245838e+01 -8.569688e+01
    endloop
  endfacet
  facet normal 9.825553e-02 7.976040e-01 -5.951250e-01
    outer loop
      vertex   1.039900e+02 2.245838e+01 -8.563569e+01
      vertex   1.036193e+02 2.245838e+01 -8.569688e+01
      vertex   1.036113e+02 2.250508e+01 -8.563563e+01
    endloop
  endfacet
  facet normal 5.912212e-02 7.976040e-01 -6.002770e-01
    outer loop
      vertex   1.036113e+02 2.250508e+01 -8.563563e+01
      vertex   1.036193e+02 2.245838e+01 -8.569688e+01
      vertex   1.032414e+02 2.250508e+01 -8.567205e+01
    endloop
  endfacet
  facet normal 3.713108e-02 9.254694e-01 -3.769982e-01
    outer loop
      vertex   1.036113e+02 2.250508e+01 -8.563563e+01
      vertex   1.032414e+02 2.250508e+01 -8.567205e+01
      vertex   1.032367e+02 2.253440e+01 -8.560052e+01
    endloop
  endfacet
  facet normal 1.239472e-02 9.254694e-01 -3.786195e-01
    outer loop
      vertex   1.032367e+02 2.253440e+01 -8.560052e+01
      vertex   1.032414e+02 2.250508e+01 -8.567205e+01
      vertex   1.028700e+02 2.253440e+01 -8.561253e+01
    endloop
  endfacet
  facet normal 2.700511e-01 1.142180e-01 -9.560474e-01
    outer loop
      vertex   1.046358e+02 2.224964e+01 -8.556186e+01
      vertex   1.042724e+02 2.224964e+01 -8.566451e+01
      vertex   1.043761e+02 2.232625e+01 -8.562606e+01
    endloop
  endfacet
  facet normal 2.234319e-01 1.784401e-01 -9.582470e-01
    outer loop
      vertex   1.043761e+02 2.232625e+01 -8.562606e+01
      vertex   1.042724e+02 2.224964e+01 -8.566451e+01
      vertex   1.040053e+02 2.232625e+01 -8.571253e+01
    endloop
  endfacet
  facet normal 2.086531e-01 3.945654e-01 -8.948642e-01
    outer loop
      vertex   1.043761e+02 2.232625e+01 -8.562606e+01
      vertex   1.040053e+02 2.232625e+01 -8.571253e+01
      vertex   1.039993e+02 2.239741e+01 -8.568254e+01
    endloop
  endfacet
  facet normal 1.496794e-01 3.945654e-01 -9.065948e-01
    outer loop
      vertex   1.039993e+02 2.239741e+01 -8.568254e+01
      vertex   1.040053e+02 2.232625e+01 -8.571253e+01
      vertex   1.036256e+02 2.239741e+01 -8.574425e+01
    endloop
  endfacet
  facet normal 1.282435e-01 6.166023e-01 -7.767594e-01
    outer loop
      vertex   1.039993e+02 2.239741e+01 -8.568254e+01
      vertex   1.036256e+02 2.239741e+01 -8.574425e+01
      vertex   1.036193e+02 2.245838e+01 -8.569688e+01
    endloop
  endfacet
  facet normal 7.716643e-02 6.166023e-01 -7.834839e-01
    outer loop
      vertex   1.036193e+02 2.245838e+01 -8.569688e+01
      vertex   1.036256e+02 2.239741e+01 -8.574425e+01
      vertex   1.032455e+02 2.245838e+01 -8.573371e+01
    endloop
  endfacet
  facet normal 5.912212e-02 7.976040e-01 -6.002770e-01
    outer loop
      vertex   1.036193e+02 2.245838e+01 -8.569688e+01
      vertex   1.032455e+02 2.245838e+01 -8.573371e+01
      vertex   1.032414e+02 2.250508e+01 -8.567205e+01
    endloop
  endfacet
  facet normal 1.973554e-02 7.976040e-01 -6.028585e-01
    outer loop
      vertex   1.032414e+02 2.250508e+01 -8.567205e+01
      vertex   1.032455e+02 2.245838e+01 -8.573371e+01
      vertex   1.028700e+02 2.250508e+01 -8.568421e+01
    endloop
  endfacet
  facet normal 1.239472e-02 9.254694e-01 -3.786195e-01
    outer loop
      vertex   1.032414e+02 2.250508e+01 -8.567205e+01
      vertex   1.028700e+02 2.250508e+01 -8.568421e+01
      vertex   1.028700e+02 2.253440e+01 -8.561253e+01
    endloop
  endfacet
  facet normal -1.239472e-02 9.254694e-01 -3.786195e-01
    outer loop
      vertex   1.028700e+02 2.253440e+01 -8.561253e+01
      vertex   1.028700e+02 2.250508e+01 -8.568421e+01
      vertex   1.025033e+02 2.253440e+01 -8.560052e+01
    endloop
  endfacet
  facet normal 2.075833e-01 1.149129e-01 -9.714444e-01
    outer loop
      vertex   1.042724e+02 2.224964e+01 -8.566451e+01
      vertex   1.039031e+02 2.224964e+01 -8.574342e+01
      vertex   1.040053e+02 2.232625e+01 -8.571253e+01
    endloop
  endfacet
  facet normal 1.603016e-01 1.777469e-01 -9.709323e-01
    outer loop
      vertex   1.040053e+02 2.232625e+01 -8.571253e+01
      vertex   1.039031e+02 2.224964e+01 -8.574342e+01
      vertex   1.036296e+02 2.232625e+01 -8.577456e+01
    endloop
  endfacet
  facet normal 1.496794e-01 3.945654e-01 -9.065948e-01
    outer loop
      vertex   1.040053e+02 2.232625e+01 -8.571253e+01
      vertex   1.036296e+02 2.232625e+01 -8.577456e+01
      vertex   1.036256e+02 2.239741e+01 -8.574425e+01
    endloop
  endfacet
  facet normal 9.006480e-02 3.945654e-01 -9.144433e-01
    outer loop
      vertex   1.036256e+02 2.239741e+01 -8.574425e+01
      vertex   1.036296e+02 2.232625e+01 -8.577456e+01
      vertex   1.032486e+02 2.239741e+01 -8.578138e+01
    endloop
  endfacet
  facet normal 7.716643e-02 6.166023e-01 -7.834839e-01
    outer loop
      vertex   1.036256e+02 2.239741e+01 -8.574425e+01
      vertex   1.032486e+02 2.239741e+01 -8.578138e+01
      vertex   1.032455e+02 2.245838e+01 -8.573371e+01
    endloop
  endfacet
  facet normal 2.575891e-02 6.166023e-01 -7.868533e-01
    outer loop
      vertex   1.032455e+02 2.245838e+01 -8.573371e+01
      vertex   1.032486e+02 2.239741e+01 -8.578138e+01
      vertex   1.028700e+02 2.245838e+01 -8.574600e+01
    endloop
  endfacet
  facet normal 1.973554e-02 7.976040e-01 -6.028585e-01
    outer loop
      vertex   1.032455e+02 2.245838e+01 -8.573371e+01
      vertex   1.028700e+02 2.245838e+01 -8.574600e+01
      vertex   1.028700e+02 2.250508e+01 -8.568421e+01
    endloop
  endfacet
  facet normal -1.973554e-02 7.976040e-01 -6.028585e-01
    outer loop
      vertex   1.028700e+02 2.250508e+01 -8.568421e+01
      vertex   1.028700e+02 2.245838e+01 -8.574600e+01
      vertex   1.024986e+02 2.250508e+01 -8.567205e+01
    endloop
  endfacet
  facet normal -1.239472e-02 9.254694e-01 -3.786195e-01
    outer loop
      vertex   1.028700e+02 2.250508e+01 -8.568421e+01
      vertex   1.024986e+02 2.250508e+01 -8.567205e+01
      vertex   1.025033e+02 2.253440e+01 -8.560052e+01
    endloop
  endfacet
  facet normal -3.713108e-02 9.254694e-01 -3.769982e-01
    outer loop
      vertex   1.025033e+02 2.253440e+01 -8.560052e+01
      vertex   1.024986e+02 2.250508e+01 -8.567205e+01
      vertex   1.021381e+02 2.253440e+01 -8.556456e+01
    endloop
  endfacet
  facet normal 1.442542e-01 1.156416e-01 -9.827603e-01
    outer loop
      vertex   1.039031e+02 2.224964e+01 -8.574342e+01
      vertex   1.035295e+02 2.224964e+01 -8.579826e+01
      vertex   1.036296e+02 2.232625e+01 -8.577456e+01
    endloop
  endfacet
  facet normal 9.646917e-02 1.770204e-01 -9.794680e-01
    outer loop
      vertex   1.036296e+02 2.232625e+01 -8.577456e+01
      vertex   1.035295e+02 2.224964e+01 -8.579826e+01
      vertex   1.032506e+02 2.232625e+01 -8.581188e+01
    endloop
  endfacet
  facet normal 9.006480e-02 3.945654e-01 -9.144433e-01
    outer loop
      vertex   1.036296e+02 2.232625e+01 -8.577456e+01
      vertex   1.032506e+02 2.232625e+01 -8.581188e+01
      vertex   1.032486e+02 2.239741e+01 -8.578138e+01
    endloop
  endfacet
  facet normal 3.006451e-02 3.945654e-01 -9.183759e-01
    outer loop
      vertex   1.032486e+02 2.239741e+01 -8.578138e+01
      vertex   1.032506e+02 2.232625e+01 -8.581188e+01
      vertex   1.028700e+02 2.239741e+01 -8.579377e+01
    endloop
  endfacet
  facet normal 2.575891e-02 6.166023e-01 -7.868533e-01
    outer loop
      vertex   1.032486e+02 2.239741e+01 -8.578138e+01
      vertex   1.028700e+02 2.239741e+01 -8.579377e+01
      vertex   1.028700e+02 2.245838e+01 -8.574600e+01
    endloop
  endfacet
  facet normal -2.575891e-02 6.166023e-01 -7.868533e-01
    outer loop
      vertex   1.028700e+02 2.245838e+01 -8.574600e+01
      vertex   1.028700e+02 2.239741e+01 -8.579377e+01
      vertex   1.024945e+02 2.245838e+01 -8.573371e+01
    endloop
  endfacet
  facet normal -1.973554e-02 7.976040e-01 -6.028585e-01
    outer loop
      vertex   1.028700e+02 2.245838e+01 -8.574600e+01
      vertex   1.024945e+02 2.245838e+01 -8.573371e+01
      vertex   1.024986e+02 2.250508e+01 -8.567205e+01
    endloop
  endfacet
  facet normal -5.912212e-02 7.976040e-01 -6.002770e-01
    outer loop
      vertex   1.024986e+02 2.250508e+01 -8.567205e+01
      vertex   1.024945e+02 2.245838e+01 -8.573371e+01
      vertex   1.021287e+02 2.250508e+01 -8.563563e+01
    endloop
  endfacet
  facet normal -3.713108e-02 9.254694e-01 -3.769982e-01
    outer loop
      vertex   1.024986e+02 2.250508e+01 -8.567205e+01
      vertex   1.021287e+02 2.250508e+01 -8.563563e+01
      vertex   1.021381e+02 2.253440e+01 -8.556456e+01
    endloop
  endfacet
  facet normal -6.170845e-02 9.254694e-01 -3.737626e-01
    outer loop
      vertex   1.021381e+02 2.253440e+01 -8.556456e+01
      vertex   1.021287e+02 2.250508e+01 -8.563563e+01
      vertex   1.017760e+02 2.253440e+01 -8.550478e+01
    endloop
  endfacet
  facet normal 8.033061e-02 1.164039e-01 -9.899480e-01
    outer loop
      vertex   1.035295e+02 2.224964e+01 -8.579826e+01
      vertex   1.031531e+02 2.224964e+01 -8.582880e+01
      vertex   1.032506e+02 2.232625e+01 -8.581188e+01
    endloop
  endfacet
  facet normal 3.220682e-02 1.762605e-01 -9.838165e-01
    outer loop
      vertex   1.032506e+02 2.232625e+01 -8.581188e+01
      vertex   1.031531e+02 2.224964e+01 -8.582880e+01
      vertex   1.028700e+02 2.232625e+01 -8.582434e+01
    endloop
  endfacet
  facet normal 3.006451e-02 3.945654e-01 -9.183759e-01
    outer loop
      vertex   1.032506e+02 2.232625e+01 -8.581188e+01
      vertex   1.028700e+02 2.232625e+01 -8.582434e+01
      vertex   1.028700e+02 2.239741e+01 -8.579377e+01
    endloop
  endfacet
  facet normal -3.006451e-02 3.945654e-01 -9.183759e-01
    outer loop
      vertex   1.028700e+02 2.239741e+01 -8.579377e+01
      vertex   1.028700e+02 2.232625e+01 -8.582434e+01
      vertex   1.024914e+02 2.239741e+01 -8.578138e+01
    endloop
  endfacet
  facet normal -2.575891e-02 6.166023e-01 -7.868533e-01
    outer loop
      vertex   1.028700e+02 2.239741e+01 -8.579377e+01
      vertex   1.024914e+02 2.239741e+01 -8.578138e+01
      vertex   1.024945e+02 2.245838e+01 -8.573371e+01
    endloop
  endfacet
  facet normal -7.716643e-02 6.166023e-01 -7.834839e-01
    outer loop
      vertex   1.024945e+02 2.245838e+01 -8.573371e+01
      vertex   1.024914e+02 2.239741e+01 -8.578138e+01
      vertex   1.021207e+02 2.245838e+01 -8.569688e+01
    endloop
  endfacet
  facet normal -5.912212e-02 7.976040e-01 -6.002770e-01
    outer loop
      vertex   1.024945e+02 2.245838e+01 -8.573371e+01
      vertex   1.021207e+02 2.245838e+01 -8.569688e+01
      vertex   1.021287e+02 2.250508e+01 -8.563563e+01
    endloop
  endfacet
  facet normal -9.825553e-02 7.976040e-01 -5.951250e-01
    outer loop
      vertex   1.021287e+02 2.250508e+01 -8.563563e+01
      vertex   1.021207e+02 2.245838e+01 -8.569688e+01
      vertex   1.017621e+02 2.250508e+01 -8.557509e+01
    endloop
  endfacet
  facet normal -6.170845e-02 9.254694e-01 -3.737626e-01
    outer loop
      vertex   1.021287e+02 2.250508e+01 -8.563563e+01
      vertex   1.017621e+02 2.250508e+01 -8.557509e+01
      vertex   1.017760e+02 2.253440e+01 -8.550478e+01
    endloop
  endfacet
  facet normal -8.602157e-02 9.254694e-01 -3.689264e-01
    outer loop
      vertex   1.017760e+02 2.253440e+01 -8.550478e+01
      vertex   1.017621e+02 2.250508e+01 -8.557509e+01
      vertex   1.014187e+02 2.253440e+01 -8.542146e+01
    endloop
  endfacet
  facet normal 1.608147e-02 1.172000e-01 -9.929781e-01
    outer loop
      vertex   1.031531e+02 2.224964e+01 -8.582880e+01
      vertex   1.027756e+02 2.224964e+01 -8.583492e+01
      vertex   1.028700e+02 2.232625e+01 -8.582434e+01
    endloop
  endfacet
  facet normal -3.221145e-02 1.754673e-01 -9.839582e-01
    outer loop
      vertex   1.028700e+02 2.232625e+01 -8.582434e+01
      vertex   1.027756e+02 2.224964e+01 -8.583492e+01
      vertex   1.024894e+02 2.232625e+01 -8.581188e+01
    endloop
  endfacet
  facet normal -3.006451e-02 3.945654e-01 -9.183759e-01
    outer loop
      vertex   1.028700e+02 2.232625e+01 -8.582434e+01
      vertex   1.024894e+02 2.232625e+01 -8.581188e+01
      vertex   1.024914e+02 2.239741e+01 -8.578138e+01
    endloop
  endfacet
  facet normal -9.006480e-02 3.945654e-01 -9.144433e-01
    outer loop
      vertex   1.024914e+02 2.239741e+01 -8.578138e+01
      vertex   1.024894e+02 2.232625e+01 -8.581188e+01
      vertex   1.021144e+02 2.239741e+01 -8.574425e+01
    endloop
  endfacet
  facet normal -7.716643e-02 6.166023e-01 -7.834839e-01
    outer loop
      vertex   1.024914e+02 2.239741e+01 -8.578138e+01
      vertex   1.021144e+02 2.239741e+01 -8.574425e+01
      vertex   1.021207e+02 2.245838e+01 -8.569688e+01
    endloop
  endfacet
  facet normal -1.282435e-01 6.166023e-01 -7.767594e-01
    outer loop
      vertex   1.021207e+02 2.245838e+01 -8.569688e+01
      vertex   1.021144e+02 2.239741e+01 -8.574425e+01
      vertex   1.017500e+02 2.245838e+01 -8.563569e+01
    endloop
  endfacet
  facet normal -9.825553e-02 7.976040e-01 -5.951250e-01
    outer loop
      vertex   1.021207e+02 2.245838e+01 -8.569688e+01
      vertex   1.017500e+02 2.245838e+01 -8.563569e+01
      vertex   1.017621e+02 2.250508e+01 -8.557509e+01
    endloop
  endfacet
  facet normal -1.369682e-01 7.976040e-01 -5.874245e-01
    outer loop
      vertex   1.017621e+02 2.250508e+01 -8.557509e+01
      vertex   1.017500e+02 2.245838e+01 -8.563569e+01
      vertex   1.014001e+02 2.250508e+01 -8.549070e+01
    endloop
  endfacet
  facet normal -8.602157e-02 9.254694e-01 -3.689264e-01
    outer loop
      vertex   1.017621e+02 2.250508e+01 -8.557509e+01
      vertex   1.014001e+02 2.250508e+01 -8.549070e+01
      vertex   1.014187e+02 2.253440e+01 -8.542146e+01
    endloop
  endfacet
  facet normal -1.099663e-01 9.254694e-01 -3.625104e-01
    outer loop
      vertex   1.014187e+02 2.253440e+01 -8.542146e+01
      vertex   1.014001e+02 2.250508e+01 -8.549070e+01
      vertex   1.010675e+02 2.253440e+01 -8.531494e+01
    endloop
  endfacet
  facet normal -4.822278e-02 1.180296e-01 -9.918385e-01
    outer loop
      vertex   1.027756e+02 2.224964e+01 -8.583492e+01
      vertex   1.023984e+02 2.224964e+01 -8.581658e+01
      vertex   1.024894e+02 2.232625e+01 -8.581188e+01
    endloop
  endfacet
  facet normal -9.651084e-02 1.746407e-01 -9.798910e-01
    outer loop
      vertex   1.024894e+02 2.232625e+01 -8.581188e+01
      vertex   1.023984e+02 2.224964e+01 -8.581658e+01
      vertex   1.021104e+02 2.232625e+01 -8.577456e+01
    endloop
  endfacet
  facet normal -9.006480e-02 3.945654e-01 -9.144433e-01
    outer loop
      vertex   1.024894e+02 2.232625e+01 -8.581188e+01
      vertex   1.021104e+02 2.232625e+01 -8.577456e+01
      vertex   1.021144e+02 2.239741e+01 -8.574425e+01
    endloop
  endfacet
  facet normal -1.496794e-01 3.945654e-01 -9.065948e-01
    outer loop
      vertex   1.021144e+02 2.239741e+01 -8.574425e+01
      vertex   1.021104e+02 2.232625e+01 -8.577456e+01
      vertex   1.017407e+02 2.239741e+01 -8.568254e+01
    endloop
  endfacet
  facet normal -1.282435e-01 6.166023e-01 -7.767594e-01
    outer loop
      vertex   1.021144e+02 2.239741e+01 -8.574425e+01
      vertex   1.017407e+02 2.239741e+01 -8.568254e+01
      vertex   1.017500e+02 2.245838e+01 -8.563569e+01
    endloop
  endfacet
  facet normal -1.787714e-01 6.166023e-01 -7.667088e-01
    outer loop
      vertex   1.017500e+02 2.245838e+01 -8.563569e+01
      vertex   1.017407e+02 2.239741e+01 -8.568254e+01
      vertex   1.013841e+02 2.245838e+01 -8.555038e+01
    endloop
  endfacet
  facet normal -1.369682e-01 7.976040e-01 -5.874245e-01
    outer loop
      vertex   1.017500e+02 2.245838e+01 -8.563569e+01
      vertex   1.013841e+02 2.245838e+01 -8.555038e+01
      vertex   1.014001e+02 2.250508e+01 -8.549070e+01
    endloop
  endfacet
  facet normal -1.750943e-01 7.976040e-01 -5.772087e-01
    outer loop
      vertex   1.014001e+02 2.250508e+01 -8.549070e+01
      vertex   1.013841e+02 2.245838e+01 -8.555038e+01
      vertex   1.010445e+02 2.250508e+01 -8.538282e+01
    endloop
  endfacet
  facet normal -1.099663e-01 9.254694e-01 -3.625104e-01
    outer loop
      vertex   1.014001e+02 2.250508e+01 -8.549070e+01
      vertex   1.010445e+02 2.250508e+01 -8.538282e+01
      vertex   1.010675e+02 2.253440e+01 -8.531494e+01
    endloop
  endfacet
  facet normal -1.334402e-01 9.254694e-01 -3.545421e-01
    outer loop
      vertex   1.010675e+02 2.253440e+01 -8.531494e+01
      vertex   1.010445e+02 2.250508e+01 -8.538282e+01
      vertex   1.007241e+02 2.253440e+01 -8.518569e+01
    endloop
  endfacet
  facet normal -1.123115e-01 1.188928e-01 -9.865346e-01
    outer loop
      vertex   1.023984e+02 2.224964e+01 -8.581658e+01
      vertex   1.020232e+02 2.224964e+01 -8.577386e+01
      vertex   1.021104e+02 2.232625e+01 -8.577456e+01
    endloop
  endfacet
  facet normal -1.604169e-01 1.737806e-01 -9.716310e-01
    outer loop
      vertex   1.021104e+02 2.232625e+01 -8.577456e+01
      vertex   1.020232e+02 2.224964e+01 -8.577386e+01
      vertex   1.017347e+02 2.232625e+01 -8.571253e+01
    endloop
  endfacet
  facet normal -1.496794e-01 3.945654e-01 -9.065948e-01
    outer loop
      vertex   1.021104e+02 2.232625e+01 -8.577456e+01
      vertex   1.017347e+02 2.232625e+01 -8.571253e+01
      vertex   1.017407e+02 2.239741e+01 -8.568254e+01
    endloop
  endfacet
  facet normal -2.086531e-01 3.945654e-01 -8.948642e-01
    outer loop
      vertex   1.017407e+02 2.239741e+01 -8.568254e+01
      vertex   1.017347e+02 2.232625e+01 -8.571253e+01
      vertex   1.013718e+02 2.239741e+01 -8.559653e+01
    endloop
  endfacet
  facet normal -1.787714e-01 6.166023e-01 -7.667088e-01
    outer loop
      vertex   1.017407e+02 2.239741e+01 -8.568254e+01
      vertex   1.013718e+02 2.239741e+01 -8.559653e+01
      vertex   1.013841e+02 2.245838e+01 -8.555038e+01
    endloop
  endfacet
  facet normal -2.285338e-01 6.166023e-01 -7.533750e-01
    outer loop
      vertex   1.013841e+02 2.245838e+01 -8.555038e+01
      vertex   1.013718e+02 2.239741e+01 -8.559653e+01
      vertex   1.010246e+02 2.245838e+01 -8.544133e+01
    endloop
  endfacet
  facet normal -1.750943e-01 7.976040e-01 -5.772087e-01
    outer loop
      vertex   1.013841e+02 2.245838e+01 -8.555038e+01
      vertex   1.010246e+02 2.245838e+01 -8.544133e+01
      vertex   1.010445e+02 2.250508e+01 -8.538282e+01
    endloop
  endfacet
  facet normal -2.124707e-01 7.976040e-01 -5.645211e-01
    outer loop
      vertex   1.010445e+02 2.250508e+01 -8.538282e+01
      vertex   1.010246e+02 2.245838e+01 -8.544133e+01
      vertex   1.006967e+02 2.250508e+01 -8.525191e+01
    endloop
  endfacet
  facet normal -1.334402e-01 9.254694e-01 -3.545421e-01
    outer loop
      vertex   1.010445e+02 2.250508e+01 -8.538282e+01
      vertex   1.006967e+02 2.250508e+01 -8.525191e+01
      vertex   1.007241e+02 2.253440e+01 -8.518569e+01
    endloop
  endfacet
  facet normal -1.563426e-01 9.254694e-01 -3.450556e-01
    outer loop
      vertex   1.007241e+02 2.253440e+01 -8.518569e+01
      vertex   1.006967e+02 2.250508e+01 -8.525191e+01
      vertex   1.003899e+02 2.253440e+01 -8.503425e+01
    endloop
  endfacet
  facet normal -1.759151e-01 1.197896e-01 -9.770897e-01
    outer loop
      vertex   1.020232e+02 2.224964e+01 -8.577386e+01
      vertex   1.016516e+02 2.224964e+01 -8.570696e+01
      vertex   1.017347e+02 2.232625e+01 -8.571253e+01
    endloop
  endfacet
  facet normal -2.236569e-01 1.728870e-01 -9.592120e-01
    outer loop
      vertex   1.017347e+02 2.232625e+01 -8.571253e+01
      vertex   1.016516e+02 2.224964e+01 -8.570696e+01
      vertex   1.013639e+02 2.232625e+01 -8.562606e+01
    endloop
  endfacet
  facet normal -2.086531e-01 3.945654e-01 -8.948642e-01
    outer loop
      vertex   1.017347e+02 2.232625e+01 -8.571253e+01
      vertex   1.013639e+02 2.232625e+01 -8.562606e+01
      vertex   1.013718e+02 2.239741e+01 -8.559653e+01
    endloop
  endfacet
  facet normal -2.667333e-01 3.945654e-01 -8.793017e-01
    outer loop
      vertex   1.013718e+02 2.239741e+01 -8.559653e+01
      vertex   1.013639e+02 2.232625e+01 -8.562606e+01
      vertex   1.010093e+02 2.239741e+01 -8.548657e+01
    endloop
  endfacet
  facet normal -2.285338e-01 6.166023e-01 -7.533750e-01
    outer loop
      vertex   1.013718e+02 2.239741e+01 -8.559653e+01
      vertex   1.010093e+02 2.239741e+01 -8.548657e+01
      vertex   1.010246e+02 2.245838e+01 -8.544133e+01
    endloop
  endfacet
  facet normal -2.773176e-01 6.166023e-01 -7.368152e-01
    outer loop
      vertex   1.010246e+02 2.245838e+01 -8.544133e+01
      vertex   1.010093e+02 2.239741e+01 -8.548657e+01
      vertex   1.006730e+02 2.245838e+01 -8.530900e+01
    endloop
  endfacet
  facet normal -2.124707e-01 7.976040e-01 -5.645211e-01
    outer loop
      vertex   1.010246e+02 2.245838e+01 -8.544133e+01
      vertex   1.006730e+02 2.245838e+01 -8.530900e+01
      vertex   1.006967e+02 2.250508e+01 -8.525191e+01
    endloop
  endfacet
  facet normal -2.489372e-01 7.976040e-01 -5.494162e-01
    outer loop
      vertex   1.006967e+02 2.250508e+01 -8.525191e+01
      vertex   1.006730e+02 2.245838e+01 -8.530900e+01
      vertex   1.003582e+02 2.250508e+01 -8.509854e+01
    endloop
  endfacet
  facet normal -1.563426e-01 9.254694e-01 -3.450556e-01
    outer loop
      vertex   1.006967e+02 2.250508e+01 -8.525191e+01
      vertex   1.003582e+02 2.250508e+01 -8.509854e+01
      vertex   1.003899e+02 2.253440e+01 -8.503425e+01
    endloop
  endfacet
  facet normal -1.785756e-01 9.254694e-01 -3.340915e-01
    outer loop
      vertex   1.003899e+02 2.253440e+01 -8.503425e+01
      vertex   1.003582e+02 2.250508e+01 -8.509854e+01
      vertex   1.000663e+02 2.253440e+01 -8.486127e+01
    endloop
  endfacet
  facet normal -2.387659e-01 1.207200e-01 -9.635443e-01
    outer loop
      vertex   1.016516e+02 2.224964e+01 -8.570696e+01
      vertex   1.012851e+02 2.224964e+01 -8.561613e+01
      vertex   1.013639e+02 2.232625e+01 -8.562606e+01
    endloop
  endfacet
  facet normal -2.859606e-01 1.719599e-01 -9.426857e-01
    outer loop
      vertex   1.013639e+02 2.232625e+01 -8.562606e+01
      vertex   1.012851e+02 2.224964e+01 -8.561613e+01
      vertex   1.009995e+02 2.232625e+01 -8.551552e+01
    endloop
  endfacet
  facet normal -2.667333e-01 3.945654e-01 -8.793017e-01
    outer loop
      vertex   1.013639e+02 2.232625e+01 -8.562606e+01
      vertex   1.009995e+02 2.232625e+01 -8.551552e+01
      vertex   1.010093e+02 2.239741e+01 -8.548657e+01
    endloop
  endfacet
  facet normal -3.236712e-01 3.945654e-01 -8.599739e-01
    outer loop
      vertex   1.010093e+02 2.239741e+01 -8.548657e+01
      vertex   1.009995e+02 2.232625e+01 -8.551552e+01
      vertex   1.006548e+02 2.239741e+01 -8.535313e+01
    endloop
  endfacet
  facet normal -2.773176e-01 6.166023e-01 -7.368152e-01
    outer loop
      vertex   1.010093e+02 2.239741e+01 -8.548657e+01
      vertex   1.006548e+02 2.239741e+01 -8.535313e+01
      vertex   1.006730e+02 2.245838e+01 -8.530900e+01
    endloop
  endfacet
  facet normal -3.249139e-01 6.166023e-01 -7.171002e-01
    outer loop
      vertex   1.006730e+02 2.245838e+01 -8.530900e+01
      vertex   1.006548e+02 2.239741e+01 -8.535313e+01
      vertex   1.003309e+02 2.245838e+01 -8.515395e+01
    endloop
  endfacet
  facet normal -2.489372e-01 7.976040e-01 -5.494162e-01
    outer loop
      vertex   1.006730e+02 2.245838e+01 -8.530900e+01
      vertex   1.003309e+02 2.245838e+01 -8.515395e+01
      vertex   1.003582e+02 2.250508e+01 -8.509854e+01
    endloop
  endfacet
  facet normal -2.843378e-01 7.976040e-01 -5.319586e-01
    outer loop
      vertex   1.003582e+02 2.250508e+01 -8.509854e+01
      vertex   1.003309e+02 2.245838e+01 -8.515395e+01
      vertex   1.000304e+02 2.250508e+01 -8.492335e+01
    endloop
  endfacet
  facet normal -1.785756e-01 9.254694e-01 -3.340915e-01
    outer loop
      vertex   1.003582e+02 2.250508e+01 -8.509854e+01
      vertex   1.000304e+02 2.250508e+01 -8.492335e+01
      vertex   1.000663e+02 2.253440e+01 -8.486127e+01
    endloop
  endfacet
  facet normal -2.000439e-01 9.254694e-01 -3.216968e-01
    outer loop
      vertex   1.000663e+02 2.253440e+01 -8.486127e+01
      vertex   1.000304e+02 2.250508e+01 -8.492335e+01
      vertex   9.975467e+01 2.253440e+01 -8.466750e+01
    endloop
  endfacet
  facet normal -3.005996e-01 1.216838e-01 -9.459561e-01
    outer loop
      vertex   1.012851e+02 2.224964e+01 -8.561613e+01
      vertex   1.009252e+02 2.224964e+01 -8.550177e+01
      vertex   1.009995e+02 2.232625e+01 -8.551552e+01
    endloop
  endfacet
  facet normal -3.470618e-01 1.709992e-01 -9.221211e-01
    outer loop
      vertex   1.009995e+02 2.232625e+01 -8.551552e+01
      vertex   1.009252e+02 2.224964e+01 -8.550177e+01
      vertex   1.006431e+02 2.232625e+01 -8.538138e+01
    endloop
  endfacet
  facet normal -3.236712e-01 3.945654e-01 -8.599739e-01
    outer loop
      vertex   1.009995e+02 2.232625e+01 -8.551552e+01
      vertex   1.006431e+02 2.232625e+01 -8.538138e+01
      vertex   1.006548e+02 2.239741e+01 -8.535313e+01
    endloop
  endfacet
  facet normal -3.792232e-01 3.945654e-01 -8.369635e-01
    outer loop
      vertex   1.006548e+02 2.239741e+01 -8.535313e+01
      vertex   1.006431e+02 2.232625e+01 -8.538138e+01
      vertex   1.003097e+02 2.239741e+01 -8.519680e+01
    endloop
  endfacet
  facet normal -3.249139e-01 6.166023e-01 -7.171002e-01
    outer loop
      vertex   1.006548e+02 2.239741e+01 -8.535313e+01
      vertex   1.003097e+02 2.239741e+01 -8.519680e+01
      vertex   1.003309e+02 2.245838e+01 -8.515395e+01
    endloop
  endfacet
  facet normal -3.711188e-01 6.166023e-01 -6.943144e-01
    outer loop
      vertex   1.003309e+02 2.245838e+01 -8.515395e+01
      vertex   1.003097e+02 2.239741e+01 -8.519680e+01
      vertex   9.999954e+01 2.245838e+01 -8.497686e+01
    endloop
  endfacet
  facet normal -2.843378e-01 7.976040e-01 -5.319586e-01
    outer loop
      vertex   1.003309e+02 2.245838e+01 -8.515395e+01
      vertex   9.999954e+01 2.245838e+01 -8.497686e+01
      vertex   1.000304e+02 2.250508e+01 -8.492335e+01
    endloop
  endfacet
  facet normal -3.185207e-01 7.976040e-01 -5.122230e-01
    outer loop
      vertex   1.000304e+02 2.250508e+01 -8.492335e+01
      vertex   9.999954e+01 2.245838e+01 -8.497686e+01
      vertex   9.971485e+01 2.250508e+01 -8.472711e+01
    endloop
  endfacet
  facet normal -2.000439e-01 9.254694e-01 -3.216968e-01
    outer loop
      vertex   1.000304e+02 2.250508e+01 -8.492335e+01
      vertex   9.971485e+01 2.250508e+01 -8.472711e+01
      vertex   9.975467e+01 2.253440e+01 -8.466750e+01
    endloop
  endfacet
  facet normal -2.206556e-01 9.254694e-01 -3.079245e-01
    outer loop
      vertex   9.975467e+01 2.253440e+01 -8.466750e+01
      vertex   9.971485e+01 2.250508e+01 -8.472711e+01
      vertex   9.945641e+01 2.253440e+01 -8.445377e+01
    endloop
  endfacet
  facet normal -3.611561e-01 1.226811e-01 -9.244002e-01
    outer loop
      vertex   1.009252e+02 2.224964e+01 -8.550177e+01
      vertex   1.005735e+02 2.224964e+01 -8.536436e+01
      vertex   1.006431e+02 2.232625e+01 -8.538138e+01
    endloop
  endfacet
  facet normal -4.066993e-01 1.700048e-01 -8.976046e-01
    outer loop
      vertex   1.006431e+02 2.232625e+01 -8.538138e+01
      vertex   1.005735e+02 2.224964e+01 -8.536436e+01
      vertex   1.002962e+02 2.232625e+01 -8.522422e+01
    endloop
  endfacet
  facet normal -3.792232e-01 3.945654e-01 -8.369635e-01
    outer loop
      vertex   1.006431e+02 2.232625e+01 -8.538138e+01
      vertex   1.002962e+02 2.232625e+01 -8.522422e+01
      vertex   1.003097e+02 2.239741e+01 -8.519680e+01
    endloop
  endfacet
  facet normal -4.331513e-01 3.945654e-01 -8.103691e-01
    outer loop
      vertex   1.003097e+02 2.239741e+01 -8.519680e+01
      vertex   1.002962e+02 2.232625e+01 -8.522422e+01
      vertex   9.997566e+01 2.239741e+01 -8.501823e+01
    endloop
  endfacet
  facet normal -3.711188e-01 6.166023e-01 -6.943144e-01
    outer loop
      vertex   1.003097e+02 2.239741e+01 -8.519680e+01
      vertex   9.997566e+01 2.239741e+01 -8.501823e+01
      vertex   9.999954e+01 2.245838e+01 -8.497686e+01
    endloop
  endfacet
  facet normal -4.157345e-01 6.166023e-01 -6.685555e-01
    outer loop
      vertex   9.999954e+01 2.245838e+01 -8.497686e+01
      vertex   9.997566e+01 2.239741e+01 -8.501823e+01
      vertex   9.968052e+01 2.245838e+01 -8.477848e+01
    endloop
  endfacet
  facet normal -3.185207e-01 7.976040e-01 -5.122230e-01
    outer loop
      vertex   9.999954e+01 2.245838e+01 -8.497686e+01
      vertex   9.968052e+01 2.245838e+01 -8.477848e+01
      vertex   9.971485e+01 2.250508e+01 -8.472711e+01
    endloop
  endfacet
  facet normal -3.513398e-01 7.976040e-01 -4.902941e-01
    outer loop
      vertex   9.971485e+01 2.250508e+01 -8.472711e+01
      vertex   9.968052e+01 2.245838e+01 -8.477848e+01
      vertex   9.941277e+01 2.250508e+01 -8.451064e+01
    endloop
  endfacet
  facet normal -2.206556e-01 9.254694e-01 -3.079245e-01
    outer loop
      vertex   9.971485e+01 2.250508e+01 -8.472711e+01
      vertex   9.941277e+01 2.250508e+01 -8.451064e+01
      vertex   9.945641e+01 2.253440e+01 -8.445377e+01
    endloop
  endfacet
  facet normal -2.403224e-01 9.254694e-01 -2.928336e-01
    outer loop
      vertex   9.945641e+01 2.253440e+01 -8.445377e+01
      vertex   9.941277e+01 2.250508e+01 -8.451064e+01
      vertex   9.917276e+01 2.253440e+01 -8.422098e+01
    endloop
  endfacet
  facet normal -4.201807e-01 1.237118e-01 -8.989681e-01
    outer loop
      vertex   1.005735e+02 2.224964e+01 -8.536436e+01
      vertex   1.002314e+02 2.224964e+01 -8.520446e+01
      vertex   1.002962e+02 2.232625e+01 -8.522422e+01
    endloop
  endfacet
  facet normal -4.646181e-01 1.689768e-01 -8.692393e-01
    outer loop
      vertex   1.002962e+02 2.232625e+01 -8.522422e+01
      vertex   1.002314e+02 2.224964e+01 -8.520446e+01
      vertex   9.996037e+01 2.232625e+01 -8.504471e+01
    endloop
  endfacet
  facet normal -4.331513e-01 3.945654e-01 -8.103691e-01
    outer loop
      vertex   1.002962e+02 2.232625e+01 -8.522422e+01
      vertex   9.996037e+01 2.232625e+01 -8.504471e+01
      vertex   9.997566e+01 2.239741e+01 -8.501823e+01
    endloop
  endfacet
  facet normal -4.852246e-01 3.945654e-01 -7.803046e-01
    outer loop
      vertex   9.997566e+01 2.239741e+01 -8.501823e+01
      vertex   9.996037e+01 2.232625e+01 -8.504471e+01
      vertex   9.965398e+01 2.239741e+01 -8.481820e+01
    endloop
  endfacet
  facet normal -4.157345e-01 6.166023e-01 -6.685555e-01
    outer loop
      vertex   9.997566e+01 2.239741e+01 -8.501823e+01
      vertex   9.965398e+01 2.239741e+01 -8.481820e+01
      vertex   9.968052e+01 2.245838e+01 -8.477848e+01
    endloop
  endfacet
  facet normal -4.585700e-01 6.166023e-01 -6.399337e-01
    outer loop
      vertex   9.968052e+01 2.245838e+01 -8.477848e+01
      vertex   9.965398e+01 2.239741e+01 -8.481820e+01
      vertex   9.937515e+01 2.245838e+01 -8.455966e+01
    endloop
  endfacet
  facet normal -3.513398e-01 7.976040e-01 -4.902941e-01
    outer loop
      vertex   9.968052e+01 2.245838e+01 -8.477848e+01
      vertex   9.937515e+01 2.245838e+01 -8.455966e+01
      vertex   9.941277e+01 2.250508e+01 -8.451064e+01
    endloop
  endfacet
  facet normal -3.826543e-01 7.976040e-01 -4.662656e-01
    outer loop
      vertex   9.941277e+01 2.250508e+01 -8.451064e+01
      vertex   9.937515e+01 2.245838e+01 -8.455966e+01
      vertex   9.912549e+01 2.250508e+01 -8.427488e+01
    endloop
  endfacet
  facet normal -2.403224e-01 9.254694e-01 -2.928336e-01
    outer loop
      vertex   9.941277e+01 2.250508e+01 -8.451064e+01
      vertex   9.912549e+01 2.250508e+01 -8.427488e+01
      vertex   9.917276e+01 2.253440e+01 -8.422098e+01
    endloop
  endfacet
  facet normal -2.589600e-01 9.254694e-01 -2.764888e-01
    outer loop
      vertex   9.917276e+01 2.253440e+01 -8.422098e+01
      vertex   9.912549e+01 2.250508e+01 -8.427488e+01
      vertex   9.890494e+01 2.253440e+01 -8.397015e+01
    endloop
  endfacet
  facet normal -4.774255e-01 1.247758e-01 -8.697677e-01
    outer loop
      vertex   1.002314e+02 2.224964e+01 -8.520446e+01
      vertex   9.990036e+01 2.224964e+01 -8.502276e+01
      vertex   9.996037e+01 2.232625e+01 -8.504471e+01
    endloop
  endfacet
  facet normal -5.205701e-01 1.679150e-01 -8.371448e-01
    outer loop
      vertex   9.996037e+01 2.232625e+01 -8.504471e+01
      vertex   9.990036e+01 2.224964e+01 -8.502276e+01
      vertex   9.963699e+01 2.232625e+01 -8.484362e+01
    endloop
  endfacet
  facet normal -4.852246e-01 3.945654e-01 -7.803046e-01
    outer loop
      vertex   9.996037e+01 2.232625e+01 -8.504471e+01
      vertex   9.963699e+01 2.232625e+01 -8.484362e+01
      vertex   9.965398e+01 2.239741e+01 -8.481820e+01
    endloop
  endfacet
  facet normal -5.352200e-01 3.945654e-01 -7.468987e-01
    outer loop
      vertex   9.965398e+01 2.239741e+01 -8.481820e+01
      vertex   9.963699e+01 2.232625e+01 -8.484362e+01
      vertex   9.934607e+01 2.239741e+01 -8.459756e+01
    endloop
  endfacet
  facet normal -4.585700e-01 6.166023e-01 -6.399337e-01
    outer loop
      vertex   9.965398e+01 2.239741e+01 -8.481820e+01
      vertex   9.934607e+01 2.239741e+01 -8.459756e+01
      vertex   9.937515e+01 2.245838e+01 -8.455966e+01
    endloop
  endfacet
  facet normal -4.994419e-01 6.166023e-01 -6.085717e-01
    outer loop
      vertex   9.937515e+01 2.245838e+01 -8.455966e+01
      vertex   9.934607e+01 2.239741e+01 -8.459756e+01
      vertex   9.908475e+01 2.245838e+01 -8.432133e+01
    endloop
  endfacet
  facet normal -3.826543e-01 7.976040e-01 -4.662656e-01
    outer loop
      vertex   9.937515e+01 2.245838e+01 -8.455966e+01
      vertex   9.908475e+01 2.245838e+01 -8.432133e+01
      vertex   9.912549e+01 2.250508e+01 -8.427488e+01
    endloop
  endfacet
  facet normal -4.123302e-01 7.976040e-01 -4.402405e-01
    outer loop
      vertex   9.912549e+01 2.250508e+01 -8.427488e+01
      vertex   9.908475e+01 2.245838e+01 -8.432133e+01
      vertex   9.885425e+01 2.250508e+01 -8.402083e+01
    endloop
  endfacet
  facet normal -2.589600e-01 9.254694e-01 -2.764888e-01
    outer loop
      vertex   9.912549e+01 2.250508e+01 -8.427488e+01
      vertex   9.885425e+01 2.250508e+01 -8.402083e+01
      vertex   9.890494e+01 2.253440e+01 -8.397015e+01
    endloop
  endfacet
  facet normal -2.764888e-01 9.254694e-01 -2.589600e-01
    outer loop
      vertex   9.890494e+01 2.253440e+01 -8.397015e+01
      vertex   9.885425e+01 2.250508e+01 -8.402083e+01
      vertex   9.865410e+01 2.253440e+01 -8.370233e+01
    endloop
  endfacet
  facet normal -5.326497e-01 1.258732e-01 -8.369231e-01
    outer loop
      vertex   9.990036e+01 2.224964e+01 -8.502276e+01
      vertex   9.958180e+01 2.224964e+01 -8.482001e+01
      vertex   9.963699e+01 2.232625e+01 -8.484362e+01
    endloop
  endfacet
  facet normal -5.743157e-01 1.668195e-01 -8.014566e-01
    outer loop
      vertex   9.963699e+01 2.232625e+01 -8.484362e+01
      vertex   9.958180e+01 2.224964e+01 -8.482001e+01
      vertex   9.932746e+01 2.232625e+01 -8.462181e+01
    endloop
  endfacet
  facet normal -5.352200e-01 3.945654e-01 -7.468987e-01
    outer loop
      vertex   9.963699e+01 2.232625e+01 -8.484362e+01
      vertex   9.932746e+01 2.232625e+01 -8.462181e+01
      vertex   9.934607e+01 2.239741e+01 -8.459756e+01
    endloop
  endfacet
  facet normal -5.829236e-01 3.945654e-01 -7.102945e-01
    outer loop
      vertex   9.934607e+01 2.239741e+01 -8.459756e+01
      vertex   9.932746e+01 2.232625e+01 -8.462181e+01
      vertex   9.905325e+01 2.239741e+01 -8.435725e+01
    endloop
  endfacet
  facet normal -4.994419e-01 6.166023e-01 -6.085717e-01
    outer loop
      vertex   9.934607e+01 2.239741e+01 -8.459756e+01
      vertex   9.905325e+01 2.239741e+01 -8.435725e+01
      vertex   9.908475e+01 2.245838e+01 -8.432133e+01
    endloop
  endfacet
  facet normal -5.381750e-01 6.166023e-01 -5.746036e-01
    outer loop
      vertex   9.908475e+01 2.245838e+01 -8.432133e+01
      vertex   9.905325e+01 2.239741e+01 -8.435725e+01
      vertex   9.881056e+01 2.245838e+01 -8.406452e+01
    endloop
  endfacet
  facet normal -4.123302e-01 7.976040e-01 -4.402405e-01
    outer loop
      vertex   9.908475e+01 2.245838e+01 -8.432133e+01
      vertex   9.881056e+01 2.245838e+01 -8.406452e+01
      vertex   9.885425e+01 2.250508e+01 -8.402083e+01
    endloop
  endfacet
  facet normal -4.402405e-01 7.976040e-01 -4.123302e-01
    outer loop
      vertex   9.885425e+01 2.250508e+01 -8.402083e+01
      vertex   9.881056e+01 2.245838e+01 -8.406452e+01
      vertex   9.860021e+01 2.250508e+01 -8.374959e+01
    endloop
  endfacet
  facet normal -2.764888e-01 9.254694e-01 -2.589600e-01
    outer loop
      vertex   9.885425e+01 2.250508e+01 -8.402083e+01
      vertex   9.860021e+01 2.250508e+01 -8.374959e+01
      vertex   9.865410e+01 2.253440e+01 -8.370233e+01
    endloop
  endfacet
  facet normal -2.928336e-01 9.254694e-01 -2.403224e-01
    outer loop
      vertex   9.865410e+01 2.253440e+01 -8.370233e+01
      vertex   9.860021e+01 2.250508e+01 -8.374959e+01
      vertex   9.842132e+01 2.253440e+01 -8.341868e+01
    endloop
  endfacet
  facet normal -5.856214e-01 1.270039e-01 -8.005733e-01
    outer loop
      vertex   9.958180e+01 2.224964e+01 -8.482001e+01
      vertex   9.927702e+01 2.224964e+01 -8.459707e+01
      vertex   9.932746e+01 2.232625e+01 -8.462181e+01
    endloop
  endfacet
  facet normal -6.256246e-01 1.656901e-01 -7.623258e-01
    outer loop
      vertex   9.932746e+01 2.232625e+01 -8.462181e+01
      vertex   9.927702e+01 2.224964e+01 -8.459707e+01
      vertex   9.903310e+01 2.232625e+01 -8.438023e+01
    endloop
  endfacet
  facet normal -5.829236e-01 3.945654e-01 -7.102945e-01
    outer loop
      vertex   9.932746e+01 2.232625e+01 -8.462181e+01
      vertex   9.903310e+01 2.232625e+01 -8.438023e+01
      vertex   9.905325e+01 2.239741e+01 -8.435725e+01
    endloop
  endfacet
  facet normal -6.281310e-01 3.945654e-01 -6.706486e-01
    outer loop
      vertex   9.905325e+01 2.239741e+01 -8.435725e+01
      vertex   9.903310e+01 2.232625e+01 -8.438023e+01
      vertex   9.877678e+01 2.239741e+01 -8.409830e+01
    endloop
  endfacet
  facet normal -5.381750e-01 6.166023e-01 -5.746036e-01
    outer loop
      vertex   9.905325e+01 2.239741e+01 -8.435725e+01
      vertex   9.877678e+01 2.239741e+01 -8.409830e+01
      vertex   9.881056e+01 2.245838e+01 -8.406452e+01
    endloop
  endfacet
  facet normal -5.746036e-01 6.166023e-01 -5.381750e-01
    outer loop
      vertex   9.881056e+01 2.245838e+01 -8.406452e+01
      vertex   9.877678e+01 2.239741e+01 -8.409830e+01
      vertex   9.855375e+01 2.245838e+01 -8.379033e+01
    endloop
  endfacet
  facet normal -4.402405e-01 7.976040e-01 -4.123302e-01
    outer loop
      vertex   9.881056e+01 2.245838e+01 -8.406452e+01
      vertex   9.855375e+01 2.245838e+01 -8.379033e+01
      vertex   9.860021e+01 2.250508e+01 -8.374959e+01
    endloop
  endfacet
  facet normal -4.662656e-01 7.976040e-01 -3.826543e-01
    outer loop
      vertex   9.860021e+01 2.250508e+01 -8.374959e+01
      vertex   9.855375e+01 2.245838e+01 -8.379033e+01
      vertex   9.836445e+01 2.250508e+01 -8.346232e+01
    endloop
  endfacet
  facet normal -2.928336e-01 9.254694e-01 -2.403224e-01
    outer loop
      vertex   9.860021e+01 2.250508e+01 -8.374959e+01
      vertex   9.836445e+01 2.250508e+01 -8.346232e+01
      vertex   9.842132e+01 2.253440e+01 -8.341868e+01
    endloop
  endfacet
  facet normal -3.079245e-01 9.254694e-01 -2.206556e-01
    outer loop
      vertex   9.842132e+01 2.253440e+01 -8.341868e+01
      vertex   9.836445e+01 2.250508e+01 -8.346232e+01
      vertex   9.820758e+01 2.253440e+01 -8.312041e+01
    endloop
  endfacet
  facet normal -6.361182e-01 1.281677e-01 -7.608723e-01
    outer loop
      vertex   9.927702e+01 2.224964e+01 -8.459707e+01
      vertex   9.898732e+01 2.224964e+01 -8.435487e+01
      vertex   9.903310e+01 2.232625e+01 -8.438023e+01
    endloop
  endfacet
  facet normal -6.742767e-01 1.645268e-01 -7.199179e-01
    outer loop
      vertex   9.903310e+01 2.232625e+01 -8.438023e+01
      vertex   9.898732e+01 2.224964e+01 -8.435487e+01
      vertex   9.875516e+01 2.232625e+01 -8.411992e+01
    endloop
  endfacet
  facet normal -6.281310e-01 3.945654e-01 -6.706486e-01
    outer loop
      vertex   9.903310e+01 2.232625e+01 -8.438023e+01
      vertex   9.875516e+01 2.232625e+01 -8.411992e+01
      vertex   9.877678e+01 2.239741e+01 -8.409830e+01
    endloop
  endfacet
  facet normal -6.706486e-01 3.945654e-01 -6.281310e-01
    outer loop
      vertex   9.877678e+01 2.239741e+01 -8.409830e+01
      vertex   9.875516e+01 2.232625e+01 -8.411992e+01
      vertex   9.851784e+01 2.239741e+01 -8.382183e+01
    endloop
  endfacet
  facet normal -5.746036e-01 6.166023e-01 -5.381750e-01
    outer loop
      vertex   9.877678e+01 2.239741e+01 -8.409830e+01
      vertex   9.851784e+01 2.239741e+01 -8.382183e+01
      vertex   9.855375e+01 2.245838e+01 -8.379033e+01
    endloop
  endfacet
  facet normal -6.085717e-01 6.166023e-01 -4.994419e-01
    outer loop
      vertex   9.855375e+01 2.245838e+01 -8.379033e+01
      vertex   9.851784e+01 2.239741e+01 -8.382183e+01
      vertex   9.831543e+01 2.245838e+01 -8.349993e+01
    endloop
  endfacet
  facet normal -4.662656e-01 7.976040e-01 -3.826543e-01
    outer loop
      vertex   9.855375e+01 2.245838e+01 -8.379033e+01
      vertex   9.831543e+01 2.245838e+01 -8.349993e+01
      vertex   9.836445e+01 2.250508e+01 -8.346232e+01
    endloop
  endfacet
  facet normal -4.902941e-01 7.976040e-01 -3.513398e-01
    outer loop
      vertex   9.836445e+01 2.250508e+01 -8.346232e+01
      vertex   9.831543e+01 2.245838e+01 -8.349993e+01
      vertex   9.814798e+01 2.250508e+01 -8.316024e+01
    endloop
  endfacet
  facet normal -3.079245e-01 9.254694e-01 -2.206556e-01
    outer loop
      vertex   9.836445e+01 2.250508e+01 -8.346232e+01
      vertex   9.814798e+01 2.250508e+01 -8.316024e+01
      vertex   9.820758e+01 2.253440e+01 -8.312041e+01
    endloop
  endfacet
  facet normal -3.216968e-01 9.254694e-01 -2.000439e-01
    outer loop
      vertex   9.820758e+01 2.253440e+01 -8.312041e+01
      vertex   9.814798e+01 2.250508e+01 -8.316024e+01
      vertex   9.801381e+01 2.253440e+01 -8.280881e+01
    endloop
  endfacet
  facet normal -6.839281e-01 1.293648e-01 -7.179883e-01
    outer loop
      vertex   9.898732e+01 2.224964e+01 -8.435487e+01
      vertex   9.871390e+01 2.224964e+01 -8.409442e+01
      vertex   9.875516e+01 2.232625e+01 -8.411992e+01
    endloop
  endfacet
  facet normal -7.200631e-01 1.633296e-01 -6.744127e-01
    outer loop
      vertex   9.875516e+01 2.232625e+01 -8.411992e+01
      vertex   9.871390e+01 2.224964e+01 -8.409442e+01
      vertex   9.849485e+01 2.232625e+01 -8.384199e+01
    endloop
  endfacet
  facet normal -6.706486e-01 3.945654e-01 -6.281310e-01
    outer loop
      vertex   9.875516e+01 2.232625e+01 -8.411992e+01
      vertex   9.849485e+01 2.232625e+01 -8.384199e+01
      vertex   9.851784e+01 2.239741e+01 -8.382183e+01
    endloop
  endfacet
  facet normal -7.102945e-01 3.945654e-01 -5.829236e-01
    outer loop
      vertex   9.851784e+01 2.239741e+01 -8.382183e+01
      vertex   9.849485e+01 2.232625e+01 -8.384199e+01
      vertex   9.827753e+01 2.239741e+01 -8.352901e+01
    endloop
  endfacet
  facet normal -6.085717e-01 6.166023e-01 -4.994419e-01
    outer loop
      vertex   9.851784e+01 2.239741e+01 -8.382183e+01
      vertex   9.827753e+01 2.239741e+01 -8.352901e+01
      vertex   9.831543e+01 2.245838e+01 -8.349993e+01
    endloop
  endfacet
  facet normal -6.399337e-01 6.166023e-01 -4.585700e-01
    outer loop
      vertex   9.831543e+01 2.245838e+01 -8.349993e+01
      vertex   9.827753e+01 2.239741e+01 -8.352901e+01
      vertex   9.809661e+01 2.245838e+01 -8.319457e+01
    endloop
  endfacet
  facet normal -4.902941e-01 7.976040e-01 -3.513398e-01
    outer loop
      vertex   9.831543e+01 2.245838e+01 -8.349993e+01
      vertex   9.809661e+01 2.245838e+01 -8.319457e+01
      vertex   9.814798e+01 2.250508e+01 -8.316024e+01
    endloop
  endfacet
  facet normal -5.122230e-01 7.976040e-01 -3.185207e-01
    outer loop
      vertex   9.814798e+01 2.250508e+01 -8.316024e+01
      vertex   9.809661e+01 2.245838e+01 -8.319457e+01
      vertex   9.795173e+01 2.250508e+01 -8.284465e+01
    endloop
  endfacet
  facet normal -3.216968e-01 9.254694e-01 -2.000439e-01
    outer loop
      vertex   9.814798e+01 2.250508e+01 -8.316024e+01
      vertex   9.795173e+01 2.250508e+01 -8.284465e+01
      vertex   9.801381e+01 2.253440e+01 -8.280881e+01
    endloop
  endfacet
  facet normal -3.340915e-01 9.254694e-01 -1.785756e-01
    outer loop
      vertex   9.801381e+01 2.253440e+01 -8.280881e+01
      vertex   9.795173e+01 2.250508e+01 -8.284465e+01
      vertex   9.784084e+01 2.253440e+01 -8.248519e+01
    endloop
  endfacet
  facet normal -7.288505e-01 1.305950e-01 -6.721026e-01
    outer loop
      vertex   9.871390e+01 2.224964e+01 -8.409442e+01
      vertex   9.845791e+01 2.224964e+01 -8.381682e+01
      vertex   9.849485e+01 2.232625e+01 -8.384199e+01
    endloop
  endfacet
  facet normal -7.627871e-01 1.620983e-01 -6.260032e-01
    outer loop
      vertex   9.849485e+01 2.232625e+01 -8.384199e+01
      vertex   9.845791e+01 2.224964e+01 -8.381682e+01
      vertex   9.825327e+01 2.232625e+01 -8.354762e+01
    endloop
  endfacet
  facet normal -7.102945e-01 3.945654e-01 -5.829236e-01
    outer loop
      vertex   9.849485e+01 2.232625e+01 -8.384199e+01
      vertex   9.825327e+01 2.232625e+01 -8.354762e+01
      vertex   9.827753e+01 2.239741e+01 -8.352901e+01
    endloop
  endfacet
  facet normal -7.468987e-01 3.945654e-01 -5.352200e-01
    outer loop
      vertex   9.827753e+01 2.239741e+01 -8.352901e+01
      vertex   9.825327e+01 2.232625e+01 -8.354762e+01
      vertex   9.805688e+01 2.239741e+01 -8.322111e+01
    endloop
  endfacet
  facet normal -6.399337e-01 6.166023e-01 -4.585700e-01
    outer loop
      vertex   9.827753e+01 2.239741e+01 -8.352901e+01
      vertex   9.805688e+01 2.239741e+01 -8.322111e+01
      vertex   9.809661e+01 2.245838e+01 -8.319457e+01
    endloop
  endfacet
  facet normal -6.685555e-01 6.166023e-01 -4.157345e-01
    outer loop
      vertex   9.809661e+01 2.245838e+01 -8.319457e+01
      vertex   9.805688e+01 2.239741e+01 -8.322111e+01
      vertex   9.789822e+01 2.245838e+01 -8.287554e+01
    endloop
  endfacet
  facet normal -5.122230e-01 7.976040e-01 -3.185207e-01
    outer loop
      vertex   9.809661e+01 2.245838e+01 -8.319457e+01
      vertex   9.789822e+01 2.245838e+01 -8.287554e+01
      vertex   9.795173e+01 2.250508e+01 -8.284465e+01
    endloop
  endfacet
  facet normal -5.319586e-01 7.976040e-01 -2.843378e-01
    outer loop
      vertex   9.795173e+01 2.250508e+01 -8.284465e+01
      vertex   9.789822e+01 2.245838e+01 -8.287554e+01
      vertex   9.777655e+01 2.250508e+01 -8.251690e+01
    endloop
  endfacet
  facet normal -3.340915e-01 9.254694e-01 -1.785756e-01
    outer loop
      vertex   9.795173e+01 2.250508e+01 -8.284465e+01
      vertex   9.777655e+01 2.250508e+01 -8.251690e+01
      vertex   9.784084e+01 2.253440e+01 -8.248519e+01
    endloop
  endfacet
  facet normal -3.450556e-01 9.254694e-01 -1.563426e-01
    outer loop
      vertex   9.784084e+01 2.253440e+01 -8.248519e+01
      vertex   9.777655e+01 2.250508e+01 -8.251690e+01
      vertex   9.768940e+01 2.253440e+01 -8.215096e+01
    endloop
  endfacet
  facet normal -7.706970e-01 1.318582e-01 -6.234096e-01
    outer loop
      vertex   9.845791e+01 2.224964e+01 -8.381682e+01
      vertex   9.822043e+01 2.224964e+01 -8.352323e+01
      vertex   9.825327e+01 2.232625e+01 -8.354762e+01
    endloop
  endfacet
  facet normal -8.022647e-01 1.608330e-01 -5.748948e-01
    outer loop
      vertex   9.825327e+01 2.232625e+01 -8.354762e+01
      vertex   9.822043e+01 2.224964e+01 -8.352323e+01
      vertex   9.803146e+01 2.232625e+01 -8.323809e+01
    endloop
  endfacet
  facet normal -7.468987e-01 3.945654e-01 -5.352200e-01
    outer loop
      vertex   9.825327e+01 2.232625e+01 -8.354762e+01
      vertex   9.803146e+01 2.232625e+01 -8.323809e+01
      vertex   9.805688e+01 2.239741e+01 -8.322111e+01
    endloop
  endfacet
  facet normal -7.803046e-01 3.945654e-01 -4.852246e-01
    outer loop
      vertex   9.805688e+01 2.239741e+01 -8.322111e+01
      vertex   9.803146e+01 2.232625e+01 -8.323809e+01
      vertex   9.785685e+01 2.239741e+01 -8.289943e+01
    endloop
  endfacet
  facet normal -6.685555e-01 6.166023e-01 -4.157345e-01
    outer loop
      vertex   9.805688e+01 2.239741e+01 -8.322111e+01
      vertex   9.785685e+01 2.239741e+01 -8.289943e+01
      vertex   9.789822e+01 2.245838e+01 -8.287554e+01
    endloop
  endfacet
  facet normal -6.943144e-01 6.166023e-01 -3.711188e-01
    outer loop
      vertex   9.789822e+01 2.245838e+01 -8.287554e+01
      vertex   9.785685e+01 2.239741e+01 -8.289943e+01
      vertex   9.772113e+01 2.245838e+01 -8.254423e+01
    endloop
  endfacet
  facet normal -5.319586e-01 7.976040e-01 -2.843378e-01
    outer loop
      vertex   9.789822e+01 2.245838e+01 -8.287554e+01
      vertex   9.772113e+01 2.245838e+01 -8.254423e+01
      vertex   9.777655e+01 2.250508e+01 -8.251690e+01
    endloop
  endfacet
  facet normal -5.494162e-01 7.976040e-01 -2.489372e-01
    outer loop
      vertex   9.777655e+01 2.250508e+01 -8.251690e+01
      vertex   9.772113e+01 2.245838e+01 -8.254423e+01
      vertex   9.762317e+01 2.250508e+01 -8.217839e+01
    endloop
  endfacet
  facet normal -3.450556e-01 9.254694e-01 -1.563426e-01
    outer loop
      vertex   9.777655e+01 2.250508e+01 -8.251690e+01
      vertex   9.762317e+01 2.250508e+01 -8.217839e+01
      vertex   9.768940e+01 2.253440e+01 -8.215096e+01
    endloop
  endfacet
  facet normal -3.545421e-01 9.254694e-01 -1.334402e-01
    outer loop
      vertex   9.768940e+01 2.253440e+01 -8.215096e+01
      vertex   9.762317e+01 2.250508e+01 -8.217839e+01
      vertex   9.756014e+01 2.253440e+01 -8.180754e+01
    endloop
  endfacet
  facet normal -8.092924e-01 1.331545e-01 -5.721151e-01
    outer loop
      vertex   9.822043e+01 2.224964e+01 -8.352323e+01
      vertex   9.800246e+01 2.224964e+01 -8.321489e+01
      vertex   9.803146e+01 2.232625e+01 -8.323809e+01
    endloop
  endfacet
  facet normal -8.383260e-01 1.595336e-01 -5.213046e-01
    outer loop
      vertex   9.803146e+01 2.232625e+01 -8.323809e+01
      vertex   9.800246e+01 2.224964e+01 -8.321489e+01
      vertex   9.783037e+01 2.232625e+01 -8.291471e+01
    endloop
  endfacet
  facet normal -7.803046e-01 3.945654e-01 -4.852246e-01
    outer loop
      vertex   9.803146e+01 2.232625e+01 -8.323809e+01
      vertex   9.783037e+01 2.232625e+01 -8.291471e+01
      vertex   9.785685e+01 2.239741e+01 -8.289943e+01
    endloop
  endfacet
  facet normal -8.103691e-01 3.945654e-01 -4.331513e-01
    outer loop
      vertex   9.785685e+01 2.239741e+01 -8.289943e+01
      vertex   9.783037e+01 2.232625e+01 -8.291471e+01
      vertex   9.767829e+01 2.239741e+01 -8.256535e+01
    endloop
  endfacet
  facet normal -6.943144e-01 6.166023e-01 -3.711188e-01
    outer loop
      vertex   9.785685e+01 2.239741e+01 -8.289943e+01
      vertex   9.767829e+01 2.239741e+01 -8.256535e+01
      vertex   9.772113e+01 2.245838e+01 -8.254423e+01
    endloop
  endfacet
  facet normal -7.171002e-01 6.166023e-01 -3.249139e-01
    outer loop
      vertex   9.772113e+01 2.245838e+01 -8.254423e+01
      vertex   9.767829e+01 2.239741e+01 -8.256535e+01
      vertex   9.756609e+01 2.245838e+01 -8.220204e+01
    endloop
  endfacet
  facet normal -5.494162e-01 7.976040e-01 -2.489372e-01
    outer loop
      vertex   9.772113e+01 2.245838e+01 -8.254423e+01
      vertex   9.756609e+01 2.245838e+01 -8.220204e+01
      vertex   9.762317e+01 2.250508e+01 -8.217839e+01
    endloop
  endfacet
  facet normal -5.645211e-01 7.976040e-01 -2.124707e-01
    outer loop
      vertex   9.762317e+01 2.250508e+01 -8.217839e+01
      vertex   9.756609e+01 2.245838e+01 -8.220204e+01
      vertex   9.749226e+01 2.250508e+01 -8.183058e+01
    endloop
  endfacet
  facet normal -3.545421e-01 9.254694e-01 -1.334402e-01
    outer loop
      vertex   9.762317e+01 2.250508e+01 -8.217839e+01
      vertex   9.749226e+01 2.250508e+01 -8.183058e+01
      vertex   9.756014e+01 2.253440e+01 -8.180754e+01
    endloop
  endfacet
  facet normal -3.625104e-01 9.254694e-01 -1.099663e-01
    outer loop
      vertex   9.756014e+01 2.253440e+01 -8.180754e+01
      vertex   9.749226e+01 2.250508e+01 -8.183058e+01
      vertex   9.745363e+01 2.253440e+01 -8.145640e+01
    endloop
  endfacet
  facet normal -8.444751e-01 1.344837e-01 -5.184360e-01
    outer loop
      vertex   9.800246e+01 2.224964e+01 -8.321489e+01
      vertex   9.780489e+01 2.224964e+01 -8.289308e+01
      vertex   9.783037e+01 2.232625e+01 -8.291471e+01
    endloop
  endfacet
  facet normal -8.708153e-01 1.582000e-01 -4.654605e-01
    outer loop
      vertex   9.783037e+01 2.232625e+01 -8.291471e+01
      vertex   9.780489e+01 2.224964e+01 -8.289308e+01
      vertex   9.765087e+01 2.232625e+01 -8.257888e+01
    endloop
  endfacet
  facet normal -8.103691e-01 3.945654e-01 -4.331513e-01
    outer loop
      vertex   9.783037e+01 2.232625e+01 -8.291471e+01
      vertex   9.765087e+01 2.232625e+01 -8.257888e+01
      vertex   9.767829e+01 2.239741e+01 -8.256535e+01
    endloop
  endfacet
  facet normal -8.369635e-01 3.945654e-01 -3.792232e-01
    outer loop
      vertex   9.767829e+01 2.239741e+01 -8.256535e+01
      vertex   9.765087e+01 2.232625e+01 -8.257888e+01
      vertex   9.752195e+01 2.239741e+01 -8.222032e+01
    endloop
  endfacet
  facet normal -7.171002e-01 6.166023e-01 -3.249139e-01
    outer loop
      vertex   9.767829e+01 2.239741e+01 -8.256535e+01
      vertex   9.752195e+01 2.239741e+01 -8.222032e+01
      vertex   9.756609e+01 2.245838e+01 -8.220204e+01
    endloop
  endfacet
  facet normal -7.368152e-01 6.166023e-01 -2.773176e-01
    outer loop
      vertex   9.756609e+01 2.245838e+01 -8.220204e+01
      vertex   9.752195e+01 2.239741e+01 -8.222032e+01
      vertex   9.743376e+01 2.245838e+01 -8.185044e+01
    endloop
  endfacet
  facet normal -5.645211e-01 7.976040e-01 -2.124707e-01
    outer loop
      vertex   9.756609e+01 2.245838e+01 -8.220204e+01
      vertex   9.743376e+01 2.245838e+01 -8.185044e+01
      vertex   9.749226e+01 2.250508e+01 -8.183058e+01
    endloop
  endfacet
  facet normal -5.772087e-01 7.976040e-01 -1.750943e-01
    outer loop
      vertex   9.749226e+01 2.250508e+01 -8.183058e+01
      vertex   9.743376e+01 2.245838e+01 -8.185044e+01
      vertex   9.738439e+01 2.250508e+01 -8.147495e+01
    endloop
  endfacet
  facet normal -3.625104e-01 9.254694e-01 -1.099663e-01
    outer loop
      vertex   9.749226e+01 2.250508e+01 -8.183058e+01
      vertex   9.738439e+01 2.250508e+01 -8.147495e+01
      vertex   9.745363e+01 2.253440e+01 -8.145640e+01
    endloop
  endfacet
  facet normal -3.689264e-01 9.254694e-01 -8.602157e-02
    outer loop
      vertex   9.745363e+01 2.253440e+01 -8.145640e+01
      vertex   9.738439e+01 2.250508e+01 -8.147495e+01
      vertex   9.737030e+01 2.253440e+01 -8.109904e+01
    endloop
  endfacet
  facet normal -8.760981e-01 1.358458e-01 -4.625993e-01
    outer loop
      vertex   9.780489e+01 2.224964e+01 -8.289308e+01
      vertex   9.762858e+01 2.224964e+01 -8.255916e+01
      vertex   9.765087e+01 2.232625e+01 -8.257888e+01
    endloop
  endfacet
  facet normal -8.995921e-01 1.568322e-01 -4.075999e-01
    outer loop
      vertex   9.765087e+01 2.232625e+01 -8.257888e+01
      vertex   9.762858e+01 2.224964e+01 -8.255916e+01
      vertex   9.749371e+01 2.232625e+01 -8.223202e+01
    endloop
  endfacet
  facet normal -8.369635e-01 3.945654e-01 -3.792232e-01
    outer loop
      vertex   9.765087e+01 2.232625e+01 -8.257888e+01
      vertex   9.749371e+01 2.232625e+01 -8.223202e+01
      vertex   9.752195e+01 2.239741e+01 -8.222032e+01
    endloop
  endfacet
  facet normal -8.599739e-01 3.945654e-01 -3.236712e-01
    outer loop
      vertex   9.752195e+01 2.239741e+01 -8.222032e+01
      vertex   9.749371e+01 2.232625e+01 -8.223202e+01
      vertex   9.738852e+01 2.239741e+01 -8.186580e+01
    endloop
  endfacet
  facet normal -7.368152e-01 6.166023e-01 -2.773176e-01
    outer loop
      vertex   9.752195e+01 2.239741e+01 -8.222032e+01
      vertex   9.738852e+01 2.239741e+01 -8.186580e+01
      vertex   9.743376e+01 2.245838e+01 -8.185044e+01
    endloop
  endfacet
  facet normal -7.533750e-01 6.166023e-01 -2.285338e-01
    outer loop
      vertex   9.743376e+01 2.245838e+01 -8.185044e+01
      vertex   9.738852e+01 2.239741e+01 -8.186580e+01
      vertex   9.732470e+01 2.245838e+01 -8.149094e+01
    endloop
  endfacet
  facet normal -5.772087e-01 7.976040e-01 -1.750943e-01
    outer loop
      vertex   9.743376e+01 2.245838e+01 -8.185044e+01
      vertex   9.732470e+01 2.245838e+01 -8.149094e+01
      vertex   9.738439e+01 2.250508e+01 -8.147495e+01
    endloop
  endfacet
  facet normal -5.874245e-01 7.976040e-01 -1.369682e-01
    outer loop
      vertex   9.738439e+01 2.250508e+01 -8.147495e+01
      vertex   9.732470e+01 2.245838e+01 -8.149094e+01
      vertex   9.730000e+01 2.250508e+01 -8.111303e+01
    endloop
  endfacet
  facet normal -3.689264e-01 9.254694e-01 -8.602157e-02
    outer loop
      vertex   9.738439e+01 2.250508e+01 -8.147495e+01
      vertex   9.730000e+01 2.250508e+01 -8.111303e+01
      vertex   9.737030e+01 2.253440e+01 -8.109904e+01
    endloop
  endfacet
  facet normal -3.737626e-01 9.254694e-01 -6.170845e-02
    outer loop
      vertex   9.737030e+01 2.253440e+01 -8.109904e+01
      vertex   9.730000e+01 2.250508e+01 -8.111303e+01
      vertex   9.731053e+01 2.253440e+01 -8.073700e+01
    endloop
  endfacet
  facet normal -9.040292e-01 1.372407e-01 -4.048409e-01
    outer loop
      vertex   9.762858e+01 2.224964e+01 -8.255916e+01
      vertex   9.747424e+01 2.224964e+01 -8.221453e+01
      vertex   9.749371e+01 2.232625e+01 -8.223202e+01
    endloop
  endfacet
  facet normal -9.245318e-01 1.554301e-01 -3.479691e-01
    outer loop
      vertex   9.749371e+01 2.232625e+01 -8.223202e+01
      vertex   9.747424e+01 2.224964e+01 -8.221453e+01
      vertex   9.735957e+01 2.232625e+01 -8.187562e+01
    endloop
  endfacet
  facet normal -8.599739e-01 3.945654e-01 -3.236712e-01
    outer loop
      vertex   9.749371e+01 2.232625e+01 -8.223202e+01
      vertex   9.735957e+01 2.232625e+01 -8.187562e+01
      vertex   9.738852e+01 2.239741e+01 -8.186580e+01
    endloop
  endfacet
  facet normal -8.793017e-01 3.945654e-01 -2.667333e-01
    outer loop
      vertex   9.738852e+01 2.239741e+01 -8.186580e+01
      vertex   9.735957e+01 2.232625e+01 -8.187562e+01
      vertex   9.727856e+01 2.239741e+01 -8.150331e+01
    endloop
  endfacet
  facet normal -7.533750e-01 6.166023e-01 -2.285338e-01
    outer loop
      vertex   9.738852e+01 2.239741e+01 -8.186580e+01
      vertex   9.727856e+01 2.239741e+01 -8.150331e+01
      vertex   9.732470e+01 2.245838e+01 -8.149094e+01
    endloop
  endfacet
  facet normal -7.667088e-01 6.166023e-01 -1.787714e-01
    outer loop
      vertex   9.732470e+01 2.245838e+01 -8.149094e+01
      vertex   9.727856e+01 2.239741e+01 -8.150331e+01
      vertex   9.723940e+01 2.245838e+01 -8.112508e+01
    endloop
  endfacet
  facet normal -5.874245e-01 7.976040e-01 -1.369682e-01
    outer loop
      vertex   9.732470e+01 2.245838e+01 -8.149094e+01
      vertex   9.723940e+01 2.245838e+01 -8.112508e+01
      vertex   9.730000e+01 2.250508e+01 -8.111303e+01
    endloop
  endfacet
  facet normal -5.951250e-01 7.976040e-01 -9.825553e-02
    outer loop
      vertex   9.730000e+01 2.250508e+01 -8.111303e+01
      vertex   9.723940e+01 2.245838e+01 -8.112508e+01
      vertex   9.723946e+01 2.250508e+01 -8.074636e+01
    endloop
  endfacet
  facet normal -3.737626e-01 9.254694e-01 -6.170845e-02
    outer loop
      vertex   9.730000e+01 2.250508e+01 -8.111303e+01
      vertex   9.723946e+01 2.250508e+01 -8.074636e+01
      vertex   9.731053e+01 2.253440e+01 -8.073700e+01
    endloop
  endfacet
  facet normal -3.769982e-01 9.254694e-01 -3.713108e-02
    outer loop
      vertex   9.731053e+01 2.253440e+01 -8.073700e+01
      vertex   9.723946e+01 2.250508e+01 -8.074636e+01
      vertex   9.727456e+01 2.253440e+01 -8.037183e+01
    endloop
  endfacet
  facet normal -9.281522e-01 1.386684e-01 -3.454049e-01
    outer loop
      vertex   9.747424e+01 2.224964e+01 -8.221453e+01
      vertex   9.734254e+01 2.224964e+01 -8.186063e+01
      vertex   9.735957e+01 2.232625e+01 -8.187562e+01
    endloop
  endfacet
  facet normal -9.455258e-01 1.539937e-01 -2.868221e-01
    outer loop
      vertex   9.735957e+01 2.232625e+01 -8.187562e+01
      vertex   9.734254e+01 2.224964e+01 -8.186063e+01
      vertex   9.724903e+01 2.232625e+01 -8.151122e+01
    endloop
  endfacet
  facet normal -8.793017e-01 3.945654e-01 -2.667333e-01
    outer loop
      vertex   9.735957e+01 2.232625e+01 -8.187562e+01
      vertex   9.724903e+01 2.232625e+01 -8.151122e+01
      vertex   9.727856e+01 2.239741e+01 -8.150331e+01
    endloop
  endfacet
  facet normal -8.948642e-01 3.945654e-01 -2.086531e-01
    outer loop
      vertex   9.727856e+01 2.239741e+01 -8.150331e+01
      vertex   9.724903e+01 2.232625e+01 -8.151122e+01
      vertex   9.719254e+01 2.239741e+01 -8.113440e+01
    endloop
  endfacet
  facet normal -7.667088e-01 6.166023e-01 -1.787714e-01
    outer loop
      vertex   9.727856e+01 2.239741e+01 -8.150331e+01
      vertex   9.719254e+01 2.239741e+01 -8.113440e+01
      vertex   9.723940e+01 2.245838e+01 -8.112508e+01
    endloop
  endfacet
  facet normal -7.767594e-01 6.166023e-01 -1.282435e-01
    outer loop
      vertex   9.723940e+01 2.245838e+01 -8.112508e+01
      vertex   9.719254e+01 2.239741e+01 -8.113440e+01
      vertex   9.717820e+01 2.245838e+01 -8.075442e+01
    endloop
  endfacet
  facet normal -5.951250e-01 7.976040e-01 -9.825553e-02
    outer loop
      vertex   9.723940e+01 2.245838e+01 -8.112508e+01
      vertex   9.717820e+01 2.245838e+01 -8.075442e+01
      vertex   9.723946e+01 2.250508e+01 -8.074636e+01
    endloop
  endfacet
  facet normal -6.002770e-01 7.976040e-01 -5.912212e-02
    outer loop
      vertex   9.723946e+01 2.250508e+01 -8.074636e+01
      vertex   9.717820e+01 2.245838e+01 -8.075442e+01
      vertex   9.720303e+01 2.250508e+01 -8.037652e+01
    endloop
  endfacet
  facet normal -3.769982e-01 9.254694e-01 -3.713108e-02
    outer loop
      vertex   9.723946e+01 2.250508e+01 -8.074636e+01
      vertex   9.720303e+01 2.250508e+01 -8.037652e+01
      vertex   9.727456e+01 2.253440e+01 -8.037183e+01
    endloop
  endfacet
  facet normal -3.786195e-01 9.254694e-01 -1.239472e-02
    outer loop
      vertex   9.727456e+01 2.253440e+01 -8.037183e+01
      vertex   9.720303e+01 2.250508e+01 -8.037652e+01
      vertex   9.726256e+01 2.253440e+01 -8.000509e+01
    endloop
  endfacet
  facet normal -9.483668e-01 1.401288e-01 -2.845423e-01
    outer loop
      vertex   9.734254e+01 2.224964e+01 -8.186063e+01
      vertex   9.723403e+01 2.224964e+01 -8.149895e+01
      vertex   9.724903e+01 2.232625e+01 -8.151122e+01
    endloop
  endfacet
  facet normal -9.624826e-01 1.525228e-01 -2.244195e-01
    outer loop
      vertex   9.724903e+01 2.232625e+01 -8.151122e+01
      vertex   9.723403e+01 2.224964e+01 -8.149895e+01
      vertex   9.716256e+01 2.232625e+01 -8.114037e+01
    endloop
  endfacet
  facet normal -8.948642e-01 3.945654e-01 -2.086531e-01
    outer loop
      vertex   9.724903e+01 2.232625e+01 -8.151122e+01
      vertex   9.716256e+01 2.232625e+01 -8.114037e+01
      vertex   9.719254e+01 2.239741e+01 -8.113440e+01
    endloop
  endfacet
  facet normal -9.065948e-01 3.945654e-01 -1.496794e-01
    outer loop
      vertex   9.719254e+01 2.239741e+01 -8.113440e+01
      vertex   9.716256e+01 2.232625e+01 -8.114037e+01
      vertex   9.713084e+01 2.239741e+01 -8.076066e+01
    endloop
  endfacet
  facet normal -7.767594e-01 6.166023e-01 -1.282435e-01
    outer loop
      vertex   9.719254e+01 2.239741e+01 -8.113440e+01
      vertex   9.713084e+01 2.239741e+01 -8.076066e+01
      vertex   9.717820e+01 2.245838e+01 -8.075442e+01
    endloop
  endfacet
  facet normal -7.834839e-01 6.166023e-01 -7.716643e-02
    outer loop
      vertex   9.717820e+01 2.245838e+01 -8.075442e+01
      vertex   9.713084e+01 2.239741e+01 -8.076066e+01
      vertex   9.714138e+01 2.245838e+01 -8.038056e+01
    endloop
  endfacet
  facet normal -6.002770e-01 7.976040e-01 -5.912212e-02
    outer loop
      vertex   9.717820e+01 2.245838e+01 -8.075442e+01
      vertex   9.714138e+01 2.245838e+01 -8.038056e+01
      vertex   9.720303e+01 2.250508e+01 -8.037652e+01
    endloop
  endfacet
  facet normal -6.028585e-01 7.976040e-01 -1.973554e-02
    outer loop
      vertex   9.720303e+01 2.250508e+01 -8.037652e+01
      vertex   9.714138e+01 2.245838e+01 -8.038056e+01
      vertex   9.719087e+01 2.250508e+01 -8.000509e+01
    endloop
  endfacet
  facet normal -3.786195e-01 9.254694e-01 -1.239472e-02
    outer loop
      vertex   9.720303e+01 2.250508e+01 -8.037652e+01
      vertex   9.719087e+01 2.250508e+01 -8.000509e+01
      vertex   9.726256e+01 2.253440e+01 -8.000509e+01
    endloop
  endfacet
  facet normal -9.645893e-01 1.416218e-01 -2.225102e-01
    outer loop
      vertex   9.723403e+01 2.224964e+01 -8.149895e+01
      vertex   9.714915e+01 2.224964e+01 -8.113100e+01
      vertex   9.716256e+01 2.232625e+01 -8.114037e+01
    endloop
  endfacet
  facet normal -9.753276e-01 1.510175e-01 -1.610272e-01
    outer loop
      vertex   9.716256e+01 2.232625e+01 -8.114037e+01
      vertex   9.714915e+01 2.224964e+01 -8.113100e+01
      vertex   9.710053e+01 2.232625e+01 -8.076465e+01
    endloop
  endfacet
  facet normal -9.065948e-01 3.945654e-01 -1.496794e-01
    outer loop
      vertex   9.716256e+01 2.232625e+01 -8.114037e+01
      vertex   9.710053e+01 2.232625e+01 -8.076465e+01
      vertex   9.713084e+01 2.239741e+01 -8.076066e+01
    endloop
  endfacet
  facet normal -9.144433e-01 3.945654e-01 -9.006480e-02
    outer loop
      vertex   9.713084e+01 2.239741e+01 -8.076066e+01
      vertex   9.710053e+01 2.232625e+01 -8.076465e+01
      vertex   9.709371e+01 2.239741e+01 -8.038368e+01
    endloop
  endfacet
  facet normal -7.834839e-01 6.166023e-01 -7.716643e-02
    outer loop
      vertex   9.713084e+01 2.239741e+01 -8.076066e+01
      vertex   9.709371e+01 2.239741e+01 -8.038368e+01
      vertex   9.714138e+01 2.245838e+01 -8.038056e+01
    endloop
  endfacet
  facet normal -7.868533e-01 6.166023e-01 -2.575891e-02
    outer loop
      vertex   9.714138e+01 2.245838e+01 -8.038056e+01
      vertex   9.709371e+01 2.239741e+01 -8.038368e+01
      vertex   9.712909e+01 2.245838e+01 -8.000509e+01
    endloop
  endfacet
  facet normal -6.028585e-01 7.976040e-01 -1.973554e-02
    outer loop
      vertex   9.714138e+01 2.245838e+01 -8.038056e+01
      vertex   9.712909e+01 2.245838e+01 -8.000509e+01
      vertex   9.719087e+01 2.250508e+01 -8.000509e+01
    endloop
  endfacet
  facet normal -9.767528e-01 1.431473e-01 -1.595705e-01
    outer loop
      vertex   9.714915e+01 2.224964e+01 -8.113100e+01
      vertex   9.708827e+01 2.224964e+01 -8.075833e+01
      vertex   9.710053e+01 2.232625e+01 -8.076465e+01
    endloop
  endfacet
  facet normal -9.840039e-01 1.494776e-01 -9.691593e-02
    outer loop
      vertex   9.710053e+01 2.232625e+01 -8.076465e+01
      vertex   9.708827e+01 2.224964e+01 -8.075833e+01
      vertex   9.706320e+01 2.232625e+01 -8.038568e+01
    endloop
  endfacet
  facet normal -9.144433e-01 3.945654e-01 -9.006480e-02
    outer loop
      vertex   9.710053e+01 2.232625e+01 -8.076465e+01
      vertex   9.706320e+01 2.232625e+01 -8.038568e+01
      vertex   9.709371e+01 2.239741e+01 -8.038368e+01
    endloop
  endfacet
  facet normal -9.183759e-01 3.945654e-01 -3.006451e-02
    outer loop
      vertex   9.709371e+01 2.239741e+01 -8.038368e+01
      vertex   9.706320e+01 2.232625e+01 -8.038568e+01
      vertex   9.708132e+01 2.239741e+01 -8.000509e+01
    endloop
  endfacet
  facet normal -7.868533e-01 6.166023e-01 -2.575891e-02
    outer loop
      vertex   9.709371e+01 2.239741e+01 -8.038368e+01
      vertex   9.708132e+01 2.239741e+01 -8.000509e+01
      vertex   9.712909e+01 2.245838e+01 -8.000509e+01
    endloop
  endfacet
  facet normal -9.848079e-01 1.447053e-01 -9.598880e-02
    outer loop
      vertex   9.708827e+01 2.224964e+01 -8.075833e+01
      vertex   9.705163e+01 2.224964e+01 -8.038250e+01
      vertex   9.706320e+01 2.232625e+01 -8.038568e+01
    endloop
  endfacet
  facet normal -9.884723e-01 1.479032e-01 -3.235923e-02
    outer loop
      vertex   9.706320e+01 2.232625e+01 -8.038568e+01
      vertex   9.705163e+01 2.224964e+01 -8.038250e+01
      vertex   9.705074e+01 2.232625e+01 -8.000509e+01
    endloop
  endfacet
  facet normal -9.183759e-01 3.945654e-01 -3.006451e-02
    outer loop
      vertex   9.706320e+01 2.232625e+01 -8.038568e+01
      vertex   9.705074e+01 2.232625e+01 -8.000509e+01
      vertex   9.708132e+01 2.239741e+01 -8.000509e+01
    endloop
  endfacet
  facet normal -9.993341e-01 1.744344e-02 3.204670e-02
    outer loop
      vertex   9.688233e+01 1.254440e+01 -7.962066e+01
      vertex   9.696686e+01 1.739702e+01 -7.962609e+01
      vertex   9.687000e+01 1.254440e+01 -8.000509e+01
    endloop
  endfacet
  facet normal -9.993341e-01 1.744344e-02 3.204670e-02
    outer loop
      vertex   9.687000e+01 1.254440e+01 -8.000509e+01
      vertex   9.696686e+01 1.739702e+01 -7.962609e+01
      vertex   9.695470e+01 1.739702e+01 -8.000509e+01
    endloop
  endfacet
  facet normal -9.993341e-01 1.744344e-02 -3.204670e-02
    outer loop
      vertex   9.687000e+01 1.254440e+01 -8.000509e+01
      vertex   9.695470e+01 1.739702e+01 -8.000509e+01
      vertex   9.688233e+01 1.254440e+01 -8.038951e+01
    endloop
  endfacet
  facet normal -9.993341e-01 1.744344e-02 -3.204670e-02
    outer loop
      vertex   9.688233e+01 1.254440e+01 -8.038951e+01
      vertex   9.695470e+01 1.739702e+01 -8.000509e+01
      vertex   9.696686e+01 1.739702e+01 -8.038408e+01
    endloop
  endfacet
  facet normal -9.952277e-01 1.744344e-02 -9.600842e-02
    outer loop
      vertex   9.688233e+01 1.254440e+01 -8.038951e+01
      vertex   9.696686e+01 1.739702e+01 -8.038408e+01
      vertex   9.691926e+01 1.254440e+01 -8.077235e+01
    endloop
  endfacet
  facet normal -9.952277e-01 1.744344e-02 -9.600842e-02
    outer loop
      vertex   9.691926e+01 1.254440e+01 -8.077235e+01
      vertex   9.696686e+01 1.739702e+01 -8.038408e+01
      vertex   9.700327e+01 1.739702e+01 -8.076152e+01
    endloop
  endfacet
  facet normal -9.870316e-01 1.744344e-02 -1.595756e-01
    outer loop
      vertex   9.691926e+01 1.254440e+01 -8.077235e+01
      vertex   9.700327e+01 1.739702e+01 -8.076152e+01
      vertex   9.698065e+01 1.254440e+01 -8.115204e+01
    endloop
  endfacet
  facet normal -9.870316e-01 1.744344e-02 -1.595756e-01
    outer loop
      vertex   9.698065e+01 1.254440e+01 -8.115204e+01
      vertex   9.700327e+01 1.739702e+01 -8.076152e+01
      vertex   9.706379e+01 1.739702e+01 -8.113585e+01
    endloop
  endfacet
  facet normal -9.747796e-01 1.744344e-02 -2.224871e-01
    outer loop
      vertex   9.698065e+01 1.254440e+01 -8.115204e+01
      vertex   9.706379e+01 1.739702e+01 -8.113585e+01
      vertex   9.706623e+01 1.254440e+01 -8.152701e+01
    endloop
  endfacet
  facet normal -9.747796e-01 1.744344e-02 -2.224871e-01
    outer loop
      vertex   9.706623e+01 1.254440e+01 -8.152701e+01
      vertex   9.706379e+01 1.739702e+01 -8.113585e+01
      vertex   9.714816e+01 1.739702e+01 -8.150553e+01
    endloop
  endfacet
  facet normal -9.585220e-01 1.744344e-02 -2.844843e-01
    outer loop
      vertex   9.706623e+01 1.254440e+01 -8.152701e+01
      vertex   9.714816e+01 1.739702e+01 -8.150553e+01
      vertex   9.717567e+01 1.254440e+01 -8.189573e+01
    endloop
  endfacet
  facet normal -9.585220e-01 1.744344e-02 -2.844843e-01
    outer loop
      vertex   9.717567e+01 1.254440e+01 -8.189573e+01
      vertex   9.714816e+01 1.739702e+01 -8.150553e+01
      vertex   9.725605e+01 1.739702e+01 -8.186904e+01
    endloop
  endfacet
  facet normal -9.383256e-01 1.744344e-02 -3.453125e-01
    outer loop
      vertex   9.717567e+01 1.254440e+01 -8.189573e+01
      vertex   9.725605e+01 1.739702e+01 -8.186904e+01
      vertex   9.730850e+01 1.254440e+01 -8.225669e+01
    endloop
  endfacet
  facet normal -9.383256e-01 1.744344e-02 -3.453125e-01
    outer loop
      vertex   9.730850e+01 1.254440e+01 -8.225669e+01
      vertex   9.725605e+01 1.739702e+01 -8.186904e+01
      vertex   9.738701e+01 1.739702e+01 -8.222490e+01
    endloop
  endfacet
  facet normal -9.142735e-01 1.744344e-02 -4.047218e-01
    outer loop
      vertex   9.730850e+01 1.254440e+01 -8.225669e+01
      vertex   9.738701e+01 1.739702e+01 -8.222490e+01
      vertex   9.746419e+01 1.254440e+01 -8.260839e+01
    endloop
  endfacet
  facet normal -9.142735e-01 1.744344e-02 -4.047218e-01
    outer loop
      vertex   9.746419e+01 1.254440e+01 -8.260839e+01
      vertex   9.738701e+01 1.739702e+01 -8.222490e+01
      vertex   9.754050e+01 1.739702e+01 -8.257164e+01
    endloop
  endfacet
  facet normal -8.864644e-01 1.744344e-02 -4.624679e-01
    outer loop
      vertex   9.746419e+01 1.254440e+01 -8.260839e+01
      vertex   9.754050e+01 1.739702e+01 -8.257164e+01
      vertex   9.764209e+01 1.254440e+01 -8.294939e+01
    endloop
  endfacet
  facet normal -8.864644e-01 1.744344e-02 -4.624679e-01
    outer loop
      vertex   9.764209e+01 1.254440e+01 -8.294939e+01
      vertex   9.754050e+01 1.739702e+01 -8.257164e+01
      vertex   9.771589e+01 1.739702e+01 -8.290783e+01
    endloop
  endfacet
  facet normal -8.550127e-01 1.744344e-02 -5.183137e-01
    outer loop
      vertex   9.764209e+01 1.254440e+01 -8.294939e+01
      vertex   9.771589e+01 1.739702e+01 -8.290783e+01
      vertex   9.784147e+01 1.254440e+01 -8.327829e+01
    endloop
  endfacet
  facet normal -8.550127e-01 1.744344e-02 -5.183137e-01
    outer loop
      vertex   9.784147e+01 1.254440e+01 -8.327829e+01
      vertex   9.771589e+01 1.739702e+01 -8.290783e+01
      vertex   9.791246e+01 1.739702e+01 -8.323209e+01
    endloop
  endfacet
  facet normal -8.200475e-01 1.744344e-02 -5.720296e-01
    outer loop
      vertex   9.784147e+01 1.254440e+01 -8.327829e+01
      vertex   9.791246e+01 1.739702e+01 -8.323209e+01
      vertex   9.806152e+01 1.254440e+01 -8.359375e+01
    endloop
  endfacet
  facet normal -8.200475e-01 1.744344e-02 -5.720296e-01
    outer loop
      vertex   9.806152e+01 1.254440e+01 -8.359375e+01
      vertex   9.791246e+01 1.739702e+01 -8.323209e+01
      vertex   9.812940e+01 1.739702e+01 -8.354309e+01
    endloop
  endfacet
  facet normal -7.817125e-01 1.744344e-02 -6.233949e-01
    outer loop
      vertex   9.806152e+01 1.254440e+01 -8.359375e+01
      vertex   9.812940e+01 1.739702e+01 -8.354309e+01
      vertex   9.830132e+01 1.254440e+01 -8.389446e+01
    endloop
  endfacet
  facet normal -7.817125e-01 1.744344e-02 -6.233949e-01
    outer loop
      vertex   9.830132e+01 1.254440e+01 -8.389446e+01
      vertex   9.812940e+01 1.739702e+01 -8.354309e+01
      vertex   9.836582e+01 1.739702e+01 -8.383955e+01
    endloop
  endfacet
  facet normal -7.401654e-01 1.744344e-02 -6.721986e-01
    outer loop
      vertex   9.830132e+01 1.254440e+01 -8.389446e+01
      vertex   9.836582e+01 1.739702e+01 -8.383955e+01
      vertex   9.855990e+01 1.254440e+01 -8.417918e+01
    endloop
  endfacet
  facet normal -7.401654e-01 1.744344e-02 -6.721986e-01
    outer loop
      vertex   9.855990e+01 1.254440e+01 -8.417918e+01
      vertex   9.836582e+01 1.739702e+01 -8.383955e+01
      vertex   9.862075e+01 1.739702e+01 -8.412025e+01
    endloop
  endfacet
  facet normal -6.955767e-01 1.744344e-02 -7.182401e-01
    outer loop
      vertex   9.855990e+01 1.254440e+01 -8.417918e+01
      vertex   9.862075e+01 1.739702e+01 -8.412025e+01
      vertex   9.883619e+01 1.254440e+01 -8.444675e+01
    endloop
  endfacet
  facet normal -6.955767e-01 1.744344e-02 -7.182401e-01
    outer loop
      vertex   9.883619e+01 1.254440e+01 -8.444675e+01
      vertex   9.862075e+01 1.739702e+01 -8.412025e+01
      vertex   9.889314e+01 1.739702e+01 -8.438405e+01
    endloop
  endfacet
  facet normal -6.481298e-01 1.744344e-02 -7.613301e-01
    outer loop
      vertex   9.883619e+01 1.254440e+01 -8.444675e+01
      vertex   9.889314e+01 1.739702e+01 -8.438405e+01
      vertex   9.912906e+01 1.254440e+01 -8.469607e+01
    endloop
  endfacet
  facet normal -6.481298e-01 1.744344e-02 -7.613301e-01
    outer loop
      vertex   9.912906e+01 1.254440e+01 -8.469607e+01
      vertex   9.889314e+01 1.739702e+01 -8.438405e+01
      vertex   9.918187e+01 1.739702e+01 -8.462985e+01
    endloop
  endfacet
  facet normal -5.980195e-01 1.744344e-02 -8.012917e-01
    outer loop
      vertex   9.912906e+01 1.254440e+01 -8.469607e+01
      vertex   9.918187e+01 1.739702e+01 -8.462985e+01
      vertex   9.943730e+01 1.254440e+01 -8.492612e+01
    endloop
  endfacet
  facet normal -5.980195e-01 1.744344e-02 -8.012917e-01
    outer loop
      vertex   9.943730e+01 1.254440e+01 -8.492612e+01
      vertex   9.918187e+01 1.739702e+01 -8.462985e+01
      vertex   9.948576e+01 1.739702e+01 -8.485665e+01
    endloop
  endfacet
  facet normal -5.454519e-01 1.744344e-02 -8.379606e-01
    outer loop
      vertex   9.943730e+01 1.254440e+01 -8.492612e+01
      vertex   9.948576e+01 1.739702e+01 -8.485665e+01
      vertex   9.975964e+01 1.254440e+01 -8.513594e+01
    endloop
  endfacet
  facet normal -5.454519e-01 1.744344e-02 -8.379606e-01
    outer loop
      vertex   9.975964e+01 1.254440e+01 -8.513594e+01
      vertex   9.948576e+01 1.739702e+01 -8.485665e+01
      vertex   9.980355e+01 1.739702e+01 -8.506351e+01
    endloop
  endfacet
  facet normal -4.906429e-01 1.744344e-02 -8.711861e-01
    outer loop
      vertex   9.975964e+01 1.254440e+01 -8.513594e+01
      vertex   9.980355e+01 1.739702e+01 -8.506351e+01
      vertex   1.000948e+02 1.254440e+01 -8.532468e+01
    endloop
  endfacet
  facet normal -4.906429e-01 1.744344e-02 -8.711861e-01
    outer loop
      vertex   1.000948e+02 1.254440e+01 -8.532468e+01
      vertex   9.980355e+01 1.739702e+01 -8.506351e+01
      vertex   1.001339e+02 1.739702e+01 -8.524958e+01
    endloop
  endfacet
  facet normal -4.338177e-01 1.744344e-02 -9.008318e-01
    outer loop
      vertex   1.000948e+02 1.254440e+01 -8.532468e+01
      vertex   1.001339e+02 1.739702e+01 -8.524958e+01
      vertex   1.004413e+02 1.254440e+01 -8.549156e+01
    endloop
  endfacet
  facet normal -4.338177e-01 1.744344e-02 -9.008318e-01
    outer loop
      vertex   1.004413e+02 1.254440e+01 -8.549156e+01
      vertex   1.001339e+02 1.739702e+01 -8.524958e+01
      vertex   1.004756e+02 1.739702e+01 -8.541411e+01
    endloop
  endfacet
  facet normal -3.752099e-01 1.744344e-02 -9.267757e-01
    outer loop
      vertex   1.004413e+02 1.254440e+01 -8.549156e+01
      vertex   1.004756e+02 1.739702e+01 -8.541411e+01
      vertex   1.007978e+02 1.254440e+01 -8.563590e+01
    endloop
  endfacet
  facet normal -3.752099e-01 1.744344e-02 -9.267757e-01
    outer loop
      vertex   1.007978e+02 1.254440e+01 -8.563590e+01
      vertex   1.004756e+02 1.739702e+01 -8.541411e+01
      vertex   1.008271e+02 1.739702e+01 -8.555640e+01
    endloop
  endfacet
  facet normal -3.150603e-01 1.744344e-02 -9.489113e-01
    outer loop
      vertex   1.007978e+02 1.254440e+01 -8.563590e+01
      vertex   1.008271e+02 1.739702e+01 -8.555640e+01
      vertex   1.011628e+02 1.254440e+01 -8.575709e+01
    endloop
  endfacet
  facet normal -3.150603e-01 1.744344e-02 -9.489113e-01
    outer loop
      vertex   1.011628e+02 1.254440e+01 -8.575709e+01
      vertex   1.008271e+02 1.739702e+01 -8.555640e+01
      vertex   1.011869e+02 1.739702e+01 -8.567589e+01
    endloop
  endfacet
  facet normal -2.536160e-01 1.744344e-02 -9.671477e-01
    outer loop
      vertex   1.011628e+02 1.254440e+01 -8.575709e+01
      vertex   1.011869e+02 1.739702e+01 -8.567589e+01
      vertex   1.015349e+02 1.254440e+01 -8.585465e+01
    endloop
  endfacet
  facet normal -2.536160e-01 1.744344e-02 -9.671477e-01
    outer loop
      vertex   1.015349e+02 1.254440e+01 -8.585465e+01
      vertex   1.011869e+02 1.739702e+01 -8.567589e+01
      vertex   1.015537e+02 1.739702e+01 -8.577207e+01
    endloop
  endfacet
  facet normal -1.911295e-01 1.744344e-02 -9.814098e-01
    outer loop
      vertex   1.015349e+02 1.254440e+01 -8.585465e+01
      vertex   1.015537e+02 1.739702e+01 -8.577207e+01
      vertex   1.019124e+02 1.254440e+01 -8.592818e+01
    endloop
  endfacet
  facet normal -1.911295e-01 1.744344e-02 -9.814098e-01
    outer loop
      vertex   1.019124e+02 1.254440e+01 -8.592818e+01
      vertex   1.015537e+02 1.739702e+01 -8.577207e+01
      vertex   1.019259e+02 1.739702e+01 -8.584456e+01
    endloop
  endfacet
  facet normal -1.278577e-01 1.744344e-02 -9.916391e-01
    outer loop
      vertex   1.019124e+02 1.254440e+01 -8.592818e+01
      vertex   1.019259e+02 1.739702e+01 -8.584456e+01
      vertex   1.022939e+02 1.254440e+01 -8.597736e+01
    endloop
  endfacet
  facet normal -1.278577e-01 1.744344e-02 -9.916391e-01
    outer loop
      vertex   1.022939e+02 1.254440e+01 -8.597736e+01
      vertex   1.019259e+02 1.739702e+01 -8.584456e+01
      vertex   1.023020e+02 1.739702e+01 -8.589305e+01
    endloop
  endfacet
  facet normal -6.406047e-02 1.744344e-02 -9.977936e-01
    outer loop
      vertex   1.022939e+02 1.254440e+01 -8.597736e+01
      vertex   1.023020e+02 1.739702e+01 -8.589305e+01
      vertex   1.026777e+02 1.254440e+01 -8.600200e+01
    endloop
  endfacet
  facet normal -6.406047e-02 1.744344e-02 -9.977936e-01
    outer loop
      vertex   1.026777e+02 1.254440e+01 -8.600200e+01
      vertex   1.023020e+02 1.739702e+01 -8.589305e+01
      vertex   1.026804e+02 1.739702e+01 -8.591734e+01
    endloop
  endfacet
  facet normal 0.000000e+00 1.744344e-02 -9.998479e-01
    outer loop
      vertex   1.026777e+02 1.254440e+01 -8.600200e+01
      vertex   1.026804e+02 1.739702e+01 -8.591734e+01
      vertex   1.030623e+02 1.254440e+01 -8.600200e+01
    endloop
  endfacet
  facet normal 1.399357e-17 1.744344e-02 -9.998479e-01
    outer loop
      vertex   1.030623e+02 1.254440e+01 -8.600200e+01
      vertex   1.026804e+02 1.739702e+01 -8.591734e+01
      vertex   1.030596e+02 1.739702e+01 -8.591734e+01
    endloop
  endfacet
  facet normal 6.406047e-02 1.744344e-02 -9.977936e-01
    outer loop
      vertex   1.030623e+02 1.254440e+01 -8.600200e+01
      vertex   1.030596e+02 1.739702e+01 -8.591734e+01
      vertex   1.034461e+02 1.254440e+01 -8.597736e+01
    endloop
  endfacet
  facet normal 6.406047e-02 1.744344e-02 -9.977936e-01
    outer loop
      vertex   1.034461e+02 1.254440e+01 -8.597736e+01
      vertex   1.030596e+02 1.739702e+01 -8.591734e+01
      vertex   1.034380e+02 1.739702e+01 -8.589305e+01
    endloop
  endfacet
  facet normal 1.278577e-01 1.744344e-02 -9.916391e-01
    outer loop
      vertex   1.034461e+02 1.254440e+01 -8.597736e+01
      vertex   1.034380e+02 1.739702e+01 -8.589305e+01
      vertex   1.038276e+02 1.254440e+01 -8.592818e+01
    endloop
  endfacet
  facet normal 1.278577e-01 1.744344e-02 -9.916391e-01
    outer loop
      vertex   1.038276e+02 1.254440e+01 -8.592818e+01
      vertex   1.034380e+02 1.739702e+01 -8.589305e+01
      vertex   1.038141e+02 1.739702e+01 -8.584456e+01
    endloop
  endfacet
  facet normal 1.911295e-01 1.744344e-02 -9.814098e-01
    outer loop
      vertex   1.038276e+02 1.254440e+01 -8.592818e+01
      vertex   1.038141e+02 1.739702e+01 -8.584456e+01
      vertex   1.042051e+02 1.254440e+01 -8.585465e+01
    endloop
  endfacet
  facet normal 1.911295e-01 1.744344e-02 -9.814098e-01
    outer loop
      vertex   1.042051e+02 1.254440e+01 -8.585465e+01
      vertex   1.038141e+02 1.739702e+01 -8.584456e+01
      vertex   1.041863e+02 1.739702e+01 -8.577207e+01
    endloop
  endfacet
  facet normal 2.536160e-01 1.744344e-02 -9.671477e-01
    outer loop
      vertex   1.042051e+02 1.254440e+01 -8.585465e+01
      vertex   1.041863e+02 1.739702e+01 -8.577207e+01
      vertex   1.045772e+02 1.254440e+01 -8.575709e+01
    endloop
  endfacet
  facet normal 2.536160e-01 1.744344e-02 -9.671477e-01
    outer loop
      vertex   1.045772e+02 1.254440e+01 -8.575709e+01
      vertex   1.041863e+02 1.739702e+01 -8.577207e+01
      vertex   1.045531e+02 1.739702e+01 -8.567589e+01
    endloop
  endfacet
  facet normal 3.150603e-01 1.744344e-02 -9.489113e-01
    outer loop
      vertex   1.045772e+02 1.254440e+01 -8.575709e+01
      vertex   1.045531e+02 1.739702e+01 -8.567589e+01
      vertex   1.049422e+02 1.254440e+01 -8.563590e+01
    endloop
  endfacet
  facet normal 3.150603e-01 1.744344e-02 -9.489113e-01
    outer loop
      vertex   1.049422e+02 1.254440e+01 -8.563590e+01
      vertex   1.045531e+02 1.739702e+01 -8.567589e+01
      vertex   1.049129e+02 1.739702e+01 -8.555640e+01
    endloop
  endfacet
  facet normal 3.752099e-01 1.744344e-02 -9.267757e-01
    outer loop
      vertex   1.049422e+02 1.254440e+01 -8.563590e+01
      vertex   1.049129e+02 1.739702e+01 -8.555640e+01
      vertex   1.052987e+02 1.254440e+01 -8.549156e+01
    endloop
  endfacet
  facet normal 3.752099e-01 1.744344e-02 -9.267757e-01
    outer loop
      vertex   1.052987e+02 1.254440e+01 -8.549156e+01
      vertex   1.049129e+02 1.739702e+01 -8.555640e+01
      vertex   1.052644e+02 1.739702e+01 -8.541411e+01
    endloop
  endfacet
  facet normal 4.338177e-01 1.744344e-02 -9.008318e-01
    outer loop
      vertex   1.052987e+02 1.254440e+01 -8.549156e+01
      vertex   1.052644e+02 1.739702e+01 -8.541411e+01
      vertex   1.056452e+02 1.254440e+01 -8.532468e+01
    endloop
  endfacet
  facet normal 4.338177e-01 1.744344e-02 -9.008318e-01
    outer loop
      vertex   1.056452e+02 1.254440e+01 -8.532468e+01
      vertex   1.052644e+02 1.739702e+01 -8.541411e+01
      vertex   1.056061e+02 1.739702e+01 -8.524958e+01
    endloop
  endfacet
  facet normal 4.906429e-01 1.744344e-02 -8.711861e-01
    outer loop
      vertex   1.056452e+02 1.254440e+01 -8.532468e+01
      vertex   1.056061e+02 1.739702e+01 -8.524958e+01
      vertex   1.059804e+02 1.254440e+01 -8.513594e+01
    endloop
  endfacet
  facet normal 4.906429e-01 1.744344e-02 -8.711861e-01
    outer loop
      vertex   1.059804e+02 1.254440e+01 -8.513594e+01
      vertex   1.056061e+02 1.739702e+01 -8.524958e+01
      vertex   1.059364e+02 1.739702e+01 -8.506351e+01
    endloop
  endfacet
  facet normal 5.454519e-01 1.744344e-02 -8.379606e-01
    outer loop
      vertex   1.059804e+02 1.254440e+01 -8.513594e+01
      vertex   1.059364e+02 1.739702e+01 -8.506351e+01
      vertex   1.063027e+02 1.254440e+01 -8.492612e+01
    endloop
  endfacet
  facet normal 5.454519e-01 1.744344e-02 -8.379606e-01
    outer loop
      vertex   1.063027e+02 1.254440e+01 -8.492612e+01
      vertex   1.059364e+02 1.739702e+01 -8.506351e+01
      vertex   1.062542e+02 1.739702e+01 -8.485665e+01
    endloop
  endfacet
  facet normal 5.980195e-01 1.744344e-02 -8.012917e-01
    outer loop
      vertex   1.063027e+02 1.254440e+01 -8.492612e+01
      vertex   1.062542e+02 1.739702e+01 -8.485665e+01
      vertex   1.066109e+02 1.254440e+01 -8.469607e+01
    endloop
  endfacet
  facet normal 5.980195e-01 1.744344e-02 -8.012917e-01
    outer loop
      vertex   1.066109e+02 1.254440e+01 -8.469607e+01
      vertex   1.062542e+02 1.739702e+01 -8.485665e+01
      vertex   1.065581e+02 1.739702e+01 -8.462985e+01
    endloop
  endfacet
  facet normal 6.481298e-01 1.744344e-02 -7.613301e-01
    outer loop
      vertex   1.066109e+02 1.254440e+01 -8.469607e+01
      vertex   1.065581e+02 1.739702e+01 -8.462985e+01
      vertex   1.069038e+02 1.254440e+01 -8.444675e+01
    endloop
  endfacet
  facet normal 6.481298e-01 1.744344e-02 -7.613301e-01
    outer loop
      vertex   1.069038e+02 1.254440e+01 -8.444675e+01
      vertex   1.065581e+02 1.739702e+01 -8.462985e+01
      vertex   1.068469e+02 1.739702e+01 -8.438405e+01
    endloop
  endfacet
  facet normal 6.955767e-01 1.744344e-02 -7.182401e-01
    outer loop
      vertex   1.069038e+02 1.254440e+01 -8.444675e+01
      vertex   1.068469e+02 1.739702e+01 -8.438405e+01
      vertex   1.071801e+02 1.254440e+01 -8.417918e+01
    endloop
  endfacet
  facet normal 6.955767e-01 1.744344e-02 -7.182401e-01
    outer loop
      vertex   1.071801e+02 1.254440e+01 -8.417918e+01
      vertex   1.068469e+02 1.739702e+01 -8.438405e+01
      vertex   1.071192e+02 1.739702e+01 -8.412025e+01
    endloop
  endfacet
  facet normal 7.401654e-01 1.744344e-02 -6.721986e-01
    outer loop
      vertex   1.071801e+02 1.254440e+01 -8.417918e+01
      vertex   1.071192e+02 1.739702e+01 -8.412025e+01
      vertex   1.074387e+02 1.254440e+01 -8.389446e+01
    endloop
  endfacet
  facet normal 7.401654e-01 1.744344e-02 -6.721986e-01
    outer loop
      vertex   1.074387e+02 1.254440e+01 -8.389446e+01
      vertex   1.071192e+02 1.739702e+01 -8.412025e+01
      vertex   1.073742e+02 1.739702e+01 -8.383955e+01
    endloop
  endfacet
  facet normal 7.817125e-01 1.744344e-02 -6.233949e-01
    outer loop
      vertex   1.074387e+02 1.254440e+01 -8.389446e+01
      vertex   1.073742e+02 1.739702e+01 -8.383955e+01
      vertex   1.076785e+02 1.254440e+01 -8.359375e+01
    endloop
  endfacet
  facet normal 7.817125e-01 1.744344e-02 -6.233949e-01
    outer loop
      vertex   1.076785e+02 1.254440e+01 -8.359375e+01
      vertex   1.073742e+02 1.739702e+01 -8.383955e+01
      vertex   1.076106e+02 1.739702e+01 -8.354309e+01
    endloop
  endfacet
  facet normal 8.200475e-01 1.744344e-02 -5.720296e-01
    outer loop
      vertex   1.076785e+02 1.254440e+01 -8.359375e+01
      vertex   1.076106e+02 1.739702e+01 -8.354309e+01
      vertex   1.078985e+02 1.254440e+01 -8.327829e+01
    endloop
  endfacet
  facet normal 8.200475e-01 1.744344e-02 -5.720296e-01
    outer loop
      vertex   1.078985e+02 1.254440e+01 -8.327829e+01
      vertex   1.076106e+02 1.739702e+01 -8.354309e+01
      vertex   1.078275e+02 1.739702e+01 -8.323209e+01
    endloop
  endfacet
  facet normal 8.550127e-01 1.744344e-02 -5.183137e-01
    outer loop
      vertex   1.078985e+02 1.254440e+01 -8.327829e+01
      vertex   1.078275e+02 1.739702e+01 -8.323209e+01
      vertex   1.080979e+02 1.254440e+01 -8.294939e+01
    endloop
  endfacet
  facet normal 8.550127e-01 1.744344e-02 -5.183137e-01
    outer loop
      vertex   1.080979e+02 1.254440e+01 -8.294939e+01
      vertex   1.078275e+02 1.739702e+01 -8.323209e+01
      vertex   1.080241e+02 1.739702e+01 -8.290783e+01
    endloop
  endfacet
  facet normal 8.864644e-01 1.744344e-02 -4.624679e-01
    outer loop
      vertex   1.080979e+02 1.254440e+01 -8.294939e+01
      vertex   1.080241e+02 1.739702e+01 -8.290783e+01
      vertex   1.082758e+02 1.254440e+01 -8.260839e+01
    endloop
  endfacet
  facet normal 8.864644e-01 1.744344e-02 -4.624679e-01
    outer loop
      vertex   1.082758e+02 1.254440e+01 -8.260839e+01
      vertex   1.080241e+02 1.739702e+01 -8.290783e+01
      vertex   1.081995e+02 1.739702e+01 -8.257164e+01
    endloop
  endfacet
  facet normal 9.142735e-01 1.744344e-02 -4.047218e-01
    outer loop
      vertex   1.082758e+02 1.254440e+01 -8.260839e+01
      vertex   1.081995e+02 1.739702e+01 -8.257164e+01
      vertex   1.084315e+02 1.254440e+01 -8.225669e+01
    endloop
  endfacet
  facet normal 9.142735e-01 1.744344e-02 -4.047218e-01
    outer loop
      vertex   1.084315e+02 1.254440e+01 -8.225669e+01
      vertex   1.081995e+02 1.739702e+01 -8.257164e+01
      vertex   1.083530e+02 1.739702e+01 -8.222490e+01
    endloop
  endfacet
  facet normal 9.383256e-01 1.744344e-02 -3.453125e-01
    outer loop
      vertex   1.084315e+02 1.254440e+01 -8.225669e+01
      vertex   1.083530e+02 1.739702e+01 -8.222490e+01
      vertex   1.085643e+02 1.254440e+01 -8.189573e+01
    endloop
  endfacet
  facet normal 9.383256e-01 1.744344e-02 -3.453125e-01
    outer loop
      vertex   1.085643e+02 1.254440e+01 -8.189573e+01
      vertex   1.083530e+02 1.739702e+01 -8.222490e+01
      vertex   1.084839e+02 1.739702e+01 -8.186904e+01
    endloop
  endfacet
  facet normal 9.585220e-01 1.744344e-02 -2.844843e-01
    outer loop
      vertex   1.085643e+02 1.254440e+01 -8.189573e+01
      vertex   1.084839e+02 1.739702e+01 -8.186904e+01
      vertex   1.086738e+02 1.254440e+01 -8.152701e+01
    endloop
  endfacet
  facet normal 9.585220e-01 1.744344e-02 -2.844843e-01
    outer loop
      vertex   1.086738e+02 1.254440e+01 -8.152701e+01
      vertex   1.084839e+02 1.739702e+01 -8.186904e+01
      vertex   1.085918e+02 1.739702e+01 -8.150553e+01
    endloop
  endfacet
  facet normal 9.747796e-01 1.744344e-02 -2.224871e-01
    outer loop
      vertex   1.086738e+02 1.254440e+01 -8.152701e+01
      vertex   1.085918e+02 1.739702e+01 -8.150553e+01
      vertex   1.087594e+02 1.254440e+01 -8.115204e+01
    endloop
  endfacet
  facet normal 9.747796e-01 1.744344e-02 -2.224871e-01
    outer loop
      vertex   1.087594e+02 1.254440e+01 -8.115204e+01
      vertex   1.085918e+02 1.739702e+01 -8.150553e+01
      vertex   1.086762e+02 1.739702e+01 -8.113585e+01
    endloop
  endfacet
  facet normal 9.870316e-01 1.744344e-02 -1.595756e-01
    outer loop
      vertex   1.087594e+02 1.254440e+01 -8.115204e+01
      vertex   1.086762e+02 1.739702e+01 -8.113585e+01
      vertex   1.088207e+02 1.254440e+01 -8.077235e+01
    endloop
  endfacet
  facet normal 9.870316e-01 1.744344e-02 -1.595756e-01
    outer loop
      vertex   1.088207e+02 1.254440e+01 -8.077235e+01
      vertex   1.086762e+02 1.739702e+01 -8.113585e+01
      vertex   1.087367e+02 1.739702e+01 -8.076152e+01
    endloop
  endfacet
  facet normal 9.952277e-01 1.744344e-02 -9.600842e-02
    outer loop
      vertex   1.088207e+02 1.254440e+01 -8.077235e+01
      vertex   1.087367e+02 1.739702e+01 -8.076152e+01
      vertex   1.088577e+02 1.254440e+01 -8.038951e+01
    endloop
  endfacet
  facet normal 9.952277e-01 1.744344e-02 -9.600842e-02
    outer loop
      vertex   1.088577e+02 1.254440e+01 -8.038951e+01
      vertex   1.087367e+02 1.739702e+01 -8.076152e+01
      vertex   1.087731e+02 1.739702e+01 -8.038408e+01
    endloop
  endfacet
  facet normal 9.993341e-01 1.744344e-02 -3.204670e-02
    outer loop
      vertex   1.088577e+02 1.254440e+01 -8.038951e+01
      vertex   1.087731e+02 1.739702e+01 -8.038408e+01
      vertex   1.088700e+02 1.254440e+01 -8.000509e+01
    endloop
  endfacet
  facet normal 9.993341e-01 1.744344e-02 -3.204670e-02
    outer loop
      vertex   1.088700e+02 1.254440e+01 -8.000509e+01
      vertex   1.087731e+02 1.739702e+01 -8.038408e+01
      vertex   1.087853e+02 1.739702e+01 -8.000509e+01
    endloop
  endfacet
  facet normal 9.993341e-01 1.744344e-02 3.204670e-02
    outer loop
      vertex   1.088700e+02 1.254440e+01 -8.000509e+01
      vertex   1.087853e+02 1.739702e+01 -8.000509e+01
      vertex   1.088577e+02 1.254440e+01 -7.962066e+01
    endloop
  endfacet
  facet normal 9.993341e-01 1.744344e-02 3.204670e-02
    outer loop
      vertex   1.088577e+02 1.254440e+01 -7.962066e+01
      vertex   1.087853e+02 1.739702e+01 -8.000509e+01
      vertex   1.087731e+02 1.739702e+01 -7.962609e+01
    endloop
  endfacet
  facet normal 9.952277e-01 1.744344e-02 9.600842e-02
    outer loop
      vertex   1.088577e+02 1.254440e+01 -7.962066e+01
      vertex   1.087731e+02 1.739702e+01 -7.962609e+01
      vertex   1.088207e+02 1.254440e+01 -7.923782e+01
    endloop
  endfacet
  facet normal 9.952277e-01 1.744344e-02 9.600842e-02
    outer loop
      vertex   1.088207e+02 1.254440e+01 -7.923782e+01
      vertex   1.087731e+02 1.739702e+01 -7.962609e+01
      vertex   1.087367e+02 1.739702e+01 -7.924865e+01
    endloop
  endfacet
  facet normal 9.870316e-01 1.744344e-02 1.595756e-01
    outer loop
      vertex   1.088207e+02 1.254440e+01 -7.923782e+01
      vertex   1.087367e+02 1.739702e+01 -7.924865e+01
      vertex   1.087594e+02 1.254440e+01 -7.885813e+01
    endloop
  endfacet
  facet normal 9.870316e-01 1.744344e-02 1.595756e-01
    outer loop
      vertex   1.087594e+02 1.254440e+01 -7.885813e+01
      vertex   1.087367e+02 1.739702e+01 -7.924865e+01
      vertex   1.086762e+02 1.739702e+01 -7.887432e+01
    endloop
  endfacet
  facet normal 9.747796e-01 1.744344e-02 2.224871e-01
    outer loop
      vertex   1.087594e+02 1.254440e+01 -7.885813e+01
      vertex   1.086762e+02 1.739702e+01 -7.887432e+01
      vertex   1.086738e+02 1.254440e+01 -7.848316e+01
    endloop
  endfacet
  facet normal 9.747796e-01 1.744344e-02 2.224871e-01
    outer loop
      vertex   1.086738e+02 1.254440e+01 -7.848316e+01
      vertex   1.086762e+02 1.739702e+01 -7.887432e+01
      vertex   1.085918e+02 1.739702e+01 -7.850464e+01
    endloop
  endfacet
  facet normal 9.585220e-01 1.744344e-02 2.844843e-01
    outer loop
      vertex   1.086738e+02 1.254440e+01 -7.848316e+01
      vertex   1.085918e+02 1.739702e+01 -7.850464e+01
      vertex   1.085643e+02 1.254440e+01 -7.811444e+01
    endloop
  endfacet
  facet normal 9.585220e-01 1.744344e-02 2.844843e-01
    outer loop
      vertex   1.085643e+02 1.254440e+01 -7.811444e+01
      vertex   1.085918e+02 1.739702e+01 -7.850464e+01
      vertex   1.084839e+02 1.739702e+01 -7.814113e+01
    endloop
  endfacet
  facet normal 9.383256e-01 1.744344e-02 3.453125e-01
    outer loop
      vertex   1.085643e+02 1.254440e+01 -7.811444e+01
      vertex   1.084839e+02 1.739702e+01 -7.814113e+01
      vertex   1.084315e+02 1.254440e+01 -7.775348e+01
    endloop
  endfacet
  facet normal 9.383256e-01 1.744344e-02 3.453125e-01
    outer loop
      vertex   1.084315e+02 1.254440e+01 -7.775348e+01
      vertex   1.084839e+02 1.739702e+01 -7.814113e+01
      vertex   1.083530e+02 1.739702e+01 -7.778527e+01
    endloop
  endfacet
  facet normal 9.142735e-01 1.744344e-02 4.047218e-01
    outer loop
      vertex   1.084315e+02 1.254440e+01 -7.775348e+01
      vertex   1.083530e+02 1.739702e+01 -7.778527e+01
      vertex   1.082758e+02 1.254440e+01 -7.740178e+01
    endloop
  endfacet
  facet normal 9.142735e-01 1.744344e-02 4.047218e-01
    outer loop
      vertex   1.082758e+02 1.254440e+01 -7.740178e+01
      vertex   1.083530e+02 1.739702e+01 -7.778527e+01
      vertex   1.081995e+02 1.739702e+01 -7.743853e+01
    endloop
  endfacet
  facet normal 8.864644e-01 1.744344e-02 4.624679e-01
    outer loop
      vertex   1.082758e+02 1.254440e+01 -7.740178e+01
      vertex   1.081995e+02 1.739702e+01 -7.743853e+01
      vertex   1.080979e+02 1.254440e+01 -7.706078e+01
    endloop
  endfacet
  facet normal 8.864644e-01 1.744344e-02 4.624679e-01
    outer loop
      vertex   1.080979e+02 1.254440e+01 -7.706078e+01
      vertex   1.081995e+02 1.739702e+01 -7.743853e+01
      vertex   1.080241e+02 1.739702e+01 -7.710234e+01
    endloop
  endfacet
  facet normal 8.550127e-01 1.744344e-02 5.183137e-01
    outer loop
      vertex   1.080979e+02 1.254440e+01 -7.706078e+01
      vertex   1.080241e+02 1.739702e+01 -7.710234e+01
      vertex   1.078985e+02 1.254440e+01 -7.673188e+01
    endloop
  endfacet
  facet normal 8.550127e-01 1.744344e-02 5.183137e-01
    outer loop
      vertex   1.078985e+02 1.254440e+01 -7.673188e+01
      vertex   1.080241e+02 1.739702e+01 -7.710234e+01
      vertex   1.078275e+02 1.739702e+01 -7.677808e+01
    endloop
  endfacet
  facet normal 8.200475e-01 1.744344e-02 5.720296e-01
    outer loop
      vertex   1.078985e+02 1.254440e+01 -7.673188e+01
      vertex   1.078275e+02 1.739702e+01 -7.677808e+01
      vertex   1.076785e+02 1.254440e+01 -7.641642e+01
    endloop
  endfacet
  facet normal 8.200475e-01 1.744344e-02 5.720296e-01
    outer loop
      vertex   1.076785e+02 1.254440e+01 -7.641642e+01
      vertex   1.078275e+02 1.739702e+01 -7.677808e+01
      vertex   1.076106e+02 1.739702e+01 -7.646708e+01
    endloop
  endfacet
  facet normal 7.817125e-01 1.744344e-02 6.233949e-01
    outer loop
      vertex   1.076785e+02 1.254440e+01 -7.641642e+01
      vertex   1.076106e+02 1.739702e+01 -7.646708e+01
      vertex   1.074387e+02 1.254440e+01 -7.611571e+01
    endloop
  endfacet
  facet normal 7.817125e-01 1.744344e-02 6.233949e-01
    outer loop
      vertex   1.074387e+02 1.254440e+01 -7.611571e+01
      vertex   1.076106e+02 1.739702e+01 -7.646708e+01
      vertex   1.073742e+02 1.739702e+01 -7.617062e+01
    endloop
  endfacet
  facet normal 7.401654e-01 1.744344e-02 6.721986e-01
    outer loop
      vertex   1.074387e+02 1.254440e+01 -7.611571e+01
      vertex   1.073742e+02 1.739702e+01 -7.617062e+01
      vertex   1.071801e+02 1.254440e+01 -7.583099e+01
    endloop
  endfacet
  facet normal 7.401654e-01 1.744344e-02 6.721986e-01
    outer loop
      vertex   1.071801e+02 1.254440e+01 -7.583099e+01
      vertex   1.073742e+02 1.739702e+01 -7.617062e+01
      vertex   1.071192e+02 1.739702e+01 -7.588992e+01
    endloop
  endfacet
  facet normal 6.955767e-01 1.744344e-02 7.182401e-01
    outer loop
      vertex   1.071801e+02 1.254440e+01 -7.583099e+01
      vertex   1.071192e+02 1.739702e+01 -7.588992e+01
      vertex   1.069038e+02 1.254440e+01 -7.556342e+01
    endloop
  endfacet
  facet normal 6.955767e-01 1.744344e-02 7.182401e-01
    outer loop
      vertex   1.069038e+02 1.254440e+01 -7.556342e+01
      vertex   1.071192e+02 1.739702e+01 -7.588992e+01
      vertex   1.068469e+02 1.739702e+01 -7.562612e+01
    endloop
  endfacet
  facet normal 6.481298e-01 1.744344e-02 7.613301e-01
    outer loop
      vertex   1.069038e+02 1.254440e+01 -7.556342e+01
      vertex   1.068469e+02 1.739702e+01 -7.562612e+01
      vertex   1.066109e+02 1.254440e+01 -7.531410e+01
    endloop
  endfacet
  facet normal 6.481298e-01 1.744344e-02 7.613301e-01
    outer loop
      vertex   1.066109e+02 1.254440e+01 -7.531410e+01
      vertex   1.068469e+02 1.739702e+01 -7.562612e+01
      vertex   1.065581e+02 1.739702e+01 -7.538032e+01
    endloop
  endfacet
  facet normal 5.980195e-01 1.744344e-02 8.012917e-01
    outer loop
      vertex   1.066109e+02 1.254440e+01 -7.531410e+01
      vertex   1.065581e+02 1.739702e+01 -7.538032e+01
      vertex   1.063027e+02 1.254440e+01 -7.508405e+01
    endloop
  endfacet
  facet normal 5.980195e-01 1.744344e-02 8.012917e-01
    outer loop
      vertex   1.063027e+02 1.254440e+01 -7.508405e+01
      vertex   1.065581e+02 1.739702e+01 -7.538032e+01
      vertex   1.062542e+02 1.739702e+01 -7.515352e+01
    endloop
  endfacet
  facet normal 5.454519e-01 1.744344e-02 8.379606e-01
    outer loop
      vertex   1.063027e+02 1.254440e+01 -7.508405e+01
      vertex   1.062542e+02 1.739702e+01 -7.515352e+01
      vertex   1.059804e+02 1.254440e+01 -7.487423e+01
    endloop
  endfacet
  facet normal 5.454519e-01 1.744344e-02 8.379606e-01
    outer loop
      vertex   1.059804e+02 1.254440e+01 -7.487423e+01
      vertex   1.062542e+02 1.739702e+01 -7.515352e+01
      vertex   1.059364e+02 1.739702e+01 -7.494666e+01
    endloop
  endfacet
  facet normal 4.906429e-01 1.744344e-02 8.711861e-01
    outer loop
      vertex   1.059804e+02 1.254440e+01 -7.487423e+01
      vertex   1.059364e+02 1.739702e+01 -7.494666e+01
      vertex   1.056452e+02 1.254440e+01 -7.468549e+01
    endloop
  endfacet
  facet normal 4.906429e-01 1.744344e-02 8.711861e-01
    outer loop
      vertex   1.056452e+02 1.254440e+01 -7.468549e+01
      vertex   1.059364e+02 1.739702e+01 -7.494666e+01
      vertex   1.056061e+02 1.739702e+01 -7.476059e+01
    endloop
  endfacet
  facet normal 4.338177e-01 1.744344e-02 9.008318e-01
    outer loop
      vertex   1.056452e+02 1.254440e+01 -7.468549e+01
      vertex   1.056061e+02 1.739702e+01 -7.476059e+01
      vertex   1.052987e+02 1.254440e+01 -7.451861e+01
    endloop
  endfacet
  facet normal 4.338177e-01 1.744344e-02 9.008318e-01
    outer loop
      vertex   1.052987e+02 1.254440e+01 -7.451861e+01
      vertex   1.056061e+02 1.739702e+01 -7.476059e+01
      vertex   1.052644e+02 1.739702e+01 -7.459606e+01
    endloop
  endfacet
  facet normal 3.752099e-01 1.744344e-02 9.267757e-01
    outer loop
      vertex   1.052987e+02 1.254440e+01 -7.451861e+01
      vertex   1.052644e+02 1.739702e+01 -7.459606e+01
      vertex   1.049422e+02 1.254440e+01 -7.437427e+01
    endloop
  endfacet
  facet normal 3.752099e-01 1.744344e-02 9.267757e-01
    outer loop
      vertex   1.049422e+02 1.254440e+01 -7.437427e+01
      vertex   1.052644e+02 1.739702e+01 -7.459606e+01
      vertex   1.049129e+02 1.739702e+01 -7.445377e+01
    endloop
  endfacet
  facet normal 3.150603e-01 1.744344e-02 9.489113e-01
    outer loop
      vertex   1.049422e+02 1.254440e+01 -7.437427e+01
      vertex   1.049129e+02 1.739702e+01 -7.445377e+01
      vertex   1.045772e+02 1.254440e+01 -7.425308e+01
    endloop
  endfacet
  facet normal 3.150603e-01 1.744344e-02 9.489113e-01
    outer loop
      vertex   1.045772e+02 1.254440e+01 -7.425308e+01
      vertex   1.049129e+02 1.739702e+01 -7.445377e+01
      vertex   1.045531e+02 1.739702e+01 -7.433428e+01
    endloop
  endfacet
  facet normal 2.536160e-01 1.744344e-02 9.671477e-01
    outer loop
      vertex   1.045772e+02 1.254440e+01 -7.425308e+01
      vertex   1.045531e+02 1.739702e+01 -7.433428e+01
      vertex   1.042051e+02 1.254440e+01 -7.415552e+01
    endloop
  endfacet
  facet normal 2.536160e-01 1.744344e-02 9.671477e-01
    outer loop
      vertex   1.042051e+02 1.254440e+01 -7.415552e+01
      vertex   1.045531e+02 1.739702e+01 -7.433428e+01
      vertex   1.041863e+02 1.739702e+01 -7.423810e+01
    endloop
  endfacet
  facet normal 1.911295e-01 1.744344e-02 9.814098e-01
    outer loop
      vertex   1.042051e+02 1.254440e+01 -7.415552e+01
      vertex   1.041863e+02 1.739702e+01 -7.423810e+01
      vertex   1.038276e+02 1.254440e+01 -7.408199e+01
    endloop
  endfacet
  facet normal 1.911295e-01 1.744344e-02 9.814098e-01
    outer loop
      vertex   1.038276e+02 1.254440e+01 -7.408199e+01
      vertex   1.041863e+02 1.739702e+01 -7.423810e+01
      vertex   1.038141e+02 1.739702e+01 -7.416561e+01
    endloop
  endfacet
  facet normal 1.278577e-01 1.744344e-02 9.916391e-01
    outer loop
      vertex   1.038276e+02 1.254440e+01 -7.408199e+01
      vertex   1.038141e+02 1.739702e+01 -7.416561e+01
      vertex   1.034461e+02 1.254440e+01 -7.403281e+01
    endloop
  endfacet
  facet normal 1.278577e-01 1.744344e-02 9.916391e-01
    outer loop
      vertex   1.034461e+02 1.254440e+01 -7.403281e+01
      vertex   1.038141e+02 1.739702e+01 -7.416561e+01
      vertex   1.034380e+02 1.739702e+01 -7.411712e+01
    endloop
  endfacet
  facet normal 6.406047e-02 1.744344e-02 9.977936e-01
    outer loop
      vertex   1.034461e+02 1.254440e+01 -7.403281e+01
      vertex   1.034380e+02 1.739702e+01 -7.411712e+01
      vertex   1.030623e+02 1.254440e+01 -7.400817e+01
    endloop
  endfacet
  facet normal 6.406047e-02 1.744344e-02 9.977936e-01
    outer loop
      vertex   1.030623e+02 1.254440e+01 -7.400817e+01
      vertex   1.034380e+02 1.739702e+01 -7.411712e+01
      vertex   1.030596e+02 1.739702e+01 -7.409283e+01
    endloop
  endfacet
  facet normal 0.000000e+00 1.744344e-02 9.998479e-01
    outer loop
      vertex   1.030623e+02 1.254440e+01 -7.400817e+01
      vertex   1.030596e+02 1.739702e+01 -7.409283e+01
      vertex   1.026777e+02 1.254440e+01 -7.400817e+01
    endloop
  endfacet
  facet normal -1.399357e-17 1.744344e-02 9.998479e-01
    outer loop
      vertex   1.026777e+02 1.254440e+01 -7.400817e+01
      vertex   1.030596e+02 1.739702e+01 -7.409283e+01
      vertex   1.026804e+02 1.739702e+01 -7.409283e+01
    endloop
  endfacet
  facet normal -6.406047e-02 1.744344e-02 9.977936e-01
    outer loop
      vertex   1.026777e+02 1.254440e+01 -7.400817e+01
      vertex   1.026804e+02 1.739702e+01 -7.409283e+01
      vertex   1.022939e+02 1.254440e+01 -7.403281e+01
    endloop
  endfacet
  facet normal -6.406047e-02 1.744344e-02 9.977936e-01
    outer loop
      vertex   1.022939e+02 1.254440e+01 -7.403281e+01
      vertex   1.026804e+02 1.739702e+01 -7.409283e+01
      vertex   1.023020e+02 1.739702e+01 -7.411712e+01
    endloop
  endfacet
  facet normal -1.278577e-01 1.744344e-02 9.916391e-01
    outer loop
      vertex   1.022939e+02 1.254440e+01 -7.403281e+01
      vertex   1.023020e+02 1.739702e+01 -7.411712e+01
      vertex   1.019124e+02 1.254440e+01 -7.408199e+01
    endloop
  endfacet
  facet normal -1.278577e-01 1.744344e-02 9.916391e-01
    outer loop
      vertex   1.019124e+02 1.254440e+01 -7.408199e+01
      vertex   1.023020e+02 1.739702e+01 -7.411712e+01
      vertex   1.019259e+02 1.739702e+01 -7.416561e+01
    endloop
  endfacet
  facet normal -1.911295e-01 1.744344e-02 9.814098e-01
    outer loop
      vertex   1.019124e+02 1.254440e+01 -7.408199e+01
      vertex   1.019259e+02 1.739702e+01 -7.416561e+01
      vertex   1.015349e+02 1.254440e+01 -7.415552e+01
    endloop
  endfacet
  facet normal -1.911295e-01 1.744344e-02 9.814098e-01
    outer loop
      vertex   1.015349e+02 1.254440e+01 -7.415552e+01
      vertex   1.019259e+02 1.739702e+01 -7.416561e+01
      vertex   1.015537e+02 1.739702e+01 -7.423810e+01
    endloop
  endfacet
  facet normal -2.536160e-01 1.744344e-02 9.671477e-01
    outer loop
      vertex   1.015349e+02 1.254440e+01 -7.415552e+01
      vertex   1.015537e+02 1.739702e+01 -7.423810e+01
      vertex   1.011628e+02 1.254440e+01 -7.425308e+01
    endloop
  endfacet
  facet normal -2.536160e-01 1.744344e-02 9.671477e-01
    outer loop
      vertex   1.011628e+02 1.254440e+01 -7.425308e+01
      vertex   1.015537e+02 1.739702e+01 -7.423810e+01
      vertex   1.011869e+02 1.739702e+01 -7.433428e+01
    endloop
  endfacet
  facet normal -3.150603e-01 1.744344e-02 9.489113e-01
    outer loop
      vertex   1.011628e+02 1.254440e+01 -7.425308e+01
      vertex   1.011869e+02 1.739702e+01 -7.433428e+01
      vertex   1.007978e+02 1.254440e+01 -7.437427e+01
    endloop
  endfacet
  facet normal -3.150603e-01 1.744344e-02 9.489113e-01
    outer loop
      vertex   1.007978e+02 1.254440e+01 -7.437427e+01
      vertex   1.011869e+02 1.739702e+01 -7.433428e+01
      vertex   1.008271e+02 1.739702e+01 -7.445377e+01
    endloop
  endfacet
  facet normal -3.752099e-01 1.744344e-02 9.267757e-01
    outer loop
      vertex   1.007978e+02 1.254440e+01 -7.437427e+01
      vertex   1.008271e+02 1.739702e+01 -7.445377e+01
      vertex   1.004413e+02 1.254440e+01 -7.451861e+01
    endloop
  endfacet
  facet normal -3.752099e-01 1.744344e-02 9.267757e-01
    outer loop
      vertex   1.004413e+02 1.254440e+01 -7.451861e+01
      vertex   1.008271e+02 1.739702e+01 -7.445377e+01
      vertex   1.004756e+02 1.739702e+01 -7.459606e+01
    endloop
  endfacet
  facet normal -4.338177e-01 1.744344e-02 9.008318e-01
    outer loop
      vertex   1.004413e+02 1.254440e+01 -7.451861e+01
      vertex   1.004756e+02 1.739702e+01 -7.459606e+01
      vertex   1.000948e+02 1.254440e+01 -7.468549e+01
    endloop
  endfacet
  facet normal -4.338177e-01 1.744344e-02 9.008318e-01
    outer loop
      vertex   1.000948e+02 1.254440e+01 -7.468549e+01
      vertex   1.004756e+02 1.739702e+01 -7.459606e+01
      vertex   1.001339e+02 1.739702e+01 -7.476059e+01
    endloop
  endfacet
  facet normal -4.906429e-01 1.744344e-02 8.711861e-01
    outer loop
      vertex   1.000948e+02 1.254440e+01 -7.468549e+01
      vertex   1.001339e+02 1.739702e+01 -7.476059e+01
      vertex   9.975964e+01 1.254440e+01 -7.487423e+01
    endloop
  endfacet
  facet normal -4.906429e-01 1.744344e-02 8.711861e-01
    outer loop
      vertex   9.975964e+01 1.254440e+01 -7.487423e+01
      vertex   1.001339e+02 1.739702e+01 -7.476059e+01
      vertex   9.980355e+01 1.739702e+01 -7.494666e+01
    endloop
  endfacet
  facet normal -5.454519e-01 1.744344e-02 8.379606e-01
    outer loop
      vertex   9.975964e+01 1.254440e+01 -7.487423e+01
      vertex   9.980355e+01 1.739702e+01 -7.494666e+01
      vertex   9.943730e+01 1.254440e+01 -7.508405e+01
    endloop
  endfacet
  facet normal -5.454519e-01 1.744344e-02 8.379606e-01
    outer loop
      vertex   9.943730e+01 1.254440e+01 -7.508405e+01
      vertex   9.980355e+01 1.739702e+01 -7.494666e+01
      vertex   9.948576e+01 1.739702e+01 -7.515352e+01
    endloop
  endfacet
  facet normal -5.980195e-01 1.744344e-02 8.012917e-01
    outer loop
      vertex   9.943730e+01 1.254440e+01 -7.508405e+01
      vertex   9.948576e+01 1.739702e+01 -7.515352e+01
      vertex   9.912906e+01 1.254440e+01 -7.531410e+01
    endloop
  endfacet
  facet normal -5.980195e-01 1.744344e-02 8.012917e-01
    outer loop
      vertex   9.912906e+01 1.254440e+01 -7.531410e+01
      vertex   9.948576e+01 1.739702e+01 -7.515352e+01
      vertex   9.918187e+01 1.739702e+01 -7.538032e+01
    endloop
  endfacet
  facet normal -6.481298e-01 1.744344e-02 7.613301e-01
    outer loop
      vertex   9.912906e+01 1.254440e+01 -7.531410e+01
      vertex   9.918187e+01 1.739702e+01 -7.538032e+01
      vertex   9.883619e+01 1.254440e+01 -7.556342e+01
    endloop
  endfacet
  facet normal -6.481298e-01 1.744344e-02 7.613301e-01
    outer loop
      vertex   9.883619e+01 1.254440e+01 -7.556342e+01
      vertex   9.918187e+01 1.739702e+01 -7.538032e+01
      vertex   9.889314e+01 1.739702e+01 -7.562612e+01
    endloop
  endfacet
  facet normal -6.955767e-01 1.744344e-02 7.182401e-01
    outer loop
      vertex   9.883619e+01 1.254440e+01 -7.556342e+01
      vertex   9.889314e+01 1.739702e+01 -7.562612e+01
      vertex   9.855990e+01 1.254440e+01 -7.583099e+01
    endloop
  endfacet
  facet normal -6.955767e-01 1.744344e-02 7.182401e-01
    outer loop
      vertex   9.855990e+01 1.254440e+01 -7.583099e+01
      vertex   9.889314e+01 1.739702e+01 -7.562612e+01
      vertex   9.862075e+01 1.739702e+01 -7.588992e+01
    endloop
  endfacet
  facet normal -7.401654e-01 1.744344e-02 6.721986e-01
    outer loop
      vertex   9.855990e+01 1.254440e+01 -7.583099e+01
      vertex   9.862075e+01 1.739702e+01 -7.588992e+01
      vertex   9.830132e+01 1.254440e+01 -7.611571e+01
    endloop
  endfacet
  facet normal -7.401654e-01 1.744344e-02 6.721986e-01
    outer loop
      vertex   9.830132e+01 1.254440e+01 -7.611571e+01
      vertex   9.862075e+01 1.739702e+01 -7.588992e+01
      vertex   9.836582e+01 1.739702e+01 -7.617062e+01
    endloop
  endfacet
  facet normal -7.817125e-01 1.744344e-02 6.233949e-01
    outer loop
      vertex   9.830132e+01 1.254440e+01 -7.611571e+01
      vertex   9.836582e+01 1.739702e+01 -7.617062e+01
      vertex   9.806152e+01 1.254440e+01 -7.641642e+01
    endloop
  endfacet
  facet normal -7.817125e-01 1.744344e-02 6.233949e-01
    outer loop
      vertex   9.806152e+01 1.254440e+01 -7.641642e+01
      vertex   9.836582e+01 1.739702e+01 -7.617062e+01
      vertex   9.812940e+01 1.739702e+01 -7.646708e+01
    endloop
  endfacet
  facet normal -8.200475e-01 1.744344e-02 5.720296e-01
    outer loop
      vertex   9.806152e+01 1.254440e+01 -7.641642e+01
      vertex   9.812940e+01 1.739702e+01 -7.646708e+01
      vertex   9.784147e+01 1.254440e+01 -7.673188e+01
    endloop
  endfacet
  facet normal -8.200475e-01 1.744344e-02 5.720296e-01
    outer loop
      vertex   9.784147e+01 1.254440e+01 -7.673188e+01
      vertex   9.812940e+01 1.739702e+01 -7.646708e+01
      vertex   9.791246e+01 1.739702e+01 -7.677808e+01
    endloop
  endfacet
  facet normal -8.550127e-01 1.744344e-02 5.183137e-01
    outer loop
      vertex   9.784147e+01 1.254440e+01 -7.673188e+01
      vertex   9.791246e+01 1.739702e+01 -7.677808e+01
      vertex   9.764209e+01 1.254440e+01 -7.706078e+01
    endloop
  endfacet
  facet normal -8.550127e-01 1.744344e-02 5.183137e-01
    outer loop
      vertex   9.764209e+01 1.254440e+01 -7.706078e+01
      vertex   9.791246e+01 1.739702e+01 -7.677808e+01
      vertex   9.771589e+01 1.739702e+01 -7.710234e+01
    endloop
  endfacet
  facet normal -8.864644e-01 1.744344e-02 4.624679e-01
    outer loop
      vertex   9.764209e+01 1.254440e+01 -7.706078e+01
      vertex   9.771589e+01 1.739702e+01 -7.710234e+01
      vertex   9.746419e+01 1.254440e+01 -7.740178e+01
    endloop
  endfacet
  facet normal -8.864644e-01 1.744344e-02 4.624679e-01
    outer loop
      vertex   9.746419e+01 1.254440e+01 -7.740178e+01
      vertex   9.771589e+01 1.739702e+01 -7.710234e+01
      vertex   9.754050e+01 1.739702e+01 -7.743853e+01
    endloop
  endfacet
  facet normal -9.142735e-01 1.744344e-02 4.047218e-01
    outer loop
      vertex   9.746419e+01 1.254440e+01 -7.740178e+01
      vertex   9.754050e+01 1.739702e+01 -7.743853e+01
      vertex   9.730850e+01 1.254440e+01 -7.775348e+01
    endloop
  endfacet
  facet normal -9.142735e-01 1.744344e-02 4.047218e-01
    outer loop
      vertex   9.730850e+01 1.254440e+01 -7.775348e+01
      vertex   9.754050e+01 1.739702e+01 -7.743853e+01
      vertex   9.738701e+01 1.739702e+01 -7.778527e+01
    endloop
  endfacet
  facet normal -9.383256e-01 1.744344e-02 3.453125e-01
    outer loop
      vertex   9.730850e+01 1.254440e+01 -7.775348e+01
      vertex   9.738701e+01 1.739702e+01 -7.778527e+01
      vertex   9.717567e+01 1.254440e+01 -7.811444e+01
    endloop
  endfacet
  facet normal -9.383256e-01 1.744344e-02 3.453125e-01
    outer loop
      vertex   9.717567e+01 1.254440e+01 -7.811444e+01
      vertex   9.738701e+01 1.739702e+01 -7.778527e+01
      vertex   9.725605e+01 1.739702e+01 -7.814113e+01
    endloop
  endfacet
  facet normal -9.585220e-01 1.744344e-02 2.844843e-01
    outer loop
      vertex   9.717567e+01 1.254440e+01 -7.811444e+01
      vertex   9.725605e+01 1.739702e+01 -7.814113e+01
      vertex   9.706623e+01 1.254440e+01 -7.848316e+01
    endloop
  endfacet
  facet normal -9.585220e-01 1.744344e-02 2.844843e-01
    outer loop
      vertex   9.706623e+01 1.254440e+01 -7.848316e+01
      vertex   9.725605e+01 1.739702e+01 -7.814113e+01
      vertex   9.714816e+01 1.739702e+01 -7.850464e+01
    endloop
  endfacet
  facet normal -9.747796e-01 1.744344e-02 2.224871e-01
    outer loop
      vertex   9.706623e+01 1.254440e+01 -7.848316e+01
      vertex   9.714816e+01 1.739702e+01 -7.850464e+01
      vertex   9.698065e+01 1.254440e+01 -7.885813e+01
    endloop
  endfacet
  facet normal -9.747796e-01 1.744344e-02 2.224871e-01
    outer loop
      vertex   9.698065e+01 1.254440e+01 -7.885813e+01
      vertex   9.714816e+01 1.739702e+01 -7.850464e+01
      vertex   9.706379e+01 1.739702e+01 -7.887432e+01
    endloop
  endfacet
  facet normal -9.870316e-01 1.744344e-02 1.595756e-01
    outer loop
      vertex   9.698065e+01 1.254440e+01 -7.885813e+01
      vertex   9.706379e+01 1.739702e+01 -7.887432e+01
      vertex   9.691926e+01 1.254440e+01 -7.923782e+01
    endloop
  endfacet
  facet normal -9.870316e-01 1.744344e-02 1.595756e-01
    outer loop
      vertex   9.691926e+01 1.254440e+01 -7.923782e+01
      vertex   9.706379e+01 1.739702e+01 -7.887432e+01
      vertex   9.700327e+01 1.739702e+01 -7.924865e+01
    endloop
  endfacet
  facet normal -9.952277e-01 1.744344e-02 9.600842e-02
    outer loop
      vertex   9.691926e+01 1.254440e+01 -7.923782e+01
      vertex   9.700327e+01 1.739702e+01 -7.924865e+01
      vertex   9.688233e+01 1.254440e+01 -7.962066e+01
    endloop
  endfacet
  facet normal -9.952277e-01 1.744344e-02 9.600842e-02
    outer loop
      vertex   9.688233e+01 1.254440e+01 -7.962066e+01
      vertex   9.700327e+01 1.739702e+01 -7.924865e+01
      vertex   9.696686e+01 1.739702e+01 -7.962609e+01
    endloop
  endfacet
  facet normal -9.993231e-01 1.746907e-02 -3.237695e-02
    outer loop
      vertex   9.705163e+01 2.224964e+01 -8.038250e+01
      vertex   9.696686e+01 1.739702e+01 -8.038408e+01
      vertex   9.703941e+01 2.224964e+01 -8.000509e+01
    endloop
  endfacet
  facet normal -9.993341e-01 1.744344e-02 -3.204670e-02
    outer loop
      vertex   9.703941e+01 2.224964e+01 -8.000509e+01
      vertex   9.696686e+01 1.739702e+01 -8.038408e+01
      vertex   9.695470e+01 1.739702e+01 -8.000509e+01
    endloop
  endfacet
  facet normal -9.993341e-01 1.744344e-02 3.204670e-02
    outer loop
      vertex   9.703941e+01 2.224964e+01 -8.000509e+01
      vertex   9.695470e+01 1.739702e+01 -8.000509e+01
      vertex   9.696686e+01 1.739702e+01 -7.962609e+01
    endloop
  endfacet
  facet normal -9.952281e-01 1.741826e-02 -9.600846e-02
    outer loop
      vertex   9.696686e+01 1.739702e+01 -8.038408e+01
      vertex   9.705163e+01 2.224964e+01 -8.038250e+01
      vertex   9.700327e+01 1.739702e+01 -8.076152e+01
    endloop
  endfacet
  facet normal -9.951311e-01 1.749435e-02 -9.699501e-02
    outer loop
      vertex   9.700327e+01 1.739702e+01 -8.076152e+01
      vertex   9.705163e+01 2.224964e+01 -8.038250e+01
      vertex   9.708827e+01 2.224964e+01 -8.075833e+01
    endloop
  endfacet
  facet normal -9.870324e-01 1.739360e-02 -1.595758e-01
    outer loop
      vertex   9.700327e+01 1.739702e+01 -8.076152e+01
      vertex   9.708827e+01 2.224964e+01 -8.075833e+01
      vertex   9.706379e+01 1.739702e+01 -8.113585e+01
    endloop
  endfacet
  facet normal -9.867652e-01 1.751910e-02 -1.612062e-01
    outer loop
      vertex   9.706379e+01 1.739702e+01 -8.113585e+01
      vertex   9.708827e+01 2.224964e+01 -8.075833e+01
      vertex   9.714915e+01 2.224964e+01 -8.113100e+01
    endloop
  endfacet
  facet normal -9.747808e-01 1.736947e-02 -2.224874e-01
    outer loop
      vertex   9.706379e+01 1.739702e+01 -8.113585e+01
      vertex   9.714915e+01 2.224964e+01 -8.113100e+01
      vertex   9.714816e+01 1.739702e+01 -8.150553e+01
    endloop
  endfacet
  facet normal -9.742606e-01 1.754331e-02 -2.247411e-01
    outer loop
      vertex   9.714816e+01 1.739702e+01 -8.150553e+01
      vertex   9.714915e+01 2.224964e+01 -8.113100e+01
      vertex   9.723403e+01 2.224964e+01 -8.149895e+01
    endloop
  endfacet
  facet normal -9.585236e-01 1.734587e-02 -2.844848e-01
    outer loop
      vertex   9.714816e+01 1.739702e+01 -8.150553e+01
      vertex   9.723403e+01 2.224964e+01 -8.149895e+01
      vertex   9.725605e+01 1.739702e+01 -8.186904e+01
    endloop
  endfacet
  facet normal -9.576695e-01 1.756700e-02 -2.873334e-01
    outer loop
      vertex   9.725605e+01 1.739702e+01 -8.186904e+01
      vertex   9.723403e+01 2.224964e+01 -8.149895e+01
      vertex   9.734254e+01 2.224964e+01 -8.186063e+01
    endloop
  endfacet
  facet normal -9.383276e-01 1.732278e-02 -3.453132e-01
    outer loop
      vertex   9.725605e+01 1.739702e+01 -8.186904e+01
      vertex   9.734254e+01 2.224964e+01 -8.186063e+01
      vertex   9.738701e+01 1.739702e+01 -8.222490e+01
    endloop
  endfacet
  facet normal -9.370617e-01 1.759015e-02 -3.487205e-01
    outer loop
      vertex   9.738701e+01 1.739702e+01 -8.222490e+01
      vertex   9.734254e+01 2.224964e+01 -8.186063e+01
      vertex   9.747424e+01 2.224964e+01 -8.221453e+01
    endloop
  endfacet
  facet normal -9.142758e-01 1.730022e-02 -4.047228e-01
    outer loop
      vertex   9.738701e+01 1.739702e+01 -8.222490e+01
      vertex   9.747424e+01 2.224964e+01 -8.221453e+01
      vertex   9.754050e+01 1.739702e+01 -8.257164e+01
    endloop
  endfacet
  facet normal -9.125235e-01 1.761277e-02 -4.086448e-01
    outer loop
      vertex   9.754050e+01 1.739702e+01 -8.257164e+01
      vertex   9.747424e+01 2.224964e+01 -8.221453e+01
      vertex   9.762858e+01 2.224964e+01 -8.255916e+01
    endloop
  endfacet
  facet normal -8.864670e-01 1.727819e-02 -4.624692e-01
    outer loop
      vertex   9.754050e+01 1.739702e+01 -8.257164e+01
      vertex   9.762858e+01 2.224964e+01 -8.255916e+01
      vertex   9.771589e+01 1.739702e+01 -8.290783e+01
    endloop
  endfacet
  facet normal -8.841580e-01 1.763486e-02 -4.668551e-01
    outer loop
      vertex   9.771589e+01 1.739702e+01 -8.290783e+01
      vertex   9.762858e+01 2.224964e+01 -8.255916e+01
      vertex   9.780489e+01 2.224964e+01 -8.289308e+01
    endloop
  endfacet
  facet normal -8.550154e-01 1.725668e-02 -5.183154e-01
    outer loop
      vertex   9.771589e+01 1.739702e+01 -8.290783e+01
      vertex   9.780489e+01 2.224964e+01 -8.289308e+01
      vertex   9.791246e+01 1.739702e+01 -8.323209e+01
    endloop
  endfacet
  facet normal -8.520840e-01 1.765642e-02 -5.231072e-01
    outer loop
      vertex   9.791246e+01 1.739702e+01 -8.323209e+01
      vertex   9.780489e+01 2.224964e+01 -8.289308e+01
      vertex   9.800246e+01 2.224964e+01 -8.321489e+01
    endloop
  endfacet
  facet normal -8.200504e-01 1.723569e-02 -5.720317e-01
    outer loop
      vertex   9.791246e+01 1.739702e+01 -8.323209e+01
      vertex   9.800246e+01 2.224964e+01 -8.321489e+01
      vertex   9.812940e+01 1.739702e+01 -8.354309e+01
    endloop
  endfacet
  facet normal -8.164361e-01 1.767744e-02 -5.771652e-01
    outer loop
      vertex   9.812940e+01 1.739702e+01 -8.354309e+01
      vertex   9.800246e+01 2.224964e+01 -8.321489e+01
      vertex   9.822043e+01 2.224964e+01 -8.352323e+01
    endloop
  endfacet
  facet normal -7.817156e-01 1.721523e-02 -6.233974e-01
    outer loop
      vertex   9.812940e+01 1.739702e+01 -8.354309e+01
      vertex   9.822043e+01 2.224964e+01 -8.352323e+01
      vertex   9.836582e+01 1.739702e+01 -8.383955e+01
    endloop
  endfacet
  facet normal -7.773638e-01 1.769793e-02 -6.288023e-01
    outer loop
      vertex   9.836582e+01 1.739702e+01 -8.383955e+01
      vertex   9.822043e+01 2.224964e+01 -8.352323e+01
      vertex   9.845791e+01 2.224964e+01 -8.381682e+01
    endloop
  endfacet
  facet normal -7.401685e-01 1.719530e-02 -6.722015e-01
    outer loop
      vertex   9.836582e+01 1.739702e+01 -8.383955e+01
      vertex   9.845791e+01 2.224964e+01 -8.381682e+01
      vertex   9.862075e+01 1.739702e+01 -8.412025e+01
    endloop
  endfacet
  facet normal -7.350310e-01 1.771789e-02 -6.778020e-01
    outer loop
      vertex   9.862075e+01 1.739702e+01 -8.412025e+01
      vertex   9.845791e+01 2.224964e+01 -8.381682e+01
      vertex   9.871390e+01 2.224964e+01 -8.409442e+01
    endloop
  endfacet
  facet normal -6.955799e-01 1.717588e-02 -7.182434e-01
    outer loop
      vertex   9.862075e+01 1.739702e+01 -8.412025e+01
      vertex   9.871390e+01 2.224964e+01 -8.409442e+01
      vertex   9.889314e+01 1.739702e+01 -8.438405e+01
    endloop
  endfacet
  facet normal -6.896153e-01 1.773732e-02 -7.239587e-01
    outer loop
      vertex   9.889314e+01 1.739702e+01 -8.438405e+01
      vertex   9.871390e+01 2.224964e+01 -8.409442e+01
      vertex   9.898732e+01 2.224964e+01 -8.435487e+01
    endloop
  endfacet
  facet normal -6.481330e-01 1.715700e-02 -7.613339e-01
    outer loop
      vertex   9.889314e+01 1.739702e+01 -8.438405e+01
      vertex   9.898732e+01 2.224964e+01 -8.435487e+01
      vertex   9.918187e+01 1.739702e+01 -8.462985e+01
    endloop
  endfacet
  facet normal -6.413071e-01 1.775621e-02 -7.670788e-01
    outer loop
      vertex   9.918187e+01 1.739702e+01 -8.462985e+01
      vertex   9.898732e+01 2.224964e+01 -8.435487e+01
      vertex   9.927702e+01 2.224964e+01 -8.459707e+01
    endloop
  endfacet
  facet normal -5.980227e-01 1.713863e-02 -8.012959e-01
    outer loop
      vertex   9.918187e+01 1.739702e+01 -8.462985e+01
      vertex   9.927702e+01 2.224964e+01 -8.459707e+01
      vertex   9.948576e+01 1.739702e+01 -8.485665e+01
    endloop
  endfacet
  facet normal -5.903091e-01 1.777458e-02 -8.069816e-01
    outer loop
      vertex   9.948576e+01 1.739702e+01 -8.485665e+01
      vertex   9.927702e+01 2.224964e+01 -8.459707e+01
      vertex   9.958180e+01 2.224964e+01 -8.482001e+01
    endloop
  endfacet
  facet normal -5.454549e-01 1.712080e-02 -8.379653e-01
    outer loop
      vertex   9.948576e+01 1.739702e+01 -8.485665e+01
      vertex   9.958180e+01 2.224964e+01 -8.482001e+01
      vertex   9.980355e+01 1.739702e+01 -8.506351e+01
    endloop
  endfacet
  facet normal -5.368352e-01 1.779241e-02 -8.434995e-01
    outer loop
      vertex   9.980355e+01 1.739702e+01 -8.506351e+01
      vertex   9.958180e+01 2.224964e+01 -8.482001e+01
      vertex   9.990036e+01 2.224964e+01 -8.502276e+01
    endloop
  endfacet
  facet normal -4.906458e-01 1.710348e-02 -8.711913e-01
    outer loop
      vertex   9.980355e+01 1.739702e+01 -8.506351e+01
      vertex   9.990036e+01 2.224964e+01 -8.502276e+01
      vertex   1.001339e+02 1.739702e+01 -8.524958e+01
    endloop
  endfacet
  facet normal -4.811096e-01 1.780970e-02 -8.764795e-01
    outer loop
      vertex   1.001339e+02 1.739702e+01 -8.524958e+01
      vertex   9.990036e+01 2.224964e+01 -8.502276e+01
      vertex   1.002314e+02 2.224964e+01 -8.520446e+01
    endloop
  endfacet
  facet normal -4.338204e-01 1.708669e-02 -9.008373e-01
    outer loop
      vertex   1.001339e+02 1.739702e+01 -8.524958e+01
      vertex   1.002314e+02 2.224964e+01 -8.520446e+01
      vertex   1.004756e+02 1.739702e+01 -8.541411e+01
    endloop
  endfacet
  facet normal -4.233662e-01 1.782647e-02 -9.057833e-01
    outer loop
      vertex   1.004756e+02 1.739702e+01 -8.541411e+01
      vertex   1.002314e+02 2.224964e+01 -8.520446e+01
      vertex   1.005735e+02 2.224964e+01 -8.536436e+01
    endloop
  endfacet
  facet normal -3.752123e-01 1.707043e-02 -9.267817e-01
    outer loop
      vertex   1.004756e+02 1.739702e+01 -8.541411e+01
      vertex   1.005735e+02 2.224964e+01 -8.536436e+01
      vertex   1.008271e+02 1.739702e+01 -8.555640e+01
    endloop
  endfacet
  facet normal -3.638470e-01 1.784270e-02 -9.312878e-01
    outer loop
      vertex   1.008271e+02 1.739702e+01 -8.555640e+01
      vertex   1.005735e+02 2.224964e+01 -8.536436e+01
      vertex   1.009252e+02 2.224964e+01 -8.550177e+01
    endloop
  endfacet
  facet normal -3.150624e-01 1.705469e-02 -9.489177e-01
    outer loop
      vertex   1.008271e+02 1.739702e+01 -8.555640e+01
      vertex   1.009252e+02 2.224964e+01 -8.550177e+01
      vertex   1.011869e+02 1.739702e+01 -8.567589e+01
    endloop
  endfacet
  facet normal -3.028018e-01 1.785841e-02 -9.528862e-01
    outer loop
      vertex   1.011869e+02 1.739702e+01 -8.567589e+01
      vertex   1.009252e+02 2.224964e+01 -8.550177e+01
      vertex   1.012851e+02 2.224964e+01 -8.561613e+01
    endloop
  endfacet
  facet normal -2.536178e-01 1.703947e-02 -9.671544e-01
    outer loop
      vertex   1.011869e+02 1.739702e+01 -8.567589e+01
      vertex   1.012851e+02 2.224964e+01 -8.561613e+01
      vertex   1.015537e+02 1.739702e+01 -8.577207e+01
    endloop
  endfacet
  facet normal -2.404865e-01 1.787358e-02 -9.704879e-01
    outer loop
      vertex   1.015537e+02 1.739702e+01 -8.577207e+01
      vertex   1.012851e+02 2.224964e+01 -8.561613e+01
      vertex   1.016516e+02 2.224964e+01 -8.570696e+01
    endloop
  endfacet
  facet normal -1.911309e-01 1.702478e-02 -9.814169e-01
    outer loop
      vertex   1.015537e+02 1.739702e+01 -8.577207e+01
      vertex   1.016516e+02 2.224964e+01 -8.570696e+01
      vertex   1.019259e+02 1.739702e+01 -8.584456e+01
    endloop
  endfacet
  facet normal -1.771626e-01 1.788821e-02 -9.840190e-01
    outer loop
      vertex   1.019259e+02 1.739702e+01 -8.584456e+01
      vertex   1.016516e+02 2.224964e+01 -8.570696e+01
      vertex   1.020232e+02 2.224964e+01 -8.577386e+01
    endloop
  endfacet
  facet normal -1.278587e-01 1.701062e-02 -9.916465e-01
    outer loop
      vertex   1.019259e+02 1.739702e+01 -8.584456e+01
      vertex   1.020232e+02 2.224964e+01 -8.577386e+01
      vertex   1.023020e+02 1.739702e+01 -8.589305e+01
    endloop
  endfacet
  facet normal -1.130957e-01 1.790232e-02 -9.934228e-01
    outer loop
      vertex   1.023020e+02 1.739702e+01 -8.589305e+01
      vertex   1.020232e+02 2.224964e+01 -8.577386e+01
      vertex   1.023984e+02 2.224964e+01 -8.581658e+01
    endloop
  endfacet
  facet normal -6.406096e-02 1.699698e-02 -9.978012e-01
    outer loop
      vertex   1.023020e+02 1.739702e+01 -8.589305e+01
      vertex   1.023984e+02 2.224964e+01 -8.581658e+01
      vertex   1.026804e+02 1.739702e+01 -8.591734e+01
    endloop
  endfacet
  facet normal -4.855443e-02 1.791589e-02 -9.986598e-01
    outer loop
      vertex   1.026804e+02 1.739702e+01 -8.591734e+01
      vertex   1.023984e+02 2.224964e+01 -8.581658e+01
      vertex   1.027756e+02 2.224964e+01 -8.583492e+01
    endloop
  endfacet
  facet normal 0.000000e+00 1.698386e-02 -9.998558e-01
    outer loop
      vertex   1.026804e+02 1.739702e+01 -8.591734e+01
      vertex   1.027756e+02 2.224964e+01 -8.583492e+01
      vertex   1.030596e+02 1.739702e+01 -8.591734e+01
    endloop
  endfacet
  facet normal 1.619047e-02 1.792893e-02 -9.997082e-01
    outer loop
      vertex   1.030596e+02 1.739702e+01 -8.591734e+01
      vertex   1.027756e+02 2.224964e+01 -8.583492e+01
      vertex   1.031531e+02 2.224964e+01 -8.582880e+01
    endloop
  endfacet
  facet normal 6.406099e-02 1.697127e-02 -9.978017e-01
    outer loop
      vertex   1.030596e+02 1.739702e+01 -8.591734e+01
      vertex   1.031531e+02 2.224964e+01 -8.582880e+01
      vertex   1.034380e+02 1.739702e+01 -8.589305e+01
    endloop
  endfacet
  facet normal 8.086742e-02 1.794144e-02 -9.965634e-01
    outer loop
      vertex   1.034380e+02 1.739702e+01 -8.589305e+01
      vertex   1.031531e+02 2.224964e+01 -8.582880e+01
      vertex   1.035295e+02 2.224964e+01 -8.579826e+01
    endloop
  endfacet
  facet normal 1.278588e-01 1.695920e-02 -9.916474e-01
    outer loop
      vertex   1.034380e+02 1.739702e+01 -8.589305e+01
      vertex   1.035295e+02 2.224964e+01 -8.579826e+01
      vertex   1.038141e+02 1.739702e+01 -8.584456e+01
    endloop
  endfacet
  facet normal 1.452052e-01 1.795342e-02 -9.892387e-01
    outer loop
      vertex   1.038141e+02 1.739702e+01 -8.584456e+01
      vertex   1.035295e+02 2.224964e+01 -8.579826e+01
      vertex   1.039031e+02 2.224964e+01 -8.574342e+01
    endloop
  endfacet
  facet normal 1.911312e-01 1.694765e-02 -9.814182e-01
    outer loop
      vertex   1.038141e+02 1.739702e+01 -8.584456e+01
      vertex   1.039031e+02 2.224964e+01 -8.574342e+01
      vertex   1.041863e+02 1.739702e+01 -8.577207e+01
    endloop
  endfacet
  facet normal 2.089338e-01 1.796486e-02 -9.777648e-01
    outer loop
      vertex   1.041863e+02 1.739702e+01 -8.577207e+01
      vertex   1.039031e+02 2.224964e+01 -8.574342e+01
      vertex   1.042724e+02 2.224964e+01 -8.566451e+01
    endloop
  endfacet
  facet normal 2.536182e-01 1.693664e-02 -9.671561e-01
    outer loop
      vertex   1.041863e+02 1.739702e+01 -8.577207e+01
      vertex   1.042724e+02 2.224964e+01 -8.566451e+01
      vertex   1.045531e+02 1.739702e+01 -8.567589e+01
    endloop
  endfacet
  facet normal 2.717862e-01 1.797577e-02 -9.621898e-01
    outer loop
      vertex   1.045531e+02 1.739702e+01 -8.567589e+01
      vertex   1.042724e+02 2.224964e+01 -8.566451e+01
      vertex   1.046358e+02 2.224964e+01 -8.556186e+01
    endloop
  endfacet
  facet normal 3.150631e-01 1.692614e-02 -9.489198e-01
    outer loop
      vertex   1.045531e+02 1.739702e+01 -8.567589e+01
      vertex   1.046358e+02 2.224964e+01 -8.556186e+01
      vertex   1.049129e+02 1.739702e+01 -8.555640e+01
    endloop
  endfacet
  facet normal 3.334985e-01 1.798615e-02 -9.425791e-01
    outer loop
      vertex   1.049129e+02 1.739702e+01 -8.555640e+01
      vertex   1.046358e+02 2.224964e+01 -8.556186e+01
      vertex   1.049918e+02 2.224964e+01 -8.543591e+01
    endloop
  endfacet
  facet normal 3.752133e-01 1.691617e-02 -9.267841e-01
    outer loop
      vertex   1.049129e+02 1.739702e+01 -8.555640e+01
      vertex   1.049918e+02 2.224964e+01 -8.543591e+01
      vertex   1.052644e+02 1.739702e+01 -8.541411e+01
    endloop
  endfacet
  facet normal 3.938120e-01 1.799600e-02 -9.190148e-01
    outer loop
      vertex   1.052644e+02 1.739702e+01 -8.541411e+01
      vertex   1.049918e+02 2.224964e+01 -8.543591e+01
      vertex   1.053389e+02 2.224964e+01 -8.528718e+01
    endloop
  endfacet
  facet normal 4.338217e-01 1.690673e-02 -9.008401e-01
    outer loop
      vertex   1.052644e+02 1.739702e+01 -8.541411e+01
      vertex   1.053389e+02 2.224964e+01 -8.528718e+01
      vertex   1.056061e+02 1.739702e+01 -8.524958e+01
    endloop
  endfacet
  facet normal 4.524737e-01 1.800531e-02 -8.915960e-01
    outer loop
      vertex   1.056061e+02 1.739702e+01 -8.524958e+01
      vertex   1.053389e+02 2.224964e+01 -8.528718e+01
      vertex   1.056756e+02 2.224964e+01 -8.511629e+01
    endloop
  endfacet
  facet normal 4.906475e-01 1.689781e-02 -8.711943e-01
    outer loop
      vertex   1.056061e+02 1.739702e+01 -8.524958e+01
      vertex   1.056756e+02 2.224964e+01 -8.511629e+01
      vertex   1.059364e+02 1.739702e+01 -8.506351e+01
    endloop
  endfacet
  facet normal 5.092375e-01 1.801410e-02 -8.604375e-01
    outer loop
      vertex   1.059364e+02 1.739702e+01 -8.506351e+01
      vertex   1.056756e+02 2.224964e+01 -8.511629e+01
      vertex   1.060006e+02 2.224964e+01 -8.492397e+01
    endloop
  endfacet
  facet normal 5.454571e-01 1.688941e-02 -8.379686e-01
    outer loop
      vertex   1.059364e+02 1.739702e+01 -8.506351e+01
      vertex   1.060006e+02 2.224964e+01 -8.492397e+01
      vertex   1.062542e+02 1.739702e+01 -8.485665e+01
    endloop
  endfacet
  facet normal 5.638654e-01 1.802235e-02 -8.256700e-01
    outer loop
      vertex   1.062542e+02 1.739702e+01 -8.485665e+01
      vertex   1.060006e+02 2.224964e+01 -8.492397e+01
      vertex   1.063124e+02 2.224964e+01 -8.471101e+01
    endloop
  endfacet
  facet normal 5.980253e-01 1.688154e-02 -8.012994e-01
    outer loop
      vertex   1.062542e+02 1.739702e+01 -8.485665e+01
      vertex   1.063124e+02 2.224964e+01 -8.471101e+01
      vertex   1.065581e+02 1.739702e+01 -8.462985e+01
    endloop
  endfacet
  facet normal 6.161283e-01 1.803007e-02 -7.874394e-01
    outer loop
      vertex   1.065581e+02 1.739702e+01 -8.462985e+01
      vertex   1.063124e+02 2.224964e+01 -8.471101e+01
      vertex   1.066098e+02 2.224964e+01 -8.447832e+01
    endloop
  endfacet
  facet normal 6.481361e-01 1.687420e-02 -7.613375e-01
    outer loop
      vertex   1.065581e+02 1.739702e+01 -8.462985e+01
      vertex   1.066098e+02 2.224964e+01 -8.447832e+01
      vertex   1.068469e+02 1.739702e+01 -8.438405e+01
    endloop
  endfacet
  facet normal 6.658069e-01 1.803725e-02 -7.459061e-01
    outer loop
      vertex   1.068469e+02 1.739702e+01 -8.438405e+01
      vertex   1.066098e+02 2.224964e+01 -8.447832e+01
      vertex   1.068915e+02 2.224964e+01 -8.422686e+01
    endloop
  endfacet
  facet normal 6.955836e-01 1.686738e-02 -7.182472e-01
    outer loop
      vertex   1.068469e+02 1.739702e+01 -8.438405e+01
      vertex   1.068915e+02 2.224964e+01 -8.422686e+01
      vertex   1.071192e+02 1.739702e+01 -8.412025e+01
    endloop
  endfacet
  facet normal 7.126929e-01 1.804391e-02 -7.012441e-01
    outer loop
      vertex   1.071192e+02 1.739702e+01 -8.412025e+01
      vertex   1.068915e+02 2.224964e+01 -8.422686e+01
      vertex   1.071563e+02 2.224964e+01 -8.395769e+01
    endloop
  endfacet
  facet normal 7.401728e-01 1.686108e-02 -6.722053e-01
    outer loop
      vertex   1.071192e+02 1.739702e+01 -8.412025e+01
      vertex   1.071563e+02 2.224964e+01 -8.395769e+01
      vertex   1.073742e+02 1.739702e+01 -8.383955e+01
    endloop
  endfacet
  facet normal 7.565895e-01 1.805003e-02 -6.536409e-01
    outer loop
      vertex   1.073742e+02 1.739702e+01 -8.383955e+01
      vertex   1.071563e+02 2.224964e+01 -8.395769e+01
      vertex   1.074032e+02 2.224964e+01 -8.367195e+01
    endloop
  endfacet
  facet normal 7.817204e-01 1.685531e-02 -6.234012e-01
    outer loop
      vertex   1.073742e+02 1.739702e+01 -8.383955e+01
      vertex   1.074032e+02 2.224964e+01 -8.367195e+01
      vertex   1.076106e+02 1.739702e+01 -8.354309e+01
    endloop
  endfacet
  facet normal 7.973128e-01 1.805562e-02 -6.032962e-01
    outer loop
      vertex   1.076106e+02 1.739702e+01 -8.354309e+01
      vertex   1.074032e+02 2.224964e+01 -8.367195e+01
      vertex   1.076311e+02 2.224964e+01 -8.337083e+01
    endloop
  endfacet
  facet normal 8.200558e-01 1.685006e-02 -5.720354e-01
    outer loop
      vertex   1.076106e+02 1.739702e+01 -8.354309e+01
      vertex   1.076311e+02 2.224964e+01 -8.337083e+01
      vertex   1.078275e+02 1.739702e+01 -8.323209e+01
    endloop
  endfacet
  facet normal 8.346919e-01 1.806067e-02 -5.504210e-01
    outer loop
      vertex   1.078275e+02 1.739702e+01 -8.323209e+01
      vertex   1.076311e+02 2.224964e+01 -8.337083e+01
      vertex   1.078389e+02 2.224964e+01 -8.305559e+01
    endloop
  endfacet
  facet normal 8.550214e-01 1.684534e-02 -5.183190e-01
    outer loop
      vertex   1.078275e+02 1.739702e+01 -8.323209e+01
      vertex   1.078389e+02 2.224964e+01 -8.305559e+01
      vertex   1.080241e+02 1.739702e+01 -8.290783e+01
    endloop
  endfacet
  facet normal 8.685700e-01 1.806520e-02 -4.952372e-01
    outer loop
      vertex   1.080241e+02 1.739702e+01 -8.290783e+01
      vertex   1.078389e+02 2.224964e+01 -8.305559e+01
      vertex   1.080260e+02 2.224964e+01 -8.272755e+01
    endloop
  endfacet
  facet normal 8.864736e-01 1.684114e-02 -4.624727e-01
    outer loop
      vertex   1.080241e+02 1.739702e+01 -8.290783e+01
      vertex   1.080260e+02 2.224964e+01 -8.272755e+01
      vertex   1.081995e+02 1.739702e+01 -8.257164e+01
    endloop
  endfacet
  facet normal 8.988050e-01 1.806919e-02 -4.379762e-01
    outer loop
      vertex   1.081995e+02 1.739702e+01 -8.257164e+01
      vertex   1.080260e+02 2.224964e+01 -8.272755e+01
      vertex   1.081914e+02 2.224964e+01 -8.238810e+01
    endloop
  endfacet
  facet normal 9.142830e-01 1.683747e-02 -4.047260e-01
    outer loop
      vertex   1.081995e+02 1.739702e+01 -8.257164e+01
      vertex   1.081914e+02 2.224964e+01 -8.238810e+01
      vertex   1.083530e+02 1.739702e+01 -8.222490e+01
    endloop
  endfacet
  facet normal 9.252701e-01 1.807265e-02 -3.788781e-01
    outer loop
      vertex   1.083530e+02 1.739702e+01 -8.222490e+01
      vertex   1.081914e+02 2.224964e+01 -8.238810e+01
      vertex   1.083345e+02 2.224964e+01 -8.203865e+01
    endloop
  endfacet
  facet normal 9.383354e-01 1.683432e-02 -3.453161e-01
    outer loop
      vertex   1.083530e+02 1.739702e+01 -8.222490e+01
      vertex   1.083345e+02 2.224964e+01 -8.203865e+01
      vertex   1.084839e+02 1.739702e+01 -8.186904e+01
    endloop
  endfacet
  facet normal 9.478543e-01 1.807558e-02 -3.181910e-01
    outer loop
      vertex   1.084839e+02 1.739702e+01 -8.186904e+01
      vertex   1.083345e+02 2.224964e+01 -8.203865e+01
      vertex   1.084546e+02 2.224964e+01 -8.168067e+01
    endloop
  endfacet
  facet normal 9.585320e-01 1.683170e-02 -2.844873e-01
    outer loop
      vertex   1.084839e+02 1.739702e+01 -8.186904e+01
      vertex   1.084546e+02 2.224964e+01 -8.168067e+01
      vertex   1.085918e+02 1.739702e+01 -8.150553e+01
    endloop
  endfacet
  facet normal 9.664629e-01 1.807797e-02 -2.561692e-01
    outer loop
      vertex   1.085918e+02 1.739702e+01 -8.150553e+01
      vertex   1.084546e+02 2.224964e+01 -8.168067e+01
      vertex   1.085514e+02 2.224964e+01 -8.131566e+01
    endloop
  endfacet
  facet normal 9.747898e-01 1.682960e-02 -2.224894e-01
    outer loop
      vertex   1.085918e+02 1.739702e+01 -8.150553e+01
      vertex   1.085514e+02 2.224964e+01 -8.131566e+01
      vertex   1.086762e+02 1.739702e+01 -8.113585e+01
    endloop
  endfacet
  facet normal 9.810178e-01 1.807984e-02 -1.930730e-01
    outer loop
      vertex   1.086762e+02 1.739702e+01 -8.113585e+01
      vertex   1.085514e+02 2.224964e+01 -8.131566e+01
      vertex   1.086243e+02 2.224964e+01 -8.094516e+01
    endloop
  endfacet
  facet normal 9.870420e-01 1.682802e-02 -1.595773e-01
    outer loop
      vertex   1.086762e+02 1.739702e+01 -8.113585e+01
      vertex   1.086243e+02 2.224964e+01 -8.094516e+01
      vertex   1.087367e+02 1.739702e+01 -8.076152e+01
    endloop
  endfacet
  facet normal 9.914580e-01 1.808117e-02 -1.291670e-01
    outer loop
      vertex   1.087367e+02 1.739702e+01 -8.076152e+01
      vertex   1.086243e+02 2.224964e+01 -8.094516e+01
      vertex   1.086731e+02 2.224964e+01 -8.057071e+01
    endloop
  endfacet
  facet normal 9.952382e-01 1.682697e-02 -9.600943e-02
    outer loop
      vertex   1.087367e+02 1.739702e+01 -8.076152e+01
      vertex   1.086731e+02 2.224964e+01 -8.057071e+01
      vertex   1.087731e+02 1.739702e+01 -8.038408e+01
    endloop
  endfacet
  facet normal 9.977397e-01 1.808196e-02 -6.471924e-02
    outer loop
      vertex   1.087731e+02 1.739702e+01 -8.038408e+01
      vertex   1.086731e+02 2.224964e+01 -8.057071e+01
      vertex   1.086975e+02 2.224964e+01 -8.019389e+01
    endloop
  endfacet
  facet normal 9.993447e-01 1.682645e-02 -3.204704e-02
    outer loop
      vertex   1.087731e+02 1.739702e+01 -8.038408e+01
      vertex   1.086975e+02 2.224964e+01 -8.019389e+01
      vertex   1.087853e+02 1.739702e+01 -8.000509e+01
    endloop
  endfacet
  facet normal 9.998365e-01 1.808223e-02 -1.094317e-17
    outer loop
      vertex   1.087853e+02 1.739702e+01 -8.000509e+01
      vertex   1.086975e+02 2.224964e+01 -8.019389e+01
      vertex   1.086975e+02 2.224964e+01 -7.981628e+01
    endloop
  endfacet
  facet normal 9.993447e-01 1.682645e-02 3.204704e-02
    outer loop
      vertex   1.087853e+02 1.739702e+01 -8.000509e+01
      vertex   1.086975e+02 2.224964e+01 -7.981628e+01
      vertex   1.087731e+02 1.739702e+01 -7.962609e+01
    endloop
  endfacet
  facet normal 9.977397e-01 1.808196e-02 6.471924e-02
    outer loop
      vertex   1.087731e+02 1.739702e+01 -7.962609e+01
      vertex   1.086975e+02 2.224964e+01 -7.981628e+01
      vertex   1.086731e+02 2.224964e+01 -7.943946e+01
    endloop
  endfacet
  facet normal 9.952382e-01 1.682697e-02 9.600943e-02
    outer loop
      vertex   1.087731e+02 1.739702e+01 -7.962609e+01
      vertex   1.086731e+02 2.224964e+01 -7.943946e+01
      vertex   1.087367e+02 1.739702e+01 -7.924865e+01
    endloop
  endfacet
  facet normal 9.914580e-01 1.808117e-02 1.291670e-01
    outer loop
      vertex   1.087367e+02 1.739702e+01 -7.924865e+01
      vertex   1.086731e+02 2.224964e+01 -7.943946e+01
      vertex   1.086243e+02 2.224964e+01 -7.906501e+01
    endloop
  endfacet
  facet normal 9.870420e-01 1.682802e-02 1.595773e-01
    outer loop
      vertex   1.087367e+02 1.739702e+01 -7.924865e+01
      vertex   1.086243e+02 2.224964e+01 -7.906501e+01
      vertex   1.086762e+02 1.739702e+01 -7.887432e+01
    endloop
  endfacet
  facet normal 9.810178e-01 1.807984e-02 1.930730e-01
    outer loop
      vertex   1.086762e+02 1.739702e+01 -7.887432e+01
      vertex   1.086243e+02 2.224964e+01 -7.906501e+01
      vertex   1.085514e+02 2.224964e+01 -7.869451e+01
    endloop
  endfacet
  facet normal 9.747898e-01 1.682960e-02 2.224894e-01
    outer loop
      vertex   1.086762e+02 1.739702e+01 -7.887432e+01
      vertex   1.085514e+02 2.224964e+01 -7.869451e+01
      vertex   1.085918e+02 1.739702e+01 -7.850464e+01
    endloop
  endfacet
  facet normal 9.664629e-01 1.807797e-02 2.561692e-01
    outer loop
      vertex   1.085918e+02 1.739702e+01 -7.850464e+01
      vertex   1.085514e+02 2.224964e+01 -7.869451e+01
      vertex   1.084546e+02 2.224964e+01 -7.832950e+01
    endloop
  endfacet
  facet normal 9.585320e-01 1.683170e-02 2.844873e-01
    outer loop
      vertex   1.085918e+02 1.739702e+01 -7.850464e+01
      vertex   1.084546e+02 2.224964e+01 -7.832950e+01
      vertex   1.084839e+02 1.739702e+01 -7.814113e+01
    endloop
  endfacet
  facet normal 9.478543e-01 1.807558e-02 3.181910e-01
    outer loop
      vertex   1.084839e+02 1.739702e+01 -7.814113e+01
      vertex   1.084546e+02 2.224964e+01 -7.832950e+01
      vertex   1.083345e+02 2.224964e+01 -7.797152e+01
    endloop
  endfacet
  facet normal 9.383354e-01 1.683432e-02 3.453161e-01
    outer loop
      vertex   1.084839e+02 1.739702e+01 -7.814113e+01
      vertex   1.083345e+02 2.224964e+01 -7.797152e+01
      vertex   1.083530e+02 1.739702e+01 -7.778527e+01
    endloop
  endfacet
  facet normal 9.252701e-01 1.807265e-02 3.788781e-01
    outer loop
      vertex   1.083530e+02 1.739702e+01 -7.778527e+01
      vertex   1.083345e+02 2.224964e+01 -7.797152e+01
      vertex   1.081914e+02 2.224964e+01 -7.762207e+01
    endloop
  endfacet
  facet normal 9.142830e-01 1.683747e-02 4.047260e-01
    outer loop
      vertex   1.083530e+02 1.739702e+01 -7.778527e+01
      vertex   1.081914e+02 2.224964e+01 -7.762207e+01
      vertex   1.081995e+02 1.739702e+01 -7.743853e+01
    endloop
  endfacet
  facet normal 8.988050e-01 1.806919e-02 4.379762e-01
    outer loop
      vertex   1.081995e+02 1.739702e+01 -7.743853e+01
      vertex   1.081914e+02 2.224964e+01 -7.762207e+01
      vertex   1.080260e+02 2.224964e+01 -7.728262e+01
    endloop
  endfacet
  facet normal 8.864736e-01 1.684114e-02 4.624727e-01
    outer loop
      vertex   1.081995e+02 1.739702e+01 -7.743853e+01
      vertex   1.080260e+02 2.224964e+01 -7.728262e+01
      vertex   1.080241e+02 1.739702e+01 -7.710234e+01
    endloop
  endfacet
  facet normal 8.685700e-01 1.806520e-02 4.952372e-01
    outer loop
      vertex   1.080241e+02 1.739702e+01 -7.710234e+01
      vertex   1.080260e+02 2.224964e+01 -7.728262e+01
      vertex   1.078389e+02 2.224964e+01 -7.695458e+01
    endloop
  endfacet
  facet normal 8.550214e-01 1.684534e-02 5.183190e-01
    outer loop
      vertex   1.080241e+02 1.739702e+01 -7.710234e+01
      vertex   1.078389e+02 2.224964e+01 -7.695458e+01
      vertex   1.078275e+02 1.739702e+01 -7.677808e+01
    endloop
  endfacet
  facet normal 8.346919e-01 1.806067e-02 5.504210e-01
    outer loop
      vertex   1.078275e+02 1.739702e+01 -7.677808e+01
      vertex   1.078389e+02 2.224964e+01 -7.695458e+01
      vertex   1.076311e+02 2.224964e+01 -7.663934e+01
    endloop
  endfacet
  facet normal 8.200558e-01 1.685006e-02 5.720354e-01
    outer loop
      vertex   1.078275e+02 1.739702e+01 -7.677808e+01
      vertex   1.076311e+02 2.224964e+01 -7.663934e+01
      vertex   1.076106e+02 1.739702e+01 -7.646708e+01
    endloop
  endfacet
  facet normal 7.973128e-01 1.805562e-02 6.032962e-01
    outer loop
      vertex   1.076106e+02 1.739702e+01 -7.646708e+01
      vertex   1.076311e+02 2.224964e+01 -7.663934e+01
      vertex   1.074032e+02 2.224964e+01 -7.633822e+01
    endloop
  endfacet
  facet normal 7.817204e-01 1.685531e-02 6.234012e-01
    outer loop
      vertex   1.076106e+02 1.739702e+01 -7.646708e+01
      vertex   1.074032e+02 2.224964e+01 -7.633822e+01
      vertex   1.073742e+02 1.739702e+01 -7.617062e+01
    endloop
  endfacet
  facet normal 7.565895e-01 1.805003e-02 6.536409e-01
    outer loop
      vertex   1.073742e+02 1.739702e+01 -7.617062e+01
      vertex   1.074032e+02 2.224964e+01 -7.633822e+01
      vertex   1.071563e+02 2.224964e+01 -7.605248e+01
    endloop
  endfacet
  facet normal 7.401728e-01 1.686108e-02 6.722053e-01
    outer loop
      vertex   1.073742e+02 1.739702e+01 -7.617062e+01
      vertex   1.071563e+02 2.224964e+01 -7.605248e+01
      vertex   1.071192e+02 1.739702e+01 -7.588992e+01
    endloop
  endfacet
  facet normal 7.126929e-01 1.804391e-02 7.012441e-01
    outer loop
      vertex   1.071192e+02 1.739702e+01 -7.588992e+01
      vertex   1.071563e+02 2.224964e+01 -7.605248e+01
      vertex   1.068915e+02 2.224964e+01 -7.578331e+01
    endloop
  endfacet
  facet normal 6.955836e-01 1.686738e-02 7.182472e-01
    outer loop
      vertex   1.071192e+02 1.739702e+01 -7.588992e+01
      vertex   1.068915e+02 2.224964e+01 -7.578331e+01
      vertex   1.068469e+02 1.739702e+01 -7.562612e+01
    endloop
  endfacet
  facet normal 6.658069e-01 1.803725e-02 7.459061e-01
    outer loop
      vertex   1.068469e+02 1.739702e+01 -7.562612e+01
      vertex   1.068915e+02 2.224964e+01 -7.578331e+01
      vertex   1.066098e+02 2.224964e+01 -7.553185e+01
    endloop
  endfacet
  facet normal 6.481361e-01 1.687420e-02 7.613375e-01
    outer loop
      vertex   1.068469e+02 1.739702e+01 -7.562612e+01
      vertex   1.066098e+02 2.224964e+01 -7.553185e+01
      vertex   1.065581e+02 1.739702e+01 -7.538032e+01
    endloop
  endfacet
  facet normal 6.161283e-01 1.803007e-02 7.874394e-01
    outer loop
      vertex   1.065581e+02 1.739702e+01 -7.538032e+01
      vertex   1.066098e+02 2.224964e+01 -7.553185e+01
      vertex   1.063124e+02 2.224964e+01 -7.529916e+01
    endloop
  endfacet
  facet normal 5.980253e-01 1.688154e-02 8.012994e-01
    outer loop
      vertex   1.065581e+02 1.739702e+01 -7.538032e+01
      vertex   1.063124e+02 2.224964e+01 -7.529916e+01
      vertex   1.062542e+02 1.739702e+01 -7.515352e+01
    endloop
  endfacet
  facet normal 5.638654e-01 1.802235e-02 8.256700e-01
    outer loop
      vertex   1.062542e+02 1.739702e+01 -7.515352e+01
      vertex   1.063124e+02 2.224964e+01 -7.529916e+01
      vertex   1.060006e+02 2.224964e+01 -7.508620e+01
    endloop
  endfacet
  facet normal 5.454571e-01 1.688941e-02 8.379686e-01
    outer loop
      vertex   1.062542e+02 1.739702e+01 -7.515352e+01
      vertex   1.060006e+02 2.224964e+01 -7.508620e+01
      vertex   1.059364e+02 1.739702e+01 -7.494666e+01
    endloop
  endfacet
  facet normal 5.092375e-01 1.801410e-02 8.604375e-01
    outer loop
      vertex   1.059364e+02 1.739702e+01 -7.494666e+01
      vertex   1.060006e+02 2.224964e+01 -7.508620e+01
      vertex   1.056756e+02 2.224964e+01 -7.489388e+01
    endloop
  endfacet
  facet normal 4.906475e-01 1.689781e-02 8.711943e-01
    outer loop
      vertex   1.059364e+02 1.739702e+01 -7.494666e+01
      vertex   1.056756e+02 2.224964e+01 -7.489388e+01
      vertex   1.056061e+02 1.739702e+01 -7.476059e+01
    endloop
  endfacet
  facet normal 4.524737e-01 1.800531e-02 8.915960e-01
    outer loop
      vertex   1.056061e+02 1.739702e+01 -7.476059e+01
      vertex   1.056756e+02 2.224964e+01 -7.489388e+01
      vertex   1.053389e+02 2.224964e+01 -7.472299e+01
    endloop
  endfacet
  facet normal 4.338217e-01 1.690673e-02 9.008401e-01
    outer loop
      vertex   1.056061e+02 1.739702e+01 -7.476059e+01
      vertex   1.053389e+02 2.224964e+01 -7.472299e+01
      vertex   1.052644e+02 1.739702e+01 -7.459606e+01
    endloop
  endfacet
  facet normal 3.938120e-01 1.799600e-02 9.190148e-01
    outer loop
      vertex   1.052644e+02 1.739702e+01 -7.459606e+01
      vertex   1.053389e+02 2.224964e+01 -7.472299e+01
      vertex   1.049918e+02 2.224964e+01 -7.457426e+01
    endloop
  endfacet
  facet normal 3.752133e-01 1.691617e-02 9.267841e-01
    outer loop
      vertex   1.052644e+02 1.739702e+01 -7.459606e+01
      vertex   1.049918e+02 2.224964e+01 -7.457426e+01
      vertex   1.049129e+02 1.739702e+01 -7.445377e+01
    endloop
  endfacet
  facet normal 3.334985e-01 1.798615e-02 9.425791e-01
    outer loop
      vertex   1.049129e+02 1.739702e+01 -7.445377e+01
      vertex   1.049918e+02 2.224964e+01 -7.457426e+01
      vertex   1.046358e+02 2.224964e+01 -7.444831e+01
    endloop
  endfacet
  facet normal 3.150631e-01 1.692614e-02 9.489198e-01
    outer loop
      vertex   1.049129e+02 1.739702e+01 -7.445377e+01
      vertex   1.046358e+02 2.224964e+01 -7.444831e+01
      vertex   1.045531e+02 1.739702e+01 -7.433428e+01
    endloop
  endfacet
  facet normal 2.717862e-01 1.797577e-02 9.621898e-01
    outer loop
      vertex   1.045531e+02 1.739702e+01 -7.433428e+01
      vertex   1.046358e+02 2.224964e+01 -7.444831e+01
      vertex   1.042724e+02 2.224964e+01 -7.434566e+01
    endloop
  endfacet
  facet normal 2.536182e-01 1.693664e-02 9.671561e-01
    outer loop
      vertex   1.045531e+02 1.739702e+01 -7.433428e+01
      vertex   1.042724e+02 2.224964e+01 -7.434566e+01
      vertex   1.041863e+02 1.739702e+01 -7.423810e+01
    endloop
  endfacet
  facet normal 2.089338e-01 1.796486e-02 9.777648e-01
    outer loop
      vertex   1.041863e+02 1.739702e+01 -7.423810e+01
      vertex   1.042724e+02 2.224964e+01 -7.434566e+01
      vertex   1.039031e+02 2.224964e+01 -7.426675e+01
    endloop
  endfacet
  facet normal 1.911312e-01 1.694765e-02 9.814182e-01
    outer loop
      vertex   1.041863e+02 1.739702e+01 -7.423810e+01
      vertex   1.039031e+02 2.224964e+01 -7.426675e+01
      vertex   1.038141e+02 1.739702e+01 -7.416561e+01
    endloop
  endfacet
  facet normal 1.452052e-01 1.795342e-02 9.892387e-01
    outer loop
      vertex   1.038141e+02 1.739702e+01 -7.416561e+01
      vertex   1.039031e+02 2.224964e+01 -7.426675e+01
      vertex   1.035295e+02 2.224964e+01 -7.421191e+01
    endloop
  endfacet
  facet normal 1.278588e-01 1.695920e-02 9.916474e-01
    outer loop
      vertex   1.038141e+02 1.739702e+01 -7.416561e+01
      vertex   1.035295e+02 2.224964e+01 -7.421191e+01
      vertex   1.034380e+02 1.739702e+01 -7.411712e+01
    endloop
  endfacet
  facet normal 8.086742e-02 1.794144e-02 9.965634e-01
    outer loop
      vertex   1.034380e+02 1.739702e+01 -7.411712e+01
      vertex   1.035295e+02 2.224964e+01 -7.421191e+01
      vertex   1.031531e+02 2.224964e+01 -7.418137e+01
    endloop
  endfacet
  facet normal 6.406099e-02 1.697127e-02 9.978017e-01
    outer loop
      vertex   1.034380e+02 1.739702e+01 -7.411712e+01
      vertex   1.031531e+02 2.224964e+01 -7.418137e+01
      vertex   1.030596e+02 1.739702e+01 -7.409283e+01
    endloop
  endfacet
  facet normal 1.619047e-02 1.792893e-02 9.997082e-01
    outer loop
      vertex   1.030596e+02 1.739702e+01 -7.409283e+01
      vertex   1.031531e+02 2.224964e+01 -7.418137e+01
      vertex   1.027756e+02 2.224964e+01 -7.417526e+01
    endloop
  endfacet
  facet normal 0.000000e+00 1.698386e-02 9.998558e-01
    outer loop
      vertex   1.030596e+02 1.739702e+01 -7.409283e+01
      vertex   1.027756e+02 2.224964e+01 -7.417526e+01
      vertex   1.026804e+02 1.739702e+01 -7.409283e+01
    endloop
  endfacet
  facet normal -4.855443e-02 1.791589e-02 9.986598e-01
    outer loop
      vertex   1.026804e+02 1.739702e+01 -7.409283e+01
      vertex   1.027756e+02 2.224964e+01 -7.417526e+01
      vertex   1.023984e+02 2.224964e+01 -7.419359e+01
    endloop
  endfacet
  facet normal -6.406096e-02 1.699698e-02 9.978012e-01
    outer loop
      vertex   1.026804e+02 1.739702e+01 -7.409283e+01
      vertex   1.023984e+02 2.224964e+01 -7.419359e+01
      vertex   1.023020e+02 1.739702e+01 -7.411712e+01
    endloop
  endfacet
  facet normal -1.130957e-01 1.790232e-02 9.934228e-01
    outer loop
      vertex   1.023020e+02 1.739702e+01 -7.411712e+01
      vertex   1.023984e+02 2.224964e+01 -7.419359e+01
      vertex   1.020232e+02 2.224964e+01 -7.423631e+01
    endloop
  endfacet
  facet normal -1.278587e-01 1.701062e-02 9.916465e-01
    outer loop
      vertex   1.023020e+02 1.739702e+01 -7.411712e+01
      vertex   1.020232e+02 2.224964e+01 -7.423631e+01
      vertex   1.019259e+02 1.739702e+01 -7.416561e+01
    endloop
  endfacet
  facet normal -1.771626e-01 1.788821e-02 9.840190e-01
    outer loop
      vertex   1.019259e+02 1.739702e+01 -7.416561e+01
      vertex   1.020232e+02 2.224964e+01 -7.423631e+01
      vertex   1.016516e+02 2.224964e+01 -7.430322e+01
    endloop
  endfacet
  facet normal -1.911309e-01 1.702478e-02 9.814169e-01
    outer loop
      vertex   1.019259e+02 1.739702e+01 -7.416561e+01
      vertex   1.016516e+02 2.224964e+01 -7.430322e+01
      vertex   1.015537e+02 1.739702e+01 -7.423810e+01
    endloop
  endfacet
  facet normal -2.404865e-01 1.787358e-02 9.704879e-01
    outer loop
      vertex   1.015537e+02 1.739702e+01 -7.423810e+01
      vertex   1.016516e+02 2.224964e+01 -7.430322e+01
      vertex   1.012851e+02 2.224964e+01 -7.439404e+01
    endloop
  endfacet
  facet normal -2.536178e-01 1.703947e-02 9.671544e-01
    outer loop
      vertex   1.015537e+02 1.739702e+01 -7.423810e+01
      vertex   1.012851e+02 2.224964e+01 -7.439404e+01
      vertex   1.011869e+02 1.739702e+01 -7.433428e+01
    endloop
  endfacet
  facet normal -3.028018e-01 1.785841e-02 9.528862e-01
    outer loop
      vertex   1.011869e+02 1.739702e+01 -7.433428e+01
      vertex   1.012851e+02 2.224964e+01 -7.439404e+01
      vertex   1.009252e+02 2.224964e+01 -7.450840e+01
    endloop
  endfacet
  facet normal -3.150624e-01 1.705469e-02 9.489177e-01
    outer loop
      vertex   1.011869e+02 1.739702e+01 -7.433428e+01
      vertex   1.009252e+02 2.224964e+01 -7.450840e+01
      vertex   1.008271e+02 1.739702e+01 -7.445377e+01
    endloop
  endfacet
  facet normal -3.638470e-01 1.784270e-02 9.312878e-01
    outer loop
      vertex   1.008271e+02 1.739702e+01 -7.445377e+01
      vertex   1.009252e+02 2.224964e+01 -7.450840e+01
      vertex   1.005735e+02 2.224964e+01 -7.464581e+01
    endloop
  endfacet
  facet normal -3.752123e-01 1.707043e-02 9.267817e-01
    outer loop
      vertex   1.008271e+02 1.739702e+01 -7.445377e+01
      vertex   1.005735e+02 2.224964e+01 -7.464581e+01
      vertex   1.004756e+02 1.739702e+01 -7.459606e+01
    endloop
  endfacet
  facet normal -4.233662e-01 1.782647e-02 9.057833e-01
    outer loop
      vertex   1.004756e+02 1.739702e+01 -7.459606e+01
      vertex   1.005735e+02 2.224964e+01 -7.464581e+01
      vertex   1.002314e+02 2.224964e+01 -7.480571e+01
    endloop
  endfacet
  facet normal -4.338204e-01 1.708669e-02 9.008373e-01
    outer loop
      vertex   1.004756e+02 1.739702e+01 -7.459606e+01
      vertex   1.002314e+02 2.224964e+01 -7.480571e+01
      vertex   1.001339e+02 1.739702e+01 -7.476059e+01
    endloop
  endfacet
  facet normal -4.811096e-01 1.780970e-02 8.764795e-01
    outer loop
      vertex   1.001339e+02 1.739702e+01 -7.476059e+01
      vertex   1.002314e+02 2.224964e+01 -7.480571e+01
      vertex   9.990036e+01 2.224964e+01 -7.498741e+01
    endloop
  endfacet
  facet normal -4.906458e-01 1.710348e-02 8.711913e-01
    outer loop
      vertex   1.001339e+02 1.739702e+01 -7.476059e+01
      vertex   9.990036e+01 2.224964e+01 -7.498741e+01
      vertex   9.980355e+01 1.739702e+01 -7.494666e+01
    endloop
  endfacet
  facet normal -5.368352e-01 1.779241e-02 8.434995e-01
    outer loop
      vertex   9.980355e+01 1.739702e+01 -7.494666e+01
      vertex   9.990036e+01 2.224964e+01 -7.498741e+01
      vertex   9.958180e+01 2.224964e+01 -7.519016e+01
    endloop
  endfacet
  facet normal -5.454549e-01 1.712080e-02 8.379653e-01
    outer loop
      vertex   9.980355e+01 1.739702e+01 -7.494666e+01
      vertex   9.958180e+01 2.224964e+01 -7.519016e+01
      vertex   9.948576e+01 1.739702e+01 -7.515352e+01
    endloop
  endfacet
  facet normal -5.903091e-01 1.777458e-02 8.069816e-01
    outer loop
      vertex   9.948576e+01 1.739702e+01 -7.515352e+01
      vertex   9.958180e+01 2.224964e+01 -7.519016e+01
      vertex   9.927702e+01 2.224964e+01 -7.541310e+01
    endloop
  endfacet
  facet normal -5.980227e-01 1.713863e-02 8.012959e-01
    outer loop
      vertex   9.948576e+01 1.739702e+01 -7.515352e+01
      vertex   9.927702e+01 2.224964e+01 -7.541310e+01
      vertex   9.918187e+01 1.739702e+01 -7.538032e+01
    endloop
  endfacet
  facet normal -6.413071e-01 1.775621e-02 7.670788e-01
    outer loop
      vertex   9.918187e+01 1.739702e+01 -7.538032e+01
      vertex   9.927702e+01 2.224964e+01 -7.541310e+01
      vertex   9.898732e+01 2.224964e+01 -7.565530e+01
    endloop
  endfacet
  facet normal -6.481330e-01 1.715700e-02 7.613339e-01
    outer loop
      vertex   9.918187e+01 1.739702e+01 -7.538032e+01
      vertex   9.898732e+01 2.224964e+01 -7.565530e+01
      vertex   9.889314e+01 1.739702e+01 -7.562612e+01
    endloop
  endfacet
  facet normal -6.896153e-01 1.773732e-02 7.239587e-01
    outer loop
      vertex   9.889314e+01 1.739702e+01 -7.562612e+01
      vertex   9.898732e+01 2.224964e+01 -7.565530e+01
      vertex   9.871390e+01 2.224964e+01 -7.591575e+01
    endloop
  endfacet
  facet normal -6.955799e-01 1.717588e-02 7.182434e-01
    outer loop
      vertex   9.889314e+01 1.739702e+01 -7.562612e+01
      vertex   9.871390e+01 2.224964e+01 -7.591575e+01
      vertex   9.862075e+01 1.739702e+01 -7.588992e+01
    endloop
  endfacet
  facet normal -7.350310e-01 1.771789e-02 6.778020e-01
    outer loop
      vertex   9.862075e+01 1.739702e+01 -7.588992e+01
      vertex   9.871390e+01 2.224964e+01 -7.591575e+01
      vertex   9.845791e+01 2.224964e+01 -7.619335e+01
    endloop
  endfacet
  facet normal -7.401685e-01 1.719530e-02 6.722015e-01
    outer loop
      vertex   9.862075e+01 1.739702e+01 -7.588992e+01
      vertex   9.845791e+01 2.224964e+01 -7.619335e+01
      vertex   9.836582e+01 1.739702e+01 -7.617062e+01
    endloop
  endfacet
  facet normal -7.773638e-01 1.769793e-02 6.288023e-01
    outer loop
      vertex   9.836582e+01 1.739702e+01 -7.617062e+01
      vertex   9.845791e+01 2.224964e+01 -7.619335e+01
      vertex   9.822043e+01 2.224964e+01 -7.648694e+01
    endloop
  endfacet
  facet normal -7.817156e-01 1.721523e-02 6.233974e-01
    outer loop
      vertex   9.836582e+01 1.739702e+01 -7.617062e+01
      vertex   9.822043e+01 2.224964e+01 -7.648694e+01
      vertex   9.812940e+01 1.739702e+01 -7.646708e+01
    endloop
  endfacet
  facet normal -8.164361e-01 1.767744e-02 5.771652e-01
    outer loop
      vertex   9.812940e+01 1.739702e+01 -7.646708e+01
      vertex   9.822043e+01 2.224964e+01 -7.648694e+01
      vertex   9.800246e+01 2.224964e+01 -7.679528e+01
    endloop
  endfacet
  facet normal -8.200504e-01 1.723569e-02 5.720317e-01
    outer loop
      vertex   9.812940e+01 1.739702e+01 -7.646708e+01
      vertex   9.800246e+01 2.224964e+01 -7.679528e+01
      vertex   9.791246e+01 1.739702e+01 -7.677808e+01
    endloop
  endfacet
  facet normal -8.520840e-01 1.765642e-02 5.231072e-01
    outer loop
      vertex   9.791246e+01 1.739702e+01 -7.677808e+01
      vertex   9.800246e+01 2.224964e+01 -7.679528e+01
      vertex   9.780489e+01 2.224964e+01 -7.711709e+01
    endloop
  endfacet
  facet normal -8.550154e-01 1.725668e-02 5.183154e-01
    outer loop
      vertex   9.791246e+01 1.739702e+01 -7.677808e+01
      vertex   9.780489e+01 2.224964e+01 -7.711709e+01
      vertex   9.771589e+01 1.739702e+01 -7.710234e+01
    endloop
  endfacet
  facet normal -8.841580e-01 1.763486e-02 4.668551e-01
    outer loop
      vertex   9.771589e+01 1.739702e+01 -7.710234e+01
      vertex   9.780489e+01 2.224964e+01 -7.711709e+01
      vertex   9.762858e+01 2.224964e+01 -7.745101e+01
    endloop
  endfacet
  facet normal -8.864670e-01 1.727819e-02 4.624692e-01
    outer loop
      vertex   9.771589e+01 1.739702e+01 -7.710234e+01
      vertex   9.762858e+01 2.224964e+01 -7.745101e+01
      vertex   9.754050e+01 1.739702e+01 -7.743853e+01
    endloop
  endfacet
  facet normal -9.125235e-01 1.761277e-02 4.086448e-01
    outer loop
      vertex   9.754050e+01 1.739702e+01 -7.743853e+01
      vertex   9.762858e+01 2.224964e+01 -7.745101e+01
      vertex   9.747424e+01 2.224964e+01 -7.779564e+01
    endloop
  endfacet
  facet normal -9.142758e-01 1.730022e-02 4.047228e-01
    outer loop
      vertex   9.754050e+01 1.739702e+01 -7.743853e+01
      vertex   9.747424e+01 2.224964e+01 -7.779564e+01
      vertex   9.738701e+01 1.739702e+01 -7.778527e+01
    endloop
  endfacet
  facet normal -9.370617e-01 1.759015e-02 3.487205e-01
    outer loop
      vertex   9.738701e+01 1.739702e+01 -7.778527e+01
      vertex   9.747424e+01 2.224964e+01 -7.779564e+01
      vertex   9.734254e+01 2.224964e+01 -7.814954e+01
    endloop
  endfacet
  facet normal -9.383276e-01 1.732278e-02 3.453132e-01
    outer loop
      vertex   9.738701e+01 1.739702e+01 -7.778527e+01
      vertex   9.734254e+01 2.224964e+01 -7.814954e+01
      vertex   9.725605e+01 1.739702e+01 -7.814113e+01
    endloop
  endfacet
  facet normal -9.576695e-01 1.756700e-02 2.873334e-01
    outer loop
      vertex   9.725605e+01 1.739702e+01 -7.814113e+01
      vertex   9.734254e+01 2.224964e+01 -7.814954e+01
      vertex   9.723403e+01 2.224964e+01 -7.851122e+01
    endloop
  endfacet
  facet normal -9.585236e-01 1.734587e-02 2.844848e-01
    outer loop
      vertex   9.725605e+01 1.739702e+01 -7.814113e+01
      vertex   9.723403e+01 2.224964e+01 -7.851122e+01
      vertex   9.714816e+01 1.739702e+01 -7.850464e+01
    endloop
  endfacet
  facet normal -9.742606e-01 1.754331e-02 2.247411e-01
    outer loop
      vertex   9.714816e+01 1.739702e+01 -7.850464e+01
      vertex   9.723403e+01 2.224964e+01 -7.851122e+01
      vertex   9.714915e+01 2.224964e+01 -7.887917e+01
    endloop
  endfacet
  facet normal -9.747808e-01 1.736947e-02 2.224874e-01
    outer loop
      vertex   9.714816e+01 1.739702e+01 -7.850464e+01
      vertex   9.714915e+01 2.224964e+01 -7.887917e+01
      vertex   9.706379e+01 1.739702e+01 -7.887432e+01
    endloop
  endfacet
  facet normal -9.867652e-01 1.751910e-02 1.612062e-01
    outer loop
      vertex   9.706379e+01 1.739702e+01 -7.887432e+01
      vertex   9.714915e+01 2.224964e+01 -7.887917e+01
      vertex   9.708827e+01 2.224964e+01 -7.925184e+01
    endloop
  endfacet
  facet normal -9.870324e-01 1.739360e-02 1.595758e-01
    outer loop
      vertex   9.706379e+01 1.739702e+01 -7.887432e+01
      vertex   9.708827e+01 2.224964e+01 -7.925184e+01
      vertex   9.700327e+01 1.739702e+01 -7.924865e+01
    endloop
  endfacet
  facet normal -9.951311e-01 1.749435e-02 9.699501e-02
    outer loop
      vertex   9.700327e+01 1.739702e+01 -7.924865e+01
      vertex   9.708827e+01 2.224964e+01 -7.925184e+01
      vertex   9.705163e+01 2.224964e+01 -7.962767e+01
    endloop
  endfacet
  facet normal -9.952281e-01 1.741826e-02 9.600846e-02
    outer loop
      vertex   9.700327e+01 1.739702e+01 -7.924865e+01
      vertex   9.705163e+01 2.224964e+01 -7.962767e+01
      vertex   9.696686e+01 1.739702e+01 -7.962609e+01
    endloop
  endfacet
  facet normal -9.993231e-01 1.746907e-02 3.237695e-02
    outer loop
      vertex   9.696686e+01 1.739702e+01 -7.962609e+01
      vertex   9.705163e+01 2.224964e+01 -7.962767e+01
      vertex   9.703941e+01 2.224964e+01 -8.000509e+01
    endloop
  endfacet
  facet normal 0.000000e+00 1.000000e+00 0.000000e+00
    outer loop
      vertex   1.032700e+02 2.254440e+01 -8.175509e+01
      vertex   1.058459e+02 2.254440e+01 -8.466682e+01
      vertex   1.032700e+02 2.254440e+01 -8.425509e+01
    endloop
  endfacet
  facet normal 0.000000e+00 1.000000e+00 0.000000e+00
    outer loop
      vertex   1.032700e+02 2.254440e+01 -8.425509e+01
      vertex   1.058459e+02 2.254440e+01 -8.466682e+01
      vertex   1.055279e+02 2.254440e+01 -8.485518e+01
    endloop
  endfacet
  facet normal 0.000000e+00 1.000000e+00 0.000000e+00
    outer loop
      vertex   1.032700e+02 2.254440e+01 -8.425509e+01
      vertex   1.055279e+02 2.254440e+01 -8.485518e+01
      vertex   1.051980e+02 2.254440e+01 -8.502188e+01
    endloop
  endfacet
  facet normal 0.000000e+00 1.000000e+00 0.000000e+00
    outer loop
      vertex   1.032584e+02 2.254440e+01 -8.165936e+01
      vertex   1.078062e+02 2.254440e+01 -8.249946e+01
      vertex   1.032700e+02 2.254440e+01 -8.175509e+01
    endloop
  endfacet
  facet normal 0.000000e+00 1.000000e+00 0.000000e+00
    outer loop
      vertex   1.032700e+02 2.254440e+01 -8.175509e+01
      vertex   1.078062e+02 2.254440e+01 -8.249946e+01
      vertex   1.076286e+02 2.254440e+01 -8.282359e+01
    endloop
  endfacet
  facet normal 0.000000e+00 1.000000e+00 0.000000e+00
    outer loop
      vertex   1.032700e+02 2.254440e+01 -8.175509e+01
      vertex   1.076286e+02 2.254440e+01 -8.282359e+01
      vertex   1.074297e+02 2.254440e+01 -8.313513e+01
    endloop
  endfacet
  facet normal -0.000000e+00 1.000000e+00 0.000000e+00
    outer loop
      vertex   1.032242e+02 2.254440e+01 -8.156920e+01
      vertex   1.082041e+02 2.254440e+01 -8.146625e+01
      vertex   1.032584e+02 2.254440e+01 -8.165936e+01
    endloop
  endfacet
  facet normal -0.000000e+00 1.000000e+00 0.000000e+00
    outer loop
      vertex   1.032584e+02 2.254440e+01 -8.165936e+01
      vertex   1.082041e+02 2.254440e+01 -8.146625e+01
      vertex   1.080946e+02 2.254440e+01 -8.181927e+01
    endloop
  endfacet
  facet normal 0.000000e+00 1.000000e+00 0.000000e+00
    outer loop
      vertex   1.032584e+02 2.254440e+01 -8.165936e+01
      vertex   1.080946e+02 2.254440e+01 -8.181927e+01
      vertex   1.079618e+02 2.254440e+01 -8.216419e+01
    endloop
  endfacet
  facet normal -0.000000e+00 1.000000e+00 0.000000e+00
    outer loop
      vertex   1.031694e+02 2.254440e+01 -8.148984e+01
      vertex   1.083883e+02 2.254440e+01 -7.963568e+01
      vertex   1.032242e+02 2.254440e+01 -8.156920e+01
    endloop
  endfacet
  facet normal 0.000000e+00 1.000000e+00 0.000000e+00
    outer loop
      vertex   1.032242e+02 2.254440e+01 -8.156920e+01
      vertex   1.083883e+02 2.254440e+01 -7.963568e+01
      vertex   1.084006e+02 2.254440e+01 -8.000509e+01
    endloop
  endfacet
  facet normal 0.000000e+00 1.000000e+00 0.000000e+00
    outer loop
      vertex   1.032242e+02 2.254440e+01 -8.156920e+01
      vertex   1.084006e+02 2.254440e+01 -8.000509e+01
      vertex   1.083883e+02 2.254440e+01 -8.037449e+01
    endloop
  endfacet
  facet normal -0.000000e+00 1.000000e+00 0.000000e+00
    outer loop
      vertex   1.030972e+02 2.254440e+01 -8.142589e+01
      vertex   1.080946e+02 2.254440e+01 -7.819090e+01
      vertex   1.031694e+02 2.254440e+01 -8.148984e+01
    endloop
  endfacet
  facet normal 0.000000e+00 1.000000e+00 0.000000e+00
    outer loop
      vertex   1.031694e+02 2.254440e+01 -8.148984e+01
      vertex   1.080946e+02 2.254440e+01 -7.819090e+01
      vertex   1.082041e+02 2.254440e+01 -7.854392e+01
    endloop
  endfacet
  facet normal 0.000000e+00 1.000000e+00 0.000000e+00
    outer loop
      vertex   1.031694e+02 2.254440e+01 -8.148984e+01
      vertex   1.082041e+02 2.254440e+01 -7.854392e+01
      vertex   1.082898e+02 2.254440e+01 -7.890346e+01
    endloop
  endfacet
  facet normal -0.000000e+00 1.000000e+00 0.000000e+00
    outer loop
      vertex   1.030118e+02 2.254440e+01 -8.138108e+01
      vertex   1.069718e+02 2.254440e+01 -7.629522e+01
      vertex   1.030972e+02 2.254440e+01 -8.142589e+01
    endloop
  endfacet
  facet normal 0.000000e+00 1.000000e+00 0.000000e+00
    outer loop
      vertex   1.030972e+02 2.254440e+01 -8.142589e+01
      vertex   1.069718e+02 2.254440e+01 -7.629522e+01
      vertex   1.072104e+02 2.254440e+01 -7.657747e+01
    endloop
  endfacet
  facet normal 0.000000e+00 1.000000e+00 0.000000e+00
    outer loop
      vertex   1.030972e+02 2.254440e+01 -8.142589e+01
      vertex   1.072104e+02 2.254440e+01 -7.657747e+01
      vertex   1.074297e+02 2.254440e+01 -7.687504e+01
    endloop
  endfacet
  facet normal -0.000000e+00 1.000000e+00 0.000000e+00
    outer loop
      vertex   1.029182e+02 2.254440e+01 -8.135800e+01
      vertex   1.051980e+02 2.254440e+01 -7.498829e+01
      vertex   1.030118e+02 2.254440e+01 -8.138108e+01
    endloop
  endfacet
  facet normal 0.000000e+00 1.000000e+00 0.000000e+00
    outer loop
      vertex   1.030118e+02 2.254440e+01 -8.138108e+01
      vertex   1.051980e+02 2.254440e+01 -7.498829e+01
      vertex   1.055279e+02 2.254440e+01 -7.515499e+01
    endloop
  endfacet
  facet normal 0.000000e+00 1.000000e+00 0.000000e+00
    outer loop
      vertex   1.030118e+02 2.254440e+01 -8.138108e+01
      vertex   1.055279e+02 2.254440e+01 -7.515499e+01
      vertex   1.058459e+02 2.254440e+01 -7.534335e+01
    endloop
  endfacet
  facet normal 0.000000e+00 1.000000e+00 0.000000e+00
    outer loop
      vertex   1.028218e+02 2.254440e+01 -8.135800e+01
      vertex   1.030548e+02 2.254440e+01 -7.447753e+01
      vertex   1.029182e+02 2.254440e+01 -8.135800e+01
    endloop
  endfacet
  facet normal 0.000000e+00 1.000000e+00 0.000000e+00
    outer loop
      vertex   1.029182e+02 2.254440e+01 -8.135800e+01
      vertex   1.030548e+02 2.254440e+01 -7.447753e+01
      vertex   1.034236e+02 2.254440e+01 -7.450222e+01
    endloop
  endfacet
  facet normal 0.000000e+00 1.000000e+00 0.000000e+00
    outer loop
      vertex   1.029182e+02 2.254440e+01 -8.135800e+01
      vertex   1.034236e+02 2.254440e+01 -7.450222e+01
      vertex   1.037899e+02 2.254440e+01 -7.455149e+01
    endloop
  endfacet
  facet normal 0.000000e+00 1.000000e+00 -0.000000e+00
    outer loop
      vertex   1.027282e+02 2.254440e+01 -8.138108e+01
      vertex   1.005420e+02 2.254440e+01 -7.498829e+01
      vertex   1.028218e+02 2.254440e+01 -8.135800e+01
    endloop
  endfacet
  facet normal 0.000000e+00 1.000000e+00 0.000000e+00
    outer loop
      vertex   1.028218e+02 2.254440e+01 -8.135800e+01
      vertex   1.005420e+02 2.254440e+01 -7.498829e+01
      vertex   1.008822e+02 2.254440e+01 -7.484400e+01
    endloop
  endfacet
  facet normal 0.000000e+00 1.000000e+00 0.000000e+00
    outer loop
      vertex   1.028218e+02 2.254440e+01 -8.135800e+01
      vertex   1.008822e+02 2.254440e+01 -7.484400e+01
      vertex   1.012314e+02 2.254440e+01 -7.472276e+01
    endloop
  endfacet
  facet normal 0.000000e+00 1.000000e+00 -0.000000e+00
    outer loop
      vertex   1.026428e+02 2.254440e+01 -8.142589e+01
      vertex   9.876819e+01 2.254440e+01 -7.629522e+01
      vertex   1.027282e+02 2.254440e+01 -8.138108e+01
    endloop
  endfacet
  facet normal 0.000000e+00 1.000000e+00 0.000000e+00
    outer loop
      vertex   1.027282e+02 2.254440e+01 -8.138108e+01
      vertex   9.876819e+01 2.254440e+01 -7.629522e+01
      vertex   9.902514e+01 2.254440e+01 -7.602953e+01
    endloop
  endfacet
  facet normal 0.000000e+00 1.000000e+00 0.000000e+00
    outer loop
      vertex   1.027282e+02 2.254440e+01 -8.138108e+01
      vertex   9.902514e+01 2.254440e+01 -7.602953e+01
      vertex   9.929926e+01 2.254440e+01 -7.578160e+01
    endloop
  endfacet
  facet normal 0.000000e+00 1.000000e+00 -0.000000e+00
    outer loop
      vertex   1.025706e+02 2.254440e+01 -8.148984e+01
      vertex   9.764538e+01 2.254440e+01 -7.819090e+01
      vertex   1.026428e+02 2.254440e+01 -8.142589e+01
    endloop
  endfacet
  facet normal 0.000000e+00 1.000000e+00 0.000000e+00
    outer loop
      vertex   1.026428e+02 2.254440e+01 -8.142589e+01
      vertex   9.764538e+01 2.254440e+01 -7.819090e+01
      vertex   9.777822e+01 2.254440e+01 -7.784598e+01
    endloop
  endfacet
  facet normal 0.000000e+00 1.000000e+00 0.000000e+00
    outer loop
      vertex   1.026428e+02 2.254440e+01 -8.142589e+01
      vertex   9.777822e+01 2.254440e+01 -7.784598e+01
      vertex   9.793380e+01 2.254440e+01 -7.751071e+01
    endloop
  endfacet
  facet normal 0.000000e+00 1.000000e+00 -0.000000e+00
    outer loop
      vertex   1.025158e+02 2.254440e+01 -8.156920e+01
      vertex   9.735171e+01 2.254440e+01 -7.963568e+01
      vertex   1.025706e+02 2.254440e+01 -8.148984e+01
    endloop
  endfacet
  facet normal 0.000000e+00 1.000000e+00 0.000000e+00
    outer loop
      vertex   1.025706e+02 2.254440e+01 -8.148984e+01
      vertex   9.735171e+01 2.254440e+01 -7.963568e+01
      vertex   9.738871e+01 2.254440e+01 -7.926792e+01
    endloop
  endfacet
  facet normal 0.000000e+00 1.000000e+00 0.000000e+00
    outer loop
      vertex   1.025706e+02 2.254440e+01 -8.148984e+01
      vertex   9.738871e+01 2.254440e+01 -7.926792e+01
      vertex   9.745018e+01 2.254440e+01 -7.890346e+01
    endloop
  endfacet
  facet normal 0.000000e+00 1.000000e+00 -0.000000e+00
    outer loop
      vertex   1.024816e+02 2.254440e+01 -8.165936e+01
      vertex   9.753587e+01 2.254440e+01 -8.146625e+01
      vertex   1.025158e+02 2.254440e+01 -8.156920e+01
    endloop
  endfacet
  facet normal 0.000000e+00 1.000000e+00 0.000000e+00
    outer loop
      vertex   1.025158e+02 2.254440e+01 -8.156920e+01
      vertex   9.753587e+01 2.254440e+01 -8.146625e+01
      vertex   9.745018e+01 2.254440e+01 -8.110671e+01
    endloop
  endfacet
  facet normal 0.000000e+00 1.000000e+00 0.000000e+00
    outer loop
      vertex   1.025158e+02 2.254440e+01 -8.156920e+01
      vertex   9.745018e+01 2.254440e+01 -8.110671e+01
      vertex   9.738871e+01 2.254440e+01 -8.074225e+01
    endloop
  endfacet
  facet normal 0.000000e+00 1.000000e+00 -0.000000e+00
    outer loop
      vertex   1.024700e+02 2.254440e+01 -8.175509e+01
      vertex   9.793380e+01 2.254440e+01 -8.249946e+01
      vertex   1.024816e+02 2.254440e+01 -8.165936e+01
    endloop
  endfacet
  facet normal 0.000000e+00 1.000000e+00 0.000000e+00
    outer loop
      vertex   1.024816e+02 2.254440e+01 -8.165936e+01
      vertex   9.793380e+01 2.254440e+01 -8.249946e+01
      vertex   9.777822e+01 2.254440e+01 -8.216419e+01
    endloop
  endfacet
  facet normal 0.000000e+00 1.000000e+00 0.000000e+00
    outer loop
      vertex   1.024816e+02 2.254440e+01 -8.165936e+01
      vertex   9.777822e+01 2.254440e+01 -8.216419e+01
      vertex   9.764538e+01 2.254440e+01 -8.181927e+01
    endloop
  endfacet
  facet normal 0.000000e+00 1.000000e+00 -0.000000e+00
    outer loop
      vertex   1.024700e+02 2.254440e+01 -8.425509e+01
      vertex   9.989406e+01 2.254440e+01 -8.466682e+01
      vertex   1.024700e+02 2.254440e+01 -8.175509e+01
    endloop
  endfacet
  facet normal 0.000000e+00 1.000000e+00 0.000000e+00
    outer loop
      vertex   1.024700e+02 2.254440e+01 -8.175509e+01
      vertex   9.989406e+01 2.254440e+01 -8.466682e+01
      vertex   9.958934e+01 2.254440e+01 -8.445764e+01
    endloop
  endfacet
  facet normal 0.000000e+00 1.000000e+00 0.000000e+00
    outer loop
      vertex   1.024700e+02 2.254440e+01 -8.175509e+01
      vertex   9.958934e+01 2.254440e+01 -8.445764e+01
      vertex   9.929926e+01 2.254440e+01 -8.422857e+01
    endloop
  endfacet
  facet normal 0.000000e+00 1.000000e+00 0.000000e+00
    outer loop
      vertex   1.024816e+02 2.254440e+01 -8.435081e+01
      vertex   1.012314e+02 2.254440e+01 -8.528741e+01
      vertex   1.024700e+02 2.254440e+01 -8.425509e+01
    endloop
  endfacet
  facet normal 0.000000e+00 1.000000e+00 0.000000e+00
    outer loop
      vertex   1.024700e+02 2.254440e+01 -8.425509e+01
      vertex   1.012314e+02 2.254440e+01 -8.528741e+01
      vertex   1.008822e+02 2.254440e+01 -8.516617e+01
    endloop
  endfacet
  facet normal 0.000000e+00 1.000000e+00 0.000000e+00
    outer loop
      vertex   1.024700e+02 2.254440e+01 -8.425509e+01
      vertex   1.008822e+02 2.254440e+01 -8.516617e+01
      vertex   1.005420e+02 2.254440e+01 -8.502188e+01
    endloop
  endfacet
  facet normal -0.000000e+00 1.000000e+00 0.000000e+00
    outer loop
      vertex   1.012314e+02 2.254440e+01 -8.528741e+01
      vertex   1.024816e+02 2.254440e+01 -8.435081e+01
      vertex   1.015879e+02 2.254440e+01 -8.538506e+01
    endloop
  endfacet
  facet normal 0.000000e+00 1.000000e+00 0.000000e+00
    outer loop
      vertex   1.015879e+02 2.254440e+01 -8.538506e+01
      vertex   1.024816e+02 2.254440e+01 -8.435081e+01
      vertex   1.025158e+02 2.254440e+01 -8.444097e+01
    endloop
  endfacet
  facet normal -0.000000e+00 1.000000e+00 0.000000e+00
    outer loop
      vertex   1.015879e+02 2.254440e+01 -8.538506e+01
      vertex   1.025158e+02 2.254440e+01 -8.444097e+01
      vertex   1.019501e+02 2.254440e+01 -8.545868e+01
    endloop
  endfacet
  facet normal 0.000000e+00 1.000000e+00 0.000000e+00
    outer loop
      vertex   1.019501e+02 2.254440e+01 -8.545868e+01
      vertex   1.025158e+02 2.254440e+01 -8.444097e+01
      vertex   1.025706e+02 2.254440e+01 -8.452033e+01
    endloop
  endfacet
  facet normal -0.000000e+00 1.000000e+00 0.000000e+00
    outer loop
      vertex   1.019501e+02 2.254440e+01 -8.545868e+01
      vertex   1.025706e+02 2.254440e+01 -8.452033e+01
      vertex   1.023164e+02 2.254440e+01 -8.550795e+01
    endloop
  endfacet
  facet normal 0.000000e+00 1.000000e+00 0.000000e+00
    outer loop
      vertex   1.023164e+02 2.254440e+01 -8.550795e+01
      vertex   1.025706e+02 2.254440e+01 -8.452033e+01
      vertex   1.026428e+02 2.254440e+01 -8.458428e+01
    endloop
  endfacet
  facet normal 0.000000e+00 1.000000e+00 0.000000e+00
    outer loop
      vertex   1.023164e+02 2.254440e+01 -8.550795e+01
      vertex   1.026428e+02 2.254440e+01 -8.458428e+01
      vertex   1.027282e+02 2.254440e+01 -8.462909e+01
    endloop
  endfacet
  facet normal -0.000000e+00 1.000000e+00 0.000000e+00
    outer loop
      vertex   1.023164e+02 2.254440e+01 -8.550795e+01
      vertex   1.027282e+02 2.254440e+01 -8.462909e+01
      vertex   1.026852e+02 2.254440e+01 -8.553264e+01
    endloop
  endfacet
  facet normal 0.000000e+00 1.000000e+00 0.000000e+00
    outer loop
      vertex   1.026852e+02 2.254440e+01 -8.553264e+01
      vertex   1.027282e+02 2.254440e+01 -8.462909e+01
      vertex   1.028218e+02 2.254440e+01 -8.465217e+01
    endloop
  endfacet
  facet normal 0.000000e+00 1.000000e+00 0.000000e+00
    outer loop
      vertex   1.026852e+02 2.254440e+01 -8.553264e+01
      vertex   1.028218e+02 2.254440e+01 -8.465217e+01
      vertex   1.029182e+02 2.254440e+01 -8.465217e+01
    endloop
  endfacet
  facet normal 0.000000e+00 1.000000e+00 0.000000e+00
    outer loop
      vertex   1.026852e+02 2.254440e+01 -8.553264e+01
      vertex   1.029182e+02 2.254440e+01 -8.465217e+01
      vertex   1.030548e+02 2.254440e+01 -8.553264e+01
    endloop
  endfacet
  facet normal 0.000000e+00 1.000000e+00 0.000000e+00
    outer loop
      vertex   1.030548e+02 2.254440e+01 -8.553264e+01
      vertex   1.029182e+02 2.254440e+01 -8.465217e+01
      vertex   1.030118e+02 2.254440e+01 -8.462909e+01
    endloop
  endfacet
  facet normal 0.000000e+00 1.000000e+00 -0.000000e+00
    outer loop
      vertex   1.030548e+02 2.254440e+01 -8.553264e+01
      vertex   1.030118e+02 2.254440e+01 -8.462909e+01
      vertex   1.034236e+02 2.254440e+01 -8.550795e+01
    endloop
  endfacet
  facet normal 0.000000e+00 1.000000e+00 0.000000e+00
    outer loop
      vertex   1.034236e+02 2.254440e+01 -8.550795e+01
      vertex   1.030118e+02 2.254440e+01 -8.462909e+01
      vertex   1.030972e+02 2.254440e+01 -8.458428e+01
    endloop
  endfacet
  facet normal 0.000000e+00 1.000000e+00 0.000000e+00
    outer loop
      vertex   1.034236e+02 2.254440e+01 -8.550795e+01
      vertex   1.030972e+02 2.254440e+01 -8.458428e+01
      vertex   1.031694e+02 2.254440e+01 -8.452033e+01
    endloop
  endfacet
  facet normal 0.000000e+00 1.000000e+00 -0.000000e+00
    outer loop
      vertex   1.034236e+02 2.254440e+01 -8.550795e+01
      vertex   1.031694e+02 2.254440e+01 -8.452033e+01
      vertex   1.037899e+02 2.254440e+01 -8.545868e+01
    endloop
  endfacet
  facet normal 0.000000e+00 1.000000e+00 0.000000e+00
    outer loop
      vertex   1.037899e+02 2.254440e+01 -8.545868e+01
      vertex   1.031694e+02 2.254440e+01 -8.452033e+01
      vertex   1.032242e+02 2.254440e+01 -8.444097e+01
    endloop
  endfacet
  facet normal 0.000000e+00 1.000000e+00 -0.000000e+00
    outer loop
      vertex   1.037899e+02 2.254440e+01 -8.545868e+01
      vertex   1.032242e+02 2.254440e+01 -8.444097e+01
      vertex   1.041521e+02 2.254440e+01 -8.538506e+01
    endloop
  endfacet
  facet normal 0.000000e+00 1.000000e+00 0.000000e+00
    outer loop
      vertex   1.041521e+02 2.254440e+01 -8.538506e+01
      vertex   1.032242e+02 2.254440e+01 -8.444097e+01
      vertex   1.032584e+02 2.254440e+01 -8.435081e+01
    endloop
  endfacet
  facet normal 0.000000e+00 1.000000e+00 -0.000000e+00
    outer loop
      vertex   1.041521e+02 2.254440e+01 -8.538506e+01
      vertex   1.032584e+02 2.254440e+01 -8.435081e+01
      vertex   1.045086e+02 2.254440e+01 -8.528741e+01
    endloop
  endfacet
  facet normal 0.000000e+00 1.000000e+00 0.000000e+00
    outer loop
      vertex   1.045086e+02 2.254440e+01 -8.528741e+01
      vertex   1.032584e+02 2.254440e+01 -8.435081e+01
      vertex   1.032700e+02 2.254440e+01 -8.425509e+01
    endloop
  endfacet
  facet normal 0.000000e+00 1.000000e+00 -0.000000e+00
    outer loop
      vertex   1.045086e+02 2.254440e+01 -8.528741e+01
      vertex   1.032700e+02 2.254440e+01 -8.425509e+01
      vertex   1.048578e+02 2.254440e+01 -8.516617e+01
    endloop
  endfacet
  facet normal 0.000000e+00 1.000000e+00 -0.000000e+00
    outer loop
      vertex   1.048578e+02 2.254440e+01 -8.516617e+01
      vertex   1.032700e+02 2.254440e+01 -8.425509e+01
      vertex   1.051980e+02 2.254440e+01 -8.502188e+01
    endloop
  endfacet
  facet normal -0.000000e+00 1.000000e+00 -0.000000e+00
    outer loop
      vertex   9.735171e+01 2.254440e+01 -8.037449e+01
      vertex   9.733936e+01 2.254440e+01 -8.000509e+01
      vertex   1.025158e+02 2.254440e+01 -8.156920e+01
    endloop
  endfacet
  facet normal 0.000000e+00 1.000000e+00 0.000000e+00
    outer loop
      vertex   1.025158e+02 2.254440e+01 -8.156920e+01
      vertex   9.733936e+01 2.254440e+01 -8.000509e+01
      vertex   9.735171e+01 2.254440e+01 -7.963568e+01
    endloop
  endfacet
  facet normal -0.000000e+00 1.000000e+00 0.000000e+00
    outer loop
      vertex   9.745018e+01 2.254440e+01 -7.890346e+01
      vertex   9.753587e+01 2.254440e+01 -7.854392e+01
      vertex   1.025706e+02 2.254440e+01 -8.148984e+01
    endloop
  endfacet
  facet normal 0.000000e+00 1.000000e+00 0.000000e+00
    outer loop
      vertex   1.025706e+02 2.254440e+01 -8.148984e+01
      vertex   9.753587e+01 2.254440e+01 -7.854392e+01
      vertex   9.764538e+01 2.254440e+01 -7.819090e+01
    endloop
  endfacet
  facet normal -0.000000e+00 1.000000e+00 0.000000e+00
    outer loop
      vertex   9.793380e+01 2.254440e+01 -7.751071e+01
      vertex   9.811143e+01 2.254440e+01 -7.718658e+01
      vertex   1.026428e+02 2.254440e+01 -8.142589e+01
    endloop
  endfacet
  facet normal 0.000000e+00 1.000000e+00 0.000000e+00
    outer loop
      vertex   1.026428e+02 2.254440e+01 -8.142589e+01
      vertex   9.811143e+01 2.254440e+01 -7.718658e+01
      vertex   9.831031e+01 2.254440e+01 -7.687504e+01
    endloop
  endfacet
  facet normal 0.000000e+00 1.000000e+00 0.000000e+00
    outer loop
      vertex   1.026428e+02 2.254440e+01 -8.142589e+01
      vertex   9.831031e+01 2.254440e+01 -7.687504e+01
      vertex   9.852956e+01 2.254440e+01 -7.657747e+01
    endloop
  endfacet
  facet normal -0.000000e+00 1.000000e+00 0.000000e+00
    outer loop
      vertex   9.852956e+01 2.254440e+01 -7.657747e+01
      vertex   9.876819e+01 2.254440e+01 -7.629522e+01
      vertex   1.026428e+02 2.254440e+01 -8.142589e+01
    endloop
  endfacet
  facet normal -0.000000e+00 1.000000e+00 0.000000e+00
    outer loop
      vertex   9.929926e+01 2.254440e+01 -7.578160e+01
      vertex   9.958934e+01 2.254440e+01 -7.555253e+01
      vertex   1.027282e+02 2.254440e+01 -8.138108e+01
    endloop
  endfacet
  facet normal 0.000000e+00 1.000000e+00 0.000000e+00
    outer loop
      vertex   1.027282e+02 2.254440e+01 -8.138108e+01
      vertex   9.958934e+01 2.254440e+01 -7.555253e+01
      vertex   9.989406e+01 2.254440e+01 -7.534335e+01
    endloop
  endfacet
  facet normal 0.000000e+00 1.000000e+00 0.000000e+00
    outer loop
      vertex   1.027282e+02 2.254440e+01 -8.138108e+01
      vertex   9.989406e+01 2.254440e+01 -7.534335e+01
      vertex   1.002121e+02 2.254440e+01 -7.515499e+01
    endloop
  endfacet
  facet normal -0.000000e+00 1.000000e+00 0.000000e+00
    outer loop
      vertex   1.002121e+02 2.254440e+01 -7.515499e+01
      vertex   1.005420e+02 2.254440e+01 -7.498829e+01
      vertex   1.027282e+02 2.254440e+01 -8.138108e+01
    endloop
  endfacet
  facet normal -0.000000e+00 1.000000e+00 0.000000e+00
    outer loop
      vertex   1.012314e+02 2.254440e+01 -7.472276e+01
      vertex   1.015879e+02 2.254440e+01 -7.462511e+01
      vertex   1.028218e+02 2.254440e+01 -8.135800e+01
    endloop
  endfacet
  facet normal 0.000000e+00 1.000000e+00 0.000000e+00
    outer loop
      vertex   1.028218e+02 2.254440e+01 -8.135800e+01
      vertex   1.015879e+02 2.254440e+01 -7.462511e+01
      vertex   1.019501e+02 2.254440e+01 -7.455149e+01
    endloop
  endfacet
  facet normal 0.000000e+00 1.000000e+00 0.000000e+00
    outer loop
      vertex   1.028218e+02 2.254440e+01 -8.135800e+01
      vertex   1.019501e+02 2.254440e+01 -7.455149e+01
      vertex   1.023164e+02 2.254440e+01 -7.450222e+01
    endloop
  endfacet
  facet normal -0.000000e+00 1.000000e+00 0.000000e+00
    outer loop
      vertex   1.023164e+02 2.254440e+01 -7.450222e+01
      vertex   1.026852e+02 2.254440e+01 -7.447753e+01
      vertex   1.028218e+02 2.254440e+01 -8.135800e+01
    endloop
  endfacet
  facet normal 0.000000e+00 1.000000e+00 -0.000000e+00
    outer loop
      vertex   1.028218e+02 2.254440e+01 -8.135800e+01
      vertex   1.026852e+02 2.254440e+01 -7.447753e+01
      vertex   1.030548e+02 2.254440e+01 -7.447753e+01
    endloop
  endfacet
  facet normal 0.000000e+00 1.000000e+00 0.000000e+00
    outer loop
      vertex   1.037899e+02 2.254440e+01 -7.455149e+01
      vertex   1.041521e+02 2.254440e+01 -7.462511e+01
      vertex   1.029182e+02 2.254440e+01 -8.135800e+01
    endloop
  endfacet
  facet normal 0.000000e+00 1.000000e+00 0.000000e+00
    outer loop
      vertex   1.029182e+02 2.254440e+01 -8.135800e+01
      vertex   1.041521e+02 2.254440e+01 -7.462511e+01
      vertex   1.045086e+02 2.254440e+01 -7.472276e+01
    endloop
  endfacet
  facet normal 0.000000e+00 1.000000e+00 0.000000e+00
    outer loop
      vertex   1.029182e+02 2.254440e+01 -8.135800e+01
      vertex   1.045086e+02 2.254440e+01 -7.472276e+01
      vertex   1.048578e+02 2.254440e+01 -7.484400e+01
    endloop
  endfacet
  facet normal 0.000000e+00 1.000000e+00 0.000000e+00
    outer loop
      vertex   1.048578e+02 2.254440e+01 -7.484400e+01
      vertex   1.051980e+02 2.254440e+01 -7.498829e+01
      vertex   1.029182e+02 2.254440e+01 -8.135800e+01
    endloop
  endfacet
  facet normal 0.000000e+00 1.000000e+00 0.000000e+00
    outer loop
      vertex   1.058459e+02 2.254440e+01 -7.534335e+01
      vertex   1.061507e+02 2.254440e+01 -7.555253e+01
      vertex   1.030118e+02 2.254440e+01 -8.138108e+01
    endloop
  endfacet
  facet normal 0.000000e+00 1.000000e+00 0.000000e+00
    outer loop
      vertex   1.030118e+02 2.254440e+01 -8.138108e+01
      vertex   1.061507e+02 2.254440e+01 -7.555253e+01
      vertex   1.064407e+02 2.254440e+01 -7.578160e+01
    endloop
  endfacet
  facet normal 0.000000e+00 1.000000e+00 0.000000e+00
    outer loop
      vertex   1.030118e+02 2.254440e+01 -8.138108e+01
      vertex   1.064407e+02 2.254440e+01 -7.578160e+01
      vertex   1.067149e+02 2.254440e+01 -7.602953e+01
    endloop
  endfacet
  facet normal 0.000000e+00 1.000000e+00 0.000000e+00
    outer loop
      vertex   1.067149e+02 2.254440e+01 -7.602953e+01
      vertex   1.069718e+02 2.254440e+01 -7.629522e+01
      vertex   1.030118e+02 2.254440e+01 -8.138108e+01
    endloop
  endfacet
  facet normal 0.000000e+00 1.000000e+00 0.000000e+00
    outer loop
      vertex   1.074297e+02 2.254440e+01 -7.687504e+01
      vertex   1.076286e+02 2.254440e+01 -7.718658e+01
      vertex   1.030972e+02 2.254440e+01 -8.142589e+01
    endloop
  endfacet
  facet normal 0.000000e+00 1.000000e+00 0.000000e+00
    outer loop
      vertex   1.030972e+02 2.254440e+01 -8.142589e+01
      vertex   1.076286e+02 2.254440e+01 -7.718658e+01
      vertex   1.078062e+02 2.254440e+01 -7.751071e+01
    endloop
  endfacet
  facet normal 0.000000e+00 1.000000e+00 0.000000e+00
    outer loop
      vertex   1.030972e+02 2.254440e+01 -8.142589e+01
      vertex   1.078062e+02 2.254440e+01 -7.751071e+01
      vertex   1.079618e+02 2.254440e+01 -7.784598e+01
    endloop
  endfacet
  facet normal 0.000000e+00 1.000000e+00 0.000000e+00
    outer loop
      vertex   1.079618e+02 2.254440e+01 -7.784598e+01
      vertex   1.080946e+02 2.254440e+01 -7.819090e+01
      vertex   1.030972e+02 2.254440e+01 -8.142589e+01
    endloop
  endfacet
  facet normal 0.000000e+00 1.000000e+00 0.000000e+00
    outer loop
      vertex   1.082898e+02 2.254440e+01 -7.890346e+01
      vertex   1.083513e+02 2.254440e+01 -7.926792e+01
      vertex   1.031694e+02 2.254440e+01 -8.148984e+01
    endloop
  endfacet
  facet normal 0.000000e+00 1.000000e+00 0.000000e+00
    outer loop
      vertex   1.031694e+02 2.254440e+01 -8.148984e+01
      vertex   1.083513e+02 2.254440e+01 -7.926792e+01
      vertex   1.083883e+02 2.254440e+01 -7.963568e+01
    endloop
  endfacet
  facet normal 0.000000e+00 1.000000e+00 0.000000e+00
    outer loop
      vertex   1.083883e+02 2.254440e+01 -8.037449e+01
      vertex   1.083513e+02 2.254440e+01 -8.074225e+01
      vertex   1.032242e+02 2.254440e+01 -8.156920e+01
    endloop
  endfacet
  facet normal 0.000000e+00 1.000000e+00 0.000000e+00
    outer loop
      vertex   1.032242e+02 2.254440e+01 -8.156920e+01
      vertex   1.083513e+02 2.254440e+01 -8.074225e+01
      vertex   1.082898e+02 2.254440e+01 -8.110671e+01
    endloop
  endfacet
  facet normal 0.000000e+00 1.000000e+00 0.000000e+00
    outer loop
      vertex   1.032242e+02 2.254440e+01 -8.156920e+01
      vertex   1.082898e+02 2.254440e+01 -8.110671e+01
      vertex   1.082041e+02 2.254440e+01 -8.146625e+01
    endloop
  endfacet
  facet normal 0.000000e+00 1.000000e+00 0.000000e+00
    outer loop
      vertex   1.079618e+02 2.254440e+01 -8.216419e+01
      vertex   1.078062e+02 2.254440e+01 -8.249946e+01
      vertex   1.032584e+02 2.254440e+01 -8.165936e+01
    endloop
  endfacet
  facet normal 0.000000e+00 1.000000e+00 0.000000e+00
    outer loop
      vertex   1.074297e+02 2.254440e+01 -8.313513e+01
      vertex   1.072104e+02 2.254440e+01 -8.343270e+01
      vertex   1.032700e+02 2.254440e+01 -8.175509e+01
    endloop
  endfacet
  facet normal 0.000000e+00 1.000000e+00 0.000000e+00
    outer loop
      vertex   1.032700e+02 2.254440e+01 -8.175509e+01
      vertex   1.072104e+02 2.254440e+01 -8.343270e+01
      vertex   1.069718e+02 2.254440e+01 -8.371495e+01
    endloop
  endfacet
  facet normal 0.000000e+00 1.000000e+00 0.000000e+00
    outer loop
      vertex   1.032700e+02 2.254440e+01 -8.175509e+01
      vertex   1.069718e+02 2.254440e+01 -8.371495e+01
      vertex   1.067149e+02 2.254440e+01 -8.398064e+01
    endloop
  endfacet
  facet normal 0.000000e+00 1.000000e+00 0.000000e+00
    outer loop
      vertex   1.067149e+02 2.254440e+01 -8.398064e+01
      vertex   1.064407e+02 2.254440e+01 -8.422857e+01
      vertex   1.032700e+02 2.254440e+01 -8.175509e+01
    endloop
  endfacet
  facet normal 0.000000e+00 1.000000e+00 0.000000e+00
    outer loop
      vertex   1.032700e+02 2.254440e+01 -8.175509e+01
      vertex   1.064407e+02 2.254440e+01 -8.422857e+01
      vertex   1.061507e+02 2.254440e+01 -8.445764e+01
    endloop
  endfacet
  facet normal 0.000000e+00 1.000000e+00 0.000000e+00
    outer loop
      vertex   1.032700e+02 2.254440e+01 -8.175509e+01
      vertex   1.061507e+02 2.254440e+01 -8.445764e+01
      vertex   1.058459e+02 2.254440e+01 -8.466682e+01
    endloop
  endfacet
  facet normal 0.000000e+00 1.000000e+00 -0.000000e+00
    outer loop
      vertex   1.005420e+02 2.254440e+01 -8.502188e+01
      vertex   1.002121e+02 2.254440e+01 -8.485518e+01
      vertex   1.024700e+02 2.254440e+01 -8.425509e+01
    endloop
  endfacet
  facet normal 0.000000e+00 1.000000e+00 0.000000e+00
    outer loop
      vertex   1.024700e+02 2.254440e+01 -8.425509e+01
      vertex   1.002121e+02 2.254440e+01 -8.485518e+01
      vertex   9.989406e+01 2.254440e+01 -8.466682e+01
    endloop
  endfacet
  facet normal 0.000000e+00 1.000000e+00 -0.000000e+00
    outer loop
      vertex   9.929926e+01 2.254440e+01 -8.422857e+01
      vertex   9.902514e+01 2.254440e+01 -8.398064e+01
      vertex   1.024700e+02 2.254440e+01 -8.175509e+01
    endloop
  endfacet
  facet normal 0.000000e+00 1.000000e+00 0.000000e+00
    outer loop
      vertex   1.024700e+02 2.254440e+01 -8.175509e+01
      vertex   9.902514e+01 2.254440e+01 -8.398064e+01
      vertex   9.876819e+01 2.254440e+01 -8.371495e+01
    endloop
  endfacet
  facet normal 0.000000e+00 1.000000e+00 0.000000e+00
    outer loop
      vertex   1.024700e+02 2.254440e+01 -8.175509e+01
      vertex   9.876819e+01 2.254440e+01 -8.371495e+01
      vertex   9.852956e+01 2.254440e+01 -8.343270e+01
    endloop
  endfacet
  facet normal 0.000000e+00 1.000000e+00 -0.000000e+00
    outer loop
      vertex   9.852956e+01 2.254440e+01 -8.343270e+01
      vertex   9.831031e+01 2.254440e+01 -8.313513e+01
      vertex   1.024700e+02 2.254440e+01 -8.175509e+01
    endloop
  endfacet
  facet normal 0.000000e+00 1.000000e+00 0.000000e+00
    outer loop
      vertex   1.024700e+02 2.254440e+01 -8.175509e+01
      vertex   9.831031e+01 2.254440e+01 -8.313513e+01
      vertex   9.811143e+01 2.254440e+01 -8.282359e+01
    endloop
  endfacet
  facet normal 0.000000e+00 1.000000e+00 0.000000e+00
    outer loop
      vertex   1.024700e+02 2.254440e+01 -8.175509e+01
      vertex   9.811143e+01 2.254440e+01 -8.282359e+01
      vertex   9.793380e+01 2.254440e+01 -8.249946e+01
    endloop
  endfacet
  facet normal 0.000000e+00 1.000000e+00 -0.000000e+00
    outer loop
      vertex   9.764538e+01 2.254440e+01 -8.181927e+01
      vertex   9.753587e+01 2.254440e+01 -8.146625e+01
      vertex   1.024816e+02 2.254440e+01 -8.165936e+01
    endloop
  endfacet
  facet normal -0.000000e+00 1.000000e+00 -0.000000e+00
    outer loop
      vertex   9.738871e+01 2.254440e+01 -8.074225e+01
      vertex   9.735171e+01 2.254440e+01 -8.037449e+01
      vertex   1.025158e+02 2.254440e+01 -8.156920e+01
    endloop
  endfacet
  facet normal -1.000000e+00 -0.000000e+00 -0.000000e+00
    outer loop
      vertex   1.032700e+02 2.254440e+01 -8.175509e+01
      vertex   1.032700e+02 2.254440e+01 -8.425509e+01
      vertex   1.032700e+02 2.204440e+01 -8.175509e+01
    endloop
  endfacet
  facet normal -1.000000e+00 0.000000e+00 0.000000e+00
    outer loop
      vertex   1.032700e+02 2.204440e+01 -8.175509e+01
      vertex   1.032700e+02 2.254440e+01 -8.425509e+01
      vertex   1.032700e+02 2.204440e+01 -8.425509e+01
    endloop
  endfacet
  facet normal -9.927089e-01 0.000000e+00 1.205367e-01
    outer loop
      vertex   1.032700e+02 2.204440e+01 -8.425509e+01
      vertex   1.032700e+02 2.254440e+01 -8.425509e+01
      vertex   1.032584e+02 2.204440e+01 -8.435081e+01
    endloop
  endfacet
  facet normal -9.927089e-01 0.000000e+00 1.205367e-01
    outer loop
      vertex   1.032584e+02 2.204440e+01 -8.435081e+01
      vertex   1.032700e+02 2.254440e+01 -8.425509e+01
      vertex   1.032584e+02 2.254440e+01 -8.435081e+01
    endloop
  endfacet
  facet normal -9.350162e-01 0.000000e+00 3.546049e-01
    outer loop
      vertex   1.032584e+02 2.204440e+01 -8.435081e+01
      vertex   1.032584e+02 2.254440e+01 -8.435081e+01
      vertex   1.032242e+02 2.204440e+01 -8.444097e+01
    endloop
  endfacet
  facet normal -9.350162e-01 0.000000e+00 3.546049e-01
    outer loop
      vertex   1.032242e+02 2.204440e+01 -8.444097e+01
      vertex   1.032584e+02 2.254440e+01 -8.435081e+01
      vertex   1.032242e+02 2.254440e+01 -8.444097e+01
    endloop
  endfacet
  facet normal -8.229839e-01 0.000000e+00 5.680647e-01
    outer loop
      vertex   1.032242e+02 2.204440e+01 -8.444097e+01
      vertex   1.032242e+02 2.254440e+01 -8.444097e+01
      vertex   1.031694e+02 2.204440e+01 -8.452033e+01
    endloop
  endfacet
  facet normal -8.229839e-01 0.000000e+00 5.680647e-01
    outer loop
      vertex   1.031694e+02 2.204440e+01 -8.452033e+01
      vertex   1.032242e+02 2.254440e+01 -8.444097e+01
      vertex   1.031694e+02 2.254440e+01 -8.452033e+01
    endloop
  endfacet
  facet normal -6.631227e-01 0.000000e+00 7.485107e-01
    outer loop
      vertex   1.031694e+02 2.204440e+01 -8.452033e+01
      vertex   1.031694e+02 2.254440e+01 -8.452033e+01
      vertex   1.030972e+02 2.204440e+01 -8.458428e+01
    endloop
  endfacet
  facet normal -6.631227e-01 0.000000e+00 7.485107e-01
    outer loop
      vertex   1.030972e+02 2.204440e+01 -8.458428e+01
      vertex   1.031694e+02 2.254440e+01 -8.452033e+01
      vertex   1.030972e+02 2.254440e+01 -8.458428e+01
    endloop
  endfacet
  facet normal -4.647232e-01 0.000000e+00 8.854560e-01
    outer loop
      vertex   1.030972e+02 2.204440e+01 -8.458428e+01
      vertex   1.030972e+02 2.254440e+01 -8.458428e+01
      vertex   1.030118e+02 2.204440e+01 -8.462909e+01
    endloop
  endfacet
  facet normal -4.647232e-01 0.000000e+00 8.854560e-01
    outer loop
      vertex   1.030118e+02 2.204440e+01 -8.462909e+01
      vertex   1.030972e+02 2.254440e+01 -8.458428e+01
      vertex   1.030118e+02 2.254440e+01 -8.462909e+01
    endloop
  endfacet
  facet normal -2.393157e-01 0.000000e+00 9.709418e-01
    outer loop
      vertex   1.030118e+02 2.204440e+01 -8.462909e+01
      vertex   1.030118e+02 2.254440e+01 -8.462909e+01
      vertex   1.029182e+02 2.204440e+01 -8.465217e+01
    endloop
  endfacet
  facet normal -2.393157e-01 0.000000e+00 9.709418e-01
    outer loop
      vertex   1.029182e+02 2.204440e+01 -8.465217e+01
      vertex   1.030118e+02 2.254440e+01 -8.462909e+01
      vertex   1.029182e+02 2.254440e+01 -8.465217e+01
    endloop
  endfacet
  facet normal 0.000000e+00 -0.000000e+00 1.000000e+00
    outer loop
      vertex   1.029182e+02 2.204440e+01 -8.465217e+01
      vertex   1.029182e+02 2.254440e+01 -8.465217e+01
      vertex   1.028218e+02 2.204440e+01 -8.465217e+01
    endloop
  endfacet
  facet normal 0.000000e+00 0.000000e+00 1.000000e+00
    outer loop
      vertex   1.028218e+02 2.204440e+01 -8.465217e+01
      vertex   1.029182e+02 2.254440e+01 -8.465217e+01
      vertex   1.028218e+02 2.254440e+01 -8.465217e+01
    endloop
  endfacet
  facet normal 2.393157e-01 -0.000000e+00 9.709418e-01
    outer loop
      vertex   1.028218e+02 2.204440e+01 -8.465217e+01
      vertex   1.028218e+02 2.254440e+01 -8.465217e+01
      vertex   1.027282e+02 2.204440e+01 -8.462909e+01
    endloop
  endfacet
  facet normal 2.393157e-01 -0.000000e+00 9.709418e-01
    outer loop
      vertex   1.027282e+02 2.204440e+01 -8.462909e+01
      vertex   1.028218e+02 2.254440e+01 -8.465217e+01
      vertex   1.027282e+02 2.254440e+01 -8.462909e+01
    endloop
  endfacet
  facet normal 4.647232e-01 -0.000000e+00 8.854560e-01
    outer loop
      vertex   1.027282e+02 2.204440e+01 -8.462909e+01
      vertex   1.027282e+02 2.254440e+01 -8.462909e+01
      vertex   1.026428e+02 2.204440e+01 -8.458428e+01
    endloop
  endfacet
  facet normal 4.647232e-01 -0.000000e+00 8.854560e-01
    outer loop
      vertex   1.026428e+02 2.204440e+01 -8.458428e+01
      vertex   1.027282e+02 2.254440e+01 -8.462909e+01
      vertex   1.026428e+02 2.254440e+01 -8.458428e+01
    endloop
  endfacet
  facet normal 6.631227e-01 -0.000000e+00 7.485107e-01
    outer loop
      vertex   1.026428e+02 2.204440e+01 -8.458428e+01
      vertex   1.026428e+02 2.254440e+01 -8.458428e+01
      vertex   1.025706e+02 2.204440e+01 -8.452033e+01
    endloop
  endfacet
  facet normal 6.631227e-01 -0.000000e+00 7.485107e-01
    outer loop
      vertex   1.025706e+02 2.204440e+01 -8.452033e+01
      vertex   1.026428e+02 2.254440e+01 -8.458428e+01
      vertex   1.025706e+02 2.254440e+01 -8.452033e+01
    endloop
  endfacet
  facet normal 8.229839e-01 -0.000000e+00 5.680647e-01
    outer loop
      vertex   1.025706e+02 2.204440e+01 -8.452033e+01
      vertex   1.025706e+02 2.254440e+01 -8.452033e+01
      vertex   1.025158e+02 2.204440e+01 -8.444097e+01
    endloop
  endfacet
  facet normal 8.229839e-01 -0.000000e+00 5.680647e-01
    outer loop
      vertex   1.025158e+02 2.204440e+01 -8.444097e+01
      vertex   1.025706e+02 2.254440e+01 -8.452033e+01
      vertex   1.025158e+02 2.254440e+01 -8.444097e+01
    endloop
  endfacet
  facet normal 9.350162e-01 -0.000000e+00 3.546049e-01
    outer loop
      vertex   1.025158e+02 2.204440e+01 -8.444097e+01
      vertex   1.025158e+02 2.254440e+01 -8.444097e+01
      vertex   1.024816e+02 2.204440e+01 -8.435081e+01
    endloop
  endfacet
  facet normal 9.350162e-01 -0.000000e+00 3.546049e-01
    outer loop
      vertex   1.024816e+02 2.204440e+01 -8.435081e+01
      vertex   1.025158e+02 2.254440e+01 -8.444097e+01
      vertex   1.024816e+02 2.254440e+01 -8.435081e+01
    endloop
  endfacet
  facet normal 9.927089e-01 -0.000000e+00 1.205367e-01
    outer loop
      vertex   1.024816e+02 2.204440e+01 -8.435081e+01
      vertex   1.024816e+02 2.254440e+01 -8.435081e+01
      vertex   1.024700e+02 2.204440e+01 -8.425509e+01
    endloop
  endfacet
  facet normal 9.927089e-01 -0.000000e+00 1.205367e-01
    outer loop
      vertex   1.024700e+02 2.204440e+01 -8.425509e+01
      vertex   1.024816e+02 2.254440e+01 -8.435081e+01
      vertex   1.024700e+02 2.254440e+01 -8.425509e+01
    endloop
  endfacet
  facet normal 1.000000e+00 0.000000e+00 -0.000000e+00
    outer loop
      vertex   1.024700e+02 2.254440e+01 -8.425509e+01
      vertex   1.024700e+02 2.254440e+01 -8.175509e+01
      vertex   1.024700e+02 2.204440e+01 -8.425509e+01
    endloop
  endfacet
  facet normal 1.000000e+00 0.000000e+00 0.000000e+00
    outer loop
      vertex   1.024700e+02 2.204440e+01 -8.425509e+01
      vertex   1.024700e+02 2.254440e+01 -8.175509e+01
      vertex   1.024700e+02 2.204440e+01 -8.175509e+01
    endloop
  endfacet
  facet normal 9.927089e-01 0.000000e+00 -1.205367e-01
    outer loop
      vertex   1.024700e+02 2.204440e+01 -8.175509e+01
      vertex   1.024700e+02 2.254440e+01 -8.175509e+01
      vertex   1.024816e+02 2.204440e+01 -8.165936e+01
    endloop
  endfacet
  facet normal 9.927089e-01 0.000000e+00 -1.205367e-01
    outer loop
      vertex   1.024816e+02 2.204440e+01 -8.165936e+01
      vertex   1.024700e+02 2.254440e+01 -8.175509e+01
      vertex   1.024816e+02 2.254440e+01 -8.165936e+01
    endloop
  endfacet
  facet normal 9.350162e-01 0.000000e+00 -3.546049e-01
    outer loop
      vertex   1.024816e+02 2.204440e+01 -8.165936e+01
      vertex   1.024816e+02 2.254440e+01 -8.165936e+01
      vertex   1.025158e+02 2.204440e+01 -8.156920e+01
    endloop
  endfacet
  facet normal 9.350162e-01 0.000000e+00 -3.546049e-01
    outer loop
      vertex   1.025158e+02 2.204440e+01 -8.156920e+01
      vertex   1.024816e+02 2.254440e+01 -8.165936e+01
      vertex   1.025158e+02 2.254440e+01 -8.156920e+01
    endloop
  endfacet
  facet normal 8.229839e-01 0.000000e+00 -5.680647e-01
    outer loop
      vertex   1.025158e+02 2.204440e+01 -8.156920e+01
      vertex   1.025158e+02 2.254440e+01 -8.156920e+01
      vertex   1.025706e+02 2.204440e+01 -8.148984e+01
    endloop
  endfacet
  facet normal 8.229839e-01 0.000000e+00 -5.680647e-01
    outer loop
      vertex   1.025706e+02 2.204440e+01 -8.148984e+01
      vertex   1.025158e+02 2.254440e+01 -8.156920e+01
      vertex   1.025706e+02 2.254440e+01 -8.148984e+01
    endloop
  endfacet
  facet normal 6.631227e-01 0.000000e+00 -7.485107e-01
    outer loop
      vertex   1.025706e+02 2.204440e+01 -8.148984e+01
      vertex   1.025706e+02 2.254440e+01 -8.148984e+01
      vertex   1.026428e+02 2.204440e+01 -8.142589e+01
    endloop
  endfacet
  facet normal 6.631227e-01 0.000000e+00 -7.485107e-01
    outer loop
      vertex   1.026428e+02 2.204440e+01 -8.142589e+01
      vertex   1.025706e+02 2.254440e+01 -8.148984e+01
      vertex   1.026428e+02 2.254440e+01 -8.142589e+01
    endloop
  endfacet
  facet normal 4.647232e-01 0.000000e+00 -8.854560e-01
    outer loop
      vertex   1.026428e+02 2.204440e+01 -8.142589e+01
      vertex   1.026428e+02 2.254440e+01 -8.142589e+01
      vertex   1.027282e+02 2.204440e+01 -8.138108e+01
    endloop
  endfacet
  facet normal 4.647232e-01 0.000000e+00 -8.854560e-01
    outer loop
      vertex   1.027282e+02 2.204440e+01 -8.138108e+01
      vertex   1.026428e+02 2.254440e+01 -8.142589e+01
      vertex   1.027282e+02 2.254440e+01 -8.138108e+01
    endloop
  endfacet
  facet normal 2.393157e-01 0.000000e+00 -9.709418e-01
    outer loop
      vertex   1.027282e+02 2.204440e+01 -8.138108e+01
      vertex   1.027282e+02 2.254440e+01 -8.138108e+01
      vertex   1.028218e+02 2.204440e+01 -8.135800e+01
    endloop
  endfacet
  facet normal 2.393157e-01 0.000000e+00 -9.709418e-01
    outer loop
      vertex   1.028218e+02 2.204440e+01 -8.135800e+01
      vertex   1.027282e+02 2.254440e+01 -8.138108e+01
      vertex   1.028218e+02 2.254440e+01 -8.135800e+01
    endloop
  endfacet
  facet normal 0.000000e+00 0.000000e+00 -1.000000e+00
    outer loop
      vertex   1.028218e+02 2.204440e+01 -8.135800e+01
      vertex   1.028218e+02 2.254440e+01 -8.135800e+01
      vertex   1.029182e+02 2.204440e+01 -8.135800e+01
    endloop
  endfacet
  facet normal 0.000000e+00 0.000000e+00 -1.000000e+00
    outer loop
      vertex   1.029182e+02 2.204440e+01 -8.135800e+01
      vertex   1.028218e+02 2.254440e+01 -8.135800e+01
      vertex   1.029182e+02 2.254440e+01 -8.135800e+01
    endloop
  endfacet
  facet normal -2.393157e-01 0.000000e+00 -9.709418e-01
    outer loop
      vertex   1.029182e+02 2.204440e+01 -8.135800e+01
      vertex   1.029182e+02 2.254440e+01 -8.135800e+01
      vertex   1.030118e+02 2.204440e+01 -8.138108e+01
    endloop
  endfacet
  facet normal -2.393157e-01 0.000000e+00 -9.709418e-01
    outer loop
      vertex   1.030118e+02 2.204440e+01 -8.138108e+01
      vertex   1.029182e+02 2.254440e+01 -8.135800e+01
      vertex   1.030118e+02 2.254440e+01 -8.138108e+01
    endloop
  endfacet
  facet normal -4.647232e-01 0.000000e+00 -8.854560e-01
    outer loop
      vertex   1.030118e+02 2.204440e+01 -8.138108e+01
      vertex   1.030118e+02 2.254440e+01 -8.138108e+01
      vertex   1.030972e+02 2.204440e+01 -8.142589e+01
    endloop
  endfacet
  facet normal -4.647232e-01 0.000000e+00 -8.854560e-01
    outer loop
      vertex   1.030972e+02 2.204440e+01 -8.142589e+01
      vertex   1.030118e+02 2.254440e+01 -8.138108e+01
      vertex   1.030972e+02 2.254440e+01 -8.142589e+01
    endloop
  endfacet
  facet normal -6.631227e-01 0.000000e+00 -7.485107e-01
    outer loop
      vertex   1.030972e+02 2.204440e+01 -8.142589e+01
      vertex   1.030972e+02 2.254440e+01 -8.142589e+01
      vertex   1.031694e+02 2.204440e+01 -8.148984e+01
    endloop
  endfacet
  facet normal -6.631227e-01 0.000000e+00 -7.485107e-01
    outer loop
      vertex   1.031694e+02 2.204440e+01 -8.148984e+01
      vertex   1.030972e+02 2.254440e+01 -8.142589e+01
      vertex   1.031694e+02 2.254440e+01 -8.148984e+01
    endloop
  endfacet
  facet normal -8.229839e-01 0.000000e+00 -5.680647e-01
    outer loop
      vertex   1.031694e+02 2.204440e+01 -8.148984e+01
      vertex   1.031694e+02 2.254440e+01 -8.148984e+01
      vertex   1.032242e+02 2.204440e+01 -8.156920e+01
    endloop
  endfacet
  facet normal -8.229839e-01 0.000000e+00 -5.680647e-01
    outer loop
      vertex   1.032242e+02 2.204440e+01 -8.156920e+01
      vertex   1.031694e+02 2.254440e+01 -8.148984e+01
      vertex   1.032242e+02 2.254440e+01 -8.156920e+01
    endloop
  endfacet
  facet normal -9.350162e-01 0.000000e+00 -3.546049e-01
    outer loop
      vertex   1.032242e+02 2.204440e+01 -8.156920e+01
      vertex   1.032242e+02 2.254440e+01 -8.156920e+01
      vertex   1.032584e+02 2.204440e+01 -8.165936e+01
    endloop
  endfacet
  facet normal -9.350162e-01 0.000000e+00 -3.546049e-01
    outer loop
      vertex   1.032584e+02 2.204440e+01 -8.165936e+01
      vertex   1.032242e+02 2.254440e+01 -8.156920e+01
      vertex   1.032584e+02 2.254440e+01 -8.165936e+01
    endloop
  endfacet
  facet normal -9.927089e-01 0.000000e+00 -1.205367e-01
    outer loop
      vertex   1.032584e+02 2.204440e+01 -8.165936e+01
      vertex   1.032584e+02 2.254440e+01 -8.165936e+01
      vertex   1.032700e+02 2.204440e+01 -8.175509e+01
    endloop
  endfacet
  facet normal -9.927089e-01 0.000000e+00 -1.205367e-01
    outer loop
      vertex   1.032700e+02 2.204440e+01 -8.175509e+01
      vertex   1.032584e+02 2.254440e+01 -8.165936e+01
      vertex   1.032700e+02 2.254440e+01 -8.175509e+01
    endloop
  endfacet
  facet normal -0.000000e+00 1.000000e+00 0.000000e+00
    outer loop
      vertex   1.024816e+02 2.204440e+01 -8.165936e+01
      vertex   1.025158e+02 2.204440e+01 -8.156920e+01
      vertex   1.024700e+02 2.204440e+01 -8.175509e+01
    endloop
  endfacet
  facet normal 0.000000e+00 1.000000e+00 0.000000e+00
    outer loop
      vertex   1.024700e+02 2.204440e+01 -8.175509e+01
      vertex   1.025158e+02 2.204440e+01 -8.156920e+01
      vertex   1.025706e+02 2.204440e+01 -8.148984e+01
    endloop
  endfacet
  facet normal 0.000000e+00 1.000000e+00 0.000000e+00
    outer loop
      vertex   1.024700e+02 2.204440e+01 -8.175509e+01
      vertex   1.025706e+02 2.204440e+01 -8.148984e+01
      vertex   1.026428e+02 2.204440e+01 -8.142589e+01
    endloop
  endfacet
  facet normal 0.000000e+00 1.000000e+00 0.000000e+00
    outer loop
      vertex   1.027282e+02 2.204440e+01 -8.138108e+01
      vertex   1.026428e+02 2.204440e+01 -8.458428e+01
      vertex   1.026428e+02 2.204440e+01 -8.142589e+01
    endloop
  endfacet
  facet normal 0.000000e+00 1.000000e+00 0.000000e+00
    outer loop
      vertex   1.026428e+02 2.204440e+01 -8.142589e+01
      vertex   1.026428e+02 2.204440e+01 -8.458428e+01
      vertex   1.024700e+02 2.204440e+01 -8.425509e+01
    endloop
  endfacet
  facet normal 0.000000e+00 1.000000e+00 0.000000e+00
    outer loop
      vertex   1.026428e+02 2.204440e+01 -8.142589e+01
      vertex   1.024700e+02 2.204440e+01 -8.425509e+01
      vertex   1.024700e+02 2.204440e+01 -8.175509e+01
    endloop
  endfacet
  facet normal -0.000000e+00 1.000000e+00 0.000000e+00
    outer loop
      vertex   1.026428e+02 2.204440e+01 -8.458428e+01
      vertex   1.027282e+02 2.204440e+01 -8.138108e+01
      vertex   1.027282e+02 2.204440e+01 -8.462909e+01
    endloop
  endfacet
  facet normal 0.000000e+00 1.000000e+00 0.000000e+00
    outer loop
      vertex   1.027282e+02 2.204440e+01 -8.462909e+01
      vertex   1.027282e+02 2.204440e+01 -8.138108e+01
      vertex   1.028218e+02 2.204440e+01 -8.135800e+01
    endloop
  endfacet
  facet normal -0.000000e+00 1.000000e+00 0.000000e+00
    outer loop
      vertex   1.027282e+02 2.204440e+01 -8.462909e+01
      vertex   1.028218e+02 2.204440e+01 -8.135800e+01
      vertex   1.028218e+02 2.204440e+01 -8.465217e+01
    endloop
  endfacet
  facet normal 0.000000e+00 1.000000e+00 0.000000e+00
    outer loop
      vertex   1.028218e+02 2.204440e+01 -8.465217e+01
      vertex   1.028218e+02 2.204440e+01 -8.135800e+01
      vertex   1.029182e+02 2.204440e+01 -8.135800e+01
    endloop
  endfacet
  facet normal 0.000000e+00 1.000000e+00 0.000000e+00
    outer loop
      vertex   1.028218e+02 2.204440e+01 -8.465217e+01
      vertex   1.029182e+02 2.204440e+01 -8.135800e+01
      vertex   1.029182e+02 2.204440e+01 -8.465217e+01
    endloop
  endfacet
  facet normal 0.000000e+00 1.000000e+00 0.000000e+00
    outer loop
      vertex   1.029182e+02 2.204440e+01 -8.465217e+01
      vertex   1.029182e+02 2.204440e+01 -8.135800e+01
      vertex   1.030118e+02 2.204440e+01 -8.462909e+01
    endloop
  endfacet
  facet normal 0.000000e+00 1.000000e+00 -0.000000e+00
    outer loop
      vertex   1.030118e+02 2.204440e+01 -8.462909e+01
      vertex   1.029182e+02 2.204440e+01 -8.135800e+01
      vertex   1.030118e+02 2.204440e+01 -8.138108e+01
    endloop
  endfacet
  facet normal 0.000000e+00 1.000000e+00 0.000000e+00
    outer loop
      vertex   1.030118e+02 2.204440e+01 -8.462909e+01
      vertex   1.030118e+02 2.204440e+01 -8.138108e+01
      vertex   1.030972e+02 2.204440e+01 -8.458428e+01
    endloop
  endfacet
  facet normal 0.000000e+00 1.000000e+00 -0.000000e+00
    outer loop
      vertex   1.030972e+02 2.204440e+01 -8.458428e+01
      vertex   1.030118e+02 2.204440e+01 -8.138108e+01
      vertex   1.030972e+02 2.204440e+01 -8.142589e+01
    endloop
  endfacet
  facet normal 0.000000e+00 1.000000e+00 0.000000e+00
    outer loop
      vertex   1.030972e+02 2.204440e+01 -8.458428e+01
      vertex   1.030972e+02 2.204440e+01 -8.142589e+01
      vertex   1.032700e+02 2.204440e+01 -8.425509e+01
    endloop
  endfacet
  facet normal 0.000000e+00 1.000000e+00 -0.000000e+00
    outer loop
      vertex   1.032700e+02 2.204440e+01 -8.425509e+01
      vertex   1.030972e+02 2.204440e+01 -8.142589e+01
      vertex   1.032700e+02 2.204440e+01 -8.175509e+01
    endloop
  endfacet
  facet normal 0.000000e+00 1.000000e+00 0.000000e+00
    outer loop
      vertex   1.032700e+02 2.204440e+01 -8.175509e+01
      vertex   1.030972e+02 2.204440e+01 -8.142589e+01
      vertex   1.031694e+02 2.204440e+01 -8.148984e+01
    endloop
  endfacet
  facet normal 0.000000e+00 1.000000e+00 0.000000e+00
    outer loop
      vertex   1.032700e+02 2.204440e+01 -8.175509e+01
      vertex   1.031694e+02 2.204440e+01 -8.148984e+01
      vertex   1.032242e+02 2.204440e+01 -8.156920e+01
    endloop
  endfacet
  facet normal 0.000000e+00 1.000000e+00 0.000000e+00
    outer loop
      vertex   1.032242e+02 2.204440e+01 -8.156920e+01
      vertex   1.032584e+02 2.204440e+01 -8.165936e+01
      vertex   1.032700e+02 2.204440e+01 -8.175509e+01
    endloop
  endfacet
  facet normal 0.000000e+00 1.000000e+00 -0.000000e+00
    outer loop
      vertex   1.032584e+02 2.204440e+01 -8.435081e+01
      vertex   1.032242e+02 2.204440e+01 -8.444097e+01
      vertex   1.032700e+02 2.204440e+01 -8.425509e+01
    endloop
  endfacet
  facet normal 0.000000e+00 1.000000e+00 0.000000e+00
    outer loop
      vertex   1.032700e+02 2.204440e+01 -8.425509e+01
      vertex   1.032242e+02 2.204440e+01 -8.444097e+01
      vertex   1.031694e+02 2.204440e+01 -8.452033e+01
    endloop
  endfacet
  facet normal 0.000000e+00 1.000000e+00 0.000000e+00
    outer loop
      vertex   1.032700e+02 2.204440e+01 -8.425509e+01
      vertex   1.031694e+02 2.204440e+01 -8.452033e+01
      vertex   1.030972e+02 2.204440e+01 -8.458428e+01
    endloop
  endfacet
  facet normal 0.000000e+00 1.000000e+00 0.000000e+00
    outer loop
      vertex   1.026428e+02 2.204440e+01 -8.458428e+01
      vertex   1.025706e+02 2.204440e+01 -8.452033e+01
      vertex   1.024700e+02 2.204440e+01 -8.425509e+01
    endloop
  endfacet
  facet normal 0.000000e+00 1.000000e+00 0.000000e+00
    outer loop
      vertex   1.024700e+02 2.204440e+01 -8.425509e+01
      vertex   1.025706e+02 2.204440e+01 -8.452033e+01
      vertex   1.025158e+02 2.204440e+01 -8.444097e+01
    endloop
  endfacet
  facet normal 0.000000e+00 1.000000e+00 0.000000e+00
    outer loop
      vertex   1.024700e+02 2.204440e+01 -8.425509e+01
      vertex   1.025158e+02 2.204440e+01 -8.444097e+01
      vertex   1.024816e+02 2.204440e+01 -8.435081e+01
    endloop
  endfacet
  facet normal 0.000000e+00 -1.000000e+00 0.000000e+00
    outer loop
      vertex   1.001867e+02 1.454440e+01 -7.855509e+01
      vertex   1.055533e+02 1.454440e+01 -7.855509e+01
      vertex   1.003273e+02 1.454440e+01 -7.832077e+01
    endloop
  endfacet
  facet normal 0.000000e+00 -1.000000e+00 0.000000e+00
    outer loop
      vertex   1.003273e+02 1.454440e+01 -7.832077e+01
      vertex   1.055533e+02 1.454440e+01 -7.855509e+01
      vertex   1.054127e+02 1.454440e+01 -7.832077e+01
    endloop
  endfacet
  facet normal 0.000000e+00 -1.000000e+00 0.000000e+00
    outer loop
      vertex   1.003273e+02 1.454440e+01 -7.832077e+01
      vertex   1.054127e+02 1.454440e+01 -7.832077e+01
      vertex   1.004882e+02 1.454440e+01 -7.809996e+01
    endloop
  endfacet
  facet normal 0.000000e+00 -1.000000e+00 0.000000e+00
    outer loop
      vertex   1.004882e+02 1.454440e+01 -7.809996e+01
      vertex   1.054127e+02 1.454440e+01 -7.832077e+01
      vertex   1.052518e+02 1.454440e+01 -7.809996e+01
    endloop
  endfacet
  facet normal 0.000000e+00 -1.000000e+00 0.000000e+00
    outer loop
      vertex   1.004882e+02 1.454440e+01 -7.809996e+01
      vertex   1.052518e+02 1.454440e+01 -7.809996e+01
      vertex   1.006682e+02 1.454440e+01 -7.789445e+01
    endloop
  endfacet
  facet normal 0.000000e+00 -1.000000e+00 0.000000e+00
    outer loop
      vertex   1.006682e+02 1.454440e+01 -7.789445e+01
      vertex   1.052518e+02 1.454440e+01 -7.809996e+01
      vertex   1.050718e+02 1.454440e+01 -7.789445e+01
    endloop
  endfacet
  facet normal 0.000000e+00 -1.000000e+00 0.000000e+00
    outer loop
      vertex   1.006682e+02 1.454440e+01 -7.789445e+01
      vertex   1.050718e+02 1.454440e+01 -7.789445e+01
      vertex   1.008660e+02 1.454440e+01 -7.770588e+01
    endloop
  endfacet
  facet normal 0.000000e+00 -1.000000e+00 0.000000e+00
    outer loop
      vertex   1.008660e+02 1.454440e+01 -7.770588e+01
      vertex   1.050718e+02 1.454440e+01 -7.789445e+01
      vertex   1.048740e+02 1.454440e+01 -7.770588e+01
    endloop
  endfacet
  facet normal 0.000000e+00 -1.000000e+00 0.000000e+00
    outer loop
      vertex   1.008660e+02 1.454440e+01 -7.770588e+01
      vertex   1.048740e+02 1.454440e+01 -7.770588e+01
      vertex   1.010798e+02 1.454440e+01 -7.753575e+01
    endloop
  endfacet
  facet normal 0.000000e+00 -1.000000e+00 0.000000e+00
    outer loop
      vertex   1.010798e+02 1.454440e+01 -7.753575e+01
      vertex   1.048740e+02 1.454440e+01 -7.770588e+01
      vertex   1.046602e+02 1.454440e+01 -7.753575e+01
    endloop
  endfacet
  facet normal 0.000000e+00 -1.000000e+00 0.000000e+00
    outer loop
      vertex   1.010798e+02 1.454440e+01 -7.753575e+01
      vertex   1.046602e+02 1.454440e+01 -7.753575e+01
      vertex   1.013080e+02 1.454440e+01 -7.738545e+01
    endloop
  endfacet
  facet normal 0.000000e+00 -1.000000e+00 0.000000e+00
    outer loop
      vertex   1.013080e+02 1.454440e+01 -7.738545e+01
      vertex   1.046602e+02 1.454440e+01 -7.753575e+01
      vertex   1.044320e+02 1.454440e+01 -7.738545e+01
    endloop
  endfacet
  facet normal 0.000000e+00 -1.000000e+00 0.000000e+00
    outer loop
      vertex   1.013080e+02 1.454440e+01 -7.738545e+01
      vertex   1.044320e+02 1.454440e+01 -7.738545e+01
      vertex   1.015487e+02 1.454440e+01 -7.725617e+01
    endloop
  endfacet
  facet normal 0.000000e+00 -1.000000e+00 0.000000e+00
    outer loop
      vertex   1.015487e+02 1.454440e+01 -7.725617e+01
      vertex   1.044320e+02 1.454440e+01 -7.738545e+01
      vertex   1.041913e+02 1.454440e+01 -7.725617e+01
    endloop
  endfacet
  facet normal 0.000000e+00 -1.000000e+00 0.000000e+00
    outer loop
      vertex   1.015487e+02 1.454440e+01 -7.725617e+01
      vertex   1.041913e+02 1.454440e+01 -7.725617e+01
      vertex   1.018000e+02 1.454440e+01 -7.714894e+01
    endloop
  endfacet
  facet normal 0.000000e+00 -1.000000e+00 0.000000e+00
    outer loop
      vertex   1.018000e+02 1.454440e+01 -7.714894e+01
      vertex   1.041913e+02 1.454440e+01 -7.725617e+01
      vertex   1.039400e+02 1.454440e+01 -7.714894e+01
    endloop
  endfacet
  facet normal 0.000000e+00 -1.000000e+00 0.000000e+00
    outer loop
      vertex   1.018000e+02 1.454440e+01 -7.714894e+01
      vertex   1.039400e+02 1.454440e+01 -7.714894e+01
      vertex   1.020599e+02 1.454440e+01 -7.706464e+01
    endloop
  endfacet
  facet normal 0.000000e+00 -1.000000e+00 0.000000e+00
    outer loop
      vertex   1.020599e+02 1.454440e+01 -7.706464e+01
      vertex   1.039400e+02 1.454440e+01 -7.714894e+01
      vertex   1.036801e+02 1.454440e+01 -7.706464e+01
    endloop
  endfacet
  facet normal 0.000000e+00 -1.000000e+00 0.000000e+00
    outer loop
      vertex   1.020599e+02 1.454440e+01 -7.706464e+01
      vertex   1.036801e+02 1.454440e+01 -7.706464e+01
      vertex   1.023263e+02 1.454440e+01 -7.700394e+01
    endloop
  endfacet
  facet normal 0.000000e+00 -1.000000e+00 0.000000e+00
    outer loop
      vertex   1.023263e+02 1.454440e+01 -7.700394e+01
      vertex   1.036801e+02 1.454440e+01 -7.706464e+01
      vertex   1.034137e+02 1.454440e+01 -7.700394e+01
    endloop
  endfacet
  facet normal 0.000000e+00 -1.000000e+00 0.000000e+00
    outer loop
      vertex   1.023263e+02 1.454440e+01 -7.700394e+01
      vertex   1.034137e+02 1.454440e+01 -7.700394e+01
      vertex   1.025970e+02 1.454440e+01 -7.696732e+01
    endloop
  endfacet
  facet normal 0.000000e+00 -1.000000e+00 0.000000e+00
    outer loop
      vertex   1.025970e+02 1.454440e+01 -7.696732e+01
      vertex   1.034137e+02 1.454440e+01 -7.700394e+01
      vertex   1.031430e+02 1.454440e+01 -7.696732e+01
    endloop
  endfacet
  facet normal 0.000000e+00 -1.000000e+00 0.000000e+00
    outer loop
      vertex   1.025970e+02 1.454440e+01 -7.696732e+01
      vertex   1.031430e+02 1.454440e+01 -7.696732e+01
      vertex   1.028700e+02 1.454440e+01 -7.695509e+01
    endloop
  endfacet
  facet normal 0.000000e+00 0.000000e+00 -1.000000e+00
    outer loop
      vertex   1.055533e+02 1.454440e+01 -7.855509e+01
      vertex   1.001867e+02 1.454440e+01 -7.855509e+01
      vertex   1.055533e+02 2.104440e+01 -7.855509e+01
    endloop
  endfacet
  facet normal -0.000000e+00 0.000000e+00 -1.000000e+00
    outer loop
      vertex   1.055533e+02 2.104440e+01 -7.855509e+01
      vertex   1.001867e+02 1.454440e+01 -7.855509e+01
      vertex   1.001867e+02 2.104440e+01 -7.855509e+01
    endloop
  endfacet
  facet normal -8.805955e-01 -0.000000e+00 -4.738687e-01
    outer loop
      vertex   1.055533e+02 2.104440e+01 -7.855509e+01
      vertex   1.055583e+02 1.254440e+01 -7.856449e+01
      vertex   1.055533e+02 1.454440e+01 -7.855509e+01
    endloop
  endfacet
  facet normal -8.593455e-01 2.302573e-04 -5.113954e-01
    outer loop
      vertex   1.055533e+02 1.454440e+01 -7.855509e+01
      vertex   1.055583e+02 1.254440e+01 -7.856449e+01
      vertex   1.054184e+02 1.254440e+01 -7.832931e+01
    endloop
  endfacet
  facet normal -8.575869e-01 -2.206633e-04 -5.143390e-01
    outer loop
      vertex   1.055533e+02 1.454440e+01 -7.855509e+01
      vertex   1.054184e+02 1.254440e+01 -7.832931e+01
      vertex   1.054127e+02 1.454440e+01 -7.832077e+01
    endloop
  endfacet
  facet normal -8.100449e-01 2.210363e-04 -5.863678e-01
    outer loop
      vertex   1.054127e+02 1.454440e+01 -7.832077e+01
      vertex   1.054184e+02 1.254440e+01 -7.832931e+01
      vertex   1.052579e+02 1.254440e+01 -7.810762e+01
    endloop
  endfacet
  facet normal -8.081155e-01 -2.114261e-04 -5.890240e-01
    outer loop
      vertex   1.054127e+02 1.454440e+01 -7.832077e+01
      vertex   1.052579e+02 1.254440e+01 -7.810762e+01
      vertex   1.052518e+02 1.454440e+01 -7.809996e+01
    endloop
  endfacet
  facet normal -7.542223e-01 2.117829e-04 -6.566191e-01
    outer loop
      vertex   1.052518e+02 1.454440e+01 -7.809996e+01
      vertex   1.052579e+02 1.254440e+01 -7.810762e+01
      vertex   1.050782e+02 1.254440e+01 -7.790121e+01
    endloop
  endfacet
  facet normal -7.521587e-01 -2.021564e-04 -6.589820e-01
    outer loop
      vertex   1.052518e+02 1.454440e+01 -7.809996e+01
      vertex   1.050782e+02 1.254440e+01 -7.790121e+01
      vertex   1.050718e+02 1.454440e+01 -7.789445e+01
    endloop
  endfacet
  facet normal -6.923272e-01 2.024970e-04 -7.215837e-01
    outer loop
      vertex   1.050718e+02 1.454440e+01 -7.789445e+01
      vertex   1.050782e+02 1.254440e+01 -7.790121e+01
      vertex   1.048807e+02 1.254440e+01 -7.771173e+01
    endloop
  endfacet
  facet normal -6.901656e-01 -1.928543e-04 -7.236514e-01
    outer loop
      vertex   1.050718e+02 1.454440e+01 -7.789445e+01
      vertex   1.048807e+02 1.254440e+01 -7.771173e+01
      vertex   1.048740e+02 1.454440e+01 -7.770588e+01
    endloop
  endfacet
  facet normal -6.248578e-01 1.931787e-04 -7.807386e-01
    outer loop
      vertex   1.048740e+02 1.454440e+01 -7.770588e+01
      vertex   1.048807e+02 1.254440e+01 -7.771173e+01
      vertex   1.046671e+02 1.254440e+01 -7.754073e+01
    endloop
  endfacet
  facet normal -6.226338e-01 -1.835198e-04 -7.825133e-01
    outer loop
      vertex   1.048740e+02 1.454440e+01 -7.770588e+01
      vertex   1.046671e+02 1.254440e+01 -7.754073e+01
      vertex   1.046602e+02 1.454440e+01 -7.753575e+01
    endloop
  endfacet
  facet normal -5.523574e-01 1.838279e-04 -8.336074e-01
    outer loop
      vertex   1.046602e+02 1.454440e+01 -7.753575e+01
      vertex   1.046671e+02 1.254440e+01 -7.754073e+01
      vertex   1.044389e+02 1.254440e+01 -7.738956e+01
    endloop
  endfacet
  facet normal -5.501052e-01 -1.741528e-04 -8.350954e-01
    outer loop
      vertex   1.046602e+02 1.454440e+01 -7.753575e+01
      vertex   1.044389e+02 1.254440e+01 -7.738956e+01
      vertex   1.044320e+02 1.454440e+01 -7.738545e+01
    endloop
  endfacet
  facet normal -4.754098e-01 1.744447e-04 -8.797644e-01
    outer loop
      vertex   1.044320e+02 1.454440e+01 -7.738545e+01
      vertex   1.044389e+02 1.254440e+01 -7.738956e+01
      vertex   1.041982e+02 1.254440e+01 -7.725945e+01
    endloop
  endfacet
  facet normal -4.731618e-01 -1.647534e-04 -8.809755e-01
    outer loop
      vertex   1.044320e+02 1.454440e+01 -7.738545e+01
      vertex   1.041982e+02 1.254440e+01 -7.725945e+01
      vertex   1.041913e+02 1.454440e+01 -7.725617e+01
    endloop
  endfacet
  facet normal -3.946345e-01 1.650291e-04 -9.188382e-01
    outer loop
      vertex   1.041913e+02 1.454440e+01 -7.725617e+01
      vertex   1.041982e+02 1.254440e+01 -7.725945e+01
      vertex   1.039467e+02 1.254440e+01 -7.715145e+01
    endloop
  endfacet
  facet normal -3.924212e-01 -1.553215e-04 -9.197856e-01
    outer loop
      vertex   1.041913e+02 1.454440e+01 -7.725617e+01
      vertex   1.039467e+02 1.254440e+01 -7.715145e+01
      vertex   1.039400e+02 1.454440e+01 -7.714894e+01
    endloop
  endfacet
  facet normal -3.106818e-01 1.555810e-04 -9.505140e-01
    outer loop
      vertex   1.039400e+02 1.454440e+01 -7.714894e+01
      vertex   1.039467e+02 1.254440e+01 -7.715145e+01
      vertex   1.036866e+02 1.254440e+01 -7.706642e+01
    endloop
  endfacet
  facet normal -3.085312e-01 -1.458572e-04 -9.512142e-01
    outer loop
      vertex   1.039400e+02 1.454440e+01 -7.714894e+01
      vertex   1.036866e+02 1.254440e+01 -7.706642e+01
      vertex   1.036801e+02 1.454440e+01 -7.706464e+01
    endloop
  endfacet
  facet normal -2.242277e-01 1.461005e-04 -9.745368e-01
    outer loop
      vertex   1.036801e+02 1.454440e+01 -7.706464e+01
      vertex   1.036866e+02 1.254440e+01 -7.706642e+01
      vertex   1.034199e+02 1.254440e+01 -7.700506e+01
    endloop
  endfacet
  facet normal -2.221653e-01 -1.363604e-04 -9.750090e-01
    outer loop
      vertex   1.036801e+02 1.454440e+01 -7.706464e+01
      vertex   1.034199e+02 1.254440e+01 -7.700506e+01
      vertex   1.034137e+02 1.454440e+01 -7.700394e+01
    endloop
  endfacet
  facet normal -1.359682e-01 1.365875e-04 -9.907132e-01
    outer loop
      vertex   1.034137e+02 1.454440e+01 -7.700394e+01
      vertex   1.034199e+02 1.254440e+01 -7.700506e+01
      vertex   1.031487e+02 1.254440e+01 -7.696785e+01
    endloop
  endfacet
  facet normal -1.340164e-01 -1.268313e-04 -9.909791e-01
    outer loop
      vertex   1.034137e+02 1.454440e+01 -7.700394e+01
      vertex   1.031487e+02 1.254440e+01 -7.696785e+01
      vertex   1.031430e+02 1.454440e+01 -7.696732e+01
    endloop
  endfacet
  facet normal -4.661397e-02 1.270421e-04 -9.989130e-01
    outer loop
      vertex   1.031430e+02 1.454440e+01 -7.696732e+01
      vertex   1.031487e+02 1.254440e+01 -7.696785e+01
      vertex   1.028753e+02 1.254440e+01 -7.695509e+01
    endloop
  endfacet
  facet normal -4.479195e-02 -1.172696e-04 -9.989963e-01
    outer loop
      vertex   1.031430e+02 1.454440e+01 -7.696732e+01
      vertex   1.028753e+02 1.254440e+01 -7.695509e+01
      vertex   1.028700e+02 1.454440e+01 -7.695509e+01
    endloop
  endfacet
  facet normal 4.311555e-02 1.174643e-04 -9.990701e-01
    outer loop
      vertex   1.028700e+02 1.454440e+01 -7.695509e+01
      vertex   1.028753e+02 1.254440e+01 -7.695509e+01
      vertex   1.026019e+02 1.254440e+01 -7.696689e+01
    endloop
  endfacet
  facet normal 4.479195e-02 -1.076756e-04 -9.989963e-01
    outer loop
      vertex   1.028700e+02 1.454440e+01 -7.695509e+01
      vertex   1.026019e+02 1.254440e+01 -7.696689e+01
      vertex   1.025970e+02 1.454440e+01 -7.696732e+01
    endloop
  endfacet
  facet normal 1.324979e-01 1.078540e-04 -9.911833e-01
    outer loop
      vertex   1.025970e+02 1.454440e+01 -7.696732e+01
      vertex   1.026019e+02 1.254440e+01 -7.696689e+01
      vertex   1.023307e+02 1.254440e+01 -7.700315e+01
    endloop
  endfacet
  facet normal 1.340164e-01 -9.804908e-05 -9.909791e-01
    outer loop
      vertex   1.025970e+02 1.454440e+01 -7.696732e+01
      vertex   1.023307e+02 1.254440e+01 -7.700315e+01
      vertex   1.023263e+02 1.454440e+01 -7.700394e+01
    endloop
  endfacet
  facet normal 2.208135e-01 9.821126e-05 -9.753160e-01
    outer loop
      vertex   1.023263e+02 1.454440e+01 -7.700394e+01
      vertex   1.023307e+02 1.254440e+01 -7.700315e+01
      vertex   1.020637e+02 1.254440e+01 -7.706358e+01
    endloop
  endfacet
  facet normal 2.221653e-01 -8.839014e-05 -9.750090e-01
    outer loop
      vertex   1.023263e+02 1.454440e+01 -7.700394e+01
      vertex   1.020637e+02 1.254440e+01 -7.706358e+01
      vertex   1.020599e+02 1.454440e+01 -7.706464e+01
    endloop
  endfacet
  facet normal 3.073512e-01 8.853610e-05 -9.515961e-01
    outer loop
      vertex   1.020599e+02 1.454440e+01 -7.706464e+01
      vertex   1.020637e+02 1.254440e+01 -7.706358e+01
      vertex   1.018033e+02 1.254440e+01 -7.714770e+01
    endloop
  endfacet
  facet normal 3.085312e-01 -7.869876e-05 -9.512142e-01
    outer loop
      vertex   1.020599e+02 1.454440e+01 -7.706464e+01
      vertex   1.018033e+02 1.254440e+01 -7.714770e+01
      vertex   1.018000e+02 1.454440e+01 -7.714894e+01
    endloop
  endfacet
  facet normal 3.914144e-01 7.882851e-05 -9.202145e-01
    outer loop
      vertex   1.018000e+02 1.454440e+01 -7.714894e+01
      vertex   1.018033e+02 1.254440e+01 -7.714770e+01
      vertex   1.015515e+02 1.254440e+01 -7.725482e+01
    endloop
  endfacet
  facet normal 3.924212e-01 -6.897495e-05 -9.197856e-01
    outer loop
      vertex   1.018000e+02 1.454440e+01 -7.714894e+01
      vertex   1.015515e+02 1.254440e+01 -7.725482e+01
      vertex   1.015487e+02 1.454440e+01 -7.725617e+01
    endloop
  endfacet
  facet normal 4.723260e-01 6.908848e-05 -8.814239e-01
    outer loop
      vertex   1.015487e+02 1.454440e+01 -7.725617e+01
      vertex   1.015515e+02 1.254440e+01 -7.725482e+01
      vertex   1.013102e+02 1.254440e+01 -7.738408e+01
    endloop
  endfacet
  facet normal 4.731618e-01 -5.921869e-05 -8.809755e-01
    outer loop
      vertex   1.015487e+02 1.454440e+01 -7.725617e+01
      vertex   1.013102e+02 1.254440e+01 -7.738408e+01
      vertex   1.013080e+02 1.454440e+01 -7.738545e+01
    endloop
  endfacet
  facet normal 5.494348e-01 5.931600e-05 -8.355366e-01
    outer loop
      vertex   1.013080e+02 1.454440e+01 -7.738545e+01
      vertex   1.013102e+02 1.254440e+01 -7.738408e+01
      vertex   1.010816e+02 1.254440e+01 -7.753445e+01
    endloop
  endfacet
  facet normal 5.501052e-01 -4.943000e-05 -8.350954e-01
    outer loop
      vertex   1.013080e+02 1.454440e+01 -7.738545e+01
      vertex   1.010816e+02 1.254440e+01 -7.753445e+01
      vertex   1.010798e+02 1.454440e+01 -7.753575e+01
    endloop
  endfacet
  facet normal 6.221199e-01 4.951110e-05 -7.829220e-01
    outer loop
      vertex   1.010798e+02 1.454440e+01 -7.753575e+01
      vertex   1.010816e+02 1.254440e+01 -7.753445e+01
      vertex   1.008673e+02 1.254440e+01 -7.770471e+01
    endloop
  endfacet
  facet normal 6.226338e-01 -3.960888e-05 -7.825133e-01
    outer loop
      vertex   1.010798e+02 1.454440e+01 -7.753575e+01
      vertex   1.008673e+02 1.254440e+01 -7.770471e+01
      vertex   1.008660e+02 1.454440e+01 -7.770588e+01
    endloop
  endfacet
  facet normal 6.897960e-01 3.967375e-05 -7.240038e-01
    outer loop
      vertex   1.008660e+02 1.454440e+01 -7.770588e+01
      vertex   1.008673e+02 1.254440e+01 -7.770471e+01
      vertex   1.006692e+02 1.254440e+01 -7.789349e+01
    endloop
  endfacet
  facet normal 6.901657e-01 -2.975531e-05 -7.236514e-01
    outer loop
      vertex   1.008660e+02 1.454440e+01 -7.770588e+01
      vertex   1.006692e+02 1.254440e+01 -7.789349e+01
      vertex   1.006682e+02 1.454440e+01 -7.789445e+01
    endloop
  endfacet
  facet normal 7.519183e-01 2.980397e-05 -6.592563e-01
    outer loop
      vertex   1.006682e+02 1.454440e+01 -7.789445e+01
      vertex   1.006692e+02 1.254440e+01 -7.789349e+01
      vertex   1.004887e+02 1.254440e+01 -7.809927e+01
    endloop
  endfacet
  facet normal 7.521587e-01 -1.986931e-05 -6.589820e-01
    outer loop
      vertex   1.006682e+02 1.454440e+01 -7.789445e+01
      vertex   1.004887e+02 1.254440e+01 -7.809927e+01
      vertex   1.004882e+02 1.454440e+01 -7.809996e+01
    endloop
  endfacet
  facet normal 8.079866e-01 1.990175e-05 -5.892009e-01
    outer loop
      vertex   1.004882e+02 1.454440e+01 -7.809996e+01
      vertex   1.004887e+02 1.254440e+01 -7.809927e+01
      vertex   1.003275e+02 1.254440e+01 -7.832039e+01
    endloop
  endfacet
  facet normal 8.081155e-01 -9.950874e-06 -5.890241e-01
    outer loop
      vertex   1.004882e+02 1.454440e+01 -7.809996e+01
      vertex   1.003275e+02 1.254440e+01 -7.832039e+01
      vertex   1.003273e+02 1.454440e+01 -7.832077e+01
    endloop
  endfacet
  facet normal 8.575494e-01 9.967092e-06 -5.144016e-01
    outer loop
      vertex   1.003273e+02 1.454440e+01 -7.832077e+01
      vertex   1.003275e+02 1.254440e+01 -7.832039e+01
      vertex   1.001867e+02 1.254440e+01 -7.855509e+01
    endloop
  endfacet
  facet normal 8.575869e-01 -1.500791e-18 -5.143390e-01
    outer loop
      vertex   1.003273e+02 1.454440e+01 -7.832077e+01
      vertex   1.001867e+02 1.254440e+01 -7.855509e+01
      vertex   1.001867e+02 1.454440e+01 -7.855509e+01
    endloop
  endfacet
  facet normal 8.906087e-01 0.000000e+00 -4.547704e-01
    outer loop
      vertex   1.001867e+02 1.454440e+01 -7.855509e+01
      vertex   1.001867e+02 1.254440e+01 -7.855509e+01
      vertex   1.001220e+02 1.679440e+01 -7.868174e+01
    endloop
  endfacet
  facet normal 8.906087e-01 0.000000e+00 -4.547704e-01
    outer loop
      vertex   1.001867e+02 1.454440e+01 -7.855509e+01
      vertex   1.001220e+02 1.679440e+01 -7.868174e+01
      vertex   1.001867e+02 2.104440e+01 -7.855509e+01
    endloop
  endfacet
  facet normal 9.002241e-01 -7.227959e-04 -4.354263e-01
    outer loop
      vertex   1.001867e+02 2.104440e+01 -7.855509e+01
      vertex   1.001220e+02 1.679440e+01 -7.868174e+01
      vertex   1.000675e+02 2.104440e+01 -7.880166e+01
    endloop
  endfacet
  facet normal 9.195275e-01 7.216161e-04 -3.930249e-01
    outer loop
      vertex   1.000675e+02 2.104440e+01 -7.880166e+01
      vertex   1.001220e+02 1.679440e+01 -7.868174e+01
      vertex   1.000145e+02 1.679440e+01 -7.893339e+01
    endloop
  endfacet
  facet normal 9.356582e-01 -7.228874e-04 -3.529067e-01
    outer loop
      vertex   1.000675e+02 2.104440e+01 -7.880166e+01
      vertex   1.000145e+02 1.679440e+01 -7.893339e+01
      vertex   9.997079e+01 2.104440e+01 -7.905795e+01
    endloop
  endfacet
  facet normal 9.510563e-01 7.217055e-04 -3.090169e-01
    outer loop
      vertex   9.997079e+01 2.104440e+01 -7.905795e+01
      vertex   1.000145e+02 1.679440e+01 -7.893339e+01
      vertex   9.992991e+01 1.679440e+01 -7.919367e+01
    endloop
  endfacet
  facet normal 9.635462e-01 -7.229748e-04 -2.675409e-01
    outer loop
      vertex   9.997079e+01 2.104440e+01 -7.905795e+01
      vertex   9.992991e+01 1.679440e+01 -7.919367e+01
      vertex   9.989751e+01 2.104440e+01 -7.932187e+01
    endloop
  endfacet
  facet normal 9.749277e-01 7.217908e-04 -2.225209e-01
    outer loop
      vertex   9.989751e+01 2.104440e+01 -7.932187e+01
      vertex   9.992991e+01 1.679440e+01 -7.919367e+01
      vertex   9.986901e+01 1.679440e+01 -7.946049e+01
    endloop
  endfacet
  facet normal 9.836632e-01 -7.230580e-04 -1.800173e-01
    outer loop
      vertex   9.989751e+01 2.104440e+01 -7.932187e+01
      vertex   9.986901e+01 1.679440e+01 -7.946049e+01
      vertex   9.984820e+01 2.104440e+01 -7.959130e+01
    endloop
  endfacet
  facet normal 9.909495e-01 7.218719e-04 -1.342332e-01
    outer loop
      vertex   9.984820e+01 2.104440e+01 -7.959130e+01
      vertex   9.986901e+01 1.679440e+01 -7.946049e+01
      vertex   9.983228e+01 1.679440e+01 -7.973169e+01
    endloop
  endfacet
  facet normal 9.958468e-01 -7.231370e-04 -9.104192e-02
    outer loop
      vertex   9.984820e+01 2.104440e+01 -7.959130e+01
      vertex   9.983228e+01 1.679440e+01 -7.973169e+01
      vertex   9.982326e+01 2.104440e+01 -7.986407e+01
    endloop
  endfacet
  facet normal 9.989928e-01 7.219488e-04 -4.486482e-02
    outer loop
      vertex   9.982326e+01 2.104440e+01 -7.986407e+01
      vertex   9.983228e+01 1.679440e+01 -7.973169e+01
      vertex   9.982000e+01 1.679440e+01 -8.000509e+01
    endloop
  endfacet
  facet normal 9.999989e-01 -7.232119e-04 -1.332263e-03
    outer loop
      vertex   9.982326e+01 2.104440e+01 -7.986407e+01
      vertex   9.982000e+01 1.679440e+01 -8.000509e+01
      vertex   9.982290e+01 2.104440e+01 -8.013798e+01
    endloop
  endfacet
  facet normal 9.989928e-01 7.220216e-04 4.486482e-02
    outer loop
      vertex   9.982290e+01 2.104440e+01 -8.013798e+01
      vertex   9.982000e+01 1.679440e+01 -8.000509e+01
      vertex   9.983228e+01 1.679440e+01 -8.027848e+01
    endloop
  endfacet
  facet normal 9.960858e-01 -7.232826e-04 8.838814e-02
    outer loop
      vertex   9.982290e+01 2.104440e+01 -8.013798e+01
      vertex   9.983228e+01 1.679440e+01 -8.027848e+01
      vertex   9.984711e+01 2.104440e+01 -8.041081e+01
    endloop
  endfacet
  facet normal 9.909495e-01 7.220903e-04 1.342332e-01
    outer loop
      vertex   9.984711e+01 2.104440e+01 -8.041081e+01
      vertex   9.983228e+01 1.679440e+01 -8.027848e+01
      vertex   9.986901e+01 1.679440e+01 -8.054968e+01
    endloop
  endfacet
  facet normal 9.841393e-01 -7.233491e-04 1.773957e-01
    outer loop
      vertex   9.984711e+01 2.104440e+01 -8.041081e+01
      vertex   9.986901e+01 1.679440e+01 -8.054968e+01
      vertex   9.989570e+01 2.104440e+01 -8.068038e+01
    endloop
  endfacet
  facet normal 9.749277e-01 7.221547e-04 2.225209e-01
    outer loop
      vertex   9.989570e+01 2.104440e+01 -8.068038e+01
      vertex   9.986901e+01 1.679440e+01 -8.054968e+01
      vertex   9.992991e+01 1.679440e+01 -8.081650e+01
    endloop
  endfacet
  facet normal 9.642557e-01 -7.234115e-04 2.649725e-01
    outer loop
      vertex   9.989570e+01 2.104440e+01 -8.068038e+01
      vertex   9.992991e+01 1.679440e+01 -8.081650e+01
      vertex   9.996827e+01 2.104440e+01 -8.094449e+01
    endloop
  endfacet
  facet normal 9.510563e-01 7.222150e-04 3.090169e-01
    outer loop
      vertex   9.996827e+01 2.104440e+01 -8.094449e+01
      vertex   9.992991e+01 1.679440e+01 -8.081650e+01
      vertex   1.000145e+02 1.679440e+01 -8.107678e+01
    endloop
  endfacet
  facet normal 9.365953e-01 -7.234697e-04 3.504123e-01
    outer loop
      vertex   9.996827e+01 2.104440e+01 -8.094449e+01
      vertex   1.000145e+02 1.679440e+01 -8.107678e+01
      vertex   1.000643e+02 2.104440e+01 -8.120104e+01
    endloop
  endfacet
  facet normal 9.195275e-01 7.222712e-04 3.930249e-01
    outer loop
      vertex   1.000643e+02 2.104440e+01 -8.120104e+01
      vertex   1.000145e+02 1.679440e+01 -8.107678e+01
      vertex   1.001220e+02 1.679440e+01 -8.132843e+01
    endloop
  endfacet
  facet normal 9.013811e-01 -7.235238e-04 4.330261e-01
    outer loop
      vertex   1.000643e+02 2.104440e+01 -8.120104e+01
      vertex   1.001220e+02 1.679440e+01 -8.132843e+01
      vertex   1.001829e+02 2.104440e+01 -8.144793e+01
    endloop
  endfacet
  facet normal 8.805953e-01 7.223232e-04 4.738685e-01
    outer loop
      vertex   1.001829e+02 2.104440e+01 -8.144793e+01
      vertex   1.001220e+02 1.679440e+01 -8.132843e+01
      vertex   1.002517e+02 1.679440e+01 -8.156943e+01
    endloop
  endfacet
  facet normal 8.588973e-01 -7.235737e-04 5.121474e-01
    outer loop
      vertex   1.001829e+02 2.104440e+01 -8.144793e+01
      vertex   1.002517e+02 1.679440e+01 -8.156943e+01
      vertex   1.003231e+02 2.104440e+01 -8.168319e+01
    endloop
  endfacet
  facet normal 8.345730e-01 7.223710e-04 5.508968e-01
    outer loop
      vertex   1.003231e+02 2.104440e+01 -8.168319e+01
      vertex   1.002517e+02 1.679440e+01 -8.156943e+01
      vertex   1.004025e+02 1.679440e+01 -8.179783e+01
    endloop
  endfacet
  facet normal 8.094864e-01 -7.236195e-04 5.871382e-01
    outer loop
      vertex   1.003231e+02 2.104440e+01 -8.168319e+01
      vertex   1.004025e+02 1.679440e+01 -8.179783e+01
      vertex   1.004840e+02 2.104440e+01 -8.190491e+01
    endloop
  endfacet
  facet normal 7.818313e-01 7.224147e-04 6.234896e-01
    outer loop
      vertex   1.004840e+02 2.104440e+01 -8.190491e+01
      vertex   1.004025e+02 1.679440e+01 -8.179783e+01
      vertex   1.005731e+02 1.679440e+01 -8.201180e+01
    endloop
  endfacet
  facet normal 7.535469e-01 -7.236611e-04 6.573937e-01
    outer loop
      vertex   1.004840e+02 2.104440e+01 -8.190491e+01
      vertex   1.005731e+02 1.679440e+01 -8.201180e+01
      vertex   1.006640e+02 2.104440e+01 -8.211132e+01
    endloop
  endfacet
  facet normal 7.227947e-01 7.224542e-04 6.910625e-01
    outer loop
      vertex   1.006640e+02 2.104440e+01 -8.211132e+01
      vertex   1.005731e+02 1.679440e+01 -8.201180e+01
      vertex   1.007623e+02 1.679440e+01 -8.220961e+01
    endloop
  endfacet
  facet normal 6.915300e-01 -7.236985e-04 7.223473e-01
    outer loop
      vertex   1.006640e+02 2.104440e+01 -8.211132e+01
      vertex   1.007623e+02 1.679440e+01 -8.220961e+01
      vertex   1.008619e+02 2.104440e+01 -8.230073e+01
    endloop
  endfacet
  facet normal 6.579386e-01 7.224896e-04 7.530713e-01
    outer loop
      vertex   1.008619e+02 2.104440e+01 -8.230073e+01
      vertex   1.007623e+02 1.679440e+01 -8.220961e+01
      vertex   1.009684e+02 1.679440e+01 -8.238967e+01
    endloop
  endfacet
  facet normal 6.239359e-01 -7.237318e-04 7.814752e-01
    outer loop
      vertex   1.008619e+02 2.104440e+01 -8.230073e+01
      vertex   1.009684e+02 1.679440e+01 -8.238967e+01
      vertex   1.010759e+02 2.104440e+01 -8.247163e+01
    endloop
  endfacet
  facet normal 5.877851e-01 7.225207e-04 8.090168e-01
    outer loop
      vertex   1.010759e+02 2.104440e+01 -8.247163e+01
      vertex   1.009684e+02 1.679440e+01 -8.238967e+01
      vertex   1.011898e+02 1.679440e+01 -8.255053e+01
    endloop
  endfacet
  facet normal 5.513098e-01 -7.237609e-04 8.343003e-01
    outer loop
      vertex   1.010759e+02 2.104440e+01 -8.247163e+01
      vertex   1.011898e+02 1.679440e+01 -8.255053e+01
      vertex   1.013045e+02 2.104440e+01 -8.262264e+01
    endloop
  endfacet
  facet normal 5.128991e-01 7.225478e-04 8.584486e-01
    outer loop
      vertex   1.013045e+02 2.104440e+01 -8.262264e+01
      vertex   1.011898e+02 1.679440e+01 -8.255053e+01
      vertex   1.014247e+02 1.679440e+01 -8.269090e+01
    endloop
  endfacet
  facet normal 4.742372e-01 -7.237858e-04 8.803968e-01
    outer loop
      vertex   1.013045e+02 2.104440e+01 -8.262264e+01
      vertex   1.014247e+02 1.679440e+01 -8.269090e+01
      vertex   1.015456e+02 2.104440e+01 -8.275254e+01
    endloop
  endfacet
  facet normal 4.338836e-01 7.225707e-04 9.009686e-01
    outer loop
      vertex   1.015456e+02 2.104440e+01 -8.275254e+01
      vertex   1.014247e+02 1.679440e+01 -8.269090e+01
      vertex   1.016713e+02 1.679440e+01 -8.280964e+01
    endloop
  endfacet
  facet normal 3.933399e-01 -7.238066e-04 9.193928e-01
    outer loop
      vertex   1.015456e+02 2.104440e+01 -8.275254e+01
      vertex   1.016713e+02 1.679440e+01 -8.280964e+01
      vertex   1.017974e+02 2.104440e+01 -8.286027e+01
    endloop
  endfacet
  facet normal 3.513747e-01 7.225894e-04 9.362346e-01
    outer loop
      vertex   1.017974e+02 2.104440e+01 -8.286027e+01
      vertex   1.016713e+02 1.679440e+01 -8.280964e+01
      vertex   1.019275e+02 1.679440e+01 -8.290581e+01
    endloop
  endfacet
  facet normal 3.092703e-01 -7.238233e-04 9.509739e-01
    outer loop
      vertex   1.017974e+02 2.104440e+01 -8.286027e+01
      vertex   1.019275e+02 1.679440e+01 -8.290581e+01
      vertex   1.020579e+02 2.104440e+01 -8.294499e+01
    endloop
  endfacet
  facet normal 2.660368e-01 7.226039e-04 9.639626e-01
    outer loop
      vertex   1.020579e+02 2.104440e+01 -8.294499e+01
      vertex   1.019275e+02 1.679440e+01 -8.290581e+01
      vertex   1.021913e+02 1.679440e+01 -8.297862e+01
    endloop
  endfacet
  facet normal 2.227064e-01 -7.238357e-04 9.748853e-01
    outer loop
      vertex   1.020579e+02 2.104440e+01 -8.294499e+01
      vertex   1.021913e+02 1.679440e+01 -8.297862e+01
      vertex   1.023249e+02 2.104440e+01 -8.300599e+01
    endloop
  endfacet
  facet normal 1.785568e-01 7.226143e-04 9.839293e-01
    outer loop
      vertex   1.023249e+02 2.104440e+01 -8.300599e+01
      vertex   1.021913e+02 1.679440e+01 -8.297862e+01
      vertex   1.024606e+02 1.679440e+01 -8.302748e+01
    endloop
  endfacet
  facet normal 1.343464e-01 -7.238441e-04 9.909342e-01
    outer loop
      vertex   1.023249e+02 2.104440e+01 -8.300599e+01
      vertex   1.024606e+02 1.679440e+01 -8.302748e+01
      vertex   1.025964e+02 2.104440e+01 -8.304279e+01
    endloop
  endfacet
  facet normal 8.963929e-02 7.226206e-04 9.959740e-01
    outer loop
      vertex   1.025964e+02 2.104440e+01 -8.304279e+01
      vertex   1.024606e+02 1.679440e+01 -8.302748e+01
      vertex   1.027332e+02 1.679440e+01 -8.305201e+01
    endloop
  endfacet
  facet normal 4.490284e-02 -7.238482e-04 9.989911e-01
    outer loop
      vertex   1.025964e+02 2.104440e+01 -8.304279e+01
      vertex   1.027332e+02 1.679440e+01 -8.305201e+01
      vertex   1.028700e+02 2.104440e+01 -8.305509e+01
    endloop
  endfacet
  facet normal -4.320834e-19 7.226226e-04 9.999997e-01
    outer loop
      vertex   1.028700e+02 2.104440e+01 -8.305509e+01
      vertex   1.027332e+02 1.679440e+01 -8.305201e+01
      vertex   1.030068e+02 1.679440e+01 -8.305201e+01
    endloop
  endfacet
  facet normal -4.490284e-02 -7.238482e-04 9.989911e-01
    outer loop
      vertex   1.028700e+02 2.104440e+01 -8.305509e+01
      vertex   1.030068e+02 1.679440e+01 -8.305201e+01
      vertex   1.031436e+02 2.104440e+01 -8.304279e+01
    endloop
  endfacet
  facet normal -8.963929e-02 7.226206e-04 9.959740e-01
    outer loop
      vertex   1.031436e+02 2.104440e+01 -8.304279e+01
      vertex   1.030068e+02 1.679440e+01 -8.305201e+01
      vertex   1.032794e+02 1.679440e+01 -8.302748e+01
    endloop
  endfacet
  facet normal -1.343464e-01 -7.238441e-04 9.909342e-01
    outer loop
      vertex   1.031436e+02 2.104440e+01 -8.304279e+01
      vertex   1.032794e+02 1.679440e+01 -8.302748e+01
      vertex   1.034151e+02 2.104440e+01 -8.300599e+01
    endloop
  endfacet
  facet normal -1.785568e-01 7.226143e-04 9.839293e-01
    outer loop
      vertex   1.034151e+02 2.104440e+01 -8.300599e+01
      vertex   1.032794e+02 1.679440e+01 -8.302748e+01
      vertex   1.035487e+02 1.679440e+01 -8.297862e+01
    endloop
  endfacet
  facet normal -2.227064e-01 -7.238357e-04 9.748853e-01
    outer loop
      vertex   1.034151e+02 2.104440e+01 -8.300599e+01
      vertex   1.035487e+02 1.679440e+01 -8.297862e+01
      vertex   1.036821e+02 2.104440e+01 -8.294499e+01
    endloop
  endfacet
  facet normal -2.660368e-01 7.226039e-04 9.639626e-01
    outer loop
      vertex   1.036821e+02 2.104440e+01 -8.294499e+01
      vertex   1.035487e+02 1.679440e+01 -8.297862e+01
      vertex   1.038125e+02 1.679440e+01 -8.290581e+01
    endloop
  endfacet
  facet normal -3.092703e-01 -7.238233e-04 9.509739e-01
    outer loop
      vertex   1.036821e+02 2.104440e+01 -8.294499e+01
      vertex   1.038125e+02 1.679440e+01 -8.290581e+01
      vertex   1.039426e+02 2.104440e+01 -8.286027e+01
    endloop
  endfacet
  facet normal -3.513747e-01 7.225894e-04 9.362346e-01
    outer loop
      vertex   1.039426e+02 2.104440e+01 -8.286027e+01
      vertex   1.038125e+02 1.679440e+01 -8.290581e+01
      vertex   1.040687e+02 1.679440e+01 -8.280964e+01
    endloop
  endfacet
  facet normal -3.933399e-01 -7.238066e-04 9.193928e-01
    outer loop
      vertex   1.039426e+02 2.104440e+01 -8.286027e+01
      vertex   1.040687e+02 1.679440e+01 -8.280964e+01
      vertex   1.041944e+02 2.104440e+01 -8.275254e+01
    endloop
  endfacet
  facet normal -4.338836e-01 7.225707e-04 9.009686e-01
    outer loop
      vertex   1.041944e+02 2.104440e+01 -8.275254e+01
      vertex   1.040687e+02 1.679440e+01 -8.280964e+01
      vertex   1.043153e+02 1.679440e+01 -8.269090e+01
    endloop
  endfacet
  facet normal -4.742372e-01 -7.237858e-04 8.803968e-01
    outer loop
      vertex   1.041944e+02 2.104440e+01 -8.275254e+01
      vertex   1.043153e+02 1.679440e+01 -8.269090e+01
      vertex   1.044355e+02 2.104440e+01 -8.262264e+01
    endloop
  endfacet
  facet normal -5.128991e-01 7.225478e-04 8.584486e-01
    outer loop
      vertex   1.044355e+02 2.104440e+01 -8.262264e+01
      vertex   1.043153e+02 1.679440e+01 -8.269090e+01
      vertex   1.045502e+02 1.679440e+01 -8.255053e+01
    endloop
  endfacet
  facet normal -5.513098e-01 -7.237609e-04 8.343003e-01
    outer loop
      vertex   1.044355e+02 2.104440e+01 -8.262264e+01
      vertex   1.045502e+02 1.679440e+01 -8.255053e+01
      vertex   1.046641e+02 2.104440e+01 -8.247163e+01
    endloop
  endfacet
  facet normal -5.877851e-01 7.225207e-04 8.090168e-01
    outer loop
      vertex   1.046641e+02 2.104440e+01 -8.247163e+01
      vertex   1.045502e+02 1.679440e+01 -8.255053e+01
      vertex   1.047716e+02 1.679440e+01 -8.238967e+01
    endloop
  endfacet
  facet normal -6.239359e-01 -7.237318e-04 7.814752e-01
    outer loop
      vertex   1.046641e+02 2.104440e+01 -8.247163e+01
      vertex   1.047716e+02 1.679440e+01 -8.238967e+01
      vertex   1.048781e+02 2.104440e+01 -8.230073e+01
    endloop
  endfacet
  facet normal -6.579386e-01 7.224896e-04 7.530713e-01
    outer loop
      vertex   1.048781e+02 2.104440e+01 -8.230073e+01
      vertex   1.047716e+02 1.679440e+01 -8.238967e+01
      vertex   1.049777e+02 1.679440e+01 -8.220961e+01
    endloop
  endfacet
  facet normal -6.915300e-01 -7.236985e-04 7.223473e-01
    outer loop
      vertex   1.048781e+02 2.104440e+01 -8.230073e+01
      vertex   1.049777e+02 1.679440e+01 -8.220961e+01
      vertex   1.050760e+02 2.104440e+01 -8.211132e+01
    endloop
  endfacet
  facet normal -7.227947e-01 7.224542e-04 6.910625e-01
    outer loop
      vertex   1.050760e+02 2.104440e+01 -8.211132e+01
      vertex   1.049777e+02 1.679440e+01 -8.220961e+01
      vertex   1.051669e+02 1.679440e+01 -8.201180e+01
    endloop
  endfacet
  facet normal -7.535469e-01 -7.236611e-04 6.573937e-01
    outer loop
      vertex   1.050760e+02 2.104440e+01 -8.211132e+01
      vertex   1.051669e+02 1.679440e+01 -8.201180e+01
      vertex   1.052560e+02 2.104440e+01 -8.190491e+01
    endloop
  endfacet
  facet normal -7.818313e-01 7.224147e-04 6.234896e-01
    outer loop
      vertex   1.052560e+02 2.104440e+01 -8.190491e+01
      vertex   1.051669e+02 1.679440e+01 -8.201180e+01
      vertex   1.053375e+02 1.679440e+01 -8.179783e+01
    endloop
  endfacet
  facet normal -8.094864e-01 -7.236195e-04 5.871382e-01
    outer loop
      vertex   1.052560e+02 2.104440e+01 -8.190491e+01
      vertex   1.053375e+02 1.679440e+01 -8.179783e+01
      vertex   1.054169e+02 2.104440e+01 -8.168319e+01
    endloop
  endfacet
  facet normal -8.345730e-01 7.223710e-04 5.508968e-01
    outer loop
      vertex   1.054169e+02 2.104440e+01 -8.168319e+01
      vertex   1.053375e+02 1.679440e+01 -8.179783e+01
      vertex   1.054883e+02 1.679440e+01 -8.156943e+01
    endloop
  endfacet
  facet normal -8.588973e-01 -7.235737e-04 5.121474e-01
    outer loop
      vertex   1.054169e+02 2.104440e+01 -8.168319e+01
      vertex   1.054883e+02 1.679440e+01 -8.156943e+01
      vertex   1.055571e+02 2.104440e+01 -8.144793e+01
    endloop
  endfacet
  facet normal -8.805953e-01 7.223232e-04 4.738685e-01
    outer loop
      vertex   1.055571e+02 2.104440e+01 -8.144793e+01
      vertex   1.054883e+02 1.679440e+01 -8.156943e+01
      vertex   1.056180e+02 1.679440e+01 -8.132843e+01
    endloop
  endfacet
  facet normal -9.013811e-01 -7.235238e-04 4.330261e-01
    outer loop
      vertex   1.055571e+02 2.104440e+01 -8.144793e+01
      vertex   1.056180e+02 1.679440e+01 -8.132843e+01
      vertex   1.056757e+02 2.104440e+01 -8.120104e+01
    endloop
  endfacet
  facet normal -9.195275e-01 7.222712e-04 3.930249e-01
    outer loop
      vertex   1.056757e+02 2.104440e+01 -8.120104e+01
      vertex   1.056180e+02 1.679440e+01 -8.132843e+01
      vertex   1.057255e+02 1.679440e+01 -8.107678e+01
    endloop
  endfacet
  facet normal -9.365953e-01 -7.234697e-04 3.504123e-01
    outer loop
      vertex   1.056757e+02 2.104440e+01 -8.120104e+01
      vertex   1.057255e+02 1.679440e+01 -8.107678e+01
      vertex   1.057717e+02 2.104440e+01 -8.094449e+01
    endloop
  endfacet
  facet normal -9.510563e-01 7.222150e-04 3.090169e-01
    outer loop
      vertex   1.057717e+02 2.104440e+01 -8.094449e+01
      vertex   1.057255e+02 1.679440e+01 -8.107678e+01
      vertex   1.058101e+02 1.679440e+01 -8.081650e+01
    endloop
  endfacet
  facet normal -9.642557e-01 -7.234115e-04 2.649725e-01
    outer loop
      vertex   1.057717e+02 2.104440e+01 -8.094449e+01
      vertex   1.058101e+02 1.679440e+01 -8.081650e+01
      vertex   1.058443e+02 2.104440e+01 -8.068038e+01
    endloop
  endfacet
  facet normal -9.749277e-01 7.221547e-04 2.225209e-01
    outer loop
      vertex   1.058443e+02 2.104440e+01 -8.068038e+01
      vertex   1.058101e+02 1.679440e+01 -8.081650e+01
      vertex   1.058710e+02 1.679440e+01 -8.054968e+01
    endloop
  endfacet
  facet normal -9.841393e-01 -7.233491e-04 1.773957e-01
    outer loop
      vertex   1.058443e+02 2.104440e+01 -8.068038e+01
      vertex   1.058710e+02 1.679440e+01 -8.054968e+01
      vertex   1.058929e+02 2.104440e+01 -8.041081e+01
    endloop
  endfacet
  facet normal -9.909495e-01 7.220903e-04 1.342332e-01
    outer loop
      vertex   1.058929e+02 2.104440e+01 -8.041081e+01
      vertex   1.058710e+02 1.679440e+01 -8.054968e+01
      vertex   1.059077e+02 1.679440e+01 -8.027848e+01
    endloop
  endfacet
  facet normal -9.960858e-01 -7.232826e-04 8.838814e-02
    outer loop
      vertex   1.058929e+02 2.104440e+01 -8.041081e+01
      vertex   1.059077e+02 1.679440e+01 -8.027848e+01
      vertex   1.059171e+02 2.104440e+01 -8.013798e+01
    endloop
  endfacet
  facet normal -9.989928e-01 7.220216e-04 4.486482e-02
    outer loop
      vertex   1.059171e+02 2.104440e+01 -8.013798e+01
      vertex   1.059077e+02 1.679440e+01 -8.027848e+01
      vertex   1.059200e+02 1.679440e+01 -8.000509e+01
    endloop
  endfacet
  facet normal -9.999989e-01 -7.232119e-04 -1.332263e-03
    outer loop
      vertex   1.059171e+02 2.104440e+01 -8.013798e+01
      vertex   1.059200e+02 1.679440e+01 -8.000509e+01
      vertex   1.059167e+02 2.104440e+01 -7.986407e+01
    endloop
  endfacet
  facet normal -9.989928e-01 7.219488e-04 -4.486482e-02
    outer loop
      vertex   1.059167e+02 2.104440e+01 -7.986407e+01
      vertex   1.059200e+02 1.679440e+01 -8.000509e+01
      vertex   1.059077e+02 1.679440e+01 -7.973169e+01
    endloop
  endfacet
  facet normal -9.958468e-01 -7.231370e-04 -9.104192e-02
    outer loop
      vertex   1.059167e+02 2.104440e+01 -7.986407e+01
      vertex   1.059077e+02 1.679440e+01 -7.973169e+01
      vertex   1.058918e+02 2.104440e+01 -7.959130e+01
    endloop
  endfacet
  facet normal -9.909495e-01 7.218719e-04 -1.342332e-01
    outer loop
      vertex   1.058918e+02 2.104440e+01 -7.959130e+01
      vertex   1.059077e+02 1.679440e+01 -7.973169e+01
      vertex   1.058710e+02 1.679440e+01 -7.946049e+01
    endloop
  endfacet
  facet normal -9.836632e-01 -7.230580e-04 -1.800173e-01
    outer loop
      vertex   1.058918e+02 2.104440e+01 -7.959130e+01
      vertex   1.058710e+02 1.679440e+01 -7.946049e+01
      vertex   1.058425e+02 2.104440e+01 -7.932187e+01
    endloop
  endfacet
  facet normal -9.749277e-01 7.217908e-04 -2.225209e-01
    outer loop
      vertex   1.058425e+02 2.104440e+01 -7.932187e+01
      vertex   1.058710e+02 1.679440e+01 -7.946049e+01
      vertex   1.058101e+02 1.679440e+01 -7.919367e+01
    endloop
  endfacet
  facet normal -9.635462e-01 -7.229748e-04 -2.675409e-01
    outer loop
      vertex   1.058425e+02 2.104440e+01 -7.932187e+01
      vertex   1.058101e+02 1.679440e+01 -7.919367e+01
      vertex   1.057692e+02 2.104440e+01 -7.905795e+01
    endloop
  endfacet
  facet normal -9.510563e-01 7.217055e-04 -3.090169e-01
    outer loop
      vertex   1.057692e+02 2.104440e+01 -7.905795e+01
      vertex   1.058101e+02 1.679440e+01 -7.919367e+01
      vertex   1.057255e+02 1.679440e+01 -7.893339e+01
    endloop
  endfacet
  facet normal -9.356582e-01 -7.228874e-04 -3.529067e-01
    outer loop
      vertex   1.057692e+02 2.104440e+01 -7.905795e+01
      vertex   1.057255e+02 1.679440e+01 -7.893339e+01
      vertex   1.056725e+02 2.104440e+01 -7.880166e+01
    endloop
  endfacet
  facet normal -9.195275e-01 7.216161e-04 -3.930249e-01
    outer loop
      vertex   1.056725e+02 2.104440e+01 -7.880166e+01
      vertex   1.057255e+02 1.679440e+01 -7.893339e+01
      vertex   1.056180e+02 1.679440e+01 -7.868174e+01
    endloop
  endfacet
  facet normal -9.002241e-01 -7.227959e-04 -4.354263e-01
    outer loop
      vertex   1.056725e+02 2.104440e+01 -7.880166e+01
      vertex   1.056180e+02 1.679440e+01 -7.868174e+01
      vertex   1.055533e+02 2.104440e+01 -7.855509e+01
    endloop
  endfacet
  facet normal -8.909910e-01 -2.815235e-05 -4.540209e-01
    outer loop
      vertex   1.055533e+02 2.104440e+01 -7.855509e+01
      vertex   1.056180e+02 1.679440e+01 -7.868174e+01
      vertex   1.055583e+02 1.254440e+01 -7.856449e+01
    endloop
  endfacet
  facet normal 9.002075e-01 7.215225e-04 -4.354605e-01
    outer loop
      vertex   1.001867e+02 1.254440e+01 -7.855509e+01
      vertex   1.000675e+02 1.254440e+01 -7.880145e+01
      vertex   1.001220e+02 1.679440e+01 -7.868174e+01
    endloop
  endfacet
  facet normal 9.195275e-01 -7.215225e-04 -3.930249e-01
    outer loop
      vertex   1.001220e+02 1.679440e+01 -7.868174e+01
      vertex   1.000675e+02 1.254440e+01 -7.880145e+01
      vertex   1.000145e+02 1.679440e+01 -7.893339e+01
    endloop
  endfacet
  facet normal 9.356179e-01 7.215225e-04 -3.530135e-01
    outer loop
      vertex   1.000675e+02 1.254440e+01 -7.880145e+01
      vertex   9.997093e+01 1.254440e+01 -7.905751e+01
      vertex   1.000145e+02 1.679440e+01 -7.893339e+01
    endloop
  endfacet
  facet normal 9.510563e-01 -7.215225e-04 -3.090169e-01
    outer loop
      vertex   1.000145e+02 1.679440e+01 -7.893339e+01
      vertex   9.997093e+01 1.254440e+01 -7.905751e+01
      vertex   9.992991e+01 1.679440e+01 -7.919367e+01
    endloop
  endfacet
  facet normal 9.634953e-01 7.215225e-04 -2.677242e-01
    outer loop
      vertex   9.997093e+01 1.254440e+01 -7.905751e+01
      vertex   9.989766e+01 1.254440e+01 -7.932119e+01
      vertex   9.992991e+01 1.679440e+01 -7.919367e+01
    endloop
  endfacet
  facet normal 9.749277e-01 -7.215225e-04 -2.225209e-01
    outer loop
      vertex   9.992991e+01 1.679440e+01 -7.919367e+01
      vertex   9.989766e+01 1.254440e+01 -7.932119e+01
      vertex   9.986901e+01 1.679440e+01 -7.946049e+01
    endloop
  endfacet
  facet normal 9.836152e-01 7.215225e-04 -1.802794e-01
    outer loop
      vertex   9.989766e+01 1.254440e+01 -7.932119e+01
      vertex   9.984832e+01 1.254440e+01 -7.959038e+01
      vertex   9.986901e+01 1.679440e+01 -7.946049e+01
    endloop
  endfacet
  facet normal 9.909495e-01 -7.215225e-04 -1.342332e-01
    outer loop
      vertex   9.986901e+01 1.679440e+01 -7.946049e+01
      vertex   9.984832e+01 1.254440e+01 -7.959038e+01
      vertex   9.983228e+01 1.679440e+01 -7.973169e+01
    endloop
  endfacet
  facet normal 9.958156e-01 7.215225e-04 -9.138307e-02
    outer loop
      vertex   9.984832e+01 1.254440e+01 -7.959038e+01
      vertex   9.982332e+01 1.254440e+01 -7.986291e+01
      vertex   9.983228e+01 1.679440e+01 -7.973169e+01
    endloop
  endfacet
  facet normal 9.989928e-01 -7.215225e-04 -4.486482e-02
    outer loop
      vertex   9.983228e+01 1.679440e+01 -7.973169e+01
      vertex   9.982332e+01 1.254440e+01 -7.986291e+01
      vertex   9.982000e+01 1.679440e+01 -8.000509e+01
    endloop
  endfacet
  facet normal 9.999982e-01 7.215225e-04 -1.750974e-03
    outer loop
      vertex   9.982332e+01 1.254440e+01 -7.986291e+01
      vertex   9.982284e+01 1.254440e+01 -8.013659e+01
      vertex   9.982000e+01 1.679440e+01 -8.000509e+01
    endloop
  endfacet
  facet normal 9.989928e-01 -7.215225e-04 4.486482e-02
    outer loop
      vertex   9.982000e+01 1.679440e+01 -8.000509e+01
      vertex   9.982284e+01 1.254440e+01 -8.013659e+01
      vertex   9.983228e+01 1.679440e+01 -8.027848e+01
    endloop
  endfacet
  facet normal 9.961295e-01 7.215225e-04 8.789522e-02
    outer loop
      vertex   9.982284e+01 1.254440e+01 -8.013659e+01
      vertex   9.984689e+01 1.254440e+01 -8.040920e+01
      vertex   9.983228e+01 1.679440e+01 -8.027848e+01
    endloop
  endfacet
  facet normal 9.909495e-01 -7.215225e-04 1.342332e-01
    outer loop
      vertex   9.983228e+01 1.679440e+01 -8.027848e+01
      vertex   9.984689e+01 1.254440e+01 -8.040920e+01
      vertex   9.986901e+01 1.679440e+01 -8.054968e+01
    endloop
  endfacet
  facet normal 9.842405e-01 7.215225e-04 1.768337e-01
    outer loop
      vertex   9.984689e+01 1.254440e+01 -8.040920e+01
      vertex   9.989529e+01 1.254440e+01 -8.067857e+01
      vertex   9.986901e+01 1.679440e+01 -8.054968e+01
    endloop
  endfacet
  facet normal 9.749277e-01 -7.215225e-04 2.225209e-01
    outer loop
      vertex   9.986901e+01 1.679440e+01 -8.054968e+01
      vertex   9.989529e+01 1.254440e+01 -8.067857e+01
      vertex   9.992991e+01 1.679440e+01 -8.081650e+01
    endloop
  endfacet
  facet normal 9.644270e-01 7.215225e-04 2.643485e-01
    outer loop
      vertex   9.989529e+01 1.254440e+01 -8.067857e+01
      vertex   9.996763e+01 1.254440e+01 -8.094251e+01
      vertex   9.992991e+01 1.679440e+01 -8.081650e+01
    endloop
  endfacet
  facet normal 9.510563e-01 -7.215225e-04 3.090169e-01
    outer loop
      vertex   9.992991e+01 1.679440e+01 -8.081650e+01
      vertex   9.996763e+01 1.254440e+01 -8.094251e+01
      vertex   1.000145e+02 1.679440e+01 -8.107678e+01
    endloop
  endfacet
  facet normal 9.368484e-01 7.215225e-04 3.497349e-01
    outer loop
      vertex   9.996763e+01 1.254440e+01 -8.094251e+01
      vertex   1.000633e+02 1.254440e+01 -8.119890e+01
      vertex   1.000145e+02 1.679440e+01 -8.107678e+01
    endloop
  endfacet
  facet normal 9.195275e-01 -7.215225e-04 3.930249e-01
    outer loop
      vertex   1.000145e+02 1.679440e+01 -8.107678e+01
      vertex   1.000633e+02 1.254440e+01 -8.119890e+01
      vertex   1.001220e+02 1.679440e+01 -8.132843e+01
    endloop
  endfacet
  facet normal 9.017270e-01 7.215225e-04 4.323054e-01
    outer loop
      vertex   1.000633e+02 1.254440e+01 -8.119890e+01
      vertex   1.001817e+02 1.254440e+01 -8.144568e+01
      vertex   1.001220e+02 1.679440e+01 -8.132843e+01
    endloop
  endfacet
  facet normal 8.805953e-01 -7.215225e-04 4.738685e-01
    outer loop
      vertex   1.001220e+02 1.679440e+01 -8.132843e+01
      vertex   1.001817e+02 1.254440e+01 -8.144568e+01
      vertex   1.002517e+02 1.679440e+01 -8.156943e+01
    endloop
  endfacet
  facet normal 8.593453e-01 7.215225e-04 5.113952e-01
    outer loop
      vertex   1.001817e+02 1.254440e+01 -8.144568e+01
      vertex   1.003216e+02 1.254440e+01 -8.168086e+01
      vertex   1.002517e+02 1.679440e+01 -8.156943e+01
    endloop
  endfacet
  facet normal 8.345730e-01 -7.215225e-04 5.508968e-01
    outer loop
      vertex   1.002517e+02 1.679440e+01 -8.156943e+01
      vertex   1.003216e+02 1.254440e+01 -8.168086e+01
      vertex   1.004025e+02 1.679440e+01 -8.179783e+01
    endloop
  endfacet
  facet normal 8.100447e-01 7.215225e-04 5.863676e-01
    outer loop
      vertex   1.003216e+02 1.254440e+01 -8.168086e+01
      vertex   1.004821e+02 1.254440e+01 -8.190255e+01
      vertex   1.004025e+02 1.679440e+01 -8.179783e+01
    endloop
  endfacet
  facet normal 7.818313e-01 -7.215225e-04 6.234896e-01
    outer loop
      vertex   1.004025e+02 1.679440e+01 -8.179783e+01
      vertex   1.004821e+02 1.254440e+01 -8.190255e+01
      vertex   1.005731e+02 1.679440e+01 -8.201180e+01
    endloop
  endfacet
  facet normal 7.542221e-01 7.215225e-04 6.566189e-01
    outer loop
      vertex   1.004821e+02 1.254440e+01 -8.190255e+01
      vertex   1.006618e+02 1.254440e+01 -8.210896e+01
      vertex   1.005731e+02 1.679440e+01 -8.201180e+01
    endloop
  endfacet
  facet normal 7.227947e-01 -7.215225e-04 6.910625e-01
    outer loop
      vertex   1.005731e+02 1.679440e+01 -8.201180e+01
      vertex   1.006618e+02 1.254440e+01 -8.210896e+01
      vertex   1.007623e+02 1.679440e+01 -8.220961e+01
    endloop
  endfacet
  facet normal 6.923270e-01 7.215225e-04 7.215835e-01
    outer loop
      vertex   1.006618e+02 1.254440e+01 -8.210896e+01
      vertex   1.008593e+02 1.254440e+01 -8.229844e+01
      vertex   1.007623e+02 1.679440e+01 -8.220961e+01
    endloop
  endfacet
  facet normal 6.579386e-01 -7.215225e-04 7.530713e-01
    outer loop
      vertex   1.007623e+02 1.679440e+01 -8.220961e+01
      vertex   1.008593e+02 1.254440e+01 -8.229844e+01
      vertex   1.009684e+02 1.679440e+01 -8.238967e+01
    endloop
  endfacet
  facet normal 6.248577e-01 7.215225e-04 7.807384e-01
    outer loop
      vertex   1.008593e+02 1.254440e+01 -8.229844e+01
      vertex   1.010729e+02 1.254440e+01 -8.246944e+01
      vertex   1.009684e+02 1.679440e+01 -8.238967e+01
    endloop
  endfacet
  facet normal 5.877851e-01 -7.215225e-04 8.090168e-01
    outer loop
      vertex   1.009684e+02 1.679440e+01 -8.238967e+01
      vertex   1.010729e+02 1.254440e+01 -8.246944e+01
      vertex   1.011898e+02 1.679440e+01 -8.255053e+01
    endloop
  endfacet
  facet normal 5.523573e-01 7.215225e-04 8.336072e-01
    outer loop
      vertex   1.010729e+02 1.254440e+01 -8.246944e+01
      vertex   1.013011e+02 1.254440e+01 -8.262061e+01
      vertex   1.011898e+02 1.679440e+01 -8.255053e+01
    endloop
  endfacet
  facet normal 5.128991e-01 -7.215225e-04 8.584486e-01
    outer loop
      vertex   1.011898e+02 1.679440e+01 -8.255053e+01
      vertex   1.013011e+02 1.254440e+01 -8.262061e+01
      vertex   1.014247e+02 1.679440e+01 -8.269090e+01
    endloop
  endfacet
  facet normal 4.754097e-01 7.215225e-04 8.797642e-01
    outer loop
      vertex   1.013011e+02 1.254440e+01 -8.262061e+01
      vertex   1.015418e+02 1.254440e+01 -8.275072e+01
      vertex   1.014247e+02 1.679440e+01 -8.269090e+01
    endloop
  endfacet
  facet normal 4.338836e-01 -7.215225e-04 9.009686e-01
    outer loop
      vertex   1.014247e+02 1.679440e+01 -8.269090e+01
      vertex   1.015418e+02 1.254440e+01 -8.275072e+01
      vertex   1.016713e+02 1.679440e+01 -8.280964e+01
    endloop
  endfacet
  facet normal 3.946344e-01 7.215225e-04 9.188379e-01
    outer loop
      vertex   1.015418e+02 1.254440e+01 -8.275072e+01
      vertex   1.017933e+02 1.254440e+01 -8.285872e+01
      vertex   1.016713e+02 1.679440e+01 -8.280964e+01
    endloop
  endfacet
  facet normal 3.513747e-01 -7.215225e-04 9.362346e-01
    outer loop
      vertex   1.016713e+02 1.679440e+01 -8.280964e+01
      vertex   1.017933e+02 1.254440e+01 -8.285872e+01
      vertex   1.019275e+02 1.679440e+01 -8.290581e+01
    endloop
  endfacet
  facet normal 3.106817e-01 7.215225e-04 9.505137e-01
    outer loop
      vertex   1.017933e+02 1.254440e+01 -8.285872e+01
      vertex   1.020534e+02 1.254440e+01 -8.294375e+01
      vertex   1.019275e+02 1.679440e+01 -8.290581e+01
    endloop
  endfacet
  facet normal 2.660368e-01 -7.215225e-04 9.639626e-01
    outer loop
      vertex   1.019275e+02 1.679440e+01 -8.290581e+01
      vertex   1.020534e+02 1.254440e+01 -8.294375e+01
      vertex   1.021913e+02 1.679440e+01 -8.297862e+01
    endloop
  endfacet
  facet normal 2.242276e-01 7.215225e-04 9.745365e-01
    outer loop
      vertex   1.020534e+02 1.254440e+01 -8.294375e+01
      vertex   1.023201e+02 1.254440e+01 -8.300511e+01
      vertex   1.021913e+02 1.679440e+01 -8.297862e+01
    endloop
  endfacet
  facet normal 1.785568e-01 -7.215225e-04 9.839293e-01
    outer loop
      vertex   1.021913e+02 1.679440e+01 -8.297862e+01
      vertex   1.023201e+02 1.254440e+01 -8.300511e+01
      vertex   1.024606e+02 1.679440e+01 -8.302748e+01
    endloop
  endfacet
  facet normal 1.359682e-01 7.215225e-04 9.907129e-01
    outer loop
      vertex   1.023201e+02 1.254440e+01 -8.300511e+01
      vertex   1.025913e+02 1.254440e+01 -8.304232e+01
      vertex   1.024606e+02 1.679440e+01 -8.302748e+01
    endloop
  endfacet
  facet normal 8.963929e-02 -7.215225e-04 9.959740e-01
    outer loop
      vertex   1.024606e+02 1.679440e+01 -8.302748e+01
      vertex   1.025913e+02 1.254440e+01 -8.304232e+01
      vertex   1.027332e+02 1.679440e+01 -8.305201e+01
    endloop
  endfacet
  facet normal 4.661396e-02 7.215225e-04 9.989127e-01
    outer loop
      vertex   1.025913e+02 1.254440e+01 -8.304232e+01
      vertex   1.028647e+02 1.254440e+01 -8.305508e+01
      vertex   1.027332e+02 1.679440e+01 -8.305201e+01
    endloop
  endfacet
  facet normal 0.000000e+00 -7.215225e-04 9.999997e-01
    outer loop
      vertex   1.027332e+02 1.679440e+01 -8.305201e+01
      vertex   1.028647e+02 1.254440e+01 -8.305508e+01
      vertex   1.030068e+02 1.679440e+01 -8.305201e+01
    endloop
  endfacet
  facet normal -4.311554e-02 7.215225e-04 9.990698e-01
    outer loop
      vertex   1.028647e+02 1.254440e+01 -8.305508e+01
      vertex   1.031381e+02 1.254440e+01 -8.304328e+01
      vertex   1.030068e+02 1.679440e+01 -8.305201e+01
    endloop
  endfacet
  facet normal -8.963929e-02 -7.215225e-04 9.959740e-01
    outer loop
      vertex   1.030068e+02 1.679440e+01 -8.305201e+01
      vertex   1.031381e+02 1.254440e+01 -8.304328e+01
      vertex   1.032794e+02 1.679440e+01 -8.302748e+01
    endloop
  endfacet
  facet normal -1.324979e-01 7.215225e-04 9.911830e-01
    outer loop
      vertex   1.031381e+02 1.254440e+01 -8.304328e+01
      vertex   1.034093e+02 1.254440e+01 -8.300702e+01
      vertex   1.032794e+02 1.679440e+01 -8.302748e+01
    endloop
  endfacet
  facet normal -1.785568e-01 -7.215225e-04 9.839293e-01
    outer loop
      vertex   1.032794e+02 1.679440e+01 -8.302748e+01
      vertex   1.034093e+02 1.254440e+01 -8.300702e+01
      vertex   1.035487e+02 1.679440e+01 -8.297862e+01
    endloop
  endfacet
  facet normal -2.208135e-01 7.215225e-04 9.753158e-01
    outer loop
      vertex   1.034093e+02 1.254440e+01 -8.300702e+01
      vertex   1.036763e+02 1.254440e+01 -8.294659e+01
      vertex   1.035487e+02 1.679440e+01 -8.297862e+01
    endloop
  endfacet
  facet normal -2.660368e-01 -7.215225e-04 9.639626e-01
    outer loop
      vertex   1.035487e+02 1.679440e+01 -8.297862e+01
      vertex   1.036763e+02 1.254440e+01 -8.294659e+01
      vertex   1.038125e+02 1.679440e+01 -8.290581e+01
    endloop
  endfacet
  facet normal -3.073512e-01 7.215225e-04 9.515959e-01
    outer loop
      vertex   1.036763e+02 1.254440e+01 -8.294659e+01
      vertex   1.039367e+02 1.254440e+01 -8.286247e+01
      vertex   1.038125e+02 1.679440e+01 -8.290581e+01
    endloop
  endfacet
  facet normal -3.513747e-01 -7.215225e-04 9.362346e-01
    outer loop
      vertex   1.038125e+02 1.679440e+01 -8.290581e+01
      vertex   1.039367e+02 1.254440e+01 -8.286247e+01
      vertex   1.040687e+02 1.679440e+01 -8.280964e+01
    endloop
  endfacet
  facet normal -3.914143e-01 7.215225e-04 9.202143e-01
    outer loop
      vertex   1.039367e+02 1.254440e+01 -8.286247e+01
      vertex   1.041885e+02 1.254440e+01 -8.275535e+01
      vertex   1.040687e+02 1.679440e+01 -8.280964e+01
    endloop
  endfacet
  facet normal -4.338836e-01 -7.215225e-04 9.009686e-01
    outer loop
      vertex   1.040687e+02 1.679440e+01 -8.280964e+01
      vertex   1.041885e+02 1.254440e+01 -8.275535e+01
      vertex   1.043153e+02 1.679440e+01 -8.269090e+01
    endloop
  endfacet
  facet normal -4.723259e-01 7.215225e-04 8.814237e-01
    outer loop
      vertex   1.041885e+02 1.254440e+01 -8.275535e+01
      vertex   1.044298e+02 1.254440e+01 -8.262609e+01
      vertex   1.043153e+02 1.679440e+01 -8.269090e+01
    endloop
  endfacet
  facet normal -5.128991e-01 -7.215225e-04 8.584486e-01
    outer loop
      vertex   1.043153e+02 1.679440e+01 -8.269090e+01
      vertex   1.044298e+02 1.254440e+01 -8.262609e+01
      vertex   1.045502e+02 1.679440e+01 -8.255053e+01
    endloop
  endfacet
  facet normal -5.494347e-01 7.215225e-04 8.355364e-01
    outer loop
      vertex   1.044298e+02 1.254440e+01 -8.262609e+01
      vertex   1.046584e+02 1.254440e+01 -8.247572e+01
      vertex   1.045502e+02 1.679440e+01 -8.255053e+01
    endloop
  endfacet
  facet normal -5.877851e-01 -7.215225e-04 8.090168e-01
    outer loop
      vertex   1.045502e+02 1.679440e+01 -8.255053e+01
      vertex   1.046584e+02 1.254440e+01 -8.247572e+01
      vertex   1.047716e+02 1.679440e+01 -8.238967e+01
    endloop
  endfacet
  facet normal -6.221197e-01 7.215225e-04 7.829218e-01
    outer loop
      vertex   1.046584e+02 1.254440e+01 -8.247572e+01
      vertex   1.048727e+02 1.254440e+01 -8.230546e+01
      vertex   1.047716e+02 1.679440e+01 -8.238967e+01
    endloop
  endfacet
  facet normal -6.579386e-01 -7.215225e-04 7.530713e-01
    outer loop
      vertex   1.047716e+02 1.679440e+01 -8.238967e+01
      vertex   1.048727e+02 1.254440e+01 -8.230546e+01
      vertex   1.049777e+02 1.679440e+01 -8.220961e+01
    endloop
  endfacet
  facet normal -6.897958e-01 7.215225e-04 7.240036e-01
    outer loop
      vertex   1.048727e+02 1.254440e+01 -8.230546e+01
      vertex   1.050708e+02 1.254440e+01 -8.211668e+01
      vertex   1.049777e+02 1.679440e+01 -8.220961e+01
    endloop
  endfacet
  facet normal -7.227947e-01 -7.215225e-04 6.910625e-01
    outer loop
      vertex   1.049777e+02 1.679440e+01 -8.220961e+01
      vertex   1.050708e+02 1.254440e+01 -8.211668e+01
      vertex   1.051669e+02 1.679440e+01 -8.201180e+01
    endloop
  endfacet
  facet normal -7.519181e-01 7.215225e-04 6.592562e-01
    outer loop
      vertex   1.050708e+02 1.254440e+01 -8.211668e+01
      vertex   1.052513e+02 1.254440e+01 -8.191090e+01
      vertex   1.051669e+02 1.679440e+01 -8.201180e+01
    endloop
  endfacet
  facet normal -7.818313e-01 -7.215225e-04 6.234896e-01
    outer loop
      vertex   1.051669e+02 1.679440e+01 -8.201180e+01
      vertex   1.052513e+02 1.254440e+01 -8.191090e+01
      vertex   1.053375e+02 1.679440e+01 -8.179783e+01
    endloop
  endfacet
  facet normal -8.079863e-01 7.215225e-04 5.892008e-01
    outer loop
      vertex   1.052513e+02 1.254440e+01 -8.191090e+01
      vertex   1.054125e+02 1.254440e+01 -8.168978e+01
      vertex   1.053375e+02 1.679440e+01 -8.179783e+01
    endloop
  endfacet
  facet normal -8.345730e-01 -7.215225e-04 5.508968e-01
    outer loop
      vertex   1.053375e+02 1.679440e+01 -8.179783e+01
      vertex   1.054125e+02 1.254440e+01 -8.168978e+01
      vertex   1.054883e+02 1.679440e+01 -8.156943e+01
    endloop
  endfacet
  facet normal -8.575492e-01 7.215225e-04 5.144015e-01
    outer loop
      vertex   1.054125e+02 1.254440e+01 -8.168978e+01
      vertex   1.055533e+02 1.254440e+01 -8.145509e+01
      vertex   1.054883e+02 1.679440e+01 -8.156943e+01
    endloop
  endfacet
  facet normal -8.805953e-01 -7.215225e-04 4.738685e-01
    outer loop
      vertex   1.054883e+02 1.679440e+01 -8.156943e+01
      vertex   1.055533e+02 1.254440e+01 -8.145509e+01
      vertex   1.056180e+02 1.679440e+01 -8.132843e+01
    endloop
  endfacet
  facet normal -9.002075e-01 7.215225e-04 4.354605e-01
    outer loop
      vertex   1.055533e+02 1.254440e+01 -8.145509e+01
      vertex   1.056725e+02 1.254440e+01 -8.120872e+01
      vertex   1.056180e+02 1.679440e+01 -8.132843e+01
    endloop
  endfacet
  facet normal -9.195275e-01 -7.215225e-04 3.930249e-01
    outer loop
      vertex   1.056180e+02 1.679440e+01 -8.132843e+01
      vertex   1.056725e+02 1.254440e+01 -8.120872e+01
      vertex   1.057255e+02 1.679440e+01 -8.107678e+01
    endloop
  endfacet
  facet normal -9.356179e-01 7.215225e-04 3.530135e-01
    outer loop
      vertex   1.056725e+02 1.254440e+01 -8.120872e+01
      vertex   1.057691e+02 1.254440e+01 -8.095266e+01
      vertex   1.057255e+02 1.679440e+01 -8.107678e+01
    endloop
  endfacet
  facet normal -9.510563e-01 -7.215225e-04 3.090169e-01
    outer loop
      vertex   1.057255e+02 1.679440e+01 -8.107678e+01
      vertex   1.057691e+02 1.254440e+01 -8.095266e+01
      vertex   1.058101e+02 1.679440e+01 -8.081650e+01
    endloop
  endfacet
  facet normal -9.634953e-01 7.215225e-04 2.677242e-01
    outer loop
      vertex   1.057691e+02 1.254440e+01 -8.095266e+01
      vertex   1.058423e+02 1.254440e+01 -8.068898e+01
      vertex   1.058101e+02 1.679440e+01 -8.081650e+01
    endloop
  endfacet
  facet normal -9.749277e-01 -7.215225e-04 2.225209e-01
    outer loop
      vertex   1.058101e+02 1.679440e+01 -8.081650e+01
      vertex   1.058423e+02 1.254440e+01 -8.068898e+01
      vertex   1.058710e+02 1.679440e+01 -8.054968e+01
    endloop
  endfacet
  facet normal -9.836152e-01 7.215225e-04 1.802794e-01
    outer loop
      vertex   1.058423e+02 1.254440e+01 -8.068898e+01
      vertex   1.058917e+02 1.254440e+01 -8.041979e+01
      vertex   1.058710e+02 1.679440e+01 -8.054968e+01
    endloop
  endfacet
  facet normal -9.909495e-01 -7.215225e-04 1.342332e-01
    outer loop
      vertex   1.058710e+02 1.679440e+01 -8.054968e+01
      vertex   1.058917e+02 1.254440e+01 -8.041979e+01
      vertex   1.059077e+02 1.679440e+01 -8.027848e+01
    endloop
  endfacet
  facet normal -9.958156e-01 7.215225e-04 9.138307e-02
    outer loop
      vertex   1.058917e+02 1.254440e+01 -8.041979e+01
      vertex   1.059167e+02 1.254440e+01 -8.014726e+01
      vertex   1.059077e+02 1.679440e+01 -8.027848e+01
    endloop
  endfacet
  facet normal -9.989928e-01 -7.215225e-04 4.486482e-02
    outer loop
      vertex   1.059077e+02 1.679440e+01 -8.027848e+01
      vertex   1.059167e+02 1.254440e+01 -8.014726e+01
      vertex   1.059200e+02 1.679440e+01 -8.000509e+01
    endloop
  endfacet
  facet normal -9.999982e-01 7.215225e-04 1.750974e-03
    outer loop
      vertex   1.059167e+02 1.254440e+01 -8.014726e+01
      vertex   1.059172e+02 1.254440e+01 -7.987358e+01
      vertex   1.059200e+02 1.679440e+01 -8.000509e+01
    endloop
  endfacet
  facet normal -9.989928e-01 -7.215225e-04 -4.486482e-02
    outer loop
      vertex   1.059200e+02 1.679440e+01 -8.000509e+01
      vertex   1.059172e+02 1.254440e+01 -7.987358e+01
      vertex   1.059077e+02 1.679440e+01 -7.973169e+01
    endloop
  endfacet
  facet normal -9.961295e-01 7.215225e-04 -8.789522e-02
    outer loop
      vertex   1.059172e+02 1.254440e+01 -7.987358e+01
      vertex   1.058931e+02 1.254440e+01 -7.960097e+01
      vertex   1.059077e+02 1.679440e+01 -7.973169e+01
    endloop
  endfacet
  facet normal -9.909495e-01 -7.215225e-04 -1.342332e-01
    outer loop
      vertex   1.059077e+02 1.679440e+01 -7.973169e+01
      vertex   1.058931e+02 1.254440e+01 -7.960097e+01
      vertex   1.058710e+02 1.679440e+01 -7.946049e+01
    endloop
  endfacet
  facet normal -9.842405e-01 7.215225e-04 -1.768337e-01
    outer loop
      vertex   1.058931e+02 1.254440e+01 -7.960097e+01
      vertex   1.058447e+02 1.254440e+01 -7.933160e+01
      vertex   1.058710e+02 1.679440e+01 -7.946049e+01
    endloop
  endfacet
  facet normal -9.749277e-01 -7.215225e-04 -2.225209e-01
    outer loop
      vertex   1.058710e+02 1.679440e+01 -7.946049e+01
      vertex   1.058447e+02 1.254440e+01 -7.933160e+01
      vertex   1.058101e+02 1.679440e+01 -7.919367e+01
    endloop
  endfacet
  facet normal -9.644270e-01 7.215225e-04 -2.643485e-01
    outer loop
      vertex   1.058447e+02 1.254440e+01 -7.933160e+01
      vertex   1.057724e+02 1.254440e+01 -7.906766e+01
      vertex   1.058101e+02 1.679440e+01 -7.919367e+01
    endloop
  endfacet
  facet normal -9.510563e-01 -7.215225e-04 -3.090169e-01
    outer loop
      vertex   1.058101e+02 1.679440e+01 -7.919367e+01
      vertex   1.057724e+02 1.254440e+01 -7.906766e+01
      vertex   1.057255e+02 1.679440e+01 -7.893339e+01
    endloop
  endfacet
  facet normal -9.368484e-01 7.215225e-04 -3.497349e-01
    outer loop
      vertex   1.057724e+02 1.254440e+01 -7.906766e+01
      vertex   1.056767e+02 1.254440e+01 -7.881127e+01
      vertex   1.057255e+02 1.679440e+01 -7.893339e+01
    endloop
  endfacet
  facet normal -9.195275e-01 -7.215225e-04 -3.930249e-01
    outer loop
      vertex   1.057255e+02 1.679440e+01 -7.893339e+01
      vertex   1.056767e+02 1.254440e+01 -7.881127e+01
      vertex   1.056180e+02 1.679440e+01 -7.868174e+01
    endloop
  endfacet
  facet normal -9.017270e-01 7.215225e-04 -4.323054e-01
    outer loop
      vertex   1.056767e+02 1.254440e+01 -7.881127e+01
      vertex   1.055583e+02 1.254440e+01 -7.856449e+01
      vertex   1.056180e+02 1.679440e+01 -7.868174e+01
    endloop
  endfacet
  facet normal -0.000000e+00 -1.000000e+00 -0.000000e+00
    outer loop
      vertex   1.055533e+02 2.104440e+01 -7.855509e+01
      vertex   1.001867e+02 2.104440e+01 -7.855509e+01
      vertex   1.056725e+02 2.104440e+01 -7.880166e+01
    endloop
  endfacet
  facet normal 0.000000e+00 -1.000000e+00 0.000000e+00
    outer loop
      vertex   1.056725e+02 2.104440e+01 -7.880166e+01
      vertex   1.001867e+02 2.104440e+01 -7.855509e+01
      vertex   1.000675e+02 2.104440e+01 -7.880166e+01
    endloop
  endfacet
  facet normal -0.000000e+00 -1.000000e+00 -0.000000e+00
    outer loop
      vertex   1.056725e+02 2.104440e+01 -7.880166e+01
      vertex   1.000675e+02 2.104440e+01 -7.880166e+01
      vertex   1.057692e+02 2.104440e+01 -7.905795e+01
    endloop
  endfacet
  facet normal 0.000000e+00 -1.000000e+00 0.000000e+00
    outer loop
      vertex   1.057692e+02 2.104440e+01 -7.905795e+01
      vertex   1.000675e+02 2.104440e+01 -7.880166e+01
      vertex   9.997079e+01 2.104440e+01 -7.905795e+01
    endloop
  endfacet
  facet normal -0.000000e+00 -1.000000e+00 -0.000000e+00
    outer loop
      vertex   1.057692e+02 2.104440e+01 -7.905795e+01
      vertex   9.997079e+01 2.104440e+01 -7.905795e+01
      vertex   1.058425e+02 2.104440e+01 -7.932187e+01
    endloop
  endfacet
  facet normal -0.000000e+00 -1.000000e+00 0.000000e+00
    outer loop
      vertex   1.058425e+02 2.104440e+01 -7.932187e+01
      vertex   9.997079e+01 2.104440e+01 -7.905795e+01
      vertex   9.989751e+01 2.104440e+01 -7.932187e+01
    endloop
  endfacet
  facet normal 0.000000e+00 -1.000000e+00 -0.000000e+00
    outer loop
      vertex   1.058425e+02 2.104440e+01 -7.932187e+01
      vertex   9.989751e+01 2.104440e+01 -7.932187e+01
      vertex   1.058918e+02 2.104440e+01 -7.959130e+01
    endloop
  endfacet
  facet normal 0.000000e+00 -1.000000e+00 0.000000e+00
    outer loop
      vertex   1.058918e+02 2.104440e+01 -7.959130e+01
      vertex   9.989751e+01 2.104440e+01 -7.932187e+01
      vertex   9.984820e+01 2.104440e+01 -7.959130e+01
    endloop
  endfacet
  facet normal -0.000000e+00 -1.000000e+00 -0.000000e+00
    outer loop
      vertex   1.058918e+02 2.104440e+01 -7.959130e+01
      vertex   9.984820e+01 2.104440e+01 -7.959130e+01
      vertex   1.059167e+02 2.104440e+01 -7.986407e+01
    endloop
  endfacet
  facet normal -0.000000e+00 -1.000000e+00 0.000000e+00
    outer loop
      vertex   1.059167e+02 2.104440e+01 -7.986407e+01
      vertex   9.984820e+01 2.104440e+01 -7.959130e+01
      vertex   9.982326e+01 2.104440e+01 -7.986407e+01
    endloop
  endfacet
  facet normal 0.000000e+00 -1.000000e+00 -0.000000e+00
    outer loop
      vertex   1.059167e+02 2.104440e+01 -7.986407e+01
      vertex   9.982326e+01 2.104440e+01 -7.986407e+01
      vertex   1.059171e+02 2.104440e+01 -8.013798e+01
    endloop
  endfacet
  facet normal 0.000000e+00 -1.000000e+00 0.000000e+00
    outer loop
      vertex   1.059171e+02 2.104440e+01 -8.013798e+01
      vertex   9.982326e+01 2.104440e+01 -7.986407e+01
      vertex   9.982290e+01 2.104440e+01 -8.013798e+01
    endloop
  endfacet
  facet normal -0.000000e+00 -1.000000e+00 0.000000e+00
    outer loop
      vertex   1.059171e+02 2.104440e+01 -8.013798e+01
      vertex   9.982290e+01 2.104440e+01 -8.013798e+01
      vertex   1.058929e+02 2.104440e+01 -8.041081e+01
    endloop
  endfacet
  facet normal 0.000000e+00 -1.000000e+00 0.000000e+00
    outer loop
      vertex   1.058929e+02 2.104440e+01 -8.041081e+01
      vertex   9.982290e+01 2.104440e+01 -8.013798e+01
      vertex   9.984711e+01 2.104440e+01 -8.041081e+01
    endloop
  endfacet
  facet normal -0.000000e+00 -1.000000e+00 0.000000e+00
    outer loop
      vertex   1.058929e+02 2.104440e+01 -8.041081e+01
      vertex   9.984711e+01 2.104440e+01 -8.041081e+01
      vertex   1.058443e+02 2.104440e+01 -8.068038e+01
    endloop
  endfacet
  facet normal 0.000000e+00 -1.000000e+00 0.000000e+00
    outer loop
      vertex   1.058443e+02 2.104440e+01 -8.068038e+01
      vertex   9.984711e+01 2.104440e+01 -8.041081e+01
      vertex   9.989570e+01 2.104440e+01 -8.068038e+01
    endloop
  endfacet
  facet normal -0.000000e+00 -1.000000e+00 0.000000e+00
    outer loop
      vertex   1.058443e+02 2.104440e+01 -8.068038e+01
      vertex   9.989570e+01 2.104440e+01 -8.068038e+01
      vertex   1.057717e+02 2.104440e+01 -8.094449e+01
    endloop
  endfacet
  facet normal 0.000000e+00 -1.000000e+00 0.000000e+00
    outer loop
      vertex   1.057717e+02 2.104440e+01 -8.094449e+01
      vertex   9.989570e+01 2.104440e+01 -8.068038e+01
      vertex   9.996827e+01 2.104440e+01 -8.094449e+01
    endloop
  endfacet
  facet normal -0.000000e+00 -1.000000e+00 0.000000e+00
    outer loop
      vertex   1.057717e+02 2.104440e+01 -8.094449e+01
      vertex   9.996827e+01 2.104440e+01 -8.094449e+01
      vertex   1.056757e+02 2.104440e+01 -8.120104e+01
    endloop
  endfacet
  facet normal -0.000000e+00 -1.000000e+00 0.000000e+00
    outer loop
      vertex   1.056757e+02 2.104440e+01 -8.120104e+01
      vertex   9.996827e+01 2.104440e+01 -8.094449e+01
      vertex   1.000643e+02 2.104440e+01 -8.120104e+01
    endloop
  endfacet
  facet normal 0.000000e+00 -1.000000e+00 0.000000e+00
    outer loop
      vertex   1.056757e+02 2.104440e+01 -8.120104e+01
      vertex   1.000643e+02 2.104440e+01 -8.120104e+01
      vertex   1.055571e+02 2.104440e+01 -8.144793e+01
    endloop
  endfacet
  facet normal -0.000000e+00 -1.000000e+00 0.000000e+00
    outer loop
      vertex   1.055571e+02 2.104440e+01 -8.144793e+01
      vertex   1.000643e+02 2.104440e+01 -8.120104e+01
      vertex   1.001829e+02 2.104440e+01 -8.144793e+01
    endloop
  endfacet
  facet normal 0.000000e+00 -1.000000e+00 0.000000e+00
    outer loop
      vertex   1.055571e+02 2.104440e+01 -8.144793e+01
      vertex   1.001829e+02 2.104440e+01 -8.144793e+01
      vertex   1.054169e+02 2.104440e+01 -8.168319e+01
    endloop
  endfacet
  facet normal 0.000000e+00 -1.000000e+00 0.000000e+00
    outer loop
      vertex   1.054169e+02 2.104440e+01 -8.168319e+01
      vertex   1.001829e+02 2.104440e+01 -8.144793e+01
      vertex   1.003231e+02 2.104440e+01 -8.168319e+01
    endloop
  endfacet
  facet normal -0.000000e+00 -1.000000e+00 0.000000e+00
    outer loop
      vertex   1.054169e+02 2.104440e+01 -8.168319e+01
      vertex   1.003231e+02 2.104440e+01 -8.168319e+01
      vertex   1.052560e+02 2.104440e+01 -8.190491e+01
    endloop
  endfacet
  facet normal 0.000000e+00 -1.000000e+00 0.000000e+00
    outer loop
      vertex   1.052560e+02 2.104440e+01 -8.190491e+01
      vertex   1.003231e+02 2.104440e+01 -8.168319e+01
      vertex   1.004840e+02 2.104440e+01 -8.190491e+01
    endloop
  endfacet
  facet normal -0.000000e+00 -1.000000e+00 0.000000e+00
    outer loop
      vertex   1.052560e+02 2.104440e+01 -8.190491e+01
      vertex   1.004840e+02 2.104440e+01 -8.190491e+01
      vertex   1.050760e+02 2.104440e+01 -8.211132e+01
    endloop
  endfacet
  facet normal 0.000000e+00 -1.000000e+00 0.000000e+00
    outer loop
      vertex   1.050760e+02 2.104440e+01 -8.211132e+01
      vertex   1.004840e+02 2.104440e+01 -8.190491e+01
      vertex   1.006640e+02 2.104440e+01 -8.211132e+01
    endloop
  endfacet
  facet normal -0.000000e+00 -1.000000e+00 0.000000e+00
    outer loop
      vertex   1.050760e+02 2.104440e+01 -8.211132e+01
      vertex   1.006640e+02 2.104440e+01 -8.211132e+01
      vertex   1.048781e+02 2.104440e+01 -8.230073e+01
    endloop
  endfacet
  facet normal 0.000000e+00 -1.000000e+00 0.000000e+00
    outer loop
      vertex   1.048781e+02 2.104440e+01 -8.230073e+01
      vertex   1.006640e+02 2.104440e+01 -8.211132e+01
      vertex   1.008619e+02 2.104440e+01 -8.230073e+01
    endloop
  endfacet
  facet normal -0.000000e+00 -1.000000e+00 0.000000e+00
    outer loop
      vertex   1.048781e+02 2.104440e+01 -8.230073e+01
      vertex   1.008619e+02 2.104440e+01 -8.230073e+01
      vertex   1.046641e+02 2.104440e+01 -8.247163e+01
    endloop
  endfacet
  facet normal 0.000000e+00 -1.000000e+00 0.000000e+00
    outer loop
      vertex   1.046641e+02 2.104440e+01 -8.247163e+01
      vertex   1.008619e+02 2.104440e+01 -8.230073e+01
      vertex   1.010759e+02 2.104440e+01 -8.247163e+01
    endloop
  endfacet
  facet normal -0.000000e+00 -1.000000e+00 0.000000e+00
    outer loop
      vertex   1.046641e+02 2.104440e+01 -8.247163e+01
      vertex   1.010759e+02 2.104440e+01 -8.247163e+01
      vertex   1.044355e+02 2.104440e+01 -8.262264e+01
    endloop
  endfacet
  facet normal 0.000000e+00 -1.000000e+00 0.000000e+00
    outer loop
      vertex   1.044355e+02 2.104440e+01 -8.262264e+01
      vertex   1.010759e+02 2.104440e+01 -8.247163e+01
      vertex   1.013045e+02 2.104440e+01 -8.262264e+01
    endloop
  endfacet
  facet normal -0.000000e+00 -1.000000e+00 0.000000e+00
    outer loop
      vertex   1.044355e+02 2.104440e+01 -8.262264e+01
      vertex   1.013045e+02 2.104440e+01 -8.262264e+01
      vertex   1.041944e+02 2.104440e+01 -8.275254e+01
    endloop
  endfacet
  facet normal 0.000000e+00 -1.000000e+00 0.000000e+00
    outer loop
      vertex   1.041944e+02 2.104440e+01 -8.275254e+01
      vertex   1.013045e+02 2.104440e+01 -8.262264e+01
      vertex   1.015456e+02 2.104440e+01 -8.275254e+01
    endloop
  endfacet
  facet normal -0.000000e+00 -1.000000e+00 0.000000e+00
    outer loop
      vertex   1.041944e+02 2.104440e+01 -8.275254e+01
      vertex   1.015456e+02 2.104440e+01 -8.275254e+01
      vertex   1.039426e+02 2.104440e+01 -8.286027e+01
    endloop
  endfacet
  facet normal 0.000000e+00 -1.000000e+00 0.000000e+00
    outer loop
      vertex   1.039426e+02 2.104440e+01 -8.286027e+01
      vertex   1.015456e+02 2.104440e+01 -8.275254e+01
      vertex   1.017974e+02 2.104440e+01 -8.286027e+01
    endloop
  endfacet
  facet normal -0.000000e+00 -1.000000e+00 0.000000e+00
    outer loop
      vertex   1.039426e+02 2.104440e+01 -8.286027e+01
      vertex   1.017974e+02 2.104440e+01 -8.286027e+01
      vertex   1.036821e+02 2.104440e+01 -8.294499e+01
    endloop
  endfacet
  facet normal 0.000000e+00 -1.000000e+00 0.000000e+00
    outer loop
      vertex   1.036821e+02 2.104440e+01 -8.294499e+01
      vertex   1.017974e+02 2.104440e+01 -8.286027e+01
      vertex   1.020579e+02 2.104440e+01 -8.294499e+01
    endloop
  endfacet
  facet normal -0.000000e+00 -1.000000e+00 0.000000e+00
    outer loop
      vertex   1.036821e+02 2.104440e+01 -8.294499e+01
      vertex   1.020579e+02 2.104440e+01 -8.294499e+01
      vertex   1.034151e+02 2.104440e+01 -8.300599e+01
    endloop
  endfacet
  facet normal 0.000000e+00 -1.000000e+00 0.000000e+00
    outer loop
      vertex   1.034151e+02 2.104440e+01 -8.300599e+01
      vertex   1.020579e+02 2.104440e+01 -8.294499e+01
      vertex   1.023249e+02 2.104440e+01 -8.300599e+01
    endloop
  endfacet
  facet normal -0.000000e+00 -1.000000e+00 0.000000e+00
    outer loop
      vertex   1.034151e+02 2.104440e+01 -8.300599e+01
      vertex   1.023249e+02 2.104440e+01 -8.300599e+01
      vertex   1.031436e+02 2.104440e+01 -8.304279e+01
    endloop
  endfacet
  facet normal 0.000000e+00 -1.000000e+00 0.000000e+00
    outer loop
      vertex   1.031436e+02 2.104440e+01 -8.304279e+01
      vertex   1.023249e+02 2.104440e+01 -8.300599e+01
      vertex   1.025964e+02 2.104440e+01 -8.304279e+01
    endloop
  endfacet
  facet normal -0.000000e+00 -1.000000e+00 0.000000e+00
    outer loop
      vertex   1.031436e+02 2.104440e+01 -8.304279e+01
      vertex   1.025964e+02 2.104440e+01 -8.304279e+01
      vertex   1.028700e+02 2.104440e+01 -8.305509e+01
    endloop
  endfacet
  facet normal -0.000000e+00 -1.000000e+00 0.000000e+00
    outer loop
      vertex   1.003275e+02 1.254440e+01 -7.832039e+01
      vertex   9.764209e+01 1.254440e+01 -7.706078e+01
      vertex   1.001867e+02 1.254440e+01 -7.855509e+01
    endloop
  endfacet
  facet normal 0.000000e+00 -1.000000e+00 0.000000e+00
    outer loop
      vertex   1.001867e+02 1.254440e+01 -7.855509e+01
      vertex   9.764209e+01 1.254440e+01 -7.706078e+01
      vertex   9.746419e+01 1.254440e+01 -7.740178e+01
    endloop
  endfacet
  facet normal -0.000000e+00 -1.000000e+00 0.000000e+00
    outer loop
      vertex   1.001867e+02 1.254440e+01 -7.855509e+01
      vertex   9.746419e+01 1.254440e+01 -7.740178e+01
      vertex   1.000675e+02 1.254440e+01 -7.880145e+01
    endloop
  endfacet
  facet normal 0.000000e+00 -1.000000e+00 0.000000e+00
    outer loop
      vertex   1.000675e+02 1.254440e+01 -7.880145e+01
      vertex   9.746419e+01 1.254440e+01 -7.740178e+01
      vertex   9.730850e+01 1.254440e+01 -7.775348e+01
    endloop
  endfacet
  facet normal -0.000000e+00 -1.000000e+00 0.000000e+00
    outer loop
      vertex   1.000675e+02 1.254440e+01 -7.880145e+01
      vertex   9.730850e+01 1.254440e+01 -7.775348e+01
      vertex   9.997093e+01 1.254440e+01 -7.905751e+01
    endloop
  endfacet
  facet normal 0.000000e+00 -1.000000e+00 0.000000e+00
    outer loop
      vertex   9.997093e+01 1.254440e+01 -7.905751e+01
      vertex   9.730850e+01 1.254440e+01 -7.775348e+01
      vertex   9.717567e+01 1.254440e+01 -7.811444e+01
    endloop
  endfacet
  facet normal 0.000000e+00 -1.000000e+00 0.000000e+00
    outer loop
      vertex   9.997093e+01 1.254440e+01 -7.905751e+01
      vertex   9.717567e+01 1.254440e+01 -7.811444e+01
      vertex   9.706623e+01 1.254440e+01 -7.848316e+01
    endloop
  endfacet
  facet normal -0.000000e+00 -1.000000e+00 0.000000e+00
    outer loop
      vertex   1.004887e+02 1.254440e+01 -7.809927e+01
      vertex   9.806152e+01 1.254440e+01 -7.641642e+01
      vertex   1.003275e+02 1.254440e+01 -7.832039e+01
    endloop
  endfacet
  facet normal 0.000000e+00 -1.000000e+00 0.000000e+00
    outer loop
      vertex   1.003275e+02 1.254440e+01 -7.832039e+01
      vertex   9.806152e+01 1.254440e+01 -7.641642e+01
      vertex   9.784147e+01 1.254440e+01 -7.673188e+01
    endloop
  endfacet
  facet normal 0.000000e+00 -1.000000e+00 0.000000e+00
    outer loop
      vertex   1.003275e+02 1.254440e+01 -7.832039e+01
      vertex   9.784147e+01 1.254440e+01 -7.673188e+01
      vertex   9.764209e+01 1.254440e+01 -7.706078e+01
    endloop
  endfacet
  facet normal 0.000000e+00 -1.000000e+00 0.000000e+00
    outer loop
      vertex   9.806152e+01 1.254440e+01 -7.641642e+01
      vertex   1.004887e+02 1.254440e+01 -7.809927e+01
      vertex   9.830132e+01 1.254440e+01 -7.611571e+01
    endloop
  endfacet
  facet normal 0.000000e+00 -1.000000e+00 0.000000e+00
    outer loop
      vertex   9.830132e+01 1.254440e+01 -7.611571e+01
      vertex   1.004887e+02 1.254440e+01 -7.809927e+01
      vertex   1.006692e+02 1.254440e+01 -7.789349e+01
    endloop
  endfacet
  facet normal 0.000000e+00 -1.000000e+00 0.000000e+00
    outer loop
      vertex   9.830132e+01 1.254440e+01 -7.611571e+01
      vertex   1.006692e+02 1.254440e+01 -7.789349e+01
      vertex   9.855990e+01 1.254440e+01 -7.583099e+01
    endloop
  endfacet
  facet normal 0.000000e+00 -1.000000e+00 0.000000e+00
    outer loop
      vertex   9.855990e+01 1.254440e+01 -7.583099e+01
      vertex   1.006692e+02 1.254440e+01 -7.789349e+01
      vertex   9.883619e+01 1.254440e+01 -7.556342e+01
    endloop
  endfacet
  facet normal 0.000000e+00 -1.000000e+00 0.000000e+00
    outer loop
      vertex   9.883619e+01 1.254440e+01 -7.556342e+01
      vertex   1.006692e+02 1.254440e+01 -7.789349e+01
      vertex   1.008673e+02 1.254440e+01 -7.770471e+01
    endloop
  endfacet
  facet normal 0.000000e+00 -1.000000e+00 0.000000e+00
    outer loop
      vertex   9.883619e+01 1.254440e+01 -7.556342e+01
      vertex   1.008673e+02 1.254440e+01 -7.770471e+01
      vertex   9.912906e+01 1.254440e+01 -7.531410e+01
    endloop
  endfacet
  facet normal 0.000000e+00 -1.000000e+00 0.000000e+00
    outer loop
      vertex   9.912906e+01 1.254440e+01 -7.531410e+01
      vertex   1.008673e+02 1.254440e+01 -7.770471e+01
      vertex   1.010816e+02 1.254440e+01 -7.753445e+01
    endloop
  endfacet
  facet normal 0.000000e+00 -1.000000e+00 0.000000e+00
    outer loop
      vertex   9.912906e+01 1.254440e+01 -7.531410e+01
      vertex   1.010816e+02 1.254440e+01 -7.753445e+01
      vertex   9.943730e+01 1.254440e+01 -7.508405e+01
    endloop
  endfacet
  facet normal 0.000000e+00 -1.000000e+00 0.000000e+00
    outer loop
      vertex   9.943730e+01 1.254440e+01 -7.508405e+01
      vertex   1.010816e+02 1.254440e+01 -7.753445e+01
      vertex   1.013102e+02 1.254440e+01 -7.738408e+01
    endloop
  endfacet
  facet normal 0.000000e+00 -1.000000e+00 0.000000e+00
    outer loop
      vertex   9.943730e+01 1.254440e+01 -7.508405e+01
      vertex   1.013102e+02 1.254440e+01 -7.738408e+01
      vertex   9.975964e+01 1.254440e+01 -7.487423e+01
    endloop
  endfacet
  facet normal 0.000000e+00 -1.000000e+00 0.000000e+00
    outer loop
      vertex   9.975964e+01 1.254440e+01 -7.487423e+01
      vertex   1.013102e+02 1.254440e+01 -7.738408e+01
      vertex   1.000948e+02 1.254440e+01 -7.468549e+01
    endloop
  endfacet
  facet normal 0.000000e+00 -1.000000e+00 0.000000e+00
    outer loop
      vertex   1.000948e+02 1.254440e+01 -7.468549e+01
      vertex   1.013102e+02 1.254440e+01 -7.738408e+01
      vertex   1.015515e+02 1.254440e+01 -7.725482e+01
    endloop
  endfacet
  facet normal 0.000000e+00 -1.000000e+00 0.000000e+00
    outer loop
      vertex   1.000948e+02 1.254440e+01 -7.468549e+01
      vertex   1.015515e+02 1.254440e+01 -7.725482e+01
      vertex   1.004413e+02 1.254440e+01 -7.451861e+01
    endloop
  endfacet
  facet normal 0.000000e+00 -1.000000e+00 0.000000e+00
    outer loop
      vertex   1.004413e+02 1.254440e+01 -7.451861e+01
      vertex   1.015515e+02 1.254440e+01 -7.725482e+01
      vertex   1.018033e+02 1.254440e+01 -7.714770e+01
    endloop
  endfacet
  facet normal 0.000000e+00 -1.000000e+00 0.000000e+00
    outer loop
      vertex   1.004413e+02 1.254440e+01 -7.451861e+01
      vertex   1.018033e+02 1.254440e+01 -7.714770e+01
      vertex   1.007978e+02 1.254440e+01 -7.437427e+01
    endloop
  endfacet
  facet normal 0.000000e+00 -1.000000e+00 0.000000e+00
    outer loop
      vertex   1.007978e+02 1.254440e+01 -7.437427e+01
      vertex   1.018033e+02 1.254440e+01 -7.714770e+01
      vertex   1.011628e+02 1.254440e+01 -7.425308e+01
    endloop
  endfacet
  facet normal 0.000000e+00 -1.000000e+00 0.000000e+00
    outer loop
      vertex   1.011628e+02 1.254440e+01 -7.425308e+01
      vertex   1.018033e+02 1.254440e+01 -7.714770e+01
      vertex   1.020637e+02 1.254440e+01 -7.706358e+01
    endloop
  endfacet
  facet normal 0.000000e+00 -1.000000e+00 0.000000e+00
    outer loop
      vertex   1.011628e+02 1.254440e+01 -7.425308e+01
      vertex   1.020637e+02 1.254440e+01 -7.706358e+01
      vertex   1.015349e+02 1.254440e+01 -7.415552e+01
    endloop
  endfacet
  facet normal 0.000000e+00 -1.000000e+00 0.000000e+00
    outer loop
      vertex   1.015349e+02 1.254440e+01 -7.415552e+01
      vertex   1.020637e+02 1.254440e+01 -7.706358e+01
      vertex   1.023307e+02 1.254440e+01 -7.700315e+01
    endloop
  endfacet
  facet normal 0.000000e+00 -1.000000e+00 0.000000e+00
    outer loop
      vertex   1.015349e+02 1.254440e+01 -7.415552e+01
      vertex   1.023307e+02 1.254440e+01 -7.700315e+01
      vertex   1.019124e+02 1.254440e+01 -7.408199e+01
    endloop
  endfacet
  facet normal 0.000000e+00 -1.000000e+00 0.000000e+00
    outer loop
      vertex   1.019124e+02 1.254440e+01 -7.408199e+01
      vertex   1.023307e+02 1.254440e+01 -7.700315e+01
      vertex   1.026019e+02 1.254440e+01 -7.696689e+01
    endloop
  endfacet
  facet normal 0.000000e+00 -1.000000e+00 0.000000e+00
    outer loop
      vertex   1.019124e+02 1.254440e+01 -7.408199e+01
      vertex   1.026019e+02 1.254440e+01 -7.696689e+01
      vertex   1.022939e+02 1.254440e+01 -7.403281e+01
    endloop
  endfacet
  facet normal 0.000000e+00 -1.000000e+00 0.000000e+00
    outer loop
      vertex   1.022939e+02 1.254440e+01 -7.403281e+01
      vertex   1.026019e+02 1.254440e+01 -7.696689e+01
      vertex   1.026777e+02 1.254440e+01 -7.400817e+01
    endloop
  endfacet
  facet normal 0.000000e+00 -1.000000e+00 -0.000000e+00
    outer loop
      vertex   1.026777e+02 1.254440e+01 -7.400817e+01
      vertex   1.026019e+02 1.254440e+01 -7.696689e+01
      vertex   1.028753e+02 1.254440e+01 -7.695509e+01
    endloop
  endfacet
  facet normal 0.000000e+00 -1.000000e+00 0.000000e+00
    outer loop
      vertex   1.026777e+02 1.254440e+01 -7.400817e+01
      vertex   1.028753e+02 1.254440e+01 -7.695509e+01
      vertex   1.030623e+02 1.254440e+01 -7.400817e+01
    endloop
  endfacet
  facet normal 0.000000e+00 -1.000000e+00 -0.000000e+00
    outer loop
      vertex   1.030623e+02 1.254440e+01 -7.400817e+01
      vertex   1.028753e+02 1.254440e+01 -7.695509e+01
      vertex   1.031487e+02 1.254440e+01 -7.696785e+01
    endloop
  endfacet
  facet normal 0.000000e+00 -1.000000e+00 0.000000e+00
    outer loop
      vertex   1.030623e+02 1.254440e+01 -7.400817e+01
      vertex   1.031487e+02 1.254440e+01 -7.696785e+01
      vertex   1.034461e+02 1.254440e+01 -7.403281e+01
    endloop
  endfacet
  facet normal 0.000000e+00 -1.000000e+00 -0.000000e+00
    outer loop
      vertex   1.034461e+02 1.254440e+01 -7.403281e+01
      vertex   1.031487e+02 1.254440e+01 -7.696785e+01
      vertex   1.038276e+02 1.254440e+01 -7.408199e+01
    endloop
  endfacet
  facet normal 0.000000e+00 -1.000000e+00 0.000000e+00
    outer loop
      vertex   1.038276e+02 1.254440e+01 -7.408199e+01
      vertex   1.031487e+02 1.254440e+01 -7.696785e+01
      vertex   1.034199e+02 1.254440e+01 -7.700506e+01
    endloop
  endfacet
  facet normal 0.000000e+00 -1.000000e+00 -0.000000e+00
    outer loop
      vertex   1.038276e+02 1.254440e+01 -7.408199e+01
      vertex   1.034199e+02 1.254440e+01 -7.700506e+01
      vertex   1.042051e+02 1.254440e+01 -7.415552e+01
    endloop
  endfacet
  facet normal 0.000000e+00 -1.000000e+00 0.000000e+00
    outer loop
      vertex   1.042051e+02 1.254440e+01 -7.415552e+01
      vertex   1.034199e+02 1.254440e+01 -7.700506e+01
      vertex   1.036866e+02 1.254440e+01 -7.706642e+01
    endloop
  endfacet
  facet normal 0.000000e+00 -1.000000e+00 -0.000000e+00
    outer loop
      vertex   1.042051e+02 1.254440e+01 -7.415552e+01
      vertex   1.036866e+02 1.254440e+01 -7.706642e+01
      vertex   1.045772e+02 1.254440e+01 -7.425308e+01
    endloop
  endfacet
  facet normal 0.000000e+00 -1.000000e+00 0.000000e+00
    outer loop
      vertex   1.045772e+02 1.254440e+01 -7.425308e+01
      vertex   1.036866e+02 1.254440e+01 -7.706642e+01
      vertex   1.039467e+02 1.254440e+01 -7.715145e+01
    endloop
  endfacet
  facet normal 0.000000e+00 -1.000000e+00 -0.000000e+00
    outer loop
      vertex   1.045772e+02 1.254440e+01 -7.425308e+01
      vertex   1.039467e+02 1.254440e+01 -7.715145e+01
      vertex   1.049422e+02 1.254440e+01 -7.437427e+01
    endloop
  endfacet
  facet normal 0.000000e+00 -1.000000e+00 -0.000000e+00
    outer loop
      vertex   1.049422e+02 1.254440e+01 -7.437427e+01
      vertex   1.039467e+02 1.254440e+01 -7.715145e+01
      vertex   1.052987e+02 1.254440e+01 -7.451861e+01
    endloop
  endfacet
  facet normal 0.000000e+00 -1.000000e+00 -0.000000e+00
    outer loop
      vertex   1.052987e+02 1.254440e+01 -7.451861e+01
      vertex   1.039467e+02 1.254440e+01 -7.715145e+01
      vertex   1.056452e+02 1.254440e+01 -7.468549e+01
    endloop
  endfacet
  facet normal 0.000000e+00 -1.000000e+00 -0.000000e+00
    outer loop
      vertex   1.056452e+02 1.254440e+01 -7.468549e+01
      vertex   1.039467e+02 1.254440e+01 -7.715145e+01
      vertex   1.059804e+02 1.254440e+01 -7.487423e+01
    endloop
  endfacet
  facet normal 0.000000e+00 -1.000000e+00 -0.000000e+00
    outer loop
      vertex   1.059804e+02 1.254440e+01 -7.487423e+01
      vertex   1.039467e+02 1.254440e+01 -7.715145e+01
      vertex   1.063027e+02 1.254440e+01 -7.508405e+01
    endloop
  endfacet
  facet normal 0.000000e+00 -1.000000e+00 -0.000000e+00
    outer loop
      vertex   1.063027e+02 1.254440e+01 -7.508405e+01
      vertex   1.039467e+02 1.254440e+01 -7.715145e+01
      vertex   1.066109e+02 1.254440e+01 -7.531410e+01
    endloop
  endfacet
  facet normal 0.000000e+00 -1.000000e+00 0.000000e+00
    outer loop
      vertex   1.066109e+02 1.254440e+01 -7.531410e+01
      vertex   1.039467e+02 1.254440e+01 -7.715145e+01
      vertex   1.041982e+02 1.254440e+01 -7.725945e+01
    endloop
  endfacet
  facet normal 0.000000e+00 -1.000000e+00 0.000000e+00
    outer loop
      vertex   1.066109e+02 1.254440e+01 -7.531410e+01
      vertex   1.041982e+02 1.254440e+01 -7.725945e+01
      vertex   1.044389e+02 1.254440e+01 -7.738956e+01
    endloop
  endfacet
  facet normal 0.000000e+00 -1.000000e+00 0.000000e+00
    outer loop
      vertex   1.044389e+02 1.254440e+01 -7.738956e+01
      vertex   1.046671e+02 1.254440e+01 -7.754073e+01
      vertex   1.066109e+02 1.254440e+01 -7.531410e+01
    endloop
  endfacet
  facet normal 0.000000e+00 -1.000000e+00 0.000000e+00
    outer loop
      vertex   1.066109e+02 1.254440e+01 -7.531410e+01
      vertex   1.046671e+02 1.254440e+01 -7.754073e+01
      vertex   1.048807e+02 1.254440e+01 -7.771173e+01
    endloop
  endfacet
  facet normal 0.000000e+00 -1.000000e+00 -0.000000e+00
    outer loop
      vertex   1.066109e+02 1.254440e+01 -7.531410e+01
      vertex   1.048807e+02 1.254440e+01 -7.771173e+01
      vertex   1.069038e+02 1.254440e+01 -7.556342e+01
    endloop
  endfacet
  facet normal 0.000000e+00 -1.000000e+00 0.000000e+00
    outer loop
      vertex   1.069038e+02 1.254440e+01 -7.556342e+01
      vertex   1.048807e+02 1.254440e+01 -7.771173e+01
      vertex   1.050782e+02 1.254440e+01 -7.790121e+01
    endloop
  endfacet
  facet normal 0.000000e+00 -1.000000e+00 -0.000000e+00
    outer loop
      vertex   1.069038e+02 1.254440e+01 -7.556342e+01
      vertex   1.050782e+02 1.254440e+01 -7.790121e+01
      vertex   1.071801e+02 1.254440e+01 -7.583099e+01
    endloop
  endfacet
  facet normal 0.000000e+00 -1.000000e+00 -0.000000e+00
    outer loop
      vertex   1.071801e+02 1.254440e+01 -7.583099e+01
      vertex   1.050782e+02 1.254440e+01 -7.790121e+01
      vertex   1.074387e+02 1.254440e+01 -7.611571e+01
    endloop
  endfacet
  facet normal 0.000000e+00 -1.000000e+00 0.000000e+00
    outer loop
      vertex   1.074387e+02 1.254440e+01 -7.611571e+01
      vertex   1.050782e+02 1.254440e+01 -7.790121e+01
      vertex   1.052579e+02 1.254440e+01 -7.810762e+01
    endloop
  endfacet
  facet normal 0.000000e+00 -1.000000e+00 -0.000000e+00
    outer loop
      vertex   1.074387e+02 1.254440e+01 -7.611571e+01
      vertex   1.052579e+02 1.254440e+01 -7.810762e+01
      vertex   1.076785e+02 1.254440e+01 -7.641642e+01
    endloop
  endfacet
  facet normal 0.000000e+00 -1.000000e+00 0.000000e+00
    outer loop
      vertex   1.076785e+02 1.254440e+01 -7.641642e+01
      vertex   1.052579e+02 1.254440e+01 -7.810762e+01
      vertex   1.054184e+02 1.254440e+01 -7.832931e+01
    endloop
  endfacet
  facet normal 0.000000e+00 -1.000000e+00 -0.000000e+00
    outer loop
      vertex   1.076785e+02 1.254440e+01 -7.641642e+01
      vertex   1.054184e+02 1.254440e+01 -7.832931e+01
      vertex   1.078985e+02 1.254440e+01 -7.673188e+01
    endloop
  endfacet
  facet normal 0.000000e+00 -1.000000e+00 -0.000000e+00
    outer loop
      vertex   1.078985e+02 1.254440e+01 -7.673188e+01
      vertex   1.054184e+02 1.254440e+01 -7.832931e+01
      vertex   1.080979e+02 1.254440e+01 -7.706078e+01
    endloop
  endfacet
  facet normal 0.000000e+00 -1.000000e+00 0.000000e+00
    outer loop
      vertex   1.080979e+02 1.254440e+01 -7.706078e+01
      vertex   1.054184e+02 1.254440e+01 -7.832931e+01
      vertex   1.055583e+02 1.254440e+01 -7.856449e+01
    endloop
  endfacet
  facet normal 0.000000e+00 -1.000000e+00 -0.000000e+00
    outer loop
      vertex   1.080979e+02 1.254440e+01 -7.706078e+01
      vertex   1.055583e+02 1.254440e+01 -7.856449e+01
      vertex   1.082758e+02 1.254440e+01 -7.740178e+01
    endloop
  endfacet
  facet normal 0.000000e+00 -1.000000e+00 0.000000e+00
    outer loop
      vertex   1.082758e+02 1.254440e+01 -7.740178e+01
      vertex   1.055583e+02 1.254440e+01 -7.856449e+01
      vertex   1.056767e+02 1.254440e+01 -7.881127e+01
    endloop
  endfacet
  facet normal 0.000000e+00 -1.000000e+00 -0.000000e+00
    outer loop
      vertex   1.082758e+02 1.254440e+01 -7.740178e+01
      vertex   1.056767e+02 1.254440e+01 -7.881127e+01
      vertex   1.084315e+02 1.254440e+01 -7.775348e+01
    endloop
  endfacet
  facet normal 0.000000e+00 -1.000000e+00 0.000000e+00
    outer loop
      vertex   1.084315e+02 1.254440e+01 -7.775348e+01
      vertex   1.056767e+02 1.254440e+01 -7.881127e+01
      vertex   1.057724e+02 1.254440e+01 -7.906766e+01
    endloop
  endfacet
  facet normal 0.000000e+00 -1.000000e+00 -0.000000e+00
    outer loop
      vertex   1.084315e+02 1.254440e+01 -7.775348e+01
      vertex   1.057724e+02 1.254440e+01 -7.906766e+01
      vertex   1.085643e+02 1.254440e+01 -7.811444e+01
    endloop
  endfacet
  facet normal 0.000000e+00 -1.000000e+00 -0.000000e+00
    outer loop
      vertex   1.085643e+02 1.254440e+01 -7.811444e+01
      vertex   1.057724e+02 1.254440e+01 -7.906766e+01
      vertex   1.086738e+02 1.254440e+01 -7.848316e+01
    endloop
  endfacet
  facet normal 0.000000e+00 -1.000000e+00 0.000000e+00
    outer loop
      vertex   1.086738e+02 1.254440e+01 -7.848316e+01
      vertex   1.057724e+02 1.254440e+01 -7.906766e+01
      vertex   1.058447e+02 1.254440e+01 -7.933160e+01
    endloop
  endfacet
  facet normal 0.000000e+00 -1.000000e+00 -0.000000e+00
    outer loop
      vertex   1.086738e+02 1.254440e+01 -7.848316e+01
      vertex   1.058447e+02 1.254440e+01 -7.933160e+01
      vertex   1.087594e+02 1.254440e+01 -7.885813e+01
    endloop
  endfacet
  facet normal 0.000000e+00 -1.000000e+00 0.000000e+00
    outer loop
      vertex   1.087594e+02 1.254440e+01 -7.885813e+01
      vertex   1.058447e+02 1.254440e+01 -7.933160e+01
      vertex   1.058931e+02 1.254440e+01 -7.960097e+01
    endloop
  endfacet
  facet normal 0.000000e+00 -1.000000e+00 -0.000000e+00
    outer loop
      vertex   1.087594e+02 1.254440e+01 -7.885813e+01
      vertex   1.058931e+02 1.254440e+01 -7.960097e+01
      vertex   1.088207e+02 1.254440e+01 -7.923782e+01
    endloop
  endfacet
  facet normal 0.000000e+00 -1.000000e+00 -0.000000e+00
    outer loop
      vertex   1.088207e+02 1.254440e+01 -7.923782e+01
      vertex   1.058931e+02 1.254440e+01 -7.960097e+01
      vertex   1.088577e+02 1.254440e+01 -7.962066e+01
    endloop
  endfacet
  facet normal -0.000000e+00 -1.000000e+00 0.000000e+00
    outer loop
      vertex   1.088577e+02 1.254440e+01 -7.962066e+01
      vertex   1.058931e+02 1.254440e+01 -7.960097e+01
      vertex   1.059172e+02 1.254440e+01 -7.987358e+01
    endloop
  endfacet
  facet normal 0.000000e+00 -1.000000e+00 -0.000000e+00
    outer loop
      vertex   1.088577e+02 1.254440e+01 -7.962066e+01
      vertex   1.059172e+02 1.254440e+01 -7.987358e+01
      vertex   1.088700e+02 1.254440e+01 -8.000509e+01
    endloop
  endfacet
  facet normal -0.000000e+00 -1.000000e+00 0.000000e+00
    outer loop
      vertex   1.088700e+02 1.254440e+01 -8.000509e+01
      vertex   1.059172e+02 1.254440e+01 -7.987358e+01
      vertex   1.059167e+02 1.254440e+01 -8.014726e+01
    endloop
  endfacet
  facet normal 0.000000e+00 -1.000000e+00 0.000000e+00
    outer loop
      vertex   1.088700e+02 1.254440e+01 -8.000509e+01
      vertex   1.059167e+02 1.254440e+01 -8.014726e+01
      vertex   1.088577e+02 1.254440e+01 -8.038951e+01
    endloop
  endfacet
  facet normal -0.000000e+00 -1.000000e+00 0.000000e+00
    outer loop
      vertex   1.088577e+02 1.254440e+01 -8.038951e+01
      vertex   1.059167e+02 1.254440e+01 -8.014726e+01
      vertex   1.058917e+02 1.254440e+01 -8.041979e+01
    endloop
  endfacet
  facet normal 0.000000e+00 -1.000000e+00 0.000000e+00
    outer loop
      vertex   1.088577e+02 1.254440e+01 -8.038951e+01
      vertex   1.058917e+02 1.254440e+01 -8.041979e+01
      vertex   1.088207e+02 1.254440e+01 -8.077235e+01
    endloop
  endfacet
  facet normal -0.000000e+00 -1.000000e+00 0.000000e+00
    outer loop
      vertex   1.088207e+02 1.254440e+01 -8.077235e+01
      vertex   1.058917e+02 1.254440e+01 -8.041979e+01
      vertex   1.087594e+02 1.254440e+01 -8.115204e+01
    endloop
  endfacet
  facet normal 0.000000e+00 -1.000000e+00 0.000000e+00
    outer loop
      vertex   1.087594e+02 1.254440e+01 -8.115204e+01
      vertex   1.058917e+02 1.254440e+01 -8.041979e+01
      vertex   1.058423e+02 1.254440e+01 -8.068898e+01
    endloop
  endfacet
  facet normal -0.000000e+00 -1.000000e+00 0.000000e+00
    outer loop
      vertex   1.087594e+02 1.254440e+01 -8.115204e+01
      vertex   1.058423e+02 1.254440e+01 -8.068898e+01
      vertex   1.086738e+02 1.254440e+01 -8.152701e+01
    endloop
  endfacet
  facet normal 0.000000e+00 -1.000000e+00 0.000000e+00
    outer loop
      vertex   1.086738e+02 1.254440e+01 -8.152701e+01
      vertex   1.058423e+02 1.254440e+01 -8.068898e+01
      vertex   1.057691e+02 1.254440e+01 -8.095266e+01
    endloop
  endfacet
  facet normal -0.000000e+00 -1.000000e+00 0.000000e+00
    outer loop
      vertex   1.086738e+02 1.254440e+01 -8.152701e+01
      vertex   1.057691e+02 1.254440e+01 -8.095266e+01
      vertex   1.085643e+02 1.254440e+01 -8.189573e+01
    endloop
  endfacet
  facet normal -0.000000e+00 -1.000000e+00 0.000000e+00
    outer loop
      vertex   1.085643e+02 1.254440e+01 -8.189573e+01
      vertex   1.057691e+02 1.254440e+01 -8.095266e+01
      vertex   1.084315e+02 1.254440e+01 -8.225669e+01
    endloop
  endfacet
  facet normal 0.000000e+00 -1.000000e+00 0.000000e+00
    outer loop
      vertex   1.084315e+02 1.254440e+01 -8.225669e+01
      vertex   1.057691e+02 1.254440e+01 -8.095266e+01
      vertex   1.056725e+02 1.254440e+01 -8.120872e+01
    endloop
  endfacet
  facet normal -0.000000e+00 -1.000000e+00 0.000000e+00
    outer loop
      vertex   1.084315e+02 1.254440e+01 -8.225669e+01
      vertex   1.056725e+02 1.254440e+01 -8.120872e+01
      vertex   1.082758e+02 1.254440e+01 -8.260839e+01
    endloop
  endfacet
  facet normal 0.000000e+00 -1.000000e+00 0.000000e+00
    outer loop
      vertex   1.082758e+02 1.254440e+01 -8.260839e+01
      vertex   1.056725e+02 1.254440e+01 -8.120872e+01
      vertex   1.055533e+02 1.254440e+01 -8.145509e+01
    endloop
  endfacet
  facet normal -0.000000e+00 -1.000000e+00 0.000000e+00
    outer loop
      vertex   1.082758e+02 1.254440e+01 -8.260839e+01
      vertex   1.055533e+02 1.254440e+01 -8.145509e+01
      vertex   1.080979e+02 1.254440e+01 -8.294939e+01
    endloop
  endfacet
  facet normal 0.000000e+00 -1.000000e+00 0.000000e+00
    outer loop
      vertex   1.080979e+02 1.254440e+01 -8.294939e+01
      vertex   1.055533e+02 1.254440e+01 -8.145509e+01
      vertex   1.054125e+02 1.254440e+01 -8.168978e+01
    endloop
  endfacet
  facet normal -0.000000e+00 -1.000000e+00 0.000000e+00
    outer loop
      vertex   1.080979e+02 1.254440e+01 -8.294939e+01
      vertex   1.054125e+02 1.254440e+01 -8.168978e+01
      vertex   1.078985e+02 1.254440e+01 -8.327829e+01
    endloop
  endfacet
  facet normal -0.000000e+00 -1.000000e+00 0.000000e+00
    outer loop
      vertex   1.078985e+02 1.254440e+01 -8.327829e+01
      vertex   1.054125e+02 1.254440e+01 -8.168978e+01
      vertex   1.076785e+02 1.254440e+01 -8.359375e+01
    endloop
  endfacet
  facet normal 0.000000e+00 -1.000000e+00 0.000000e+00
    outer loop
      vertex   1.076785e+02 1.254440e+01 -8.359375e+01
      vertex   1.054125e+02 1.254440e+01 -8.168978e+01
      vertex   1.052513e+02 1.254440e+01 -8.191090e+01
    endloop
  endfacet
  facet normal -0.000000e+00 -1.000000e+00 0.000000e+00
    outer loop
      vertex   1.076785e+02 1.254440e+01 -8.359375e+01
      vertex   1.052513e+02 1.254440e+01 -8.191090e+01
      vertex   1.074387e+02 1.254440e+01 -8.389446e+01
    endloop
  endfacet
  facet normal 0.000000e+00 -1.000000e+00 0.000000e+00
    outer loop
      vertex   1.074387e+02 1.254440e+01 -8.389446e+01
      vertex   1.052513e+02 1.254440e+01 -8.191090e+01
      vertex   1.050708e+02 1.254440e+01 -8.211668e+01
    endloop
  endfacet
  facet normal -0.000000e+00 -1.000000e+00 0.000000e+00
    outer loop
      vertex   1.074387e+02 1.254440e+01 -8.389446e+01
      vertex   1.050708e+02 1.254440e+01 -8.211668e+01
      vertex   1.071801e+02 1.254440e+01 -8.417918e+01
    endloop
  endfacet
  facet normal -0.000000e+00 -1.000000e+00 0.000000e+00
    outer loop
      vertex   1.071801e+02 1.254440e+01 -8.417918e+01
      vertex   1.050708e+02 1.254440e+01 -8.211668e+01
      vertex   1.069038e+02 1.254440e+01 -8.444675e+01
    endloop
  endfacet
  facet normal 0.000000e+00 -1.000000e+00 0.000000e+00
    outer loop
      vertex   1.069038e+02 1.254440e+01 -8.444675e+01
      vertex   1.050708e+02 1.254440e+01 -8.211668e+01
      vertex   1.048727e+02 1.254440e+01 -8.230546e+01
    endloop
  endfacet
  facet normal -0.000000e+00 -1.000000e+00 0.000000e+00
    outer loop
      vertex   1.069038e+02 1.254440e+01 -8.444675e+01
      vertex   1.048727e+02 1.254440e+01 -8.230546e+01
      vertex   1.066109e+02 1.254440e+01 -8.469607e+01
    endloop
  endfacet
  facet normal 0.000000e+00 -1.000000e+00 0.000000e+00
    outer loop
      vertex   1.066109e+02 1.254440e+01 -8.469607e+01
      vertex   1.048727e+02 1.254440e+01 -8.230546e+01
      vertex   1.046584e+02 1.254440e+01 -8.247572e+01
    endloop
  endfacet
  facet normal -0.000000e+00 -1.000000e+00 0.000000e+00
    outer loop
      vertex   1.066109e+02 1.254440e+01 -8.469607e+01
      vertex   1.046584e+02 1.254440e+01 -8.247572e+01
      vertex   1.063027e+02 1.254440e+01 -8.492612e+01
    endloop
  endfacet
  facet normal 0.000000e+00 -1.000000e+00 0.000000e+00
    outer loop
      vertex   1.063027e+02 1.254440e+01 -8.492612e+01
      vertex   1.046584e+02 1.254440e+01 -8.247572e+01
      vertex   1.044298e+02 1.254440e+01 -8.262609e+01
    endloop
  endfacet
  facet normal -0.000000e+00 -1.000000e+00 0.000000e+00
    outer loop
      vertex   1.063027e+02 1.254440e+01 -8.492612e+01
      vertex   1.044298e+02 1.254440e+01 -8.262609e+01
      vertex   1.059804e+02 1.254440e+01 -8.513594e+01
    endloop
  endfacet
  facet normal -0.000000e+00 -1.000000e+00 0.000000e+00
    outer loop
      vertex   1.059804e+02 1.254440e+01 -8.513594e+01
      vertex   1.044298e+02 1.254440e+01 -8.262609e+01
      vertex   1.056452e+02 1.254440e+01 -8.532468e+01
    endloop
  endfacet
  facet normal 0.000000e+00 -1.000000e+00 0.000000e+00
    outer loop
      vertex   1.056452e+02 1.254440e+01 -8.532468e+01
      vertex   1.044298e+02 1.254440e+01 -8.262609e+01
      vertex   1.041885e+02 1.254440e+01 -8.275535e+01
    endloop
  endfacet
  facet normal -0.000000e+00 -1.000000e+00 0.000000e+00
    outer loop
      vertex   1.056452e+02 1.254440e+01 -8.532468e+01
      vertex   1.041885e+02 1.254440e+01 -8.275535e+01
      vertex   1.052987e+02 1.254440e+01 -8.549156e+01
    endloop
  endfacet
  facet normal 0.000000e+00 -1.000000e+00 0.000000e+00
    outer loop
      vertex   1.052987e+02 1.254440e+01 -8.549156e+01
      vertex   1.041885e+02 1.254440e+01 -8.275535e+01
      vertex   1.039367e+02 1.254440e+01 -8.286247e+01
    endloop
  endfacet
  facet normal -0.000000e+00 -1.000000e+00 0.000000e+00
    outer loop
      vertex   1.052987e+02 1.254440e+01 -8.549156e+01
      vertex   1.039367e+02 1.254440e+01 -8.286247e+01
      vertex   1.049422e+02 1.254440e+01 -8.563590e+01
    endloop
  endfacet
  facet normal -0.000000e+00 -1.000000e+00 0.000000e+00
    outer loop
      vertex   1.049422e+02 1.254440e+01 -8.563590e+01
      vertex   1.039367e+02 1.254440e+01 -8.286247e+01
      vertex   1.045772e+02 1.254440e+01 -8.575709e+01
    endloop
  endfacet
  facet normal 0.000000e+00 -1.000000e+00 0.000000e+00
    outer loop
      vertex   1.045772e+02 1.254440e+01 -8.575709e+01
      vertex   1.039367e+02 1.254440e+01 -8.286247e+01
      vertex   1.036763e+02 1.254440e+01 -8.294659e+01
    endloop
  endfacet
  facet normal -0.000000e+00 -1.000000e+00 0.000000e+00
    outer loop
      vertex   1.045772e+02 1.254440e+01 -8.575709e+01
      vertex   1.036763e+02 1.254440e+01 -8.294659e+01
      vertex   1.042051e+02 1.254440e+01 -8.585465e+01
    endloop
  endfacet
  facet normal 0.000000e+00 -1.000000e+00 0.000000e+00
    outer loop
      vertex   1.042051e+02 1.254440e+01 -8.585465e+01
      vertex   1.036763e+02 1.254440e+01 -8.294659e+01
      vertex   1.034093e+02 1.254440e+01 -8.300702e+01
    endloop
  endfacet
  facet normal -0.000000e+00 -1.000000e+00 0.000000e+00
    outer loop
      vertex   1.042051e+02 1.254440e+01 -8.585465e+01
      vertex   1.034093e+02 1.254440e+01 -8.300702e+01
      vertex   1.038276e+02 1.254440e+01 -8.592818e+01
    endloop
  endfacet
  facet normal 0.000000e+00 -1.000000e+00 0.000000e+00
    outer loop
      vertex   1.038276e+02 1.254440e+01 -8.592818e+01
      vertex   1.034093e+02 1.254440e+01 -8.300702e+01
      vertex   1.031381e+02 1.254440e+01 -8.304328e+01
    endloop
  endfacet
  facet normal -0.000000e+00 -1.000000e+00 0.000000e+00
    outer loop
      vertex   1.038276e+02 1.254440e+01 -8.592818e+01
      vertex   1.031381e+02 1.254440e+01 -8.304328e+01
      vertex   1.034461e+02 1.254440e+01 -8.597736e+01
    endloop
  endfacet
  facet normal -0.000000e+00 -1.000000e+00 0.000000e+00
    outer loop
      vertex   1.034461e+02 1.254440e+01 -8.597736e+01
      vertex   1.031381e+02 1.254440e+01 -8.304328e+01
      vertex   1.030623e+02 1.254440e+01 -8.600200e+01
    endloop
  endfacet
  facet normal 0.000000e+00 -1.000000e+00 0.000000e+00
    outer loop
      vertex   1.030623e+02 1.254440e+01 -8.600200e+01
      vertex   1.031381e+02 1.254440e+01 -8.304328e+01
      vertex   1.028647e+02 1.254440e+01 -8.305508e+01
    endloop
  endfacet
  facet normal 0.000000e+00 -1.000000e+00 0.000000e+00
    outer loop
      vertex   1.030623e+02 1.254440e+01 -8.600200e+01
      vertex   1.028647e+02 1.254440e+01 -8.305508e+01
      vertex   1.026777e+02 1.254440e+01 -8.600200e+01
    endloop
  endfacet
  facet normal 0.000000e+00 -1.000000e+00 0.000000e+00
    outer loop
      vertex   1.026777e+02 1.254440e+01 -8.600200e+01
      vertex   1.028647e+02 1.254440e+01 -8.305508e+01
      vertex   1.025913e+02 1.254440e+01 -8.304232e+01
    endloop
  endfacet
  facet normal 0.000000e+00 -1.000000e+00 0.000000e+00
    outer loop
      vertex   1.026777e+02 1.254440e+01 -8.600200e+01
      vertex   1.025913e+02 1.254440e+01 -8.304232e+01
      vertex   1.022939e+02 1.254440e+01 -8.597736e+01
    endloop
  endfacet
  facet normal 0.000000e+00 -1.000000e+00 0.000000e+00
    outer loop
      vertex   1.022939e+02 1.254440e+01 -8.597736e+01
      vertex   1.025913e+02 1.254440e+01 -8.304232e+01
      vertex   1.019124e+02 1.254440e+01 -8.592818e+01
    endloop
  endfacet
  facet normal 0.000000e+00 -1.000000e+00 0.000000e+00
    outer loop
      vertex   1.019124e+02 1.254440e+01 -8.592818e+01
      vertex   1.025913e+02 1.254440e+01 -8.304232e+01
      vertex   1.023201e+02 1.254440e+01 -8.300511e+01
    endloop
  endfacet
  facet normal 0.000000e+00 -1.000000e+00 0.000000e+00
    outer loop
      vertex   1.019124e+02 1.254440e+01 -8.592818e+01
      vertex   1.023201e+02 1.254440e+01 -8.300511e+01
      vertex   1.015349e+02 1.254440e+01 -8.585465e+01
    endloop
  endfacet
  facet normal 0.000000e+00 -1.000000e+00 0.000000e+00
    outer loop
      vertex   1.015349e+02 1.254440e+01 -8.585465e+01
      vertex   1.023201e+02 1.254440e+01 -8.300511e+01
      vertex   1.020534e+02 1.254440e+01 -8.294375e+01
    endloop
  endfacet
  facet normal 0.000000e+00 -1.000000e+00 0.000000e+00
    outer loop
      vertex   1.015349e+02 1.254440e+01 -8.585465e+01
      vertex   1.020534e+02 1.254440e+01 -8.294375e+01
      vertex   1.011628e+02 1.254440e+01 -8.575709e+01
    endloop
  endfacet
  facet normal 0.000000e+00 -1.000000e+00 0.000000e+00
    outer loop
      vertex   1.011628e+02 1.254440e+01 -8.575709e+01
      vertex   1.020534e+02 1.254440e+01 -8.294375e+01
      vertex   1.017933e+02 1.254440e+01 -8.285872e+01
    endloop
  endfacet
  facet normal 0.000000e+00 -1.000000e+00 0.000000e+00
    outer loop
      vertex   1.011628e+02 1.254440e+01 -8.575709e+01
      vertex   1.017933e+02 1.254440e+01 -8.285872e+01
      vertex   1.007978e+02 1.254440e+01 -8.563590e+01
    endloop
  endfacet
  facet normal 0.000000e+00 -1.000000e+00 0.000000e+00
    outer loop
      vertex   1.007978e+02 1.254440e+01 -8.563590e+01
      vertex   1.017933e+02 1.254440e+01 -8.285872e+01
      vertex   1.004413e+02 1.254440e+01 -8.549156e+01
    endloop
  endfacet
  facet normal 0.000000e+00 -1.000000e+00 0.000000e+00
    outer loop
      vertex   1.004413e+02 1.254440e+01 -8.549156e+01
      vertex   1.017933e+02 1.254440e+01 -8.285872e+01
      vertex   1.015418e+02 1.254440e+01 -8.275072e+01
    endloop
  endfacet
  facet normal 0.000000e+00 -1.000000e+00 0.000000e+00
    outer loop
      vertex   1.004413e+02 1.254440e+01 -8.549156e+01
      vertex   1.015418e+02 1.254440e+01 -8.275072e+01
      vertex   1.000948e+02 1.254440e+01 -8.532468e+01
    endloop
  endfacet
  facet normal 0.000000e+00 -1.000000e+00 0.000000e+00
    outer loop
      vertex   1.000948e+02 1.254440e+01 -8.532468e+01
      vertex   1.015418e+02 1.254440e+01 -8.275072e+01
      vertex   1.013011e+02 1.254440e+01 -8.262061e+01
    endloop
  endfacet
  facet normal 0.000000e+00 -1.000000e+00 0.000000e+00
    outer loop
      vertex   1.000948e+02 1.254440e+01 -8.532468e+01
      vertex   1.013011e+02 1.254440e+01 -8.262061e+01
      vertex   9.975964e+01 1.254440e+01 -8.513594e+01
    endloop
  endfacet
  facet normal 0.000000e+00 -1.000000e+00 0.000000e+00
    outer loop
      vertex   9.975964e+01 1.254440e+01 -8.513594e+01
      vertex   1.013011e+02 1.254440e+01 -8.262061e+01
      vertex   9.943730e+01 1.254440e+01 -8.492612e+01
    endloop
  endfacet
  facet normal 0.000000e+00 -1.000000e+00 0.000000e+00
    outer loop
      vertex   9.943730e+01 1.254440e+01 -8.492612e+01
      vertex   1.013011e+02 1.254440e+01 -8.262061e+01
      vertex   1.010729e+02 1.254440e+01 -8.246944e+01
    endloop
  endfacet
  facet normal 0.000000e+00 -1.000000e+00 0.000000e+00
    outer loop
      vertex   9.943730e+01 1.254440e+01 -8.492612e+01
      vertex   1.010729e+02 1.254440e+01 -8.246944e+01
      vertex   9.912906e+01 1.254440e+01 -8.469607e+01
    endloop
  endfacet
  facet normal 0.000000e+00 -1.000000e+00 0.000000e+00
    outer loop
      vertex   9.912906e+01 1.254440e+01 -8.469607e+01
      vertex   1.010729e+02 1.254440e+01 -8.246944e+01
      vertex   1.008593e+02 1.254440e+01 -8.229844e+01
    endloop
  endfacet
  facet normal 0.000000e+00 -1.000000e+00 0.000000e+00
    outer loop
      vertex   9.912906e+01 1.254440e+01 -8.469607e+01
      vertex   1.008593e+02 1.254440e+01 -8.229844e+01
      vertex   9.883619e+01 1.254440e+01 -8.444675e+01
    endloop
  endfacet
  facet normal 0.000000e+00 -1.000000e+00 0.000000e+00
    outer loop
      vertex   9.883619e+01 1.254440e+01 -8.444675e+01
      vertex   1.008593e+02 1.254440e+01 -8.229844e+01
      vertex   1.006618e+02 1.254440e+01 -8.210896e+01
    endloop
  endfacet
  facet normal 0.000000e+00 -1.000000e+00 0.000000e+00
    outer loop
      vertex   9.883619e+01 1.254440e+01 -8.444675e+01
      vertex   1.006618e+02 1.254440e+01 -8.210896e+01
      vertex   9.855990e+01 1.254440e+01 -8.417918e+01
    endloop
  endfacet
  facet normal 0.000000e+00 -1.000000e+00 0.000000e+00
    outer loop
      vertex   9.855990e+01 1.254440e+01 -8.417918e+01
      vertex   1.006618e+02 1.254440e+01 -8.210896e+01
      vertex   9.830132e+01 1.254440e+01 -8.389446e+01
    endloop
  endfacet
  facet normal 0.000000e+00 -1.000000e+00 0.000000e+00
    outer loop
      vertex   9.830132e+01 1.254440e+01 -8.389446e+01
      vertex   1.006618e+02 1.254440e+01 -8.210896e+01
      vertex   1.004821e+02 1.254440e+01 -8.190255e+01
    endloop
  endfacet
  facet normal 0.000000e+00 -1.000000e+00 0.000000e+00
    outer loop
      vertex   9.830132e+01 1.254440e+01 -8.389446e+01
      vertex   1.004821e+02 1.254440e+01 -8.190255e+01
      vertex   9.806152e+01 1.254440e+01 -8.359375e+01
    endloop
  endfacet
  facet normal 0.000000e+00 -1.000000e+00 0.000000e+00
    outer loop
      vertex   9.806152e+01 1.254440e+01 -8.359375e+01
      vertex   1.004821e+02 1.254440e+01 -8.190255e+01
      vertex   1.003216e+02 1.254440e+01 -8.168086e+01
    endloop
  endfacet
  facet normal 0.000000e+00 -1.000000e+00 0.000000e+00
    outer loop
      vertex   9.806152e+01 1.254440e+01 -8.359375e+01
      vertex   1.003216e+02 1.254440e+01 -8.168086e+01
      vertex   9.784147e+01 1.254440e+01 -8.327829e+01
    endloop
  endfacet
  facet normal 0.000000e+00 -1.000000e+00 0.000000e+00
    outer loop
      vertex   9.784147e+01 1.254440e+01 -8.327829e+01
      vertex   1.003216e+02 1.254440e+01 -8.168086e+01
      vertex   9.764209e+01 1.254440e+01 -8.294939e+01
    endloop
  endfacet
  facet normal 0.000000e+00 -1.000000e+00 0.000000e+00
    outer loop
      vertex   9.764209e+01 1.254440e+01 -8.294939e+01
      vertex   1.003216e+02 1.254440e+01 -8.168086e+01
      vertex   1.001817e+02 1.254440e+01 -8.144568e+01
    endloop
  endfacet
  facet normal 0.000000e+00 -1.000000e+00 0.000000e+00
    outer loop
      vertex   9.764209e+01 1.254440e+01 -8.294939e+01
      vertex   1.001817e+02 1.254440e+01 -8.144568e+01
      vertex   9.746419e+01 1.254440e+01 -8.260839e+01
    endloop
  endfacet
  facet normal 0.000000e+00 -1.000000e+00 0.000000e+00
    outer loop
      vertex   9.746419e+01 1.254440e+01 -8.260839e+01
      vertex   1.001817e+02 1.254440e+01 -8.144568e+01
      vertex   1.000633e+02 1.254440e+01 -8.119890e+01
    endloop
  endfacet
  facet normal 0.000000e+00 -1.000000e+00 0.000000e+00
    outer loop
      vertex   9.746419e+01 1.254440e+01 -8.260839e+01
      vertex   1.000633e+02 1.254440e+01 -8.119890e+01
      vertex   9.730850e+01 1.254440e+01 -8.225669e+01
    endloop
  endfacet
  facet normal 0.000000e+00 -1.000000e+00 0.000000e+00
    outer loop
      vertex   9.730850e+01 1.254440e+01 -8.225669e+01
      vertex   1.000633e+02 1.254440e+01 -8.119890e+01
      vertex   9.996763e+01 1.254440e+01 -8.094251e+01
    endloop
  endfacet
  facet normal 0.000000e+00 -1.000000e+00 0.000000e+00
    outer loop
      vertex   9.730850e+01 1.254440e+01 -8.225669e+01
      vertex   9.996763e+01 1.254440e+01 -8.094251e+01
      vertex   9.717567e+01 1.254440e+01 -8.189573e+01
    endloop
  endfacet
  facet normal 0.000000e+00 -1.000000e+00 0.000000e+00
    outer loop
      vertex   9.717567e+01 1.254440e+01 -8.189573e+01
      vertex   9.996763e+01 1.254440e+01 -8.094251e+01
      vertex   9.706623e+01 1.254440e+01 -8.152701e+01
    endloop
  endfacet
  facet normal 0.000000e+00 -1.000000e+00 0.000000e+00
    outer loop
      vertex   9.706623e+01 1.254440e+01 -8.152701e+01
      vertex   9.996763e+01 1.254440e+01 -8.094251e+01
      vertex   9.989529e+01 1.254440e+01 -8.067857e+01
    endloop
  endfacet
  facet normal 0.000000e+00 -1.000000e+00 0.000000e+00
    outer loop
      vertex   9.706623e+01 1.254440e+01 -8.152701e+01
      vertex   9.989529e+01 1.254440e+01 -8.067857e+01
      vertex   9.698065e+01 1.254440e+01 -8.115204e+01
    endloop
  endfacet
  facet normal 0.000000e+00 -1.000000e+00 0.000000e+00
    outer loop
      vertex   9.698065e+01 1.254440e+01 -8.115204e+01
      vertex   9.989529e+01 1.254440e+01 -8.067857e+01
      vertex   9.984689e+01 1.254440e+01 -8.040920e+01
    endloop
  endfacet
  facet normal 0.000000e+00 -1.000000e+00 0.000000e+00
    outer loop
      vertex   9.698065e+01 1.254440e+01 -8.115204e+01
      vertex   9.984689e+01 1.254440e+01 -8.040920e+01
      vertex   9.691926e+01 1.254440e+01 -8.077235e+01
    endloop
  endfacet
  facet normal 0.000000e+00 -1.000000e+00 0.000000e+00
    outer loop
      vertex   9.691926e+01 1.254440e+01 -8.077235e+01
      vertex   9.984689e+01 1.254440e+01 -8.040920e+01
      vertex   9.688233e+01 1.254440e+01 -8.038951e+01
    endloop
  endfacet
  facet normal 0.000000e+00 -1.000000e+00 0.000000e+00
    outer loop
      vertex   9.688233e+01 1.254440e+01 -8.038951e+01
      vertex   9.984689e+01 1.254440e+01 -8.040920e+01
      vertex   9.982284e+01 1.254440e+01 -8.013659e+01
    endloop
  endfacet
  facet normal 0.000000e+00 -1.000000e+00 0.000000e+00
    outer loop
      vertex   9.688233e+01 1.254440e+01 -8.038951e+01
      vertex   9.982284e+01 1.254440e+01 -8.013659e+01
      vertex   9.687000e+01 1.254440e+01 -8.000509e+01
    endloop
  endfacet
  facet normal 0.000000e+00 -1.000000e+00 0.000000e+00
    outer loop
      vertex   9.687000e+01 1.254440e+01 -8.000509e+01
      vertex   9.982284e+01 1.254440e+01 -8.013659e+01
      vertex   9.982332e+01 1.254440e+01 -7.986291e+01
    endloop
  endfacet
  facet normal 0.000000e+00 -1.000000e+00 0.000000e+00
    outer loop
      vertex   9.687000e+01 1.254440e+01 -8.000509e+01
      vertex   9.982332e+01 1.254440e+01 -7.986291e+01
      vertex   9.688233e+01 1.254440e+01 -7.962066e+01
    endloop
  endfacet
  facet normal 0.000000e+00 -1.000000e+00 0.000000e+00
    outer loop
      vertex   9.688233e+01 1.254440e+01 -7.962066e+01
      vertex   9.982332e+01 1.254440e+01 -7.986291e+01
      vertex   9.984832e+01 1.254440e+01 -7.959038e+01
    endloop
  endfacet
  facet normal 0.000000e+00 -1.000000e+00 0.000000e+00
    outer loop
      vertex   9.688233e+01 1.254440e+01 -7.962066e+01
      vertex   9.984832e+01 1.254440e+01 -7.959038e+01
      vertex   9.691926e+01 1.254440e+01 -7.923782e+01
    endloop
  endfacet
  facet normal 0.000000e+00 -1.000000e+00 0.000000e+00
    outer loop
      vertex   9.691926e+01 1.254440e+01 -7.923782e+01
      vertex   9.984832e+01 1.254440e+01 -7.959038e+01
      vertex   9.698065e+01 1.254440e+01 -7.885813e+01
    endloop
  endfacet
  facet normal 0.000000e+00 -1.000000e+00 0.000000e+00
    outer loop
      vertex   9.698065e+01 1.254440e+01 -7.885813e+01
      vertex   9.984832e+01 1.254440e+01 -7.959038e+01
      vertex   9.989766e+01 1.254440e+01 -7.932119e+01
    endloop
  endfacet
  facet normal 0.000000e+00 -1.000000e+00 0.000000e+00
    outer loop
      vertex   9.698065e+01 1.254440e+01 -7.885813e+01
      vertex   9.989766e+01 1.254440e+01 -7.932119e+01
      vertex   9.706623e+01 1.254440e+01 -7.848316e+01
    endloop
  endfacet
  facet normal 0.000000e+00 -1.000000e+00 0.000000e+00
    outer loop
      vertex   9.706623e+01 1.254440e+01 -7.848316e+01
      vertex   9.989766e+01 1.254440e+01 -7.932119e+01
      vertex   9.997093e+01 1.254440e+01 -7.905751e+01
    endloop
  endfacet
endsolid
