solid ASCII
  facet normal -1.286617e-01 9.916792e-01 -4.301631e-03
    outer loop
      vertex   9.735171e+01 2.254440e+01 -8.037449e+01
      vertex   9.727456e+01 2.253440e+01 -8.037183e+01
      vertex   9.733936e+01 2.254440e+01 -8.000509e+01
    endloop
  endfacet
  facet normal -1.290829e-01 9.916248e-01 -4.225737e-03
    outer loop
      vertex   9.733936e+01 2.254440e+01 -8.000509e+01
      vertex   9.727456e+01 2.253440e+01 -8.037183e+01
      vertex   9.726256e+01 2.253440e+01 -8.000509e+01
    endloop
  endfacet
  facet normal -1.290829e-01 9.916248e-01 4.225737e-03
    outer loop
      vertex   9.733936e+01 2.254440e+01 -8.000509e+01
      vertex   9.726256e+01 2.253440e+01 -8.000509e+01
      vertex   9.727456e+01 2.253440e+01 -7.963834e+01
    endloop
  endfacet
  facet normal -3.786195e-01 9.254694e-01 1.239472e-02
    outer loop
      vertex   9.727456e+01 2.253440e+01 -7.963834e+01
      vertex   9.726256e+01 2.253440e+01 -8.000509e+01
      vertex   9.719087e+01 2.250508e+01 -8.000509e+01
    endloop
  endfacet
  facet normal -3.786195e-01 9.254694e-01 1.239472e-02
    outer loop
      vertex   9.727456e+01 2.253440e+01 -7.963834e+01
      vertex   9.719087e+01 2.250508e+01 -8.000509e+01
      vertex   9.720303e+01 2.250508e+01 -7.963365e+01
    endloop
  endfacet
  facet normal -6.028585e-01 7.976040e-01 1.973554e-02
    outer loop
      vertex   9.720303e+01 2.250508e+01 -7.963365e+01
      vertex   9.719087e+01 2.250508e+01 -8.000509e+01
      vertex   9.712909e+01 2.245838e+01 -8.000509e+01
    endloop
  endfacet
  facet normal -6.028585e-01 7.976040e-01 1.973554e-02
    outer loop
      vertex   9.720303e+01 2.250508e+01 -7.963365e+01
      vertex   9.712909e+01 2.245838e+01 -8.000509e+01
      vertex   9.714138e+01 2.245838e+01 -7.962961e+01
    endloop
  endfacet
  facet normal -7.868533e-01 6.166023e-01 2.575891e-02
    outer loop
      vertex   9.714138e+01 2.245838e+01 -7.962961e+01
      vertex   9.712909e+01 2.245838e+01 -8.000509e+01
      vertex   9.708132e+01 2.239741e+01 -8.000509e+01
    endloop
  endfacet
  facet normal -7.868533e-01 6.166023e-01 2.575891e-02
    outer loop
      vertex   9.714138e+01 2.245838e+01 -7.962961e+01
      vertex   9.708132e+01 2.239741e+01 -8.000509e+01
      vertex   9.709371e+01 2.239741e+01 -7.962649e+01
    endloop
  endfacet
  facet normal -9.183759e-01 3.945654e-01 3.006451e-02
    outer loop
      vertex   9.709371e+01 2.239741e+01 -7.962649e+01
      vertex   9.708132e+01 2.239741e+01 -8.000509e+01
      vertex   9.705074e+01 2.232625e+01 -8.000509e+01
    endloop
  endfacet
  facet normal -9.183759e-01 3.945654e-01 3.006451e-02
    outer loop
      vertex   9.709371e+01 2.239741e+01 -7.962649e+01
      vertex   9.705074e+01 2.232625e+01 -8.000509e+01
      vertex   9.706320e+01 2.232625e+01 -7.962449e+01
    endloop
  endfacet
  facet normal -9.884723e-01 1.479032e-01 3.235923e-02
    outer loop
      vertex   9.706320e+01 2.232625e+01 -7.962449e+01
      vertex   9.705074e+01 2.232625e+01 -8.000509e+01
      vertex   9.705163e+01 2.224964e+01 -7.962767e+01
    endloop
  endfacet
  facet normal -9.848079e-01 1.447053e-01 9.598880e-02
    outer loop
      vertex   9.706320e+01 2.232625e+01 -7.962449e+01
      vertex   9.705163e+01 2.224964e+01 -7.962767e+01
      vertex   9.708827e+01 2.224964e+01 -7.925184e+01
    endloop
  endfacet
  facet normal -1.289375e-01 9.915714e-01 -1.269924e-02
    outer loop
      vertex   9.727456e+01 2.253440e+01 -8.037183e+01
      vertex   9.735171e+01 2.254440e+01 -8.037449e+01
      vertex   9.731053e+01 2.253440e+01 -8.073700e+01
    endloop
  endfacet
  facet normal -1.276882e-01 9.917312e-01 -1.284556e-02
    outer loop
      vertex   9.731053e+01 2.253440e+01 -8.073700e+01
      vertex   9.735171e+01 2.254440e+01 -8.037449e+01
      vertex   9.738871e+01 2.254440e+01 -8.074225e+01
    endloop
  endfacet
  facet normal -1.282196e-01 9.915199e-01 -2.116913e-02
    outer loop
      vertex   9.731053e+01 2.253440e+01 -8.073700e+01
      vertex   9.738871e+01 2.254440e+01 -8.074225e+01
      vertex   9.737030e+01 2.253440e+01 -8.109904e+01
    endloop
  endfacet
  facet normal -1.261697e-01 9.917804e-01 -2.128217e-02
    outer loop
      vertex   9.737030e+01 2.253440e+01 -8.109904e+01
      vertex   9.738871e+01 2.254440e+01 -8.074225e+01
      vertex   9.745018e+01 2.254440e+01 -8.110671e+01
    endloop
  endfacet
  facet normal -1.269289e-01 9.914702e-01 -2.959566e-02
    outer loop
      vertex   9.737030e+01 2.253440e+01 -8.109904e+01
      vertex   9.745018e+01 2.254440e+01 -8.110671e+01
      vertex   9.745363e+01 2.253440e+01 -8.145640e+01
    endloop
  endfacet
  facet normal -1.241153e-01 9.918269e-01 -2.957817e-02
    outer loop
      vertex   9.745363e+01 2.253440e+01 -8.145640e+01
      vertex   9.745018e+01 2.254440e+01 -8.110671e+01
      vertex   9.753587e+01 2.254440e+01 -8.146625e+01
    endloop
  endfacet
  facet normal -1.250682e-01 9.914225e-01 -3.793901e-02
    outer loop
      vertex   9.745363e+01 2.253440e+01 -8.145640e+01
      vertex   9.753587e+01 2.254440e+01 -8.146625e+01
      vertex   9.756014e+01 2.253440e+01 -8.180754e+01
    endloop
  endfacet
  facet normal -1.215363e-01 9.918707e-01 -3.770092e-02
    outer loop
      vertex   9.756014e+01 2.253440e+01 -8.180754e+01
      vertex   9.753587e+01 2.254440e+01 -8.146625e+01
      vertex   9.764538e+01 2.254440e+01 -8.181927e+01
    endloop
  endfacet
  facet normal -1.226429e-01 9.913768e-01 -4.615952e-02
    outer loop
      vertex   9.756014e+01 2.253440e+01 -8.180754e+01
      vertex   9.764538e+01 2.254440e+01 -8.181927e+01
      vertex   9.768940e+01 2.253440e+01 -8.215096e+01
    endloop
  endfacet
  facet normal -1.184460e-01 9.919120e-01 -4.561862e-02
    outer loop
      vertex   9.768940e+01 2.253440e+01 -8.215096e+01
      vertex   9.764538e+01 2.254440e+01 -8.181927e+01
      vertex   9.777822e+01 2.254440e+01 -8.216419e+01
    endloop
  endfacet
  facet normal -1.196615e-01 9.913332e-01 -5.421791e-02
    outer loop
      vertex   9.768940e+01 2.253440e+01 -8.215096e+01
      vertex   9.777822e+01 2.254440e+01 -8.216419e+01
      vertex   9.784084e+01 2.253440e+01 -8.248519e+01
    endloop
  endfacet
  facet normal -1.148593e-01 9.919508e-01 -5.330035e-02
    outer loop
      vertex   9.784084e+01 2.253440e+01 -8.248519e+01
      vertex   9.777822e+01 2.254440e+01 -8.216419e+01
      vertex   9.793380e+01 2.254440e+01 -8.249946e+01
    endloop
  endfacet
  facet normal -1.161351e-01 9.912917e-01 -6.207548e-02
    outer loop
      vertex   9.784084e+01 2.253440e+01 -8.248519e+01
      vertex   9.793380e+01 2.254440e+01 -8.249946e+01
      vertex   9.801381e+01 2.253440e+01 -8.280881e+01
    endloop
  endfacet
  facet normal -1.107930e-01 9.919871e-01 -6.071622e-02
    outer loop
      vertex   9.801381e+01 2.253440e+01 -8.280881e+01
      vertex   9.793380e+01 2.254440e+01 -8.249946e+01
      vertex   9.811143e+01 2.254440e+01 -8.282359e+01
    endloop
  endfacet
  facet normal -1.120776e-01 9.912524e-01 -6.969431e-02
    outer loop
      vertex   9.801381e+01 2.253440e+01 -8.280881e+01
      vertex   9.811143e+01 2.254440e+01 -8.282359e+01
      vertex   9.820758e+01 2.253440e+01 -8.312041e+01
    endloop
  endfacet
  facet normal -1.062657e-01 9.920210e-01 -6.783747e-02
    outer loop
      vertex   9.820758e+01 2.253440e+01 -8.312041e+01
      vertex   9.811143e+01 2.254440e+01 -8.282359e+01
      vertex   9.831031e+01 2.254440e+01 -8.313513e+01
    endloop
  endfacet
  facet normal -1.075057e-01 9.912153e-01 -7.703747e-02
    outer loop
      vertex   9.820758e+01 2.253440e+01 -8.312041e+01
      vertex   9.831031e+01 2.254440e+01 -8.313513e+01
      vertex   9.842132e+01 2.253440e+01 -8.341868e+01
    endloop
  endfacet
  facet normal -1.012975e-01 9.920525e-01 -7.463654e-02
    outer loop
      vertex   9.842132e+01 2.253440e+01 -8.341868e+01
      vertex   9.831031e+01 2.254440e+01 -8.313513e+01
      vertex   9.852956e+01 2.254440e+01 -8.343270e+01
    endloop
  endfacet
  facet normal -1.024387e-01 9.911804e-01 -8.406924e-02
    outer loop
      vertex   9.842132e+01 2.253440e+01 -8.341868e+01
      vertex   9.852956e+01 2.254440e+01 -8.343270e+01
      vertex   9.865410e+01 2.253440e+01 -8.370233e+01
    endloop
  endfacet
  facet normal -9.591037e-02 9.920817e-01 -8.108718e-02
    outer loop
      vertex   9.865410e+01 2.253440e+01 -8.370233e+01
      vertex   9.852956e+01 2.254440e+01 -8.343270e+01
      vertex   9.876819e+01 2.254440e+01 -8.371495e+01
    endloop
  endfacet
  facet normal -9.689843e-02 9.911479e-01 -9.075528e-02
    outer loop
      vertex   9.865410e+01 2.253440e+01 -8.370233e+01
      vertex   9.876819e+01 2.254440e+01 -8.371495e+01
      vertex   9.890494e+01 2.253440e+01 -8.397015e+01
    endloop
  endfacet
  facet normal -9.012749e-02 9.921085e-01 -8.716456e-02
    outer loop
      vertex   9.890494e+01 2.253440e+01 -8.397015e+01
      vertex   9.876819e+01 2.254440e+01 -8.371495e+01
      vertex   9.902514e+01 2.254440e+01 -8.398064e+01
    endloop
  endfacet
  facet normal -9.090927e-02 9.911177e-01 -9.706284e-02
    outer loop
      vertex   9.890494e+01 2.253440e+01 -8.397015e+01
      vertex   9.902514e+01 2.254440e+01 -8.398064e+01
      vertex   9.917276e+01 2.253440e+01 -8.422098e+01
    endloop
  endfacet
  facet normal -8.397362e-02 9.921331e-01 -9.284531e-02
    outer loop
      vertex   9.917276e+01 2.253440e+01 -8.422098e+01
      vertex   9.902514e+01 2.254440e+01 -8.398064e+01
      vertex   9.929926e+01 2.254440e+01 -8.422857e+01
    endloop
  endfacet
  facet normal -8.449783e-02 9.910899e-01 -1.029609e-01
    outer loop
      vertex   9.917276e+01 2.253440e+01 -8.422098e+01
      vertex   9.929926e+01 2.254440e+01 -8.422857e+01
      vertex   9.945641e+01 2.253440e+01 -8.445377e+01
    endloop
  endfacet
  facet normal -7.747483e-02 9.921555e-01 -9.810764e-02
    outer loop
      vertex   9.945641e+01 2.253440e+01 -8.445377e+01
      vertex   9.929926e+01 2.254440e+01 -8.422857e+01
      vertex   9.958934e+01 2.254440e+01 -8.445764e+01
    endloop
  endfacet
  facet normal -7.769296e-02 9.910645e-01 -1.084204e-01
    outer loop
      vertex   9.945641e+01 2.253440e+01 -8.445377e+01
      vertex   9.958934e+01 2.254440e+01 -8.445764e+01
      vertex   9.975467e+01 2.253440e+01 -8.466750e+01
    endloop
  endfacet
  facet normal -7.065840e-02 9.921756e-01 -1.029314e-01
    outer loop
      vertex   9.975467e+01 2.253440e+01 -8.466750e+01
      vertex   9.958934e+01 2.254440e+01 -8.445764e+01
      vertex   9.989406e+01 2.254440e+01 -8.466682e+01
    endloop
  endfacet
  facet normal -7.052559e-02 9.910415e-01 -1.134144e-01
    outer loop
      vertex   9.975467e+01 2.253440e+01 -8.466750e+01
      vertex   9.989406e+01 2.254440e+01 -8.466682e+01
      vertex   1.000663e+02 2.253440e+01 -8.486127e+01
    endloop
  endfacet
  facet normal -6.355277e-02 9.921936e-01 -1.072981e-01
    outer loop
      vertex   1.000663e+02 2.253440e+01 -8.486127e+01
      vertex   9.989406e+01 2.254440e+01 -8.466682e+01
      vertex   1.002121e+02 2.254440e+01 -8.485518e+01
    endloop
  endfacet
  facet normal -6.302853e-02 9.910211e-01 -1.179181e-01
    outer loop
      vertex   1.000663e+02 2.253440e+01 -8.486127e+01
      vertex   1.002121e+02 2.254440e+01 -8.485518e+01
      vertex   1.003899e+02 2.253440e+01 -8.503425e+01
    endloop
  endfacet
  facet normal -5.618742e-02 9.922094e-01 -1.111911e-01
    outer loop
      vertex   1.003899e+02 2.253440e+01 -8.503425e+01
      vertex   1.002121e+02 2.254440e+01 -8.485518e+01
      vertex   1.005420e+02 2.254440e+01 -8.502188e+01
    endloop
  endfacet
  facet normal -5.523633e-02 9.910031e-01 -1.219092e-01
    outer loop
      vertex   1.003899e+02 2.253440e+01 -8.503425e+01
      vertex   1.005420e+02 2.254440e+01 -8.502188e+01
      vertex   1.007241e+02 2.253440e+01 -8.518569e+01
    endloop
  endfacet
  facet normal -4.859273e-02 9.922231e-01 -1.145956e-01
    outer loop
      vertex   1.007241e+02 2.253440e+01 -8.518569e+01
      vertex   1.005420e+02 2.254440e+01 -8.502188e+01
      vertex   1.008822e+02 2.254440e+01 -8.516617e+01
    endloop
  endfacet
  facet normal -4.718510e-02 9.909876e-01 -1.253678e-01
    outer loop
      vertex   1.007241e+02 2.253440e+01 -8.518569e+01
      vertex   1.008822e+02 2.254440e+01 -8.516617e+01
      vertex   1.010675e+02 2.253440e+01 -8.531494e+01
    endloop
  endfacet
  facet normal -4.079993e-02 9.922346e-01 -1.174985e-01
    outer loop
      vertex   1.010675e+02 2.253440e+01 -8.531494e+01
      vertex   1.008822e+02 2.254440e+01 -8.516617e+01
      vertex   1.012314e+02 2.254440e+01 -8.528741e+01
    endloop
  endfacet
  facet normal -3.891233e-02 9.909747e-01 -1.282768e-01
    outer loop
      vertex   1.010675e+02 2.253440e+01 -8.531494e+01
      vertex   1.012314e+02 2.254440e+01 -8.528741e+01
      vertex   1.014187e+02 2.253440e+01 -8.542146e+01
    endloop
  endfacet
  facet normal -3.284095e-02 9.922440e-01 -1.198888e-01
    outer loop
      vertex   1.014187e+02 2.253440e+01 -8.542146e+01
      vertex   1.012314e+02 2.254440e+01 -8.528741e+01
      vertex   1.015879e+02 2.254440e+01 -8.538506e+01
    endloop
  endfacet
  facet normal -3.045668e-02 9.909644e-01 -1.306216e-01
    outer loop
      vertex   1.014187e+02 2.253440e+01 -8.542146e+01
      vertex   1.015879e+02 2.254440e+01 -8.538506e+01
      vertex   1.017760e+02 2.253440e+01 -8.550478e+01
    endloop
  endfacet
  facet normal -2.474830e-02 9.922513e-01 -1.217575e-01
    outer loop
      vertex   1.017760e+02 2.253440e+01 -8.550478e+01
      vertex   1.015879e+02 2.254440e+01 -8.538506e+01
      vertex   1.019501e+02 2.254440e+01 -8.545868e+01
    endloop
  endfacet
  facet normal -2.185776e-02 9.909566e-01 -1.323905e-01
    outer loop
      vertex   1.017760e+02 2.253440e+01 -8.550478e+01
      vertex   1.019501e+02 2.254440e+01 -8.545868e+01
      vertex   1.021381e+02 2.253440e+01 -8.556456e+01
    endloop
  endfacet
  facet normal -1.655498e-02 9.922565e-01 -1.230973e-01
    outer loop
      vertex   1.021381e+02 2.253440e+01 -8.556456e+01
      vertex   1.019501e+02 2.254440e+01 -8.545868e+01
      vertex   1.023164e+02 2.254440e+01 -8.550795e+01
    endloop
  endfacet
  facet normal -1.315596e-02 9.909514e-01 -1.335747e-01
    outer loop
      vertex   1.021381e+02 2.253440e+01 -8.556456e+01
      vertex   1.023164e+02 2.254440e+01 -8.550795e+01
      vertex   1.025033e+02 2.253440e+01 -8.560052e+01
    endloop
  endfacet
  facet normal -8.294348e-03 9.922596e-01 -1.239033e-01
    outer loop
      vertex   1.025033e+02 2.253440e+01 -8.560052e+01
      vertex   1.023164e+02 2.254440e+01 -8.550795e+01
      vertex   1.026852e+02 2.254440e+01 -8.553264e+01
    endloop
  endfacet
  facet normal -4.392215e-03 9.909488e-01 -1.341683e-01
    outer loop
      vertex   1.025033e+02 2.253440e+01 -8.560052e+01
      vertex   1.026852e+02 2.254440e+01 -8.553264e+01
      vertex   1.028700e+02 2.253440e+01 -8.561253e+01
    endloop
  endfacet
  facet normal 1.613817e-18 9.922607e-01 -1.241723e-01
    outer loop
      vertex   1.028700e+02 2.253440e+01 -8.561253e+01
      vertex   1.026852e+02 2.254440e+01 -8.553264e+01
      vertex   1.030548e+02 2.254440e+01 -8.553264e+01
    endloop
  endfacet
  facet normal 4.392215e-03 9.909488e-01 -1.341683e-01
    outer loop
      vertex   1.028700e+02 2.253440e+01 -8.561253e+01
      vertex   1.030548e+02 2.254440e+01 -8.553264e+01
      vertex   1.032367e+02 2.253440e+01 -8.560052e+01
    endloop
  endfacet
  facet normal 8.294348e-03 9.922596e-01 -1.239033e-01
    outer loop
      vertex   1.032367e+02 2.253440e+01 -8.560052e+01
      vertex   1.030548e+02 2.254440e+01 -8.553264e+01
      vertex   1.034236e+02 2.254440e+01 -8.550795e+01
    endloop
  endfacet
  facet normal 1.315596e-02 9.909514e-01 -1.335747e-01
    outer loop
      vertex   1.032367e+02 2.253440e+01 -8.560052e+01
      vertex   1.034236e+02 2.254440e+01 -8.550795e+01
      vertex   1.036019e+02 2.253440e+01 -8.556456e+01
    endloop
  endfacet
  facet normal 1.655498e-02 9.922565e-01 -1.230973e-01
    outer loop
      vertex   1.036019e+02 2.253440e+01 -8.556456e+01
      vertex   1.034236e+02 2.254440e+01 -8.550795e+01
      vertex   1.037899e+02 2.254440e+01 -8.545868e+01
    endloop
  endfacet
  facet normal 2.185776e-02 9.909566e-01 -1.323905e-01
    outer loop
      vertex   1.036019e+02 2.253440e+01 -8.556456e+01
      vertex   1.037899e+02 2.254440e+01 -8.545868e+01
      vertex   1.039640e+02 2.253440e+01 -8.550478e+01
    endloop
  endfacet
  facet normal 2.474830e-02 9.922513e-01 -1.217575e-01
    outer loop
      vertex   1.039640e+02 2.253440e+01 -8.550478e+01
      vertex   1.037899e+02 2.254440e+01 -8.545868e+01
      vertex   1.041521e+02 2.254440e+01 -8.538506e+01
    endloop
  endfacet
  facet normal 3.045668e-02 9.909644e-01 -1.306216e-01
    outer loop
      vertex   1.039640e+02 2.253440e+01 -8.550478e+01
      vertex   1.041521e+02 2.254440e+01 -8.538506e+01
      vertex   1.043213e+02 2.253440e+01 -8.542146e+01
    endloop
  endfacet
  facet normal 3.284095e-02 9.922440e-01 -1.198888e-01
    outer loop
      vertex   1.043213e+02 2.253440e+01 -8.542146e+01
      vertex   1.041521e+02 2.254440e+01 -8.538506e+01
      vertex   1.045086e+02 2.254440e+01 -8.528741e+01
    endloop
  endfacet
  facet normal 3.891233e-02 9.909747e-01 -1.282768e-01
    outer loop
      vertex   1.043213e+02 2.253440e+01 -8.542146e+01
      vertex   1.045086e+02 2.254440e+01 -8.528741e+01
      vertex   1.046725e+02 2.253440e+01 -8.531494e+01
    endloop
  endfacet
  facet normal 4.079993e-02 9.922346e-01 -1.174985e-01
    outer loop
      vertex   1.046725e+02 2.253440e+01 -8.531494e+01
      vertex   1.045086e+02 2.254440e+01 -8.528741e+01
      vertex   1.048578e+02 2.254440e+01 -8.516617e+01
    endloop
  endfacet
  facet normal 4.718510e-02 9.909876e-01 -1.253678e-01
    outer loop
      vertex   1.046725e+02 2.253440e+01 -8.531494e+01
      vertex   1.048578e+02 2.254440e+01 -8.516617e+01
      vertex   1.050159e+02 2.253440e+01 -8.518569e+01
    endloop
  endfacet
  facet normal 4.859273e-02 9.922231e-01 -1.145956e-01
    outer loop
      vertex   1.050159e+02 2.253440e+01 -8.518569e+01
      vertex   1.048578e+02 2.254440e+01 -8.516617e+01
      vertex   1.051980e+02 2.254440e+01 -8.502188e+01
    endloop
  endfacet
  facet normal 5.523633e-02 9.910031e-01 -1.219092e-01
    outer loop
      vertex   1.050159e+02 2.253440e+01 -8.518569e+01
      vertex   1.051980e+02 2.254440e+01 -8.502188e+01
      vertex   1.053501e+02 2.253440e+01 -8.503425e+01
    endloop
  endfacet
  facet normal 5.618742e-02 9.922094e-01 -1.111911e-01
    outer loop
      vertex   1.053501e+02 2.253440e+01 -8.503425e+01
      vertex   1.051980e+02 2.254440e+01 -8.502188e+01
      vertex   1.055279e+02 2.254440e+01 -8.485518e+01
    endloop
  endfacet
  facet normal 6.302853e-02 9.910211e-01 -1.179181e-01
    outer loop
      vertex   1.053501e+02 2.253440e+01 -8.503425e+01
      vertex   1.055279e+02 2.254440e+01 -8.485518e+01
      vertex   1.056737e+02 2.253440e+01 -8.486127e+01
    endloop
  endfacet
  facet normal 6.355277e-02 9.921936e-01 -1.072981e-01
    outer loop
      vertex   1.056737e+02 2.253440e+01 -8.486127e+01
      vertex   1.055279e+02 2.254440e+01 -8.485518e+01
      vertex   1.058459e+02 2.254440e+01 -8.466682e+01
    endloop
  endfacet
  facet normal 7.052559e-02 9.910415e-01 -1.134144e-01
    outer loop
      vertex   1.056737e+02 2.253440e+01 -8.486127e+01
      vertex   1.058459e+02 2.254440e+01 -8.466682e+01
      vertex   1.059853e+02 2.253440e+01 -8.466750e+01
    endloop
  endfacet
  facet normal 7.065840e-02 9.921756e-01 -1.029314e-01
    outer loop
      vertex   1.059853e+02 2.253440e+01 -8.466750e+01
      vertex   1.058459e+02 2.254440e+01 -8.466682e+01
      vertex   1.061507e+02 2.254440e+01 -8.445764e+01
    endloop
  endfacet
  facet normal 7.769296e-02 9.910645e-01 -1.084204e-01
    outer loop
      vertex   1.059853e+02 2.253440e+01 -8.466750e+01
      vertex   1.061507e+02 2.254440e+01 -8.445764e+01
      vertex   1.062836e+02 2.253440e+01 -8.445377e+01
    endloop
  endfacet
  facet normal 7.747483e-02 9.921555e-01 -9.810764e-02
    outer loop
      vertex   1.062836e+02 2.253440e+01 -8.445377e+01
      vertex   1.061507e+02 2.254440e+01 -8.445764e+01
      vertex   1.064407e+02 2.254440e+01 -8.422857e+01
    endloop
  endfacet
  facet normal 8.449783e-02 9.910899e-01 -1.029609e-01
    outer loop
      vertex   1.062836e+02 2.253440e+01 -8.445377e+01
      vertex   1.064407e+02 2.254440e+01 -8.422857e+01
      vertex   1.065672e+02 2.253440e+01 -8.422098e+01
    endloop
  endfacet
  facet normal 8.397362e-02 9.921331e-01 -9.284531e-02
    outer loop
      vertex   1.065672e+02 2.253440e+01 -8.422098e+01
      vertex   1.064407e+02 2.254440e+01 -8.422857e+01
      vertex   1.067149e+02 2.254440e+01 -8.398064e+01
    endloop
  endfacet
  facet normal 9.090927e-02 9.911177e-01 -9.706284e-02
    outer loop
      vertex   1.065672e+02 2.253440e+01 -8.422098e+01
      vertex   1.067149e+02 2.254440e+01 -8.398064e+01
      vertex   1.068351e+02 2.253440e+01 -8.397015e+01
    endloop
  endfacet
  facet normal 9.012749e-02 9.921085e-01 -8.716456e-02
    outer loop
      vertex   1.068351e+02 2.253440e+01 -8.397015e+01
      vertex   1.067149e+02 2.254440e+01 -8.398064e+01
      vertex   1.069718e+02 2.254440e+01 -8.371495e+01
    endloop
  endfacet
  facet normal 9.689843e-02 9.911479e-01 -9.075528e-02
    outer loop
      vertex   1.068351e+02 2.253440e+01 -8.397015e+01
      vertex   1.069718e+02 2.254440e+01 -8.371495e+01
      vertex   1.070859e+02 2.253440e+01 -8.370233e+01
    endloop
  endfacet
  facet normal 9.591037e-02 9.920817e-01 -8.108718e-02
    outer loop
      vertex   1.070859e+02 2.253440e+01 -8.370233e+01
      vertex   1.069718e+02 2.254440e+01 -8.371495e+01
      vertex   1.072104e+02 2.254440e+01 -8.343270e+01
    endloop
  endfacet
  facet normal 1.024387e-01 9.911804e-01 -8.406924e-02
    outer loop
      vertex   1.070859e+02 2.253440e+01 -8.370233e+01
      vertex   1.072104e+02 2.254440e+01 -8.343270e+01
      vertex   1.073187e+02 2.253440e+01 -8.341868e+01
    endloop
  endfacet
  facet normal 1.012975e-01 9.920525e-01 -7.463654e-02
    outer loop
      vertex   1.073187e+02 2.253440e+01 -8.341868e+01
      vertex   1.072104e+02 2.254440e+01 -8.343270e+01
      vertex   1.074297e+02 2.254440e+01 -8.313513e+01
    endloop
  endfacet
  facet normal 1.075057e-01 9.912153e-01 -7.703747e-02
    outer loop
      vertex   1.073187e+02 2.253440e+01 -8.341868e+01
      vertex   1.074297e+02 2.254440e+01 -8.313513e+01
      vertex   1.075324e+02 2.253440e+01 -8.312041e+01
    endloop
  endfacet
  facet normal 1.062657e-01 9.920210e-01 -6.783747e-02
    outer loop
      vertex   1.075324e+02 2.253440e+01 -8.312041e+01
      vertex   1.074297e+02 2.254440e+01 -8.313513e+01
      vertex   1.076286e+02 2.254440e+01 -8.282359e+01
    endloop
  endfacet
  facet normal 1.120776e-01 9.912524e-01 -6.969431e-02
    outer loop
      vertex   1.075324e+02 2.253440e+01 -8.312041e+01
      vertex   1.076286e+02 2.254440e+01 -8.282359e+01
      vertex   1.077262e+02 2.253440e+01 -8.280881e+01
    endloop
  endfacet
  facet normal 1.107930e-01 9.919871e-01 -6.071622e-02
    outer loop
      vertex   1.077262e+02 2.253440e+01 -8.280881e+01
      vertex   1.076286e+02 2.254440e+01 -8.282359e+01
      vertex   1.078062e+02 2.254440e+01 -8.249946e+01
    endloop
  endfacet
  facet normal 1.161351e-01 9.912917e-01 -6.207548e-02
    outer loop
      vertex   1.077262e+02 2.253440e+01 -8.280881e+01
      vertex   1.078062e+02 2.254440e+01 -8.249946e+01
      vertex   1.078992e+02 2.253440e+01 -8.248519e+01
    endloop
  endfacet
  facet normal 1.148593e-01 9.919508e-01 -5.330035e-02
    outer loop
      vertex   1.078992e+02 2.253440e+01 -8.248519e+01
      vertex   1.078062e+02 2.254440e+01 -8.249946e+01
      vertex   1.079618e+02 2.254440e+01 -8.216419e+01
    endloop
  endfacet
  facet normal 1.196615e-01 9.913332e-01 -5.421791e-02
    outer loop
      vertex   1.078992e+02 2.253440e+01 -8.248519e+01
      vertex   1.079618e+02 2.254440e+01 -8.216419e+01
      vertex   1.080506e+02 2.253440e+01 -8.215096e+01
    endloop
  endfacet
  facet normal 1.184460e-01 9.919120e-01 -4.561862e-02
    outer loop
      vertex   1.080506e+02 2.253440e+01 -8.215096e+01
      vertex   1.079618e+02 2.254440e+01 -8.216419e+01
      vertex   1.080946e+02 2.254440e+01 -8.181927e+01
    endloop
  endfacet
  facet normal 1.226429e-01 9.913768e-01 -4.615952e-02
    outer loop
      vertex   1.080506e+02 2.253440e+01 -8.215096e+01
      vertex   1.080946e+02 2.254440e+01 -8.181927e+01
      vertex   1.081799e+02 2.253440e+01 -8.180754e+01
    endloop
  endfacet
  facet normal 1.215363e-01 9.918707e-01 -3.770092e-02
    outer loop
      vertex   1.081799e+02 2.253440e+01 -8.180754e+01
      vertex   1.080946e+02 2.254440e+01 -8.181927e+01
      vertex   1.082041e+02 2.254440e+01 -8.146625e+01
    endloop
  endfacet
  facet normal 1.250682e-01 9.914225e-01 -3.793901e-02
    outer loop
      vertex   1.081799e+02 2.253440e+01 -8.180754e+01
      vertex   1.082041e+02 2.254440e+01 -8.146625e+01
      vertex   1.082864e+02 2.253440e+01 -8.145640e+01
    endloop
  endfacet
  facet normal 1.241153e-01 9.918269e-01 -2.957817e-02
    outer loop
      vertex   1.082864e+02 2.253440e+01 -8.145640e+01
      vertex   1.082041e+02 2.254440e+01 -8.146625e+01
      vertex   1.082898e+02 2.254440e+01 -8.110671e+01
    endloop
  endfacet
  facet normal 1.269289e-01 9.914702e-01 -2.959566e-02
    outer loop
      vertex   1.082864e+02 2.253440e+01 -8.145640e+01
      vertex   1.082898e+02 2.254440e+01 -8.110671e+01
      vertex   1.083697e+02 2.253440e+01 -8.109904e+01
    endloop
  endfacet
  facet normal 1.261697e-01 9.917804e-01 -2.128217e-02
    outer loop
      vertex   1.083697e+02 2.253440e+01 -8.109904e+01
      vertex   1.082898e+02 2.254440e+01 -8.110671e+01
      vertex   1.083513e+02 2.254440e+01 -8.074225e+01
    endloop
  endfacet
  facet normal 1.282196e-01 9.915199e-01 -2.116913e-02
    outer loop
      vertex   1.083697e+02 2.253440e+01 -8.109904e+01
      vertex   1.083513e+02 2.254440e+01 -8.074225e+01
      vertex   1.084295e+02 2.253440e+01 -8.073700e+01
    endloop
  endfacet
  facet normal 1.276882e-01 9.917312e-01 -1.284556e-02
    outer loop
      vertex   1.084295e+02 2.253440e+01 -8.073700e+01
      vertex   1.083513e+02 2.254440e+01 -8.074225e+01
      vertex   1.083883e+02 2.254440e+01 -8.037449e+01
    endloop
  endfacet
  facet normal 1.289375e-01 9.915714e-01 -1.269924e-02
    outer loop
      vertex   1.084295e+02 2.253440e+01 -8.073700e+01
      vertex   1.083883e+02 2.254440e+01 -8.037449e+01
      vertex   1.084654e+02 2.253440e+01 -8.037183e+01
    endloop
  endfacet
  facet normal 1.286617e-01 9.916792e-01 -4.301631e-03
    outer loop
      vertex   1.084654e+02 2.253440e+01 -8.037183e+01
      vertex   1.083883e+02 2.254440e+01 -8.037449e+01
      vertex   1.084006e+02 2.254440e+01 -8.000509e+01
    endloop
  endfacet
  facet normal 1.290829e-01 9.916248e-01 -4.225737e-03
    outer loop
      vertex   1.084654e+02 2.253440e+01 -8.037183e+01
      vertex   1.084006e+02 2.254440e+01 -8.000509e+01
      vertex   1.084774e+02 2.253440e+01 -8.000509e+01
    endloop
  endfacet
  facet normal 1.290829e-01 9.916248e-01 4.225737e-03
    outer loop
      vertex   1.084774e+02 2.253440e+01 -8.000509e+01
      vertex   1.084006e+02 2.254440e+01 -8.000509e+01
      vertex   1.084654e+02 2.253440e+01 -7.963834e+01
    endloop
  endfacet
  facet normal 3.786195e-01 9.254694e-01 1.239472e-02
    outer loop
      vertex   1.084774e+02 2.253440e+01 -8.000509e+01
      vertex   1.084654e+02 2.253440e+01 -7.963834e+01
      vertex   1.085370e+02 2.250508e+01 -7.963365e+01
    endloop
  endfacet
  facet normal 3.769982e-01 9.254694e-01 3.713108e-02
    outer loop
      vertex   1.085370e+02 2.250508e+01 -7.963365e+01
      vertex   1.084654e+02 2.253440e+01 -7.963834e+01
      vertex   1.085005e+02 2.250508e+01 -7.926381e+01
    endloop
  endfacet
  facet normal 6.002770e-01 7.976040e-01 5.912212e-02
    outer loop
      vertex   1.085370e+02 2.250508e+01 -7.963365e+01
      vertex   1.085005e+02 2.250508e+01 -7.926381e+01
      vertex   1.085618e+02 2.245838e+01 -7.925575e+01
    endloop
  endfacet
  facet normal 5.951250e-01 7.976040e-01 9.825553e-02
    outer loop
      vertex   1.085618e+02 2.245838e+01 -7.925575e+01
      vertex   1.085005e+02 2.250508e+01 -7.926381e+01
      vertex   1.085006e+02 2.245838e+01 -7.888509e+01
    endloop
  endfacet
  facet normal 7.767594e-01 6.166023e-01 1.282435e-01
    outer loop
      vertex   1.085618e+02 2.245838e+01 -7.925575e+01
      vertex   1.085006e+02 2.245838e+01 -7.888509e+01
      vertex   1.085475e+02 2.239741e+01 -7.887577e+01
    endloop
  endfacet
  facet normal 7.667088e-01 6.166023e-01 1.787714e-01
    outer loop
      vertex   1.085475e+02 2.239741e+01 -7.887577e+01
      vertex   1.085006e+02 2.245838e+01 -7.888509e+01
      vertex   1.084614e+02 2.239741e+01 -7.850686e+01
    endloop
  endfacet
  facet normal 8.948642e-01 3.945654e-01 2.086531e-01
    outer loop
      vertex   1.085475e+02 2.239741e+01 -7.887577e+01
      vertex   1.084614e+02 2.239741e+01 -7.850686e+01
      vertex   1.084910e+02 2.232625e+01 -7.849895e+01
    endloop
  endfacet
  facet normal 8.793017e-01 3.945654e-01 2.667333e-01
    outer loop
      vertex   1.084910e+02 2.232625e+01 -7.849895e+01
      vertex   1.084614e+02 2.239741e+01 -7.850686e+01
      vertex   1.083804e+02 2.232625e+01 -7.813455e+01
    endloop
  endfacet
  facet normal 9.404169e-01 1.850289e-01 2.852724e-01
    outer loop
      vertex   1.084910e+02 2.232625e+01 -7.849895e+01
      vertex   1.083804e+02 2.232625e+01 -7.813455e+01
      vertex   1.084546e+02 2.224964e+01 -7.832950e+01
    endloop
  endfacet
  facet normal 9.424792e-01 1.078540e-01 3.163866e-01
    outer loop
      vertex   1.084546e+02 2.224964e+01 -7.832950e+01
      vertex   1.083804e+02 2.232625e+01 -7.813455e+01
      vertex   1.083345e+02 2.224964e+01 -7.797152e+01
    endloop
  endfacet
  facet normal 9.197747e-01 1.848645e-01 3.461787e-01
    outer loop
      vertex   1.083345e+02 2.224964e+01 -7.797152e+01
      vertex   1.083804e+02 2.232625e+01 -7.813455e+01
      vertex   1.082463e+02 2.232625e+01 -7.777815e+01
    endloop
  endfacet
  facet normal 9.200042e-01 1.080408e-01 3.767219e-01
    outer loop
      vertex   1.083345e+02 2.224964e+01 -7.797152e+01
      vertex   1.082463e+02 2.232625e+01 -7.777815e+01
      vertex   1.081914e+02 2.224964e+01 -7.762207e+01
    endloop
  endfacet
  facet normal 8.951980e-01 1.846672e-01 4.056089e-01
    outer loop
      vertex   1.081914e+02 2.224964e+01 -7.762207e+01
      vertex   1.082463e+02 2.232625e+01 -7.777815e+01
      vertex   1.080891e+02 2.232625e+01 -7.743129e+01
    endloop
  endfacet
  facet normal 8.936681e-01 1.082617e-01 4.354730e-01
    outer loop
      vertex   1.081914e+02 2.224964e+01 -7.762207e+01
      vertex   1.080891e+02 2.232625e+01 -7.743129e+01
      vertex   1.080260e+02 2.224964e+01 -7.728262e+01
    endloop
  endfacet
  facet normal 8.667913e-01 1.844369e-01 4.633096e-01
    outer loop
      vertex   1.080260e+02 2.224964e+01 -7.728262e+01
      vertex   1.080891e+02 2.232625e+01 -7.743129e+01
      vertex   1.079096e+02 2.232625e+01 -7.709546e+01
    endloop
  endfacet
  facet normal 8.635817e-01 1.085165e-01 4.923930e-01
    outer loop
      vertex   1.080260e+02 2.224964e+01 -7.728262e+01
      vertex   1.079096e+02 2.232625e+01 -7.709546e+01
      vertex   1.078389e+02 2.224964e+01 -7.695458e+01
    endloop
  endfacet
  facet normal 8.346755e-01 1.841738e-01 5.190346e-01
    outer loop
      vertex   1.078389e+02 2.224964e+01 -7.695458e+01
      vertex   1.079096e+02 2.232625e+01 -7.709546e+01
      vertex   1.077085e+02 2.232625e+01 -7.677208e+01
    endloop
  endfacet
  facet normal 8.298718e-01 1.088052e-01 5.472425e-01
    outer loop
      vertex   1.078389e+02 2.224964e+01 -7.695458e+01
      vertex   1.077085e+02 2.232625e+01 -7.677208e+01
      vertex   1.076311e+02 2.224964e+01 -7.663934e+01
    endloop
  endfacet
  facet normal 7.989870e-01 1.838776e-01 5.725460e-01
    outer loop
      vertex   1.076311e+02 2.224964e+01 -7.663934e+01
      vertex   1.077085e+02 2.232625e+01 -7.677208e+01
      vertex   1.074867e+02 2.232625e+01 -7.646255e+01
    endloop
  endfacet
  facet normal 7.926803e-01 1.091279e-01 5.997909e-01
    outer loop
      vertex   1.076311e+02 2.224964e+01 -7.663934e+01
      vertex   1.074867e+02 2.232625e+01 -7.646255e+01
      vertex   1.074032e+02 2.224964e+01 -7.633822e+01
    endloop
  endfacet
  facet normal 7.598775e-01 1.835486e-01 6.236154e-01
    outer loop
      vertex   1.074032e+02 2.224964e+01 -7.633822e+01
      vertex   1.074867e+02 2.232625e+01 -7.646255e+01
      vertex   1.072451e+02 2.232625e+01 -7.616818e+01
    endloop
  endfacet
  facet normal 7.521638e-01 1.094845e-01 6.498174e-01
    outer loop
      vertex   1.074032e+02 2.224964e+01 -7.633822e+01
      vertex   1.072451e+02 2.232625e+01 -7.616818e+01
      vertex   1.071563e+02 2.224964e+01 -7.605248e+01
    endloop
  endfacet
  facet normal 7.175134e-01 1.831865e-01 6.720247e-01
    outer loop
      vertex   1.071563e+02 2.224964e+01 -7.605248e+01
      vertex   1.072451e+02 2.232625e+01 -7.616818e+01
      vertex   1.069848e+02 2.232625e+01 -7.589025e+01
    endloop
  endfacet
  facet normal 7.084931e-01 1.098750e-01 6.971119e-01
    outer loop
      vertex   1.071563e+02 2.224964e+01 -7.605248e+01
      vertex   1.069848e+02 2.232625e+01 -7.589025e+01
      vertex   1.068915e+02 2.224964e+01 -7.578331e+01
    endloop
  endfacet
  facet normal 6.720749e-01 1.827915e-01 7.175671e-01
    outer loop
      vertex   1.068915e+02 2.224964e+01 -7.578331e+01
      vertex   1.069848e+02 2.232625e+01 -7.589025e+01
      vertex   1.067069e+02 2.232625e+01 -7.562994e+01
    endloop
  endfacet
  facet normal 6.618521e-01 1.102994e-01 7.414755e-01
    outer loop
      vertex   1.068915e+02 2.224964e+01 -7.578331e+01
      vertex   1.067069e+02 2.232625e+01 -7.562994e+01
      vertex   1.066098e+02 2.224964e+01 -7.553185e+01
    endloop
  endfacet
  facet normal 6.237553e-01 1.823634e-01 7.600480e-01
    outer loop
      vertex   1.066098e+02 2.224964e+01 -7.553185e+01
      vertex   1.067069e+02 2.232625e+01 -7.562994e+01
      vertex   1.064125e+02 2.232625e+01 -7.538836e+01
    endloop
  endfacet
  facet normal 6.124371e-01 1.107577e-01 7.827219e-01
    outer loop
      vertex   1.066098e+02 2.224964e+01 -7.553185e+01
      vertex   1.064125e+02 2.232625e+01 -7.538836e+01
      vertex   1.063124e+02 2.224964e+01 -7.529916e+01
    endloop
  endfacet
  facet normal 5.727600e-01 1.819023e-01 7.992857e-01
    outer loop
      vertex   1.063124e+02 2.224964e+01 -7.529916e+01
      vertex   1.064125e+02 2.232625e+01 -7.538836e+01
      vertex   1.061030e+02 2.232625e+01 -7.516655e+01
    endloop
  endfacet
  facet normal 5.604563e-01 1.112498e-01 8.206779e-01
    outer loop
      vertex   1.063124e+02 2.224964e+01 -7.529916e+01
      vertex   1.061030e+02 2.232625e+01 -7.516655e+01
      vertex   1.060006e+02 2.224964e+01 -7.508620e+01
    endloop
  endfacet
  facet normal 5.193061e-01 1.814081e-01 8.351121e-01
    outer loop
      vertex   1.060006e+02 2.224964e+01 -7.508620e+01
      vertex   1.061030e+02 2.232625e+01 -7.516655e+01
      vertex   1.057796e+02 2.232625e+01 -7.496546e+01
    endloop
  endfacet
  facet normal 5.061285e-01 1.117758e-01 8.551843e-01
    outer loop
      vertex   1.060006e+02 2.224964e+01 -7.508620e+01
      vertex   1.057796e+02 2.232625e+01 -7.496546e+01
      vertex   1.056756e+02 2.224964e+01 -7.489388e+01
    endloop
  endfacet
  facet normal 4.636211e-01 1.808808e-01 8.673740e-01
    outer loop
      vertex   1.056756e+02 2.224964e+01 -7.489388e+01
      vertex   1.057796e+02 2.232625e+01 -7.496546e+01
      vertex   1.054438e+02 2.232625e+01 -7.478595e+01
    endloop
  endfacet
  facet normal 4.496825e-01 1.123357e-01 8.860961e-01
    outer loop
      vertex   1.056756e+02 2.224964e+01 -7.489388e+01
      vertex   1.054438e+02 2.232625e+01 -7.478595e+01
      vertex   1.053389e+02 2.224964e+01 -7.472299e+01
    endloop
  endfacet
  facet normal 4.059419e-01 1.803204e-01 8.959329e-01
    outer loop
      vertex   1.053389e+02 2.224964e+01 -7.472299e+01
      vertex   1.054438e+02 2.232625e+01 -7.478595e+01
      vertex   1.050969e+02 2.232625e+01 -7.462879e+01
    endloop
  endfacet
  facet normal 3.913561e-01 1.129293e-01 9.132838e-01
    outer loop
      vertex   1.053389e+02 2.224964e+01 -7.472299e+01
      vertex   1.050969e+02 2.232625e+01 -7.462879e+01
      vertex   1.049918e+02 2.224964e+01 -7.457426e+01
    endloop
  endfacet
  facet normal 3.465142e-01 1.797268e-01 9.206662e-01
    outer loop
      vertex   1.049918e+02 2.224964e+01 -7.457426e+01
      vertex   1.050969e+02 2.232625e+01 -7.462879e+01
      vertex   1.047405e+02 2.232625e+01 -7.449465e+01
    endloop
  endfacet
  facet normal 3.313949e-01 1.135568e-01 9.366335e-01
    outer loop
      vertex   1.049918e+02 2.224964e+01 -7.457426e+01
      vertex   1.047405e+02 2.232625e+01 -7.449465e+01
      vertex   1.046358e+02 2.224964e+01 -7.444831e+01
    endloop
  endfacet
  facet normal 2.855910e-01 1.791001e-01 9.414674e-01
    outer loop
      vertex   1.046358e+02 2.224964e+01 -7.444831e+01
      vertex   1.047405e+02 2.232625e+01 -7.449465e+01
      vertex   1.043761e+02 2.232625e+01 -7.438411e+01
    endloop
  endfacet
  facet normal 2.700511e-01 1.142180e-01 9.560474e-01
    outer loop
      vertex   1.046358e+02 2.224964e+01 -7.444831e+01
      vertex   1.043761e+02 2.232625e+01 -7.438411e+01
      vertex   1.042724e+02 2.224964e+01 -7.434566e+01
    endloop
  endfacet
  facet normal 2.234319e-01 1.784401e-01 9.582470e-01
    outer loop
      vertex   1.042724e+02 2.224964e+01 -7.434566e+01
      vertex   1.043761e+02 2.232625e+01 -7.438411e+01
      vertex   1.040053e+02 2.232625e+01 -7.429764e+01
    endloop
  endfacet
  facet normal 2.075833e-01 1.149129e-01 9.714444e-01
    outer loop
      vertex   1.042724e+02 2.224964e+01 -7.434566e+01
      vertex   1.040053e+02 2.232625e+01 -7.429764e+01
      vertex   1.039031e+02 2.224964e+01 -7.426675e+01
    endloop
  endfacet
  facet normal 1.603016e-01 1.777469e-01 9.709323e-01
    outer loop
      vertex   1.039031e+02 2.224964e+01 -7.426675e+01
      vertex   1.040053e+02 2.232625e+01 -7.429764e+01
      vertex   1.036296e+02 2.232625e+01 -7.423561e+01
    endloop
  endfacet
  facet normal 1.442542e-01 1.156416e-01 9.827603e-01
    outer loop
      vertex   1.039031e+02 2.224964e+01 -7.426675e+01
      vertex   1.036296e+02 2.232625e+01 -7.423561e+01
      vertex   1.035295e+02 2.224964e+01 -7.421191e+01
    endloop
  endfacet
  facet normal 9.646917e-02 1.770204e-01 9.794680e-01
    outer loop
      vertex   1.035295e+02 2.224964e+01 -7.421191e+01
      vertex   1.036296e+02 2.232625e+01 -7.423561e+01
      vertex   1.032506e+02 2.232625e+01 -7.419829e+01
    endloop
  endfacet
  facet normal 8.033061e-02 1.164039e-01 9.899480e-01
    outer loop
      vertex   1.035295e+02 2.224964e+01 -7.421191e+01
      vertex   1.032506e+02 2.232625e+01 -7.419829e+01
      vertex   1.031531e+02 2.224964e+01 -7.418137e+01
    endloop
  endfacet
  facet normal 3.220682e-02 1.762605e-01 9.838165e-01
    outer loop
      vertex   1.031531e+02 2.224964e+01 -7.418137e+01
      vertex   1.032506e+02 2.232625e+01 -7.419829e+01
      vertex   1.028700e+02 2.232625e+01 -7.418583e+01
    endloop
  endfacet
  facet normal 1.608147e-02 1.172000e-01 9.929781e-01
    outer loop
      vertex   1.031531e+02 2.224964e+01 -7.418137e+01
      vertex   1.028700e+02 2.232625e+01 -7.418583e+01
      vertex   1.027756e+02 2.224964e+01 -7.417526e+01
    endloop
  endfacet
  facet normal -3.221145e-02 1.754673e-01 9.839582e-01
    outer loop
      vertex   1.027756e+02 2.224964e+01 -7.417526e+01
      vertex   1.028700e+02 2.232625e+01 -7.418583e+01
      vertex   1.024894e+02 2.232625e+01 -7.419829e+01
    endloop
  endfacet
  facet normal -4.822278e-02 1.180296e-01 9.918385e-01
    outer loop
      vertex   1.027756e+02 2.224964e+01 -7.417526e+01
      vertex   1.024894e+02 2.232625e+01 -7.419829e+01
      vertex   1.023984e+02 2.224964e+01 -7.419359e+01
    endloop
  endfacet
  facet normal -9.651084e-02 1.746407e-01 9.798910e-01
    outer loop
      vertex   1.023984e+02 2.224964e+01 -7.419359e+01
      vertex   1.024894e+02 2.232625e+01 -7.419829e+01
      vertex   1.021104e+02 2.232625e+01 -7.423561e+01
    endloop
  endfacet
  facet normal -1.123115e-01 1.188928e-01 9.865346e-01
    outer loop
      vertex   1.023984e+02 2.224964e+01 -7.419359e+01
      vertex   1.021104e+02 2.232625e+01 -7.423561e+01
      vertex   1.020232e+02 2.224964e+01 -7.423631e+01
    endloop
  endfacet
  facet normal -1.604169e-01 1.737806e-01 9.716310e-01
    outer loop
      vertex   1.020232e+02 2.224964e+01 -7.423631e+01
      vertex   1.021104e+02 2.232625e+01 -7.423561e+01
      vertex   1.017347e+02 2.232625e+01 -7.429764e+01
    endloop
  endfacet
  facet normal -1.759151e-01 1.197896e-01 9.770897e-01
    outer loop
      vertex   1.020232e+02 2.224964e+01 -7.423631e+01
      vertex   1.017347e+02 2.232625e+01 -7.429764e+01
      vertex   1.016516e+02 2.224964e+01 -7.430322e+01
    endloop
  endfacet
  facet normal -2.236569e-01 1.728870e-01 9.592120e-01
    outer loop
      vertex   1.016516e+02 2.224964e+01 -7.430322e+01
      vertex   1.017347e+02 2.232625e+01 -7.429764e+01
      vertex   1.013639e+02 2.232625e+01 -7.438411e+01
    endloop
  endfacet
  facet normal -2.387659e-01 1.207200e-01 9.635443e-01
    outer loop
      vertex   1.016516e+02 2.224964e+01 -7.430322e+01
      vertex   1.013639e+02 2.232625e+01 -7.438411e+01
      vertex   1.012851e+02 2.224964e+01 -7.439404e+01
    endloop
  endfacet
  facet normal -2.859606e-01 1.719599e-01 9.426857e-01
    outer loop
      vertex   1.012851e+02 2.224964e+01 -7.439404e+01
      vertex   1.013639e+02 2.232625e+01 -7.438411e+01
      vertex   1.009995e+02 2.232625e+01 -7.449465e+01
    endloop
  endfacet
  facet normal -3.005996e-01 1.216838e-01 9.459561e-01
    outer loop
      vertex   1.012851e+02 2.224964e+01 -7.439404e+01
      vertex   1.009995e+02 2.232625e+01 -7.449465e+01
      vertex   1.009252e+02 2.224964e+01 -7.450840e+01
    endloop
  endfacet
  facet normal -3.470618e-01 1.709992e-01 9.221211e-01
    outer loop
      vertex   1.009252e+02 2.224964e+01 -7.450840e+01
      vertex   1.009995e+02 2.232625e+01 -7.449465e+01
      vertex   1.006431e+02 2.232625e+01 -7.462879e+01
    endloop
  endfacet
  facet normal -3.611561e-01 1.226811e-01 9.244002e-01
    outer loop
      vertex   1.009252e+02 2.224964e+01 -7.450840e+01
      vertex   1.006431e+02 2.232625e+01 -7.462879e+01
      vertex   1.005735e+02 2.224964e+01 -7.464581e+01
    endloop
  endfacet
  facet normal -4.066993e-01 1.700048e-01 8.976046e-01
    outer loop
      vertex   1.005735e+02 2.224964e+01 -7.464581e+01
      vertex   1.006431e+02 2.232625e+01 -7.462879e+01
      vertex   1.002962e+02 2.232625e+01 -7.478595e+01
    endloop
  endfacet
  facet normal -4.201807e-01 1.237118e-01 8.989681e-01
    outer loop
      vertex   1.005735e+02 2.224964e+01 -7.464581e+01
      vertex   1.002962e+02 2.232625e+01 -7.478595e+01
      vertex   1.002314e+02 2.224964e+01 -7.480571e+01
    endloop
  endfacet
  facet normal -4.646181e-01 1.689768e-01 8.692393e-01
    outer loop
      vertex   1.002314e+02 2.224964e+01 -7.480571e+01
      vertex   1.002962e+02 2.232625e+01 -7.478595e+01
      vertex   9.996037e+01 2.232625e+01 -7.496546e+01
    endloop
  endfacet
  facet normal -4.774255e-01 1.247758e-01 8.697677e-01
    outer loop
      vertex   1.002314e+02 2.224964e+01 -7.480571e+01
      vertex   9.996037e+01 2.232625e+01 -7.496546e+01
      vertex   9.990036e+01 2.224964e+01 -7.498741e+01
    endloop
  endfacet
  facet normal -5.205701e-01 1.679150e-01 8.371448e-01
    outer loop
      vertex   9.990036e+01 2.224964e+01 -7.498741e+01
      vertex   9.996037e+01 2.232625e+01 -7.496546e+01
      vertex   9.963699e+01 2.232625e+01 -7.516655e+01
    endloop
  endfacet
  facet normal -5.326497e-01 1.258732e-01 8.369231e-01
    outer loop
      vertex   9.990036e+01 2.224964e+01 -7.498741e+01
      vertex   9.963699e+01 2.232625e+01 -7.516655e+01
      vertex   9.958180e+01 2.224964e+01 -7.519016e+01
    endloop
  endfacet
  facet normal -5.743157e-01 1.668195e-01 8.014566e-01
    outer loop
      vertex   9.958180e+01 2.224964e+01 -7.519016e+01
      vertex   9.963699e+01 2.232625e+01 -7.516655e+01
      vertex   9.932746e+01 2.232625e+01 -7.538836e+01
    endloop
  endfacet
  facet normal -5.856214e-01 1.270039e-01 8.005733e-01
    outer loop
      vertex   9.958180e+01 2.224964e+01 -7.519016e+01
      vertex   9.932746e+01 2.232625e+01 -7.538836e+01
      vertex   9.927702e+01 2.224964e+01 -7.541310e+01
    endloop
  endfacet
  facet normal -6.256246e-01 1.656901e-01 7.623258e-01
    outer loop
      vertex   9.927702e+01 2.224964e+01 -7.541310e+01
      vertex   9.932746e+01 2.232625e+01 -7.538836e+01
      vertex   9.903310e+01 2.232625e+01 -7.562994e+01
    endloop
  endfacet
  facet normal -6.361182e-01 1.281677e-01 7.608723e-01
    outer loop
      vertex   9.927702e+01 2.224964e+01 -7.541310e+01
      vertex   9.903310e+01 2.232625e+01 -7.562994e+01
      vertex   9.898732e+01 2.224964e+01 -7.565530e+01
    endloop
  endfacet
  facet normal -6.742767e-01 1.645268e-01 7.199179e-01
    outer loop
      vertex   9.898732e+01 2.224964e+01 -7.565530e+01
      vertex   9.903310e+01 2.232625e+01 -7.562994e+01
      vertex   9.875516e+01 2.232625e+01 -7.589025e+01
    endloop
  endfacet
  facet normal -6.839281e-01 1.293648e-01 7.179883e-01
    outer loop
      vertex   9.898732e+01 2.224964e+01 -7.565530e+01
      vertex   9.875516e+01 2.232625e+01 -7.589025e+01
      vertex   9.871390e+01 2.224964e+01 -7.591575e+01
    endloop
  endfacet
  facet normal -7.200631e-01 1.633296e-01 6.744127e-01
    outer loop
      vertex   9.871390e+01 2.224964e+01 -7.591575e+01
      vertex   9.875516e+01 2.232625e+01 -7.589025e+01
      vertex   9.849485e+01 2.232625e+01 -7.616818e+01
    endloop
  endfacet
  facet normal -7.288505e-01 1.305950e-01 6.721026e-01
    outer loop
      vertex   9.871390e+01 2.224964e+01 -7.591575e+01
      vertex   9.849485e+01 2.232625e+01 -7.616818e+01
      vertex   9.845791e+01 2.224964e+01 -7.619335e+01
    endloop
  endfacet
  facet normal -7.627871e-01 1.620983e-01 6.260032e-01
    outer loop
      vertex   9.845791e+01 2.224964e+01 -7.619335e+01
      vertex   9.849485e+01 2.232625e+01 -7.616818e+01
      vertex   9.825327e+01 2.232625e+01 -7.646255e+01
    endloop
  endfacet
  facet normal -7.706970e-01 1.318582e-01 6.234096e-01
    outer loop
      vertex   9.845791e+01 2.224964e+01 -7.619335e+01
      vertex   9.825327e+01 2.232625e+01 -7.646255e+01
      vertex   9.822043e+01 2.224964e+01 -7.648694e+01
    endloop
  endfacet
  facet normal -8.022647e-01 1.608330e-01 5.748948e-01
    outer loop
      vertex   9.822043e+01 2.224964e+01 -7.648694e+01
      vertex   9.825327e+01 2.232625e+01 -7.646255e+01
      vertex   9.803146e+01 2.232625e+01 -7.677208e+01
    endloop
  endfacet
  facet normal -8.092924e-01 1.331545e-01 5.721151e-01
    outer loop
      vertex   9.822043e+01 2.224964e+01 -7.648694e+01
      vertex   9.803146e+01 2.232625e+01 -7.677208e+01
      vertex   9.800246e+01 2.224964e+01 -7.679528e+01
    endloop
  endfacet
  facet normal -8.383260e-01 1.595336e-01 5.213046e-01
    outer loop
      vertex   9.800246e+01 2.224964e+01 -7.679528e+01
      vertex   9.803146e+01 2.232625e+01 -7.677208e+01
      vertex   9.783037e+01 2.232625e+01 -7.709546e+01
    endloop
  endfacet
  facet normal -8.444751e-01 1.344837e-01 5.184360e-01
    outer loop
      vertex   9.800246e+01 2.224964e+01 -7.679528e+01
      vertex   9.783037e+01 2.232625e+01 -7.709546e+01
      vertex   9.780489e+01 2.224964e+01 -7.711709e+01
    endloop
  endfacet
  facet normal -8.708153e-01 1.582000e-01 4.654605e-01
    outer loop
      vertex   9.780489e+01 2.224964e+01 -7.711709e+01
      vertex   9.783037e+01 2.232625e+01 -7.709546e+01
      vertex   9.765087e+01 2.232625e+01 -7.743129e+01
    endloop
  endfacet
  facet normal -8.760981e-01 1.358458e-01 4.625993e-01
    outer loop
      vertex   9.780489e+01 2.224964e+01 -7.711709e+01
      vertex   9.765087e+01 2.232625e+01 -7.743129e+01
      vertex   9.762858e+01 2.224964e+01 -7.745101e+01
    endloop
  endfacet
  facet normal -8.995921e-01 1.568322e-01 4.075999e-01
    outer loop
      vertex   9.762858e+01 2.224964e+01 -7.745101e+01
      vertex   9.765087e+01 2.232625e+01 -7.743129e+01
      vertex   9.749371e+01 2.232625e+01 -7.777815e+01
    endloop
  endfacet
  facet normal -9.040292e-01 1.372407e-01 4.048409e-01
    outer loop
      vertex   9.762858e+01 2.224964e+01 -7.745101e+01
      vertex   9.749371e+01 2.232625e+01 -7.777815e+01
      vertex   9.747424e+01 2.224964e+01 -7.779564e+01
    endloop
  endfacet
  facet normal -9.245318e-01 1.554301e-01 3.479691e-01
    outer loop
      vertex   9.747424e+01 2.224964e+01 -7.779564e+01
      vertex   9.749371e+01 2.232625e+01 -7.777815e+01
      vertex   9.735957e+01 2.232625e+01 -7.813455e+01
    endloop
  endfacet
  facet normal -9.281522e-01 1.386684e-01 3.454049e-01
    outer loop
      vertex   9.747424e+01 2.224964e+01 -7.779564e+01
      vertex   9.735957e+01 2.232625e+01 -7.813455e+01
      vertex   9.734254e+01 2.224964e+01 -7.814954e+01
    endloop
  endfacet
  facet normal -9.455258e-01 1.539937e-01 2.868221e-01
    outer loop
      vertex   9.734254e+01 2.224964e+01 -7.814954e+01
      vertex   9.735957e+01 2.232625e+01 -7.813455e+01
      vertex   9.724903e+01 2.232625e+01 -7.849895e+01
    endloop
  endfacet
  facet normal -9.483668e-01 1.401288e-01 2.845423e-01
    outer loop
      vertex   9.734254e+01 2.224964e+01 -7.814954e+01
      vertex   9.724903e+01 2.232625e+01 -7.849895e+01
      vertex   9.723403e+01 2.224964e+01 -7.851122e+01
    endloop
  endfacet
  facet normal -9.624826e-01 1.525228e-01 2.244195e-01
    outer loop
      vertex   9.723403e+01 2.224964e+01 -7.851122e+01
      vertex   9.724903e+01 2.232625e+01 -7.849895e+01
      vertex   9.716256e+01 2.232625e+01 -7.886980e+01
    endloop
  endfacet
  facet normal -9.645893e-01 1.416218e-01 2.225102e-01
    outer loop
      vertex   9.723403e+01 2.224964e+01 -7.851122e+01
      vertex   9.716256e+01 2.232625e+01 -7.886980e+01
      vertex   9.714915e+01 2.224964e+01 -7.887917e+01
    endloop
  endfacet
  facet normal -9.753276e-01 1.510175e-01 1.610272e-01
    outer loop
      vertex   9.714915e+01 2.224964e+01 -7.887917e+01
      vertex   9.716256e+01 2.232625e+01 -7.886980e+01
      vertex   9.710053e+01 2.232625e+01 -7.924552e+01
    endloop
  endfacet
  facet normal -9.767528e-01 1.431473e-01 1.595705e-01
    outer loop
      vertex   9.714915e+01 2.224964e+01 -7.887917e+01
      vertex   9.710053e+01 2.232625e+01 -7.924552e+01
      vertex   9.708827e+01 2.224964e+01 -7.925184e+01
    endloop
  endfacet
  facet normal -9.840039e-01 1.494776e-01 9.691593e-02
    outer loop
      vertex   9.708827e+01 2.224964e+01 -7.925184e+01
      vertex   9.710053e+01 2.232625e+01 -7.924552e+01
      vertex   9.706320e+01 2.232625e+01 -7.962449e+01
    endloop
  endfacet
  facet normal 1.286617e-01 9.916792e-01 4.301631e-03
    outer loop
      vertex   1.084006e+02 2.254440e+01 -8.000509e+01
      vertex   1.083883e+02 2.254440e+01 -7.963568e+01
      vertex   1.084654e+02 2.253440e+01 -7.963834e+01
    endloop
  endfacet
  facet normal 1.289375e-01 9.915714e-01 1.269924e-02
    outer loop
      vertex   1.084654e+02 2.253440e+01 -7.963834e+01
      vertex   1.083883e+02 2.254440e+01 -7.963568e+01
      vertex   1.084295e+02 2.253440e+01 -7.927317e+01
    endloop
  endfacet
  facet normal 3.769982e-01 9.254694e-01 3.713108e-02
    outer loop
      vertex   1.084654e+02 2.253440e+01 -7.963834e+01
      vertex   1.084295e+02 2.253440e+01 -7.927317e+01
      vertex   1.085005e+02 2.250508e+01 -7.926381e+01
    endloop
  endfacet
  facet normal 3.737626e-01 9.254694e-01 6.170845e-02
    outer loop
      vertex   1.085005e+02 2.250508e+01 -7.926381e+01
      vertex   1.084295e+02 2.253440e+01 -7.927317e+01
      vertex   1.084400e+02 2.250508e+01 -7.889714e+01
    endloop
  endfacet
  facet normal 5.951250e-01 7.976040e-01 9.825553e-02
    outer loop
      vertex   1.085005e+02 2.250508e+01 -7.926381e+01
      vertex   1.084400e+02 2.250508e+01 -7.889714e+01
      vertex   1.085006e+02 2.245838e+01 -7.888509e+01
    endloop
  endfacet
  facet normal 5.874245e-01 7.976040e-01 1.369682e-01
    outer loop
      vertex   1.085006e+02 2.245838e+01 -7.888509e+01
      vertex   1.084400e+02 2.250508e+01 -7.889714e+01
      vertex   1.084153e+02 2.245838e+01 -7.851923e+01
    endloop
  endfacet
  facet normal 7.667088e-01 6.166023e-01 1.787714e-01
    outer loop
      vertex   1.085006e+02 2.245838e+01 -7.888509e+01
      vertex   1.084153e+02 2.245838e+01 -7.851923e+01
      vertex   1.084614e+02 2.239741e+01 -7.850686e+01
    endloop
  endfacet
  facet normal 7.533750e-01 6.166023e-01 2.285338e-01
    outer loop
      vertex   1.084614e+02 2.239741e+01 -7.850686e+01
      vertex   1.084153e+02 2.245838e+01 -7.851923e+01
      vertex   1.083515e+02 2.239741e+01 -7.814437e+01
    endloop
  endfacet
  facet normal 8.793017e-01 3.945654e-01 2.667333e-01
    outer loop
      vertex   1.084614e+02 2.239741e+01 -7.850686e+01
      vertex   1.083515e+02 2.239741e+01 -7.814437e+01
      vertex   1.083804e+02 2.232625e+01 -7.813455e+01
    endloop
  endfacet
  facet normal 8.599739e-01 3.945654e-01 3.236712e-01
    outer loop
      vertex   1.083804e+02 2.232625e+01 -7.813455e+01
      vertex   1.083515e+02 2.239741e+01 -7.814437e+01
      vertex   1.082463e+02 2.232625e+01 -7.777815e+01
    endloop
  endfacet
  facet normal 1.276882e-01 9.917312e-01 1.284556e-02
    outer loop
      vertex   1.083883e+02 2.254440e+01 -7.963568e+01
      vertex   1.083513e+02 2.254440e+01 -7.926792e+01
      vertex   1.084295e+02 2.253440e+01 -7.927317e+01
    endloop
  endfacet
  facet normal 1.282196e-01 9.915199e-01 2.116913e-02
    outer loop
      vertex   1.084295e+02 2.253440e+01 -7.927317e+01
      vertex   1.083513e+02 2.254440e+01 -7.926792e+01
      vertex   1.083697e+02 2.253440e+01 -7.891113e+01
    endloop
  endfacet
  facet normal 3.737626e-01 9.254694e-01 6.170845e-02
    outer loop
      vertex   1.084295e+02 2.253440e+01 -7.927317e+01
      vertex   1.083697e+02 2.253440e+01 -7.891113e+01
      vertex   1.084400e+02 2.250508e+01 -7.889714e+01
    endloop
  endfacet
  facet normal 3.689264e-01 9.254694e-01 8.602157e-02
    outer loop
      vertex   1.084400e+02 2.250508e+01 -7.889714e+01
      vertex   1.083697e+02 2.253440e+01 -7.891113e+01
      vertex   1.083556e+02 2.250508e+01 -7.853522e+01
    endloop
  endfacet
  facet normal 5.874245e-01 7.976040e-01 1.369682e-01
    outer loop
      vertex   1.084400e+02 2.250508e+01 -7.889714e+01
      vertex   1.083556e+02 2.250508e+01 -7.853522e+01
      vertex   1.084153e+02 2.245838e+01 -7.851923e+01
    endloop
  endfacet
  facet normal 5.772087e-01 7.976040e-01 1.750943e-01
    outer loop
      vertex   1.084153e+02 2.245838e+01 -7.851923e+01
      vertex   1.083556e+02 2.250508e+01 -7.853522e+01
      vertex   1.083062e+02 2.245838e+01 -7.815973e+01
    endloop
  endfacet
  facet normal 7.533750e-01 6.166023e-01 2.285338e-01
    outer loop
      vertex   1.084153e+02 2.245838e+01 -7.851923e+01
      vertex   1.083062e+02 2.245838e+01 -7.815973e+01
      vertex   1.083515e+02 2.239741e+01 -7.814437e+01
    endloop
  endfacet
  facet normal 7.368152e-01 6.166023e-01 2.773176e-01
    outer loop
      vertex   1.083515e+02 2.239741e+01 -7.814437e+01
      vertex   1.083062e+02 2.245838e+01 -7.815973e+01
      vertex   1.082180e+02 2.239741e+01 -7.778985e+01
    endloop
  endfacet
  facet normal 8.599739e-01 3.945654e-01 3.236712e-01
    outer loop
      vertex   1.083515e+02 2.239741e+01 -7.814437e+01
      vertex   1.082180e+02 2.239741e+01 -7.778985e+01
      vertex   1.082463e+02 2.232625e+01 -7.777815e+01
    endloop
  endfacet
  facet normal 8.369635e-01 3.945654e-01 3.792232e-01
    outer loop
      vertex   1.082463e+02 2.232625e+01 -7.777815e+01
      vertex   1.082180e+02 2.239741e+01 -7.778985e+01
      vertex   1.080891e+02 2.232625e+01 -7.743129e+01
    endloop
  endfacet
  facet normal 1.261697e-01 9.917804e-01 2.128217e-02
    outer loop
      vertex   1.083513e+02 2.254440e+01 -7.926792e+01
      vertex   1.082898e+02 2.254440e+01 -7.890346e+01
      vertex   1.083697e+02 2.253440e+01 -7.891113e+01
    endloop
  endfacet
  facet normal 1.269289e-01 9.914702e-01 2.959566e-02
    outer loop
      vertex   1.083697e+02 2.253440e+01 -7.891113e+01
      vertex   1.082898e+02 2.254440e+01 -7.890346e+01
      vertex   1.082864e+02 2.253440e+01 -7.855377e+01
    endloop
  endfacet
  facet normal 3.689264e-01 9.254694e-01 8.602157e-02
    outer loop
      vertex   1.083697e+02 2.253440e+01 -7.891113e+01
      vertex   1.082864e+02 2.253440e+01 -7.855377e+01
      vertex   1.083556e+02 2.250508e+01 -7.853522e+01
    endloop
  endfacet
  facet normal 3.625104e-01 9.254694e-01 1.099663e-01
    outer loop
      vertex   1.083556e+02 2.250508e+01 -7.853522e+01
      vertex   1.082864e+02 2.253440e+01 -7.855377e+01
      vertex   1.082477e+02 2.250508e+01 -7.817959e+01
    endloop
  endfacet
  facet normal 5.772087e-01 7.976040e-01 1.750943e-01
    outer loop
      vertex   1.083556e+02 2.250508e+01 -7.853522e+01
      vertex   1.082477e+02 2.250508e+01 -7.817959e+01
      vertex   1.083062e+02 2.245838e+01 -7.815973e+01
    endloop
  endfacet
  facet normal 5.645211e-01 7.976040e-01 2.124707e-01
    outer loop
      vertex   1.083062e+02 2.245838e+01 -7.815973e+01
      vertex   1.082477e+02 2.250508e+01 -7.817959e+01
      vertex   1.081739e+02 2.245838e+01 -7.780813e+01
    endloop
  endfacet
  facet normal 7.368152e-01 6.166023e-01 2.773176e-01
    outer loop
      vertex   1.083062e+02 2.245838e+01 -7.815973e+01
      vertex   1.081739e+02 2.245838e+01 -7.780813e+01
      vertex   1.082180e+02 2.239741e+01 -7.778985e+01
    endloop
  endfacet
  facet normal 7.171002e-01 6.166023e-01 3.249139e-01
    outer loop
      vertex   1.082180e+02 2.239741e+01 -7.778985e+01
      vertex   1.081739e+02 2.245838e+01 -7.780813e+01
      vertex   1.080617e+02 2.239741e+01 -7.744482e+01
    endloop
  endfacet
  facet normal 8.369635e-01 3.945654e-01 3.792232e-01
    outer loop
      vertex   1.082180e+02 2.239741e+01 -7.778985e+01
      vertex   1.080617e+02 2.239741e+01 -7.744482e+01
      vertex   1.080891e+02 2.232625e+01 -7.743129e+01
    endloop
  endfacet
  facet normal 8.103691e-01 3.945654e-01 4.331513e-01
    outer loop
      vertex   1.080891e+02 2.232625e+01 -7.743129e+01
      vertex   1.080617e+02 2.239741e+01 -7.744482e+01
      vertex   1.079096e+02 2.232625e+01 -7.709546e+01
    endloop
  endfacet
  facet normal 1.241153e-01 9.918269e-01 2.957817e-02
    outer loop
      vertex   1.082898e+02 2.254440e+01 -7.890346e+01
      vertex   1.082041e+02 2.254440e+01 -7.854392e+01
      vertex   1.082864e+02 2.253440e+01 -7.855377e+01
    endloop
  endfacet
  facet normal 1.250682e-01 9.914225e-01 3.793901e-02
    outer loop
      vertex   1.082864e+02 2.253440e+01 -7.855377e+01
      vertex   1.082041e+02 2.254440e+01 -7.854392e+01
      vertex   1.081799e+02 2.253440e+01 -7.820263e+01
    endloop
  endfacet
  facet normal 3.625104e-01 9.254694e-01 1.099663e-01
    outer loop
      vertex   1.082864e+02 2.253440e+01 -7.855377e+01
      vertex   1.081799e+02 2.253440e+01 -7.820263e+01
      vertex   1.082477e+02 2.250508e+01 -7.817959e+01
    endloop
  endfacet
  facet normal 3.545421e-01 9.254694e-01 1.334402e-01
    outer loop
      vertex   1.082477e+02 2.250508e+01 -7.817959e+01
      vertex   1.081799e+02 2.253440e+01 -7.820263e+01
      vertex   1.081168e+02 2.250508e+01 -7.783178e+01
    endloop
  endfacet
  facet normal 5.645211e-01 7.976040e-01 2.124707e-01
    outer loop
      vertex   1.082477e+02 2.250508e+01 -7.817959e+01
      vertex   1.081168e+02 2.250508e+01 -7.783178e+01
      vertex   1.081739e+02 2.245838e+01 -7.780813e+01
    endloop
  endfacet
  facet normal 5.494162e-01 7.976040e-01 2.489372e-01
    outer loop
      vertex   1.081739e+02 2.245838e+01 -7.780813e+01
      vertex   1.081168e+02 2.250508e+01 -7.783178e+01
      vertex   1.080189e+02 2.245838e+01 -7.746594e+01
    endloop
  endfacet
  facet normal 7.171002e-01 6.166023e-01 3.249139e-01
    outer loop
      vertex   1.081739e+02 2.245838e+01 -7.780813e+01
      vertex   1.080189e+02 2.245838e+01 -7.746594e+01
      vertex   1.080617e+02 2.239741e+01 -7.744482e+01
    endloop
  endfacet
  facet normal 6.943144e-01 6.166023e-01 3.711188e-01
    outer loop
      vertex   1.080617e+02 2.239741e+01 -7.744482e+01
      vertex   1.080189e+02 2.245838e+01 -7.746594e+01
      vertex   1.078831e+02 2.239741e+01 -7.711074e+01
    endloop
  endfacet
  facet normal 8.103691e-01 3.945654e-01 4.331513e-01
    outer loop
      vertex   1.080617e+02 2.239741e+01 -7.744482e+01
      vertex   1.078831e+02 2.239741e+01 -7.711074e+01
      vertex   1.079096e+02 2.232625e+01 -7.709546e+01
    endloop
  endfacet
  facet normal 7.803046e-01 3.945654e-01 4.852246e-01
    outer loop
      vertex   1.079096e+02 2.232625e+01 -7.709546e+01
      vertex   1.078831e+02 2.239741e+01 -7.711074e+01
      vertex   1.077085e+02 2.232625e+01 -7.677208e+01
    endloop
  endfacet
  facet normal 1.215363e-01 9.918707e-01 3.770092e-02
    outer loop
      vertex   1.082041e+02 2.254440e+01 -7.854392e+01
      vertex   1.080946e+02 2.254440e+01 -7.819090e+01
      vertex   1.081799e+02 2.253440e+01 -7.820263e+01
    endloop
  endfacet
  facet normal 1.226429e-01 9.913768e-01 4.615952e-02
    outer loop
      vertex   1.081799e+02 2.253440e+01 -7.820263e+01
      vertex   1.080946e+02 2.254440e+01 -7.819090e+01
      vertex   1.080506e+02 2.253440e+01 -7.785921e+01
    endloop
  endfacet
  facet normal 3.545421e-01 9.254694e-01 1.334402e-01
    outer loop
      vertex   1.081799e+02 2.253440e+01 -7.820263e+01
      vertex   1.080506e+02 2.253440e+01 -7.785921e+01
      vertex   1.081168e+02 2.250508e+01 -7.783178e+01
    endloop
  endfacet
  facet normal 3.450556e-01 9.254694e-01 1.563426e-01
    outer loop
      vertex   1.081168e+02 2.250508e+01 -7.783178e+01
      vertex   1.080506e+02 2.253440e+01 -7.785921e+01
      vertex   1.079635e+02 2.250508e+01 -7.749327e+01
    endloop
  endfacet
  facet normal 5.494162e-01 7.976040e-01 2.489372e-01
    outer loop
      vertex   1.081168e+02 2.250508e+01 -7.783178e+01
      vertex   1.079635e+02 2.250508e+01 -7.749327e+01
      vertex   1.080189e+02 2.245838e+01 -7.746594e+01
    endloop
  endfacet
  facet normal 5.319586e-01 7.976040e-01 2.843378e-01
    outer loop
      vertex   1.080189e+02 2.245838e+01 -7.746594e+01
      vertex   1.079635e+02 2.250508e+01 -7.749327e+01
      vertex   1.078418e+02 2.245838e+01 -7.713463e+01
    endloop
  endfacet
  facet normal 6.943144e-01 6.166023e-01 3.711188e-01
    outer loop
      vertex   1.080189e+02 2.245838e+01 -7.746594e+01
      vertex   1.078418e+02 2.245838e+01 -7.713463e+01
      vertex   1.078831e+02 2.239741e+01 -7.711074e+01
    endloop
  endfacet
  facet normal 6.685555e-01 6.166023e-01 4.157345e-01
    outer loop
      vertex   1.078831e+02 2.239741e+01 -7.711074e+01
      vertex   1.078418e+02 2.245838e+01 -7.713463e+01
      vertex   1.076831e+02 2.239741e+01 -7.678906e+01
    endloop
  endfacet
  facet normal 7.803046e-01 3.945654e-01 4.852246e-01
    outer loop
      vertex   1.078831e+02 2.239741e+01 -7.711074e+01
      vertex   1.076831e+02 2.239741e+01 -7.678906e+01
      vertex   1.077085e+02 2.232625e+01 -7.677208e+01
    endloop
  endfacet
  facet normal 7.468987e-01 3.945654e-01 5.352200e-01
    outer loop
      vertex   1.077085e+02 2.232625e+01 -7.677208e+01
      vertex   1.076831e+02 2.239741e+01 -7.678906e+01
      vertex   1.074867e+02 2.232625e+01 -7.646255e+01
    endloop
  endfacet
  facet normal 1.184460e-01 9.919120e-01 4.561862e-02
    outer loop
      vertex   1.080946e+02 2.254440e+01 -7.819090e+01
      vertex   1.079618e+02 2.254440e+01 -7.784598e+01
      vertex   1.080506e+02 2.253440e+01 -7.785921e+01
    endloop
  endfacet
  facet normal 1.196615e-01 9.913332e-01 5.421791e-02
    outer loop
      vertex   1.080506e+02 2.253440e+01 -7.785921e+01
      vertex   1.079618e+02 2.254440e+01 -7.784598e+01
      vertex   1.078992e+02 2.253440e+01 -7.752498e+01
    endloop
  endfacet
  facet normal 3.450556e-01 9.254694e-01 1.563426e-01
    outer loop
      vertex   1.080506e+02 2.253440e+01 -7.785921e+01
      vertex   1.078992e+02 2.253440e+01 -7.752498e+01
      vertex   1.079635e+02 2.250508e+01 -7.749327e+01
    endloop
  endfacet
  facet normal 3.340915e-01 9.254694e-01 1.785756e-01
    outer loop
      vertex   1.079635e+02 2.250508e+01 -7.749327e+01
      vertex   1.078992e+02 2.253440e+01 -7.752498e+01
      vertex   1.077883e+02 2.250508e+01 -7.716552e+01
    endloop
  endfacet
  facet normal 5.319586e-01 7.976040e-01 2.843378e-01
    outer loop
      vertex   1.079635e+02 2.250508e+01 -7.749327e+01
      vertex   1.077883e+02 2.250508e+01 -7.716552e+01
      vertex   1.078418e+02 2.245838e+01 -7.713463e+01
    endloop
  endfacet
  facet normal 5.122230e-01 7.976040e-01 3.185207e-01
    outer loop
      vertex   1.078418e+02 2.245838e+01 -7.713463e+01
      vertex   1.077883e+02 2.250508e+01 -7.716552e+01
      vertex   1.076434e+02 2.245838e+01 -7.681560e+01
    endloop
  endfacet
  facet normal 6.685555e-01 6.166023e-01 4.157345e-01
    outer loop
      vertex   1.078418e+02 2.245838e+01 -7.713463e+01
      vertex   1.076434e+02 2.245838e+01 -7.681560e+01
      vertex   1.076831e+02 2.239741e+01 -7.678906e+01
    endloop
  endfacet
  facet normal 6.399337e-01 6.166023e-01 4.585700e-01
    outer loop
      vertex   1.076831e+02 2.239741e+01 -7.678906e+01
      vertex   1.076434e+02 2.245838e+01 -7.681560e+01
      vertex   1.074625e+02 2.239741e+01 -7.648116e+01
    endloop
  endfacet
  facet normal 7.468987e-01 3.945654e-01 5.352200e-01
    outer loop
      vertex   1.076831e+02 2.239741e+01 -7.678906e+01
      vertex   1.074625e+02 2.239741e+01 -7.648116e+01
      vertex   1.074867e+02 2.232625e+01 -7.646255e+01
    endloop
  endfacet
  facet normal 7.102945e-01 3.945654e-01 5.829236e-01
    outer loop
      vertex   1.074867e+02 2.232625e+01 -7.646255e+01
      vertex   1.074625e+02 2.239741e+01 -7.648116e+01
      vertex   1.072451e+02 2.232625e+01 -7.616818e+01
    endloop
  endfacet
  facet normal 1.148593e-01 9.919508e-01 5.330035e-02
    outer loop
      vertex   1.079618e+02 2.254440e+01 -7.784598e+01
      vertex   1.078062e+02 2.254440e+01 -7.751071e+01
      vertex   1.078992e+02 2.253440e+01 -7.752498e+01
    endloop
  endfacet
  facet normal 1.161351e-01 9.912917e-01 6.207548e-02
    outer loop
      vertex   1.078992e+02 2.253440e+01 -7.752498e+01
      vertex   1.078062e+02 2.254440e+01 -7.751071e+01
      vertex   1.077262e+02 2.253440e+01 -7.720136e+01
    endloop
  endfacet
  facet normal 3.340915e-01 9.254694e-01 1.785756e-01
    outer loop
      vertex   1.078992e+02 2.253440e+01 -7.752498e+01
      vertex   1.077262e+02 2.253440e+01 -7.720136e+01
      vertex   1.077883e+02 2.250508e+01 -7.716552e+01
    endloop
  endfacet
  facet normal 3.216968e-01 9.254694e-01 2.000439e-01
    outer loop
      vertex   1.077883e+02 2.250508e+01 -7.716552e+01
      vertex   1.077262e+02 2.253440e+01 -7.720136e+01
      vertex   1.075920e+02 2.250508e+01 -7.684993e+01
    endloop
  endfacet
  facet normal 5.122230e-01 7.976040e-01 3.185207e-01
    outer loop
      vertex   1.077883e+02 2.250508e+01 -7.716552e+01
      vertex   1.075920e+02 2.250508e+01 -7.684993e+01
      vertex   1.076434e+02 2.245838e+01 -7.681560e+01
    endloop
  endfacet
  facet normal 4.902941e-01 7.976040e-01 3.513398e-01
    outer loop
      vertex   1.076434e+02 2.245838e+01 -7.681560e+01
      vertex   1.075920e+02 2.250508e+01 -7.684993e+01
      vertex   1.074246e+02 2.245838e+01 -7.651024e+01
    endloop
  endfacet
  facet normal 6.399337e-01 6.166023e-01 4.585700e-01
    outer loop
      vertex   1.076434e+02 2.245838e+01 -7.681560e+01
      vertex   1.074246e+02 2.245838e+01 -7.651024e+01
      vertex   1.074625e+02 2.239741e+01 -7.648116e+01
    endloop
  endfacet
  facet normal 6.085717e-01 6.166023e-01 4.994419e-01
    outer loop
      vertex   1.074625e+02 2.239741e+01 -7.648116e+01
      vertex   1.074246e+02 2.245838e+01 -7.651024e+01
      vertex   1.072222e+02 2.239741e+01 -7.618834e+01
    endloop
  endfacet
  facet normal 7.102945e-01 3.945654e-01 5.829236e-01
    outer loop
      vertex   1.074625e+02 2.239741e+01 -7.648116e+01
      vertex   1.072222e+02 2.239741e+01 -7.618834e+01
      vertex   1.072451e+02 2.232625e+01 -7.616818e+01
    endloop
  endfacet
  facet normal 6.706486e-01 3.945654e-01 6.281310e-01
    outer loop
      vertex   1.072451e+02 2.232625e+01 -7.616818e+01
      vertex   1.072222e+02 2.239741e+01 -7.618834e+01
      vertex   1.069848e+02 2.232625e+01 -7.589025e+01
    endloop
  endfacet
  facet normal 1.107930e-01 9.919871e-01 6.071622e-02
    outer loop
      vertex   1.078062e+02 2.254440e+01 -7.751071e+01
      vertex   1.076286e+02 2.254440e+01 -7.718658e+01
      vertex   1.077262e+02 2.253440e+01 -7.720136e+01
    endloop
  endfacet
  facet normal 1.120776e-01 9.912524e-01 6.969431e-02
    outer loop
      vertex   1.077262e+02 2.253440e+01 -7.720136e+01
      vertex   1.076286e+02 2.254440e+01 -7.718658e+01
      vertex   1.075324e+02 2.253440e+01 -7.688976e+01
    endloop
  endfacet
  facet normal 3.216968e-01 9.254694e-01 2.000439e-01
    outer loop
      vertex   1.077262e+02 2.253440e+01 -7.720136e+01
      vertex   1.075324e+02 2.253440e+01 -7.688976e+01
      vertex   1.075920e+02 2.250508e+01 -7.684993e+01
    endloop
  endfacet
  facet normal 3.079245e-01 9.254694e-01 2.206556e-01
    outer loop
      vertex   1.075920e+02 2.250508e+01 -7.684993e+01
      vertex   1.075324e+02 2.253440e+01 -7.688976e+01
      vertex   1.073756e+02 2.250508e+01 -7.654785e+01
    endloop
  endfacet
  facet normal 4.902941e-01 7.976040e-01 3.513398e-01
    outer loop
      vertex   1.075920e+02 2.250508e+01 -7.684993e+01
      vertex   1.073756e+02 2.250508e+01 -7.654785e+01
      vertex   1.074246e+02 2.245838e+01 -7.651024e+01
    endloop
  endfacet
  facet normal 4.662656e-01 7.976040e-01 3.826543e-01
    outer loop
      vertex   1.074246e+02 2.245838e+01 -7.651024e+01
      vertex   1.073756e+02 2.250508e+01 -7.654785e+01
      vertex   1.071862e+02 2.245838e+01 -7.621984e+01
    endloop
  endfacet
  facet normal 6.085717e-01 6.166023e-01 4.994419e-01
    outer loop
      vertex   1.074246e+02 2.245838e+01 -7.651024e+01
      vertex   1.071862e+02 2.245838e+01 -7.621984e+01
      vertex   1.072222e+02 2.239741e+01 -7.618834e+01
    endloop
  endfacet
  facet normal 5.746036e-01 6.166023e-01 5.381750e-01
    outer loop
      vertex   1.072222e+02 2.239741e+01 -7.618834e+01
      vertex   1.071862e+02 2.245838e+01 -7.621984e+01
      vertex   1.069632e+02 2.239741e+01 -7.591187e+01
    endloop
  endfacet
  facet normal 6.706486e-01 3.945654e-01 6.281310e-01
    outer loop
      vertex   1.072222e+02 2.239741e+01 -7.618834e+01
      vertex   1.069632e+02 2.239741e+01 -7.591187e+01
      vertex   1.069848e+02 2.232625e+01 -7.589025e+01
    endloop
  endfacet
  facet normal 6.281310e-01 3.945654e-01 6.706486e-01
    outer loop
      vertex   1.069848e+02 2.232625e+01 -7.589025e+01
      vertex   1.069632e+02 2.239741e+01 -7.591187e+01
      vertex   1.067069e+02 2.232625e+01 -7.562994e+01
    endloop
  endfacet
  facet normal 1.062657e-01 9.920210e-01 6.783747e-02
    outer loop
      vertex   1.076286e+02 2.254440e+01 -7.718658e+01
      vertex   1.074297e+02 2.254440e+01 -7.687504e+01
      vertex   1.075324e+02 2.253440e+01 -7.688976e+01
    endloop
  endfacet
  facet normal 1.075057e-01 9.912153e-01 7.703747e-02
    outer loop
      vertex   1.075324e+02 2.253440e+01 -7.688976e+01
      vertex   1.074297e+02 2.254440e+01 -7.687504e+01
      vertex   1.073187e+02 2.253440e+01 -7.659149e+01
    endloop
  endfacet
  facet normal 3.079245e-01 9.254694e-01 2.206556e-01
    outer loop
      vertex   1.075324e+02 2.253440e+01 -7.688976e+01
      vertex   1.073187e+02 2.253440e+01 -7.659149e+01
      vertex   1.073756e+02 2.250508e+01 -7.654785e+01
    endloop
  endfacet
  facet normal 2.928336e-01 9.254694e-01 2.403224e-01
    outer loop
      vertex   1.073756e+02 2.250508e+01 -7.654785e+01
      vertex   1.073187e+02 2.253440e+01 -7.659149e+01
      vertex   1.071398e+02 2.250508e+01 -7.626058e+01
    endloop
  endfacet
  facet normal 4.662656e-01 7.976040e-01 3.826543e-01
    outer loop
      vertex   1.073756e+02 2.250508e+01 -7.654785e+01
      vertex   1.071398e+02 2.250508e+01 -7.626058e+01
      vertex   1.071862e+02 2.245838e+01 -7.621984e+01
    endloop
  endfacet
  facet normal 4.402405e-01 7.976040e-01 4.123302e-01
    outer loop
      vertex   1.071862e+02 2.245838e+01 -7.621984e+01
      vertex   1.071398e+02 2.250508e+01 -7.626058e+01
      vertex   1.069294e+02 2.245838e+01 -7.594565e+01
    endloop
  endfacet
  facet normal 5.746036e-01 6.166023e-01 5.381750e-01
    outer loop
      vertex   1.071862e+02 2.245838e+01 -7.621984e+01
      vertex   1.069294e+02 2.245838e+01 -7.594565e+01
      vertex   1.069632e+02 2.239741e+01 -7.591187e+01
    endloop
  endfacet
  facet normal 5.381750e-01 6.166023e-01 5.746036e-01
    outer loop
      vertex   1.069632e+02 2.239741e+01 -7.591187e+01
      vertex   1.069294e+02 2.245838e+01 -7.594565e+01
      vertex   1.066867e+02 2.239741e+01 -7.565292e+01
    endloop
  endfacet
  facet normal 6.281310e-01 3.945654e-01 6.706486e-01
    outer loop
      vertex   1.069632e+02 2.239741e+01 -7.591187e+01
      vertex   1.066867e+02 2.239741e+01 -7.565292e+01
      vertex   1.067069e+02 2.232625e+01 -7.562994e+01
    endloop
  endfacet
  facet normal 5.829236e-01 3.945654e-01 7.102945e-01
    outer loop
      vertex   1.067069e+02 2.232625e+01 -7.562994e+01
      vertex   1.066867e+02 2.239741e+01 -7.565292e+01
      vertex   1.064125e+02 2.232625e+01 -7.538836e+01
    endloop
  endfacet
  facet normal 1.012975e-01 9.920525e-01 7.463654e-02
    outer loop
      vertex   1.074297e+02 2.254440e+01 -7.687504e+01
      vertex   1.072104e+02 2.254440e+01 -7.657747e+01
      vertex   1.073187e+02 2.253440e+01 -7.659149e+01
    endloop
  endfacet
  facet normal 1.024387e-01 9.911804e-01 8.406924e-02
    outer loop
      vertex   1.073187e+02 2.253440e+01 -7.659149e+01
      vertex   1.072104e+02 2.254440e+01 -7.657747e+01
      vertex   1.070859e+02 2.253440e+01 -7.630784e+01
    endloop
  endfacet
  facet normal 2.928336e-01 9.254694e-01 2.403224e-01
    outer loop
      vertex   1.073187e+02 2.253440e+01 -7.659149e+01
      vertex   1.070859e+02 2.253440e+01 -7.630784e+01
      vertex   1.071398e+02 2.250508e+01 -7.626058e+01
    endloop
  endfacet
  facet normal 2.764888e-01 9.254694e-01 2.589600e-01
    outer loop
      vertex   1.071398e+02 2.250508e+01 -7.626058e+01
      vertex   1.070859e+02 2.253440e+01 -7.630784e+01
      vertex   1.068857e+02 2.250508e+01 -7.598934e+01
    endloop
  endfacet
  facet normal 4.402405e-01 7.976040e-01 4.123302e-01
    outer loop
      vertex   1.071398e+02 2.250508e+01 -7.626058e+01
      vertex   1.068857e+02 2.250508e+01 -7.598934e+01
      vertex   1.069294e+02 2.245838e+01 -7.594565e+01
    endloop
  endfacet
  facet normal 4.123302e-01 7.976040e-01 4.402405e-01
    outer loop
      vertex   1.069294e+02 2.245838e+01 -7.594565e+01
      vertex   1.068857e+02 2.250508e+01 -7.598934e+01
      vertex   1.066552e+02 2.245838e+01 -7.568884e+01
    endloop
  endfacet
  facet normal 5.381750e-01 6.166023e-01 5.746036e-01
    outer loop
      vertex   1.069294e+02 2.245838e+01 -7.594565e+01
      vertex   1.066552e+02 2.245838e+01 -7.568884e+01
      vertex   1.066867e+02 2.239741e+01 -7.565292e+01
    endloop
  endfacet
  facet normal 4.994419e-01 6.166023e-01 6.085717e-01
    outer loop
      vertex   1.066867e+02 2.239741e+01 -7.565292e+01
      vertex   1.066552e+02 2.245838e+01 -7.568884e+01
      vertex   1.063939e+02 2.239741e+01 -7.541261e+01
    endloop
  endfacet
  facet normal 5.829236e-01 3.945654e-01 7.102945e-01
    outer loop
      vertex   1.066867e+02 2.239741e+01 -7.565292e+01
      vertex   1.063939e+02 2.239741e+01 -7.541261e+01
      vertex   1.064125e+02 2.232625e+01 -7.538836e+01
    endloop
  endfacet
  facet normal 5.352200e-01 3.945654e-01 7.468987e-01
    outer loop
      vertex   1.064125e+02 2.232625e+01 -7.538836e+01
      vertex   1.063939e+02 2.239741e+01 -7.541261e+01
      vertex   1.061030e+02 2.232625e+01 -7.516655e+01
    endloop
  endfacet
  facet normal 9.591037e-02 9.920817e-01 8.108718e-02
    outer loop
      vertex   1.072104e+02 2.254440e+01 -7.657747e+01
      vertex   1.069718e+02 2.254440e+01 -7.629522e+01
      vertex   1.070859e+02 2.253440e+01 -7.630784e+01
    endloop
  endfacet
  facet normal 9.689843e-02 9.911479e-01 9.075528e-02
    outer loop
      vertex   1.070859e+02 2.253440e+01 -7.630784e+01
      vertex   1.069718e+02 2.254440e+01 -7.629522e+01
      vertex   1.068351e+02 2.253440e+01 -7.604002e+01
    endloop
  endfacet
  facet normal 2.764888e-01 9.254694e-01 2.589600e-01
    outer loop
      vertex   1.070859e+02 2.253440e+01 -7.630784e+01
      vertex   1.068351e+02 2.253440e+01 -7.604002e+01
      vertex   1.068857e+02 2.250508e+01 -7.598934e+01
    endloop
  endfacet
  facet normal 2.589600e-01 9.254694e-01 2.764888e-01
    outer loop
      vertex   1.068857e+02 2.250508e+01 -7.598934e+01
      vertex   1.068351e+02 2.253440e+01 -7.604002e+01
      vertex   1.066145e+02 2.250508e+01 -7.573529e+01
    endloop
  endfacet
  facet normal 4.123302e-01 7.976040e-01 4.402405e-01
    outer loop
      vertex   1.068857e+02 2.250508e+01 -7.598934e+01
      vertex   1.066145e+02 2.250508e+01 -7.573529e+01
      vertex   1.066552e+02 2.245838e+01 -7.568884e+01
    endloop
  endfacet
  facet normal 3.826543e-01 7.976040e-01 4.662656e-01
    outer loop
      vertex   1.066552e+02 2.245838e+01 -7.568884e+01
      vertex   1.066145e+02 2.250508e+01 -7.573529e+01
      vertex   1.063648e+02 2.245838e+01 -7.545051e+01
    endloop
  endfacet
  facet normal 4.994419e-01 6.166023e-01 6.085717e-01
    outer loop
      vertex   1.066552e+02 2.245838e+01 -7.568884e+01
      vertex   1.063648e+02 2.245838e+01 -7.545051e+01
      vertex   1.063939e+02 2.239741e+01 -7.541261e+01
    endloop
  endfacet
  facet normal 4.585700e-01 6.166023e-01 6.399337e-01
    outer loop
      vertex   1.063939e+02 2.239741e+01 -7.541261e+01
      vertex   1.063648e+02 2.245838e+01 -7.545051e+01
      vertex   1.060860e+02 2.239741e+01 -7.519197e+01
    endloop
  endfacet
  facet normal 5.352200e-01 3.945654e-01 7.468987e-01
    outer loop
      vertex   1.063939e+02 2.239741e+01 -7.541261e+01
      vertex   1.060860e+02 2.239741e+01 -7.519197e+01
      vertex   1.061030e+02 2.232625e+01 -7.516655e+01
    endloop
  endfacet
  facet normal 4.852246e-01 3.945654e-01 7.803046e-01
    outer loop
      vertex   1.061030e+02 2.232625e+01 -7.516655e+01
      vertex   1.060860e+02 2.239741e+01 -7.519197e+01
      vertex   1.057796e+02 2.232625e+01 -7.496546e+01
    endloop
  endfacet
  facet normal 9.012749e-02 9.921085e-01 8.716456e-02
    outer loop
      vertex   1.069718e+02 2.254440e+01 -7.629522e+01
      vertex   1.067149e+02 2.254440e+01 -7.602953e+01
      vertex   1.068351e+02 2.253440e+01 -7.604002e+01
    endloop
  endfacet
  facet normal 9.090927e-02 9.911177e-01 9.706284e-02
    outer loop
      vertex   1.068351e+02 2.253440e+01 -7.604002e+01
      vertex   1.067149e+02 2.254440e+01 -7.602953e+01
      vertex   1.065672e+02 2.253440e+01 -7.578919e+01
    endloop
  endfacet
  facet normal 2.589600e-01 9.254694e-01 2.764888e-01
    outer loop
      vertex   1.068351e+02 2.253440e+01 -7.604002e+01
      vertex   1.065672e+02 2.253440e+01 -7.578919e+01
      vertex   1.066145e+02 2.250508e+01 -7.573529e+01
    endloop
  endfacet
  facet normal 2.403224e-01 9.254694e-01 2.928336e-01
    outer loop
      vertex   1.066145e+02 2.250508e+01 -7.573529e+01
      vertex   1.065672e+02 2.253440e+01 -7.578919e+01
      vertex   1.063272e+02 2.250508e+01 -7.549953e+01
    endloop
  endfacet
  facet normal 3.826543e-01 7.976040e-01 4.662656e-01
    outer loop
      vertex   1.066145e+02 2.250508e+01 -7.573529e+01
      vertex   1.063272e+02 2.250508e+01 -7.549953e+01
      vertex   1.063648e+02 2.245838e+01 -7.545051e+01
    endloop
  endfacet
  facet normal 3.513398e-01 7.976040e-01 4.902941e-01
    outer loop
      vertex   1.063648e+02 2.245838e+01 -7.545051e+01
      vertex   1.063272e+02 2.250508e+01 -7.549953e+01
      vertex   1.060595e+02 2.245838e+01 -7.523169e+01
    endloop
  endfacet
  facet normal 4.585700e-01 6.166023e-01 6.399337e-01
    outer loop
      vertex   1.063648e+02 2.245838e+01 -7.545051e+01
      vertex   1.060595e+02 2.245838e+01 -7.523169e+01
      vertex   1.060860e+02 2.239741e+01 -7.519197e+01
    endloop
  endfacet
  facet normal 4.157345e-01 6.166023e-01 6.685555e-01
    outer loop
      vertex   1.060860e+02 2.239741e+01 -7.519197e+01
      vertex   1.060595e+02 2.245838e+01 -7.523169e+01
      vertex   1.057643e+02 2.239741e+01 -7.499194e+01
    endloop
  endfacet
  facet normal 4.852246e-01 3.945654e-01 7.803046e-01
    outer loop
      vertex   1.060860e+02 2.239741e+01 -7.519197e+01
      vertex   1.057643e+02 2.239741e+01 -7.499194e+01
      vertex   1.057796e+02 2.232625e+01 -7.496546e+01
    endloop
  endfacet
  facet normal 4.331513e-01 3.945654e-01 8.103691e-01
    outer loop
      vertex   1.057796e+02 2.232625e+01 -7.496546e+01
      vertex   1.057643e+02 2.239741e+01 -7.499194e+01
      vertex   1.054438e+02 2.232625e+01 -7.478595e+01
    endloop
  endfacet
  facet normal 8.397362e-02 9.921331e-01 9.284531e-02
    outer loop
      vertex   1.067149e+02 2.254440e+01 -7.602953e+01
      vertex   1.064407e+02 2.254440e+01 -7.578160e+01
      vertex   1.065672e+02 2.253440e+01 -7.578919e+01
    endloop
  endfacet
  facet normal 8.449783e-02 9.910899e-01 1.029609e-01
    outer loop
      vertex   1.065672e+02 2.253440e+01 -7.578919e+01
      vertex   1.064407e+02 2.254440e+01 -7.578160e+01
      vertex   1.062836e+02 2.253440e+01 -7.555640e+01
    endloop
  endfacet
  facet normal 2.403224e-01 9.254694e-01 2.928336e-01
    outer loop
      vertex   1.065672e+02 2.253440e+01 -7.578919e+01
      vertex   1.062836e+02 2.253440e+01 -7.555640e+01
      vertex   1.063272e+02 2.250508e+01 -7.549953e+01
    endloop
  endfacet
  facet normal 2.206556e-01 9.254694e-01 3.079245e-01
    outer loop
      vertex   1.063272e+02 2.250508e+01 -7.549953e+01
      vertex   1.062836e+02 2.253440e+01 -7.555640e+01
      vertex   1.060252e+02 2.250508e+01 -7.528306e+01
    endloop
  endfacet
  facet normal 3.513398e-01 7.976040e-01 4.902941e-01
    outer loop
      vertex   1.063272e+02 2.250508e+01 -7.549953e+01
      vertex   1.060252e+02 2.250508e+01 -7.528306e+01
      vertex   1.060595e+02 2.245838e+01 -7.523169e+01
    endloop
  endfacet
  facet normal 3.185207e-01 7.976040e-01 5.122230e-01
    outer loop
      vertex   1.060595e+02 2.245838e+01 -7.523169e+01
      vertex   1.060252e+02 2.250508e+01 -7.528306e+01
      vertex   1.057405e+02 2.245838e+01 -7.503331e+01
    endloop
  endfacet
  facet normal 4.157345e-01 6.166023e-01 6.685555e-01
    outer loop
      vertex   1.060595e+02 2.245838e+01 -7.523169e+01
      vertex   1.057405e+02 2.245838e+01 -7.503331e+01
      vertex   1.057643e+02 2.239741e+01 -7.499194e+01
    endloop
  endfacet
  facet normal 3.711188e-01 6.166023e-01 6.943144e-01
    outer loop
      vertex   1.057643e+02 2.239741e+01 -7.499194e+01
      vertex   1.057405e+02 2.245838e+01 -7.503331e+01
      vertex   1.054303e+02 2.239741e+01 -7.481337e+01
    endloop
  endfacet
  facet normal 4.331513e-01 3.945654e-01 8.103691e-01
    outer loop
      vertex   1.057643e+02 2.239741e+01 -7.499194e+01
      vertex   1.054303e+02 2.239741e+01 -7.481337e+01
      vertex   1.054438e+02 2.232625e+01 -7.478595e+01
    endloop
  endfacet
  facet normal 3.792232e-01 3.945654e-01 8.369635e-01
    outer loop
      vertex   1.054438e+02 2.232625e+01 -7.478595e+01
      vertex   1.054303e+02 2.239741e+01 -7.481337e+01
      vertex   1.050969e+02 2.232625e+01 -7.462879e+01
    endloop
  endfacet
  facet normal 7.747483e-02 9.921555e-01 9.810764e-02
    outer loop
      vertex   1.064407e+02 2.254440e+01 -7.578160e+01
      vertex   1.061507e+02 2.254440e+01 -7.555253e+01
      vertex   1.062836e+02 2.253440e+01 -7.555640e+01
    endloop
  endfacet
  facet normal 7.769296e-02 9.910645e-01 1.084204e-01
    outer loop
      vertex   1.062836e+02 2.253440e+01 -7.555640e+01
      vertex   1.061507e+02 2.254440e+01 -7.555253e+01
      vertex   1.059853e+02 2.253440e+01 -7.534267e+01
    endloop
  endfacet
  facet normal 2.206556e-01 9.254694e-01 3.079245e-01
    outer loop
      vertex   1.062836e+02 2.253440e+01 -7.555640e+01
      vertex   1.059853e+02 2.253440e+01 -7.534267e+01
      vertex   1.060252e+02 2.250508e+01 -7.528306e+01
    endloop
  endfacet
  facet normal 2.000439e-01 9.254694e-01 3.216968e-01
    outer loop
      vertex   1.060252e+02 2.250508e+01 -7.528306e+01
      vertex   1.059853e+02 2.253440e+01 -7.534267e+01
      vertex   1.057096e+02 2.250508e+01 -7.508682e+01
    endloop
  endfacet
  facet normal 3.185207e-01 7.976040e-01 5.122230e-01
    outer loop
      vertex   1.060252e+02 2.250508e+01 -7.528306e+01
      vertex   1.057096e+02 2.250508e+01 -7.508682e+01
      vertex   1.057405e+02 2.245838e+01 -7.503331e+01
    endloop
  endfacet
  facet normal 2.843378e-01 7.976040e-01 5.319586e-01
    outer loop
      vertex   1.057405e+02 2.245838e+01 -7.503331e+01
      vertex   1.057096e+02 2.250508e+01 -7.508682e+01
      vertex   1.054091e+02 2.245838e+01 -7.485622e+01
    endloop
  endfacet
  facet normal 3.711188e-01 6.166023e-01 6.943144e-01
    outer loop
      vertex   1.057405e+02 2.245838e+01 -7.503331e+01
      vertex   1.054091e+02 2.245838e+01 -7.485622e+01
      vertex   1.054303e+02 2.239741e+01 -7.481337e+01
    endloop
  endfacet
  facet normal 3.249139e-01 6.166023e-01 7.171002e-01
    outer loop
      vertex   1.054303e+02 2.239741e+01 -7.481337e+01
      vertex   1.054091e+02 2.245838e+01 -7.485622e+01
      vertex   1.050852e+02 2.239741e+01 -7.465704e+01
    endloop
  endfacet
  facet normal 3.792232e-01 3.945654e-01 8.369635e-01
    outer loop
      vertex   1.054303e+02 2.239741e+01 -7.481337e+01
      vertex   1.050852e+02 2.239741e+01 -7.465704e+01
      vertex   1.050969e+02 2.232625e+01 -7.462879e+01
    endloop
  endfacet
  facet normal 3.236712e-01 3.945654e-01 8.599739e-01
    outer loop
      vertex   1.050969e+02 2.232625e+01 -7.462879e+01
      vertex   1.050852e+02 2.239741e+01 -7.465704e+01
      vertex   1.047405e+02 2.232625e+01 -7.449465e+01
    endloop
  endfacet
  facet normal 7.065840e-02 9.921756e-01 1.029314e-01
    outer loop
      vertex   1.061507e+02 2.254440e+01 -7.555253e+01
      vertex   1.058459e+02 2.254440e+01 -7.534335e+01
      vertex   1.059853e+02 2.253440e+01 -7.534267e+01
    endloop
  endfacet
  facet normal 7.052559e-02 9.910415e-01 1.134144e-01
    outer loop
      vertex   1.059853e+02 2.253440e+01 -7.534267e+01
      vertex   1.058459e+02 2.254440e+01 -7.534335e+01
      vertex   1.056737e+02 2.253440e+01 -7.514890e+01
    endloop
  endfacet
  facet normal 2.000439e-01 9.254694e-01 3.216968e-01
    outer loop
      vertex   1.059853e+02 2.253440e+01 -7.534267e+01
      vertex   1.056737e+02 2.253440e+01 -7.514890e+01
      vertex   1.057096e+02 2.250508e+01 -7.508682e+01
    endloop
  endfacet
  facet normal 1.785756e-01 9.254694e-01 3.340915e-01
    outer loop
      vertex   1.057096e+02 2.250508e+01 -7.508682e+01
      vertex   1.056737e+02 2.253440e+01 -7.514890e+01
      vertex   1.053818e+02 2.250508e+01 -7.491163e+01
    endloop
  endfacet
  facet normal 2.843378e-01 7.976040e-01 5.319586e-01
    outer loop
      vertex   1.057096e+02 2.250508e+01 -7.508682e+01
      vertex   1.053818e+02 2.250508e+01 -7.491163e+01
      vertex   1.054091e+02 2.245838e+01 -7.485622e+01
    endloop
  endfacet
  facet normal 2.489372e-01 7.976040e-01 5.494162e-01
    outer loop
      vertex   1.054091e+02 2.245838e+01 -7.485622e+01
      vertex   1.053818e+02 2.250508e+01 -7.491163e+01
      vertex   1.050670e+02 2.245838e+01 -7.470117e+01
    endloop
  endfacet
  facet normal 3.249139e-01 6.166023e-01 7.171002e-01
    outer loop
      vertex   1.054091e+02 2.245838e+01 -7.485622e+01
      vertex   1.050670e+02 2.245838e+01 -7.470117e+01
      vertex   1.050852e+02 2.239741e+01 -7.465704e+01
    endloop
  endfacet
  facet normal 2.773176e-01 6.166023e-01 7.368152e-01
    outer loop
      vertex   1.050852e+02 2.239741e+01 -7.465704e+01
      vertex   1.050670e+02 2.245838e+01 -7.470117e+01
      vertex   1.047307e+02 2.239741e+01 -7.452360e+01
    endloop
  endfacet
  facet normal 3.236712e-01 3.945654e-01 8.599739e-01
    outer loop
      vertex   1.050852e+02 2.239741e+01 -7.465704e+01
      vertex   1.047307e+02 2.239741e+01 -7.452360e+01
      vertex   1.047405e+02 2.232625e+01 -7.449465e+01
    endloop
  endfacet
  facet normal 2.667333e-01 3.945654e-01 8.793017e-01
    outer loop
      vertex   1.047405e+02 2.232625e+01 -7.449465e+01
      vertex   1.047307e+02 2.239741e+01 -7.452360e+01
      vertex   1.043761e+02 2.232625e+01 -7.438411e+01
    endloop
  endfacet
  facet normal 6.355277e-02 9.921936e-01 1.072981e-01
    outer loop
      vertex   1.058459e+02 2.254440e+01 -7.534335e+01
      vertex   1.055279e+02 2.254440e+01 -7.515499e+01
      vertex   1.056737e+02 2.253440e+01 -7.514890e+01
    endloop
  endfacet
  facet normal 6.302853e-02 9.910211e-01 1.179181e-01
    outer loop
      vertex   1.056737e+02 2.253440e+01 -7.514890e+01
      vertex   1.055279e+02 2.254440e+01 -7.515499e+01
      vertex   1.053501e+02 2.253440e+01 -7.497592e+01
    endloop
  endfacet
  facet normal 1.785756e-01 9.254694e-01 3.340915e-01
    outer loop
      vertex   1.056737e+02 2.253440e+01 -7.514890e+01
      vertex   1.053501e+02 2.253440e+01 -7.497592e+01
      vertex   1.053818e+02 2.250508e+01 -7.491163e+01
    endloop
  endfacet
  facet normal 1.563426e-01 9.254694e-01 3.450556e-01
    outer loop
      vertex   1.053818e+02 2.250508e+01 -7.491163e+01
      vertex   1.053501e+02 2.253440e+01 -7.497592e+01
      vertex   1.050433e+02 2.250508e+01 -7.475826e+01
    endloop
  endfacet
  facet normal 2.489372e-01 7.976040e-01 5.494162e-01
    outer loop
      vertex   1.053818e+02 2.250508e+01 -7.491163e+01
      vertex   1.050433e+02 2.250508e+01 -7.475826e+01
      vertex   1.050670e+02 2.245838e+01 -7.470117e+01
    endloop
  endfacet
  facet normal 2.124707e-01 7.976040e-01 5.645211e-01
    outer loop
      vertex   1.050670e+02 2.245838e+01 -7.470117e+01
      vertex   1.050433e+02 2.250508e+01 -7.475826e+01
      vertex   1.047154e+02 2.245838e+01 -7.456884e+01
    endloop
  endfacet
  facet normal 2.773176e-01 6.166023e-01 7.368152e-01
    outer loop
      vertex   1.050670e+02 2.245838e+01 -7.470117e+01
      vertex   1.047154e+02 2.245838e+01 -7.456884e+01
      vertex   1.047307e+02 2.239741e+01 -7.452360e+01
    endloop
  endfacet
  facet normal 2.285338e-01 6.166023e-01 7.533750e-01
    outer loop
      vertex   1.047307e+02 2.239741e+01 -7.452360e+01
      vertex   1.047154e+02 2.245838e+01 -7.456884e+01
      vertex   1.043682e+02 2.239741e+01 -7.441364e+01
    endloop
  endfacet
  facet normal 2.667333e-01 3.945654e-01 8.793017e-01
    outer loop
      vertex   1.047307e+02 2.239741e+01 -7.452360e+01
      vertex   1.043682e+02 2.239741e+01 -7.441364e+01
      vertex   1.043761e+02 2.232625e+01 -7.438411e+01
    endloop
  endfacet
  facet normal 2.086531e-01 3.945654e-01 8.948642e-01
    outer loop
      vertex   1.043761e+02 2.232625e+01 -7.438411e+01
      vertex   1.043682e+02 2.239741e+01 -7.441364e+01
      vertex   1.040053e+02 2.232625e+01 -7.429764e+01
    endloop
  endfacet
  facet normal 5.618742e-02 9.922094e-01 1.111911e-01
    outer loop
      vertex   1.055279e+02 2.254440e+01 -7.515499e+01
      vertex   1.051980e+02 2.254440e+01 -7.498829e+01
      vertex   1.053501e+02 2.253440e+01 -7.497592e+01
    endloop
  endfacet
  facet normal 5.523633e-02 9.910031e-01 1.219092e-01
    outer loop
      vertex   1.053501e+02 2.253440e+01 -7.497592e+01
      vertex   1.051980e+02 2.254440e+01 -7.498829e+01
      vertex   1.050159e+02 2.253440e+01 -7.482448e+01
    endloop
  endfacet
  facet normal 1.563426e-01 9.254694e-01 3.450556e-01
    outer loop
      vertex   1.053501e+02 2.253440e+01 -7.497592e+01
      vertex   1.050159e+02 2.253440e+01 -7.482448e+01
      vertex   1.050433e+02 2.250508e+01 -7.475826e+01
    endloop
  endfacet
  facet normal 1.334402e-01 9.254694e-01 3.545421e-01
    outer loop
      vertex   1.050433e+02 2.250508e+01 -7.475826e+01
      vertex   1.050159e+02 2.253440e+01 -7.482448e+01
      vertex   1.046955e+02 2.250508e+01 -7.462735e+01
    endloop
  endfacet
  facet normal 2.124707e-01 7.976040e-01 5.645211e-01
    outer loop
      vertex   1.050433e+02 2.250508e+01 -7.475826e+01
      vertex   1.046955e+02 2.250508e+01 -7.462735e+01
      vertex   1.047154e+02 2.245838e+01 -7.456884e+01
    endloop
  endfacet
  facet normal 1.750943e-01 7.976040e-01 5.772087e-01
    outer loop
      vertex   1.047154e+02 2.245838e+01 -7.456884e+01
      vertex   1.046955e+02 2.250508e+01 -7.462735e+01
      vertex   1.043559e+02 2.245838e+01 -7.445979e+01
    endloop
  endfacet
  facet normal 2.285338e-01 6.166023e-01 7.533750e-01
    outer loop
      vertex   1.047154e+02 2.245838e+01 -7.456884e+01
      vertex   1.043559e+02 2.245838e+01 -7.445979e+01
      vertex   1.043682e+02 2.239741e+01 -7.441364e+01
    endloop
  endfacet
  facet normal 1.787714e-01 6.166023e-01 7.667088e-01
    outer loop
      vertex   1.043682e+02 2.239741e+01 -7.441364e+01
      vertex   1.043559e+02 2.245838e+01 -7.445979e+01
      vertex   1.039993e+02 2.239741e+01 -7.432763e+01
    endloop
  endfacet
  facet normal 2.086531e-01 3.945654e-01 8.948642e-01
    outer loop
      vertex   1.043682e+02 2.239741e+01 -7.441364e+01
      vertex   1.039993e+02 2.239741e+01 -7.432763e+01
      vertex   1.040053e+02 2.232625e+01 -7.429764e+01
    endloop
  endfacet
  facet normal 1.496794e-01 3.945654e-01 9.065948e-01
    outer loop
      vertex   1.040053e+02 2.232625e+01 -7.429764e+01
      vertex   1.039993e+02 2.239741e+01 -7.432763e+01
      vertex   1.036296e+02 2.232625e+01 -7.423561e+01
    endloop
  endfacet
  facet normal 4.859273e-02 9.922231e-01 1.145956e-01
    outer loop
      vertex   1.051980e+02 2.254440e+01 -7.498829e+01
      vertex   1.048578e+02 2.254440e+01 -7.484400e+01
      vertex   1.050159e+02 2.253440e+01 -7.482448e+01
    endloop
  endfacet
  facet normal 4.718510e-02 9.909876e-01 1.253678e-01
    outer loop
      vertex   1.050159e+02 2.253440e+01 -7.482448e+01
      vertex   1.048578e+02 2.254440e+01 -7.484400e+01
      vertex   1.046725e+02 2.253440e+01 -7.469523e+01
    endloop
  endfacet
  facet normal 1.334402e-01 9.254694e-01 3.545421e-01
    outer loop
      vertex   1.050159e+02 2.253440e+01 -7.482448e+01
      vertex   1.046725e+02 2.253440e+01 -7.469523e+01
      vertex   1.046955e+02 2.250508e+01 -7.462735e+01
    endloop
  endfacet
  facet normal 1.099663e-01 9.254694e-01 3.625104e-01
    outer loop
      vertex   1.046955e+02 2.250508e+01 -7.462735e+01
      vertex   1.046725e+02 2.253440e+01 -7.469523e+01
      vertex   1.043399e+02 2.250508e+01 -7.451947e+01
    endloop
  endfacet
  facet normal 1.750943e-01 7.976040e-01 5.772087e-01
    outer loop
      vertex   1.046955e+02 2.250508e+01 -7.462735e+01
      vertex   1.043399e+02 2.250508e+01 -7.451947e+01
      vertex   1.043559e+02 2.245838e+01 -7.445979e+01
    endloop
  endfacet
  facet normal 1.369682e-01 7.976040e-01 5.874245e-01
    outer loop
      vertex   1.043559e+02 2.245838e+01 -7.445979e+01
      vertex   1.043399e+02 2.250508e+01 -7.451947e+01
      vertex   1.039900e+02 2.245838e+01 -7.437448e+01
    endloop
  endfacet
  facet normal 1.787714e-01 6.166023e-01 7.667088e-01
    outer loop
      vertex   1.043559e+02 2.245838e+01 -7.445979e+01
      vertex   1.039900e+02 2.245838e+01 -7.437448e+01
      vertex   1.039993e+02 2.239741e+01 -7.432763e+01
    endloop
  endfacet
  facet normal 1.282435e-01 6.166023e-01 7.767594e-01
    outer loop
      vertex   1.039993e+02 2.239741e+01 -7.432763e+01
      vertex   1.039900e+02 2.245838e+01 -7.437448e+01
      vertex   1.036256e+02 2.239741e+01 -7.426592e+01
    endloop
  endfacet
  facet normal 1.496794e-01 3.945654e-01 9.065948e-01
    outer loop
      vertex   1.039993e+02 2.239741e+01 -7.432763e+01
      vertex   1.036256e+02 2.239741e+01 -7.426592e+01
      vertex   1.036296e+02 2.232625e+01 -7.423561e+01
    endloop
  endfacet
  facet normal 9.006480e-02 3.945654e-01 9.144433e-01
    outer loop
      vertex   1.036296e+02 2.232625e+01 -7.423561e+01
      vertex   1.036256e+02 2.239741e+01 -7.426592e+01
      vertex   1.032506e+02 2.232625e+01 -7.419829e+01
    endloop
  endfacet
  facet normal 4.079993e-02 9.922346e-01 1.174985e-01
    outer loop
      vertex   1.048578e+02 2.254440e+01 -7.484400e+01
      vertex   1.045086e+02 2.254440e+01 -7.472276e+01
      vertex   1.046725e+02 2.253440e+01 -7.469523e+01
    endloop
  endfacet
  facet normal 3.891233e-02 9.909747e-01 1.282768e-01
    outer loop
      vertex   1.046725e+02 2.253440e+01 -7.469523e+01
      vertex   1.045086e+02 2.254440e+01 -7.472276e+01
      vertex   1.043213e+02 2.253440e+01 -7.458871e+01
    endloop
  endfacet
  facet normal 1.099663e-01 9.254694e-01 3.625104e-01
    outer loop
      vertex   1.046725e+02 2.253440e+01 -7.469523e+01
      vertex   1.043213e+02 2.253440e+01 -7.458871e+01
      vertex   1.043399e+02 2.250508e+01 -7.451947e+01
    endloop
  endfacet
  facet normal 8.602157e-02 9.254694e-01 3.689264e-01
    outer loop
      vertex   1.043399e+02 2.250508e+01 -7.451947e+01
      vertex   1.043213e+02 2.253440e+01 -7.458871e+01
      vertex   1.039779e+02 2.250508e+01 -7.443508e+01
    endloop
  endfacet
  facet normal 1.369682e-01 7.976040e-01 5.874245e-01
    outer loop
      vertex   1.043399e+02 2.250508e+01 -7.451947e+01
      vertex   1.039779e+02 2.250508e+01 -7.443508e+01
      vertex   1.039900e+02 2.245838e+01 -7.437448e+01
    endloop
  endfacet
  facet normal 9.825553e-02 7.976040e-01 5.951250e-01
    outer loop
      vertex   1.039900e+02 2.245838e+01 -7.437448e+01
      vertex   1.039779e+02 2.250508e+01 -7.443508e+01
      vertex   1.036193e+02 2.245838e+01 -7.431329e+01
    endloop
  endfacet
  facet normal 1.282435e-01 6.166023e-01 7.767594e-01
    outer loop
      vertex   1.039900e+02 2.245838e+01 -7.437448e+01
      vertex   1.036193e+02 2.245838e+01 -7.431329e+01
      vertex   1.036256e+02 2.239741e+01 -7.426592e+01
    endloop
  endfacet
  facet normal 7.716643e-02 6.166023e-01 7.834839e-01
    outer loop
      vertex   1.036256e+02 2.239741e+01 -7.426592e+01
      vertex   1.036193e+02 2.245838e+01 -7.431329e+01
      vertex   1.032486e+02 2.239741e+01 -7.422879e+01
    endloop
  endfacet
  facet normal 9.006480e-02 3.945654e-01 9.144433e-01
    outer loop
      vertex   1.036256e+02 2.239741e+01 -7.426592e+01
      vertex   1.032486e+02 2.239741e+01 -7.422879e+01
      vertex   1.032506e+02 2.232625e+01 -7.419829e+01
    endloop
  endfacet
  facet normal 3.006451e-02 3.945654e-01 9.183759e-01
    outer loop
      vertex   1.032506e+02 2.232625e+01 -7.419829e+01
      vertex   1.032486e+02 2.239741e+01 -7.422879e+01
      vertex   1.028700e+02 2.232625e+01 -7.418583e+01
    endloop
  endfacet
  facet normal 3.284095e-02 9.922440e-01 1.198888e-01
    outer loop
      vertex   1.045086e+02 2.254440e+01 -7.472276e+01
      vertex   1.041521e+02 2.254440e+01 -7.462511e+01
      vertex   1.043213e+02 2.253440e+01 -7.458871e+01
    endloop
  endfacet
  facet normal 3.045668e-02 9.909644e-01 1.306216e-01
    outer loop
      vertex   1.043213e+02 2.253440e+01 -7.458871e+01
      vertex   1.041521e+02 2.254440e+01 -7.462511e+01
      vertex   1.039640e+02 2.253440e+01 -7.450539e+01
    endloop
  endfacet
  facet normal 8.602157e-02 9.254694e-01 3.689264e-01
    outer loop
      vertex   1.043213e+02 2.253440e+01 -7.458871e+01
      vertex   1.039640e+02 2.253440e+01 -7.450539e+01
      vertex   1.039779e+02 2.250508e+01 -7.443508e+01
    endloop
  endfacet
  facet normal 6.170845e-02 9.254694e-01 3.737626e-01
    outer loop
      vertex   1.039779e+02 2.250508e+01 -7.443508e+01
      vertex   1.039640e+02 2.253440e+01 -7.450539e+01
      vertex   1.036113e+02 2.250508e+01 -7.437454e+01
    endloop
  endfacet
  facet normal 9.825553e-02 7.976040e-01 5.951250e-01
    outer loop
      vertex   1.039779e+02 2.250508e+01 -7.443508e+01
      vertex   1.036113e+02 2.250508e+01 -7.437454e+01
      vertex   1.036193e+02 2.245838e+01 -7.431329e+01
    endloop
  endfacet
  facet normal 5.912212e-02 7.976040e-01 6.002770e-01
    outer loop
      vertex   1.036193e+02 2.245838e+01 -7.431329e+01
      vertex   1.036113e+02 2.250508e+01 -7.437454e+01
      vertex   1.032455e+02 2.245838e+01 -7.427646e+01
    endloop
  endfacet
  facet normal 7.716643e-02 6.166023e-01 7.834839e-01
    outer loop
      vertex   1.036193e+02 2.245838e+01 -7.431329e+01
      vertex   1.032455e+02 2.245838e+01 -7.427646e+01
      vertex   1.032486e+02 2.239741e+01 -7.422879e+01
    endloop
  endfacet
  facet normal 2.575891e-02 6.166023e-01 7.868533e-01
    outer loop
      vertex   1.032486e+02 2.239741e+01 -7.422879e+01
      vertex   1.032455e+02 2.245838e+01 -7.427646e+01
      vertex   1.028700e+02 2.239741e+01 -7.421640e+01
    endloop
  endfacet
  facet normal 3.006451e-02 3.945654e-01 9.183759e-01
    outer loop
      vertex   1.032486e+02 2.239741e+01 -7.422879e+01
      vertex   1.028700e+02 2.239741e+01 -7.421640e+01
      vertex   1.028700e+02 2.232625e+01 -7.418583e+01
    endloop
  endfacet
  facet normal -3.006451e-02 3.945654e-01 9.183759e-01
    outer loop
      vertex   1.028700e+02 2.232625e+01 -7.418583e+01
      vertex   1.028700e+02 2.239741e+01 -7.421640e+01
      vertex   1.024894e+02 2.232625e+01 -7.419829e+01
    endloop
  endfacet
  facet normal 2.474830e-02 9.922513e-01 1.217575e-01
    outer loop
      vertex   1.041521e+02 2.254440e+01 -7.462511e+01
      vertex   1.037899e+02 2.254440e+01 -7.455149e+01
      vertex   1.039640e+02 2.253440e+01 -7.450539e+01
    endloop
  endfacet
  facet normal 2.185776e-02 9.909566e-01 1.323905e-01
    outer loop
      vertex   1.039640e+02 2.253440e+01 -7.450539e+01
      vertex   1.037899e+02 2.254440e+01 -7.455149e+01
      vertex   1.036019e+02 2.253440e+01 -7.444561e+01
    endloop
  endfacet
  facet normal 6.170845e-02 9.254694e-01 3.737626e-01
    outer loop
      vertex   1.039640e+02 2.253440e+01 -7.450539e+01
      vertex   1.036019e+02 2.253440e+01 -7.444561e+01
      vertex   1.036113e+02 2.250508e+01 -7.437454e+01
    endloop
  endfacet
  facet normal 3.713108e-02 9.254694e-01 3.769982e-01
    outer loop
      vertex   1.036113e+02 2.250508e+01 -7.437454e+01
      vertex   1.036019e+02 2.253440e+01 -7.444561e+01
      vertex   1.032414e+02 2.250508e+01 -7.433812e+01
    endloop
  endfacet
  facet normal 5.912212e-02 7.976040e-01 6.002770e-01
    outer loop
      vertex   1.036113e+02 2.250508e+01 -7.437454e+01
      vertex   1.032414e+02 2.250508e+01 -7.433812e+01
      vertex   1.032455e+02 2.245838e+01 -7.427646e+01
    endloop
  endfacet
  facet normal 1.973554e-02 7.976040e-01 6.028585e-01
    outer loop
      vertex   1.032455e+02 2.245838e+01 -7.427646e+01
      vertex   1.032414e+02 2.250508e+01 -7.433812e+01
      vertex   1.028700e+02 2.245838e+01 -7.426417e+01
    endloop
  endfacet
  facet normal 2.575891e-02 6.166023e-01 7.868533e-01
    outer loop
      vertex   1.032455e+02 2.245838e+01 -7.427646e+01
      vertex   1.028700e+02 2.245838e+01 -7.426417e+01
      vertex   1.028700e+02 2.239741e+01 -7.421640e+01
    endloop
  endfacet
  facet normal -2.575891e-02 6.166023e-01 7.868533e-01
    outer loop
      vertex   1.028700e+02 2.239741e+01 -7.421640e+01
      vertex   1.028700e+02 2.245838e+01 -7.426417e+01
      vertex   1.024914e+02 2.239741e+01 -7.422879e+01
    endloop
  endfacet
  facet normal -3.006451e-02 3.945654e-01 9.183759e-01
    outer loop
      vertex   1.028700e+02 2.239741e+01 -7.421640e+01
      vertex   1.024914e+02 2.239741e+01 -7.422879e+01
      vertex   1.024894e+02 2.232625e+01 -7.419829e+01
    endloop
  endfacet
  facet normal -9.006480e-02 3.945654e-01 9.144433e-01
    outer loop
      vertex   1.024894e+02 2.232625e+01 -7.419829e+01
      vertex   1.024914e+02 2.239741e+01 -7.422879e+01
      vertex   1.021104e+02 2.232625e+01 -7.423561e+01
    endloop
  endfacet
  facet normal 1.655498e-02 9.922565e-01 1.230973e-01
    outer loop
      vertex   1.037899e+02 2.254440e+01 -7.455149e+01
      vertex   1.034236e+02 2.254440e+01 -7.450222e+01
      vertex   1.036019e+02 2.253440e+01 -7.444561e+01
    endloop
  endfacet
  facet normal 1.315596e-02 9.909514e-01 1.335747e-01
    outer loop
      vertex   1.036019e+02 2.253440e+01 -7.444561e+01
      vertex   1.034236e+02 2.254440e+01 -7.450222e+01
      vertex   1.032367e+02 2.253440e+01 -7.440965e+01
    endloop
  endfacet
  facet normal 3.713108e-02 9.254694e-01 3.769982e-01
    outer loop
      vertex   1.036019e+02 2.253440e+01 -7.444561e+01
      vertex   1.032367e+02 2.253440e+01 -7.440965e+01
      vertex   1.032414e+02 2.250508e+01 -7.433812e+01
    endloop
  endfacet
  facet normal 1.239472e-02 9.254694e-01 3.786195e-01
    outer loop
      vertex   1.032414e+02 2.250508e+01 -7.433812e+01
      vertex   1.032367e+02 2.253440e+01 -7.440965e+01
      vertex   1.028700e+02 2.250508e+01 -7.432596e+01
    endloop
  endfacet
  facet normal 1.973554e-02 7.976040e-01 6.028585e-01
    outer loop
      vertex   1.032414e+02 2.250508e+01 -7.433812e+01
      vertex   1.028700e+02 2.250508e+01 -7.432596e+01
      vertex   1.028700e+02 2.245838e+01 -7.426417e+01
    endloop
  endfacet
  facet normal -1.973554e-02 7.976040e-01 6.028585e-01
    outer loop
      vertex   1.028700e+02 2.245838e+01 -7.426417e+01
      vertex   1.028700e+02 2.250508e+01 -7.432596e+01
      vertex   1.024945e+02 2.245838e+01 -7.427646e+01
    endloop
  endfacet
  facet normal -2.575891e-02 6.166023e-01 7.868533e-01
    outer loop
      vertex   1.028700e+02 2.245838e+01 -7.426417e+01
      vertex   1.024945e+02 2.245838e+01 -7.427646e+01
      vertex   1.024914e+02 2.239741e+01 -7.422879e+01
    endloop
  endfacet
  facet normal -7.716643e-02 6.166023e-01 7.834839e-01
    outer loop
      vertex   1.024914e+02 2.239741e+01 -7.422879e+01
      vertex   1.024945e+02 2.245838e+01 -7.427646e+01
      vertex   1.021144e+02 2.239741e+01 -7.426592e+01
    endloop
  endfacet
  facet normal -9.006480e-02 3.945654e-01 9.144433e-01
    outer loop
      vertex   1.024914e+02 2.239741e+01 -7.422879e+01
      vertex   1.021144e+02 2.239741e+01 -7.426592e+01
      vertex   1.021104e+02 2.232625e+01 -7.423561e+01
    endloop
  endfacet
  facet normal -1.496794e-01 3.945654e-01 9.065948e-01
    outer loop
      vertex   1.021104e+02 2.232625e+01 -7.423561e+01
      vertex   1.021144e+02 2.239741e+01 -7.426592e+01
      vertex   1.017347e+02 2.232625e+01 -7.429764e+01
    endloop
  endfacet
  facet normal 8.294348e-03 9.922596e-01 1.239033e-01
    outer loop
      vertex   1.034236e+02 2.254440e+01 -7.450222e+01
      vertex   1.030548e+02 2.254440e+01 -7.447753e+01
      vertex   1.032367e+02 2.253440e+01 -7.440965e+01
    endloop
  endfacet
  facet normal 4.392215e-03 9.909488e-01 1.341683e-01
    outer loop
      vertex   1.032367e+02 2.253440e+01 -7.440965e+01
      vertex   1.030548e+02 2.254440e+01 -7.447753e+01
      vertex   1.028700e+02 2.253440e+01 -7.439764e+01
    endloop
  endfacet
  facet normal 1.239472e-02 9.254694e-01 3.786195e-01
    outer loop
      vertex   1.032367e+02 2.253440e+01 -7.440965e+01
      vertex   1.028700e+02 2.253440e+01 -7.439764e+01
      vertex   1.028700e+02 2.250508e+01 -7.432596e+01
    endloop
  endfacet
  facet normal -1.239472e-02 9.254694e-01 3.786195e-01
    outer loop
      vertex   1.028700e+02 2.250508e+01 -7.432596e+01
      vertex   1.028700e+02 2.253440e+01 -7.439764e+01
      vertex   1.024986e+02 2.250508e+01 -7.433812e+01
    endloop
  endfacet
  facet normal -1.973554e-02 7.976040e-01 6.028585e-01
    outer loop
      vertex   1.028700e+02 2.250508e+01 -7.432596e+01
      vertex   1.024986e+02 2.250508e+01 -7.433812e+01
      vertex   1.024945e+02 2.245838e+01 -7.427646e+01
    endloop
  endfacet
  facet normal -5.912212e-02 7.976040e-01 6.002770e-01
    outer loop
      vertex   1.024945e+02 2.245838e+01 -7.427646e+01
      vertex   1.024986e+02 2.250508e+01 -7.433812e+01
      vertex   1.021207e+02 2.245838e+01 -7.431329e+01
    endloop
  endfacet
  facet normal -7.716643e-02 6.166023e-01 7.834839e-01
    outer loop
      vertex   1.024945e+02 2.245838e+01 -7.427646e+01
      vertex   1.021207e+02 2.245838e+01 -7.431329e+01
      vertex   1.021144e+02 2.239741e+01 -7.426592e+01
    endloop
  endfacet
  facet normal -1.282435e-01 6.166023e-01 7.767594e-01
    outer loop
      vertex   1.021144e+02 2.239741e+01 -7.426592e+01
      vertex   1.021207e+02 2.245838e+01 -7.431329e+01
      vertex   1.017407e+02 2.239741e+01 -7.432763e+01
    endloop
  endfacet
  facet normal -1.496794e-01 3.945654e-01 9.065948e-01
    outer loop
      vertex   1.021144e+02 2.239741e+01 -7.426592e+01
      vertex   1.017407e+02 2.239741e+01 -7.432763e+01
      vertex   1.017347e+02 2.232625e+01 -7.429764e+01
    endloop
  endfacet
  facet normal -2.086531e-01 3.945654e-01 8.948642e-01
    outer loop
      vertex   1.017347e+02 2.232625e+01 -7.429764e+01
      vertex   1.017407e+02 2.239741e+01 -7.432763e+01
      vertex   1.013639e+02 2.232625e+01 -7.438411e+01
    endloop
  endfacet
  facet normal 0.000000e+00 9.922607e-01 1.241723e-01
    outer loop
      vertex   1.030548e+02 2.254440e+01 -7.447753e+01
      vertex   1.026852e+02 2.254440e+01 -7.447753e+01
      vertex   1.028700e+02 2.253440e+01 -7.439764e+01
    endloop
  endfacet
  facet normal -4.392215e-03 9.909488e-01 1.341683e-01
    outer loop
      vertex   1.028700e+02 2.253440e+01 -7.439764e+01
      vertex   1.026852e+02 2.254440e+01 -7.447753e+01
      vertex   1.025033e+02 2.253440e+01 -7.440965e+01
    endloop
  endfacet
  facet normal -1.239472e-02 9.254694e-01 3.786195e-01
    outer loop
      vertex   1.028700e+02 2.253440e+01 -7.439764e+01
      vertex   1.025033e+02 2.253440e+01 -7.440965e+01
      vertex   1.024986e+02 2.250508e+01 -7.433812e+01
    endloop
  endfacet
  facet normal -3.713108e-02 9.254694e-01 3.769982e-01
    outer loop
      vertex   1.024986e+02 2.250508e+01 -7.433812e+01
      vertex   1.025033e+02 2.253440e+01 -7.440965e+01
      vertex   1.021287e+02 2.250508e+01 -7.437454e+01
    endloop
  endfacet
  facet normal -5.912212e-02 7.976040e-01 6.002770e-01
    outer loop
      vertex   1.024986e+02 2.250508e+01 -7.433812e+01
      vertex   1.021287e+02 2.250508e+01 -7.437454e+01
      vertex   1.021207e+02 2.245838e+01 -7.431329e+01
    endloop
  endfacet
  facet normal -9.825553e-02 7.976040e-01 5.951250e-01
    outer loop
      vertex   1.021207e+02 2.245838e+01 -7.431329e+01
      vertex   1.021287e+02 2.250508e+01 -7.437454e+01
      vertex   1.017500e+02 2.245838e+01 -7.437448e+01
    endloop
  endfacet
  facet normal -1.282435e-01 6.166023e-01 7.767594e-01
    outer loop
      vertex   1.021207e+02 2.245838e+01 -7.431329e+01
      vertex   1.017500e+02 2.245838e+01 -7.437448e+01
      vertex   1.017407e+02 2.239741e+01 -7.432763e+01
    endloop
  endfacet
  facet normal -1.787714e-01 6.166023e-01 7.667088e-01
    outer loop
      vertex   1.017407e+02 2.239741e+01 -7.432763e+01
      vertex   1.017500e+02 2.245838e+01 -7.437448e+01
      vertex   1.013718e+02 2.239741e+01 -7.441364e+01
    endloop
  endfacet
  facet normal -2.086531e-01 3.945654e-01 8.948642e-01
    outer loop
      vertex   1.017407e+02 2.239741e+01 -7.432763e+01
      vertex   1.013718e+02 2.239741e+01 -7.441364e+01
      vertex   1.013639e+02 2.232625e+01 -7.438411e+01
    endloop
  endfacet
  facet normal -2.667333e-01 3.945654e-01 8.793017e-01
    outer loop
      vertex   1.013639e+02 2.232625e+01 -7.438411e+01
      vertex   1.013718e+02 2.239741e+01 -7.441364e+01
      vertex   1.009995e+02 2.232625e+01 -7.449465e+01
    endloop
  endfacet
  facet normal -8.294348e-03 9.922596e-01 1.239033e-01
    outer loop
      vertex   1.026852e+02 2.254440e+01 -7.447753e+01
      vertex   1.023164e+02 2.254440e+01 -7.450222e+01
      vertex   1.025033e+02 2.253440e+01 -7.440965e+01
    endloop
  endfacet
  facet normal -1.315596e-02 9.909514e-01 1.335747e-01
    outer loop
      vertex   1.025033e+02 2.253440e+01 -7.440965e+01
      vertex   1.023164e+02 2.254440e+01 -7.450222e+01
      vertex   1.021381e+02 2.253440e+01 -7.444561e+01
    endloop
  endfacet
  facet normal -3.713108e-02 9.254694e-01 3.769982e-01
    outer loop
      vertex   1.025033e+02 2.253440e+01 -7.440965e+01
      vertex   1.021381e+02 2.253440e+01 -7.444561e+01
      vertex   1.021287e+02 2.250508e+01 -7.437454e+01
    endloop
  endfacet
  facet normal -6.170845e-02 9.254694e-01 3.737626e-01
    outer loop
      vertex   1.021287e+02 2.250508e+01 -7.437454e+01
      vertex   1.021381e+02 2.253440e+01 -7.444561e+01
      vertex   1.017621e+02 2.250508e+01 -7.443508e+01
    endloop
  endfacet
  facet normal -9.825553e-02 7.976040e-01 5.951250e-01
    outer loop
      vertex   1.021287e+02 2.250508e+01 -7.437454e+01
      vertex   1.017621e+02 2.250508e+01 -7.443508e+01
      vertex   1.017500e+02 2.245838e+01 -7.437448e+01
    endloop
  endfacet
  facet normal -1.369682e-01 7.976040e-01 5.874245e-01
    outer loop
      vertex   1.017500e+02 2.245838e+01 -7.437448e+01
      vertex   1.017621e+02 2.250508e+01 -7.443508e+01
      vertex   1.013841e+02 2.245838e+01 -7.445979e+01
    endloop
  endfacet
  facet normal -1.787714e-01 6.166023e-01 7.667088e-01
    outer loop
      vertex   1.017500e+02 2.245838e+01 -7.437448e+01
      vertex   1.013841e+02 2.245838e+01 -7.445979e+01
      vertex   1.013718e+02 2.239741e+01 -7.441364e+01
    endloop
  endfacet
  facet normal -2.285338e-01 6.166023e-01 7.533750e-01
    outer loop
      vertex   1.013718e+02 2.239741e+01 -7.441364e+01
      vertex   1.013841e+02 2.245838e+01 -7.445979e+01
      vertex   1.010093e+02 2.239741e+01 -7.452360e+01
    endloop
  endfacet
  facet normal -2.667333e-01 3.945654e-01 8.793017e-01
    outer loop
      vertex   1.013718e+02 2.239741e+01 -7.441364e+01
      vertex   1.010093e+02 2.239741e+01 -7.452360e+01
      vertex   1.009995e+02 2.232625e+01 -7.449465e+01
    endloop
  endfacet
  facet normal -3.236712e-01 3.945654e-01 8.599739e-01
    outer loop
      vertex   1.009995e+02 2.232625e+01 -7.449465e+01
      vertex   1.010093e+02 2.239741e+01 -7.452360e+01
      vertex   1.006431e+02 2.232625e+01 -7.462879e+01
    endloop
  endfacet
  facet normal -1.655498e-02 9.922565e-01 1.230973e-01
    outer loop
      vertex   1.023164e+02 2.254440e+01 -7.450222e+01
      vertex   1.019501e+02 2.254440e+01 -7.455149e+01
      vertex   1.021381e+02 2.253440e+01 -7.444561e+01
    endloop
  endfacet
  facet normal -2.185776e-02 9.909566e-01 1.323905e-01
    outer loop
      vertex   1.021381e+02 2.253440e+01 -7.444561e+01
      vertex   1.019501e+02 2.254440e+01 -7.455149e+01
      vertex   1.017760e+02 2.253440e+01 -7.450539e+01
    endloop
  endfacet
  facet normal -6.170845e-02 9.254694e-01 3.737626e-01
    outer loop
      vertex   1.021381e+02 2.253440e+01 -7.444561e+01
      vertex   1.017760e+02 2.253440e+01 -7.450539e+01
      vertex   1.017621e+02 2.250508e+01 -7.443508e+01
    endloop
  endfacet
  facet normal -8.602157e-02 9.254694e-01 3.689264e-01
    outer loop
      vertex   1.017621e+02 2.250508e+01 -7.443508e+01
      vertex   1.017760e+02 2.253440e+01 -7.450539e+01
      vertex   1.014001e+02 2.250508e+01 -7.451947e+01
    endloop
  endfacet
  facet normal -1.369682e-01 7.976040e-01 5.874245e-01
    outer loop
      vertex   1.017621e+02 2.250508e+01 -7.443508e+01
      vertex   1.014001e+02 2.250508e+01 -7.451947e+01
      vertex   1.013841e+02 2.245838e+01 -7.445979e+01
    endloop
  endfacet
  facet normal -1.750943e-01 7.976040e-01 5.772087e-01
    outer loop
      vertex   1.013841e+02 2.245838e+01 -7.445979e+01
      vertex   1.014001e+02 2.250508e+01 -7.451947e+01
      vertex   1.010246e+02 2.245838e+01 -7.456884e+01
    endloop
  endfacet
  facet normal -2.285338e-01 6.166023e-01 7.533750e-01
    outer loop
      vertex   1.013841e+02 2.245838e+01 -7.445979e+01
      vertex   1.010246e+02 2.245838e+01 -7.456884e+01
      vertex   1.010093e+02 2.239741e+01 -7.452360e+01
    endloop
  endfacet
  facet normal -2.773176e-01 6.166023e-01 7.368152e-01
    outer loop
      vertex   1.010093e+02 2.239741e+01 -7.452360e+01
      vertex   1.010246e+02 2.245838e+01 -7.456884e+01
      vertex   1.006548e+02 2.239741e+01 -7.465704e+01
    endloop
  endfacet
  facet normal -3.236712e-01 3.945654e-01 8.599739e-01
    outer loop
      vertex   1.010093e+02 2.239741e+01 -7.452360e+01
      vertex   1.006548e+02 2.239741e+01 -7.465704e+01
      vertex   1.006431e+02 2.232625e+01 -7.462879e+01
    endloop
  endfacet
  facet normal -3.792232e-01 3.945654e-01 8.369635e-01
    outer loop
      vertex   1.006431e+02 2.232625e+01 -7.462879e+01
      vertex   1.006548e+02 2.239741e+01 -7.465704e+01
      vertex   1.002962e+02 2.232625e+01 -7.478595e+01
    endloop
  endfacet
  facet normal -2.474830e-02 9.922513e-01 1.217575e-01
    outer loop
      vertex   1.019501e+02 2.254440e+01 -7.455149e+01
      vertex   1.015879e+02 2.254440e+01 -7.462511e+01
      vertex   1.017760e+02 2.253440e+01 -7.450539e+01
    endloop
  endfacet
  facet normal -3.045668e-02 9.909644e-01 1.306216e-01
    outer loop
      vertex   1.017760e+02 2.253440e+01 -7.450539e+01
      vertex   1.015879e+02 2.254440e+01 -7.462511e+01
      vertex   1.014187e+02 2.253440e+01 -7.458871e+01
    endloop
  endfacet
  facet normal -8.602157e-02 9.254694e-01 3.689264e-01
    outer loop
      vertex   1.017760e+02 2.253440e+01 -7.450539e+01
      vertex   1.014187e+02 2.253440e+01 -7.458871e+01
      vertex   1.014001e+02 2.250508e+01 -7.451947e+01
    endloop
  endfacet
  facet normal -1.099663e-01 9.254694e-01 3.625104e-01
    outer loop
      vertex   1.014001e+02 2.250508e+01 -7.451947e+01
      vertex   1.014187e+02 2.253440e+01 -7.458871e+01
      vertex   1.010445e+02 2.250508e+01 -7.462735e+01
    endloop
  endfacet
  facet normal -1.750943e-01 7.976040e-01 5.772087e-01
    outer loop
      vertex   1.014001e+02 2.250508e+01 -7.451947e+01
      vertex   1.010445e+02 2.250508e+01 -7.462735e+01
      vertex   1.010246e+02 2.245838e+01 -7.456884e+01
    endloop
  endfacet
  facet normal -2.124707e-01 7.976040e-01 5.645211e-01
    outer loop
      vertex   1.010246e+02 2.245838e+01 -7.456884e+01
      vertex   1.010445e+02 2.250508e+01 -7.462735e+01
      vertex   1.006730e+02 2.245838e+01 -7.470117e+01
    endloop
  endfacet
  facet normal -2.773176e-01 6.166023e-01 7.368152e-01
    outer loop
      vertex   1.010246e+02 2.245838e+01 -7.456884e+01
      vertex   1.006730e+02 2.245838e+01 -7.470117e+01
      vertex   1.006548e+02 2.239741e+01 -7.465704e+01
    endloop
  endfacet
  facet normal -3.249139e-01 6.166023e-01 7.171002e-01
    outer loop
      vertex   1.006548e+02 2.239741e+01 -7.465704e+01
      vertex   1.006730e+02 2.245838e+01 -7.470117e+01
      vertex   1.003097e+02 2.239741e+01 -7.481337e+01
    endloop
  endfacet
  facet normal -3.792232e-01 3.945654e-01 8.369635e-01
    outer loop
      vertex   1.006548e+02 2.239741e+01 -7.465704e+01
      vertex   1.003097e+02 2.239741e+01 -7.481337e+01
      vertex   1.002962e+02 2.232625e+01 -7.478595e+01
    endloop
  endfacet
  facet normal -4.331513e-01 3.945654e-01 8.103691e-01
    outer loop
      vertex   1.002962e+02 2.232625e+01 -7.478595e+01
      vertex   1.003097e+02 2.239741e+01 -7.481337e+01
      vertex   9.996037e+01 2.232625e+01 -7.496546e+01
    endloop
  endfacet
  facet normal -3.284095e-02 9.922440e-01 1.198888e-01
    outer loop
      vertex   1.015879e+02 2.254440e+01 -7.462511e+01
      vertex   1.012314e+02 2.254440e+01 -7.472276e+01
      vertex   1.014187e+02 2.253440e+01 -7.458871e+01
    endloop
  endfacet
  facet normal -3.891233e-02 9.909747e-01 1.282768e-01
    outer loop
      vertex   1.014187e+02 2.253440e+01 -7.458871e+01
      vertex   1.012314e+02 2.254440e+01 -7.472276e+01
      vertex   1.010675e+02 2.253440e+01 -7.469523e+01
    endloop
  endfacet
  facet normal -1.099663e-01 9.254694e-01 3.625104e-01
    outer loop
      vertex   1.014187e+02 2.253440e+01 -7.458871e+01
      vertex   1.010675e+02 2.253440e+01 -7.469523e+01
      vertex   1.010445e+02 2.250508e+01 -7.462735e+01
    endloop
  endfacet
  facet normal -1.334402e-01 9.254694e-01 3.545421e-01
    outer loop
      vertex   1.010445e+02 2.250508e+01 -7.462735e+01
      vertex   1.010675e+02 2.253440e+01 -7.469523e+01
      vertex   1.006967e+02 2.250508e+01 -7.475826e+01
    endloop
  endfacet
  facet normal -2.124707e-01 7.976040e-01 5.645211e-01
    outer loop
      vertex   1.010445e+02 2.250508e+01 -7.462735e+01
      vertex   1.006967e+02 2.250508e+01 -7.475826e+01
      vertex   1.006730e+02 2.245838e+01 -7.470117e+01
    endloop
  endfacet
  facet normal -2.489372e-01 7.976040e-01 5.494162e-01
    outer loop
      vertex   1.006730e+02 2.245838e+01 -7.470117e+01
      vertex   1.006967e+02 2.250508e+01 -7.475826e+01
      vertex   1.003309e+02 2.245838e+01 -7.485622e+01
    endloop
  endfacet
  facet normal -3.249139e-01 6.166023e-01 7.171002e-01
    outer loop
      vertex   1.006730e+02 2.245838e+01 -7.470117e+01
      vertex   1.003309e+02 2.245838e+01 -7.485622e+01
      vertex   1.003097e+02 2.239741e+01 -7.481337e+01
    endloop
  endfacet
  facet normal -3.711188e-01 6.166023e-01 6.943144e-01
    outer loop
      vertex   1.003097e+02 2.239741e+01 -7.481337e+01
      vertex   1.003309e+02 2.245838e+01 -7.485622e+01
      vertex   9.997566e+01 2.239741e+01 -7.499194e+01
    endloop
  endfacet
  facet normal -4.331513e-01 3.945654e-01 8.103691e-01
    outer loop
      vertex   1.003097e+02 2.239741e+01 -7.481337e+01
      vertex   9.997566e+01 2.239741e+01 -7.499194e+01
      vertex   9.996037e+01 2.232625e+01 -7.496546e+01
    endloop
  endfacet
  facet normal -4.852246e-01 3.945654e-01 7.803046e-01
    outer loop
      vertex   9.996037e+01 2.232625e+01 -7.496546e+01
      vertex   9.997566e+01 2.239741e+01 -7.499194e+01
      vertex   9.963699e+01 2.232625e+01 -7.516655e+01
    endloop
  endfacet
  facet normal -4.079993e-02 9.922346e-01 1.174985e-01
    outer loop
      vertex   1.012314e+02 2.254440e+01 -7.472276e+01
      vertex   1.008822e+02 2.254440e+01 -7.484400e+01
      vertex   1.010675e+02 2.253440e+01 -7.469523e+01
    endloop
  endfacet
  facet normal -4.718510e-02 9.909876e-01 1.253678e-01
    outer loop
      vertex   1.010675e+02 2.253440e+01 -7.469523e+01
      vertex   1.008822e+02 2.254440e+01 -7.484400e+01
      vertex   1.007241e+02 2.253440e+01 -7.482448e+01
    endloop
  endfacet
  facet normal -1.334402e-01 9.254694e-01 3.545421e-01
    outer loop
      vertex   1.010675e+02 2.253440e+01 -7.469523e+01
      vertex   1.007241e+02 2.253440e+01 -7.482448e+01
      vertex   1.006967e+02 2.250508e+01 -7.475826e+01
    endloop
  endfacet
  facet normal -1.563426e-01 9.254694e-01 3.450556e-01
    outer loop
      vertex   1.006967e+02 2.250508e+01 -7.475826e+01
      vertex   1.007241e+02 2.253440e+01 -7.482448e+01
      vertex   1.003582e+02 2.250508e+01 -7.491163e+01
    endloop
  endfacet
  facet normal -2.489372e-01 7.976040e-01 5.494162e-01
    outer loop
      vertex   1.006967e+02 2.250508e+01 -7.475826e+01
      vertex   1.003582e+02 2.250508e+01 -7.491163e+01
      vertex   1.003309e+02 2.245838e+01 -7.485622e+01
    endloop
  endfacet
  facet normal -2.843378e-01 7.976040e-01 5.319586e-01
    outer loop
      vertex   1.003309e+02 2.245838e+01 -7.485622e+01
      vertex   1.003582e+02 2.250508e+01 -7.491163e+01
      vertex   9.999954e+01 2.245838e+01 -7.503331e+01
    endloop
  endfacet
  facet normal -3.711188e-01 6.166023e-01 6.943144e-01
    outer loop
      vertex   1.003309e+02 2.245838e+01 -7.485622e+01
      vertex   9.999954e+01 2.245838e+01 -7.503331e+01
      vertex   9.997566e+01 2.239741e+01 -7.499194e+01
    endloop
  endfacet
  facet normal -4.157345e-01 6.166023e-01 6.685555e-01
    outer loop
      vertex   9.997566e+01 2.239741e+01 -7.499194e+01
      vertex   9.999954e+01 2.245838e+01 -7.503331e+01
      vertex   9.965398e+01 2.239741e+01 -7.519197e+01
    endloop
  endfacet
  facet normal -4.852246e-01 3.945654e-01 7.803046e-01
    outer loop
      vertex   9.997566e+01 2.239741e+01 -7.499194e+01
      vertex   9.965398e+01 2.239741e+01 -7.519197e+01
      vertex   9.963699e+01 2.232625e+01 -7.516655e+01
    endloop
  endfacet
  facet normal -5.352200e-01 3.945654e-01 7.468987e-01
    outer loop
      vertex   9.963699e+01 2.232625e+01 -7.516655e+01
      vertex   9.965398e+01 2.239741e+01 -7.519197e+01
      vertex   9.932746e+01 2.232625e+01 -7.538836e+01
    endloop
  endfacet
  facet normal -4.859273e-02 9.922231e-01 1.145956e-01
    outer loop
      vertex   1.008822e+02 2.254440e+01 -7.484400e+01
      vertex   1.005420e+02 2.254440e+01 -7.498829e+01
      vertex   1.007241e+02 2.253440e+01 -7.482448e+01
    endloop
  endfacet
  facet normal -5.523633e-02 9.910031e-01 1.219092e-01
    outer loop
      vertex   1.007241e+02 2.253440e+01 -7.482448e+01
      vertex   1.005420e+02 2.254440e+01 -7.498829e+01
      vertex   1.003899e+02 2.253440e+01 -7.497592e+01
    endloop
  endfacet
  facet normal -1.563426e-01 9.254694e-01 3.450556e-01
    outer loop
      vertex   1.007241e+02 2.253440e+01 -7.482448e+01
      vertex   1.003899e+02 2.253440e+01 -7.497592e+01
      vertex   1.003582e+02 2.250508e+01 -7.491163e+01
    endloop
  endfacet
  facet normal -1.785756e-01 9.254694e-01 3.340915e-01
    outer loop
      vertex   1.003582e+02 2.250508e+01 -7.491163e+01
      vertex   1.003899e+02 2.253440e+01 -7.497592e+01
      vertex   1.000304e+02 2.250508e+01 -7.508682e+01
    endloop
  endfacet
  facet normal -2.843378e-01 7.976040e-01 5.319586e-01
    outer loop
      vertex   1.003582e+02 2.250508e+01 -7.491163e+01
      vertex   1.000304e+02 2.250508e+01 -7.508682e+01
      vertex   9.999954e+01 2.245838e+01 -7.503331e+01
    endloop
  endfacet
  facet normal -3.185207e-01 7.976040e-01 5.122230e-01
    outer loop
      vertex   9.999954e+01 2.245838e+01 -7.503331e+01
      vertex   1.000304e+02 2.250508e+01 -7.508682e+01
      vertex   9.968052e+01 2.245838e+01 -7.523169e+01
    endloop
  endfacet
  facet normal -4.157345e-01 6.166023e-01 6.685555e-01
    outer loop
      vertex   9.999954e+01 2.245838e+01 -7.503331e+01
      vertex   9.968052e+01 2.245838e+01 -7.523169e+01
      vertex   9.965398e+01 2.239741e+01 -7.519197e+01
    endloop
  endfacet
  facet normal -4.585700e-01 6.166023e-01 6.399337e-01
    outer loop
      vertex   9.965398e+01 2.239741e+01 -7.519197e+01
      vertex   9.968052e+01 2.245838e+01 -7.523169e+01
      vertex   9.934607e+01 2.239741e+01 -7.541261e+01
    endloop
  endfacet
  facet normal -5.352200e-01 3.945654e-01 7.468987e-01
    outer loop
      vertex   9.965398e+01 2.239741e+01 -7.519197e+01
      vertex   9.934607e+01 2.239741e+01 -7.541261e+01
      vertex   9.932746e+01 2.232625e+01 -7.538836e+01
    endloop
  endfacet
  facet normal -5.829236e-01 3.945654e-01 7.102945e-01
    outer loop
      vertex   9.932746e+01 2.232625e+01 -7.538836e+01
      vertex   9.934607e+01 2.239741e+01 -7.541261e+01
      vertex   9.903310e+01 2.232625e+01 -7.562994e+01
    endloop
  endfacet
  facet normal -5.618742e-02 9.922094e-01 1.111911e-01
    outer loop
      vertex   1.005420e+02 2.254440e+01 -7.498829e+01
      vertex   1.002121e+02 2.254440e+01 -7.515499e+01
      vertex   1.003899e+02 2.253440e+01 -7.497592e+01
    endloop
  endfacet
  facet normal -6.302853e-02 9.910211e-01 1.179181e-01
    outer loop
      vertex   1.003899e+02 2.253440e+01 -7.497592e+01
      vertex   1.002121e+02 2.254440e+01 -7.515499e+01
      vertex   1.000663e+02 2.253440e+01 -7.514890e+01
    endloop
  endfacet
  facet normal -1.785756e-01 9.254694e-01 3.340915e-01
    outer loop
      vertex   1.003899e+02 2.253440e+01 -7.497592e+01
      vertex   1.000663e+02 2.253440e+01 -7.514890e+01
      vertex   1.000304e+02 2.250508e+01 -7.508682e+01
    endloop
  endfacet
  facet normal -2.000439e-01 9.254694e-01 3.216968e-01
    outer loop
      vertex   1.000304e+02 2.250508e+01 -7.508682e+01
      vertex   1.000663e+02 2.253440e+01 -7.514890e+01
      vertex   9.971485e+01 2.250508e+01 -7.528306e+01
    endloop
  endfacet
  facet normal -3.185207e-01 7.976040e-01 5.122230e-01
    outer loop
      vertex   1.000304e+02 2.250508e+01 -7.508682e+01
      vertex   9.971485e+01 2.250508e+01 -7.528306e+01
      vertex   9.968052e+01 2.245838e+01 -7.523169e+01
    endloop
  endfacet
  facet normal -3.513398e-01 7.976040e-01 4.902941e-01
    outer loop
      vertex   9.968052e+01 2.245838e+01 -7.523169e+01
      vertex   9.971485e+01 2.250508e+01 -7.528306e+01
      vertex   9.937515e+01 2.245838e+01 -7.545051e+01
    endloop
  endfacet
  facet normal -4.585700e-01 6.166023e-01 6.399337e-01
    outer loop
      vertex   9.968052e+01 2.245838e+01 -7.523169e+01
      vertex   9.937515e+01 2.245838e+01 -7.545051e+01
      vertex   9.934607e+01 2.239741e+01 -7.541261e+01
    endloop
  endfacet
  facet normal -4.994419e-01 6.166023e-01 6.085717e-01
    outer loop
      vertex   9.934607e+01 2.239741e+01 -7.541261e+01
      vertex   9.937515e+01 2.245838e+01 -7.545051e+01
      vertex   9.905325e+01 2.239741e+01 -7.565292e+01
    endloop
  endfacet
  facet normal -5.829236e-01 3.945654e-01 7.102945e-01
    outer loop
      vertex   9.934607e+01 2.239741e+01 -7.541261e+01
      vertex   9.905325e+01 2.239741e+01 -7.565292e+01
      vertex   9.903310e+01 2.232625e+01 -7.562994e+01
    endloop
  endfacet
  facet normal -6.281310e-01 3.945654e-01 6.706486e-01
    outer loop
      vertex   9.903310e+01 2.232625e+01 -7.562994e+01
      vertex   9.905325e+01 2.239741e+01 -7.565292e+01
      vertex   9.875516e+01 2.232625e+01 -7.589025e+01
    endloop
  endfacet
  facet normal -6.355277e-02 9.921936e-01 1.072981e-01
    outer loop
      vertex   1.002121e+02 2.254440e+01 -7.515499e+01
      vertex   9.989406e+01 2.254440e+01 -7.534335e+01
      vertex   1.000663e+02 2.253440e+01 -7.514890e+01
    endloop
  endfacet
  facet normal -7.052559e-02 9.910415e-01 1.134144e-01
    outer loop
      vertex   1.000663e+02 2.253440e+01 -7.514890e+01
      vertex   9.989406e+01 2.254440e+01 -7.534335e+01
      vertex   9.975467e+01 2.253440e+01 -7.534267e+01
    endloop
  endfacet
  facet normal -2.000439e-01 9.254694e-01 3.216968e-01
    outer loop
      vertex   1.000663e+02 2.253440e+01 -7.514890e+01
      vertex   9.975467e+01 2.253440e+01 -7.534267e+01
      vertex   9.971485e+01 2.250508e+01 -7.528306e+01
    endloop
  endfacet
  facet normal -2.206556e-01 9.254694e-01 3.079245e-01
    outer loop
      vertex   9.971485e+01 2.250508e+01 -7.528306e+01
      vertex   9.975467e+01 2.253440e+01 -7.534267e+01
      vertex   9.941277e+01 2.250508e+01 -7.549953e+01
    endloop
  endfacet
  facet normal -3.513398e-01 7.976040e-01 4.902941e-01
    outer loop
      vertex   9.971485e+01 2.250508e+01 -7.528306e+01
      vertex   9.941277e+01 2.250508e+01 -7.549953e+01
      vertex   9.937515e+01 2.245838e+01 -7.545051e+01
    endloop
  endfacet
  facet normal -3.826543e-01 7.976040e-01 4.662656e-01
    outer loop
      vertex   9.937515e+01 2.245838e+01 -7.545051e+01
      vertex   9.941277e+01 2.250508e+01 -7.549953e+01
      vertex   9.908475e+01 2.245838e+01 -7.568884e+01
    endloop
  endfacet
  facet normal -4.994419e-01 6.166023e-01 6.085717e-01
    outer loop
      vertex   9.937515e+01 2.245838e+01 -7.545051e+01
      vertex   9.908475e+01 2.245838e+01 -7.568884e+01
      vertex   9.905325e+01 2.239741e+01 -7.565292e+01
    endloop
  endfacet
  facet normal -5.381750e-01 6.166023e-01 5.746036e-01
    outer loop
      vertex   9.905325e+01 2.239741e+01 -7.565292e+01
      vertex   9.908475e+01 2.245838e+01 -7.568884e+01
      vertex   9.877678e+01 2.239741e+01 -7.591187e+01
    endloop
  endfacet
  facet normal -6.281310e-01 3.945654e-01 6.706486e-01
    outer loop
      vertex   9.905325e+01 2.239741e+01 -7.565292e+01
      vertex   9.877678e+01 2.239741e+01 -7.591187e+01
      vertex   9.875516e+01 2.232625e+01 -7.589025e+01
    endloop
  endfacet
  facet normal -6.706486e-01 3.945654e-01 6.281310e-01
    outer loop
      vertex   9.875516e+01 2.232625e+01 -7.589025e+01
      vertex   9.877678e+01 2.239741e+01 -7.591187e+01
      vertex   9.849485e+01 2.232625e+01 -7.616818e+01
    endloop
  endfacet
  facet normal -7.065840e-02 9.921756e-01 1.029314e-01
    outer loop
      vertex   9.989406e+01 2.254440e+01 -7.534335e+01
      vertex   9.958934e+01 2.254440e+01 -7.555253e+01
      vertex   9.975467e+01 2.253440e+01 -7.534267e+01
    endloop
  endfacet
  facet normal -7.769296e-02 9.910645e-01 1.084204e-01
    outer loop
      vertex   9.975467e+01 2.253440e+01 -7.534267e+01
      vertex   9.958934e+01 2.254440e+01 -7.555253e+01
      vertex   9.945641e+01 2.253440e+01 -7.555640e+01
    endloop
  endfacet
  facet normal -2.206556e-01 9.254694e-01 3.079245e-01
    outer loop
      vertex   9.975467e+01 2.253440e+01 -7.534267e+01
      vertex   9.945641e+01 2.253440e+01 -7.555640e+01
      vertex   9.941277e+01 2.250508e+01 -7.549953e+01
    endloop
  endfacet
  facet normal -2.403224e-01 9.254694e-01 2.928336e-01
    outer loop
      vertex   9.941277e+01 2.250508e+01 -7.549953e+01
      vertex   9.945641e+01 2.253440e+01 -7.555640e+01
      vertex   9.912549e+01 2.250508e+01 -7.573529e+01
    endloop
  endfacet
  facet normal -3.826543e-01 7.976040e-01 4.662656e-01
    outer loop
      vertex   9.941277e+01 2.250508e+01 -7.549953e+01
      vertex   9.912549e+01 2.250508e+01 -7.573529e+01
      vertex   9.908475e+01 2.245838e+01 -7.568884e+01
    endloop
  endfacet
  facet normal -4.123302e-01 7.976040e-01 4.402405e-01
    outer loop
      vertex   9.908475e+01 2.245838e+01 -7.568884e+01
      vertex   9.912549e+01 2.250508e+01 -7.573529e+01
      vertex   9.881056e+01 2.245838e+01 -7.594565e+01
    endloop
  endfacet
  facet normal -5.381750e-01 6.166023e-01 5.746036e-01
    outer loop
      vertex   9.908475e+01 2.245838e+01 -7.568884e+01
      vertex   9.881056e+01 2.245838e+01 -7.594565e+01
      vertex   9.877678e+01 2.239741e+01 -7.591187e+01
    endloop
  endfacet
  facet normal -5.746036e-01 6.166023e-01 5.381750e-01
    outer loop
      vertex   9.877678e+01 2.239741e+01 -7.591187e+01
      vertex   9.881056e+01 2.245838e+01 -7.594565e+01
      vertex   9.851784e+01 2.239741e+01 -7.618834e+01
    endloop
  endfacet
  facet normal -6.706486e-01 3.945654e-01 6.281310e-01
    outer loop
      vertex   9.877678e+01 2.239741e+01 -7.591187e+01
      vertex   9.851784e+01 2.239741e+01 -7.618834e+01
      vertex   9.849485e+01 2.232625e+01 -7.616818e+01
    endloop
  endfacet
  facet normal -7.102945e-01 3.945654e-01 5.829236e-01
    outer loop
      vertex   9.849485e+01 2.232625e+01 -7.616818e+01
      vertex   9.851784e+01 2.239741e+01 -7.618834e+01
      vertex   9.825327e+01 2.232625e+01 -7.646255e+01
    endloop
  endfacet
  facet normal -7.747483e-02 9.921555e-01 9.810764e-02
    outer loop
      vertex   9.958934e+01 2.254440e+01 -7.555253e+01
      vertex   9.929926e+01 2.254440e+01 -7.578160e+01
      vertex   9.945641e+01 2.253440e+01 -7.555640e+01
    endloop
  endfacet
  facet normal -8.449783e-02 9.910899e-01 1.029609e-01
    outer loop
      vertex   9.945641e+01 2.253440e+01 -7.555640e+01
      vertex   9.929926e+01 2.254440e+01 -7.578160e+01
      vertex   9.917276e+01 2.253440e+01 -7.578919e+01
    endloop
  endfacet
  facet normal -2.403224e-01 9.254694e-01 2.928336e-01
    outer loop
      vertex   9.945641e+01 2.253440e+01 -7.555640e+01
      vertex   9.917276e+01 2.253440e+01 -7.578919e+01
      vertex   9.912549e+01 2.250508e+01 -7.573529e+01
    endloop
  endfacet
  facet normal -2.589600e-01 9.254694e-01 2.764888e-01
    outer loop
      vertex   9.912549e+01 2.250508e+01 -7.573529e+01
      vertex   9.917276e+01 2.253440e+01 -7.578919e+01
      vertex   9.885425e+01 2.250508e+01 -7.598934e+01
    endloop
  endfacet
  facet normal -4.123302e-01 7.976040e-01 4.402405e-01
    outer loop
      vertex   9.912549e+01 2.250508e+01 -7.573529e+01
      vertex   9.885425e+01 2.250508e+01 -7.598934e+01
      vertex   9.881056e+01 2.245838e+01 -7.594565e+01
    endloop
  endfacet
  facet normal -4.402405e-01 7.976040e-01 4.123302e-01
    outer loop
      vertex   9.881056e+01 2.245838e+01 -7.594565e+01
      vertex   9.885425e+01 2.250508e+01 -7.598934e+01
      vertex   9.855375e+01 2.245838e+01 -7.621984e+01
    endloop
  endfacet
  facet normal -5.746036e-01 6.166023e-01 5.381750e-01
    outer loop
      vertex   9.881056e+01 2.245838e+01 -7.594565e+01
      vertex   9.855375e+01 2.245838e+01 -7.621984e+01
      vertex   9.851784e+01 2.239741e+01 -7.618834e+01
    endloop
  endfacet
  facet normal -6.085717e-01 6.166023e-01 4.994419e-01
    outer loop
      vertex   9.851784e+01 2.239741e+01 -7.618834e+01
      vertex   9.855375e+01 2.245838e+01 -7.621984e+01
      vertex   9.827753e+01 2.239741e+01 -7.648116e+01
    endloop
  endfacet
  facet normal -7.102945e-01 3.945654e-01 5.829236e-01
    outer loop
      vertex   9.851784e+01 2.239741e+01 -7.618834e+01
      vertex   9.827753e+01 2.239741e+01 -7.648116e+01
      vertex   9.825327e+01 2.232625e+01 -7.646255e+01
    endloop
  endfacet
  facet normal -7.468987e-01 3.945654e-01 5.352200e-01
    outer loop
      vertex   9.825327e+01 2.232625e+01 -7.646255e+01
      vertex   9.827753e+01 2.239741e+01 -7.648116e+01
      vertex   9.803146e+01 2.232625e+01 -7.677208e+01
    endloop
  endfacet
  facet normal -8.397362e-02 9.921331e-01 9.284531e-02
    outer loop
      vertex   9.929926e+01 2.254440e+01 -7.578160e+01
      vertex   9.902514e+01 2.254440e+01 -7.602953e+01
      vertex   9.917276e+01 2.253440e+01 -7.578919e+01
    endloop
  endfacet
  facet normal -9.090927e-02 9.911177e-01 9.706284e-02
    outer loop
      vertex   9.917276e+01 2.253440e+01 -7.578919e+01
      vertex   9.902514e+01 2.254440e+01 -7.602953e+01
      vertex   9.890494e+01 2.253440e+01 -7.604002e+01
    endloop
  endfacet
  facet normal -2.589600e-01 9.254694e-01 2.764888e-01
    outer loop
      vertex   9.917276e+01 2.253440e+01 -7.578919e+01
      vertex   9.890494e+01 2.253440e+01 -7.604002e+01
      vertex   9.885425e+01 2.250508e+01 -7.598934e+01
    endloop
  endfacet
  facet normal -2.764888e-01 9.254694e-01 2.589600e-01
    outer loop
      vertex   9.885425e+01 2.250508e+01 -7.598934e+01
      vertex   9.890494e+01 2.253440e+01 -7.604002e+01
      vertex   9.860021e+01 2.250508e+01 -7.626058e+01
    endloop
  endfacet
  facet normal -4.402405e-01 7.976040e-01 4.123302e-01
    outer loop
      vertex   9.885425e+01 2.250508e+01 -7.598934e+01
      vertex   9.860021e+01 2.250508e+01 -7.626058e+01
      vertex   9.855375e+01 2.245838e+01 -7.621984e+01
    endloop
  endfacet
  facet normal -4.662656e-01 7.976040e-01 3.826543e-01
    outer loop
      vertex   9.855375e+01 2.245838e+01 -7.621984e+01
      vertex   9.860021e+01 2.250508e+01 -7.626058e+01
      vertex   9.831543e+01 2.245838e+01 -7.651024e+01
    endloop
  endfacet
  facet normal -6.085717e-01 6.166023e-01 4.994419e-01
    outer loop
      vertex   9.855375e+01 2.245838e+01 -7.621984e+01
      vertex   9.831543e+01 2.245838e+01 -7.651024e+01
      vertex   9.827753e+01 2.239741e+01 -7.648116e+01
    endloop
  endfacet
  facet normal -6.399337e-01 6.166023e-01 4.585700e-01
    outer loop
      vertex   9.827753e+01 2.239741e+01 -7.648116e+01
      vertex   9.831543e+01 2.245838e+01 -7.651024e+01
      vertex   9.805688e+01 2.239741e+01 -7.678906e+01
    endloop
  endfacet
  facet normal -7.468987e-01 3.945654e-01 5.352200e-01
    outer loop
      vertex   9.827753e+01 2.239741e+01 -7.648116e+01
      vertex   9.805688e+01 2.239741e+01 -7.678906e+01
      vertex   9.803146e+01 2.232625e+01 -7.677208e+01
    endloop
  endfacet
  facet normal -7.803046e-01 3.945654e-01 4.852246e-01
    outer loop
      vertex   9.803146e+01 2.232625e+01 -7.677208e+01
      vertex   9.805688e+01 2.239741e+01 -7.678906e+01
      vertex   9.783037e+01 2.232625e+01 -7.709546e+01
    endloop
  endfacet
  facet normal -9.012749e-02 9.921085e-01 8.716456e-02
    outer loop
      vertex   9.902514e+01 2.254440e+01 -7.602953e+01
      vertex   9.876819e+01 2.254440e+01 -7.629522e+01
      vertex   9.890494e+01 2.253440e+01 -7.604002e+01
    endloop
  endfacet
  facet normal -9.689843e-02 9.911479e-01 9.075528e-02
    outer loop
      vertex   9.890494e+01 2.253440e+01 -7.604002e+01
      vertex   9.876819e+01 2.254440e+01 -7.629522e+01
      vertex   9.865410e+01 2.253440e+01 -7.630784e+01
    endloop
  endfacet
  facet normal -2.764888e-01 9.254694e-01 2.589600e-01
    outer loop
      vertex   9.890494e+01 2.253440e+01 -7.604002e+01
      vertex   9.865410e+01 2.253440e+01 -7.630784e+01
      vertex   9.860021e+01 2.250508e+01 -7.626058e+01
    endloop
  endfacet
  facet normal -2.928336e-01 9.254694e-01 2.403224e-01
    outer loop
      vertex   9.860021e+01 2.250508e+01 -7.626058e+01
      vertex   9.865410e+01 2.253440e+01 -7.630784e+01
      vertex   9.836445e+01 2.250508e+01 -7.654785e+01
    endloop
  endfacet
  facet normal -4.662656e-01 7.976040e-01 3.826543e-01
    outer loop
      vertex   9.860021e+01 2.250508e+01 -7.626058e+01
      vertex   9.836445e+01 2.250508e+01 -7.654785e+01
      vertex   9.831543e+01 2.245838e+01 -7.651024e+01
    endloop
  endfacet
  facet normal -4.902941e-01 7.976040e-01 3.513398e-01
    outer loop
      vertex   9.831543e+01 2.245838e+01 -7.651024e+01
      vertex   9.836445e+01 2.250508e+01 -7.654785e+01
      vertex   9.809661e+01 2.245838e+01 -7.681560e+01
    endloop
  endfacet
  facet normal -6.399337e-01 6.166023e-01 4.585700e-01
    outer loop
      vertex   9.831543e+01 2.245838e+01 -7.651024e+01
      vertex   9.809661e+01 2.245838e+01 -7.681560e+01
      vertex   9.805688e+01 2.239741e+01 -7.678906e+01
    endloop
  endfacet
  facet normal -6.685555e-01 6.166023e-01 4.157345e-01
    outer loop
      vertex   9.805688e+01 2.239741e+01 -7.678906e+01
      vertex   9.809661e+01 2.245838e+01 -7.681560e+01
      vertex   9.785685e+01 2.239741e+01 -7.711074e+01
    endloop
  endfacet
  facet normal -7.803046e-01 3.945654e-01 4.852246e-01
    outer loop
      vertex   9.805688e+01 2.239741e+01 -7.678906e+01
      vertex   9.785685e+01 2.239741e+01 -7.711074e+01
      vertex   9.783037e+01 2.232625e+01 -7.709546e+01
    endloop
  endfacet
  facet normal -8.103691e-01 3.945654e-01 4.331513e-01
    outer loop
      vertex   9.783037e+01 2.232625e+01 -7.709546e+01
      vertex   9.785685e+01 2.239741e+01 -7.711074e+01
      vertex   9.765087e+01 2.232625e+01 -7.743129e+01
    endloop
  endfacet
  facet normal -9.591037e-02 9.920817e-01 8.108718e-02
    outer loop
      vertex   9.876819e+01 2.254440e+01 -7.629522e+01
      vertex   9.852956e+01 2.254440e+01 -7.657747e+01
      vertex   9.865410e+01 2.253440e+01 -7.630784e+01
    endloop
  endfacet
  facet normal -1.024387e-01 9.911804e-01 8.406924e-02
    outer loop
      vertex   9.865410e+01 2.253440e+01 -7.630784e+01
      vertex   9.852956e+01 2.254440e+01 -7.657747e+01
      vertex   9.842132e+01 2.253440e+01 -7.659149e+01
    endloop
  endfacet
  facet normal -2.928336e-01 9.254694e-01 2.403224e-01
    outer loop
      vertex   9.865410e+01 2.253440e+01 -7.630784e+01
      vertex   9.842132e+01 2.253440e+01 -7.659149e+01
      vertex   9.836445e+01 2.250508e+01 -7.654785e+01
    endloop
  endfacet
  facet normal -3.079245e-01 9.254694e-01 2.206556e-01
    outer loop
      vertex   9.836445e+01 2.250508e+01 -7.654785e+01
      vertex   9.842132e+01 2.253440e+01 -7.659149e+01
      vertex   9.814798e+01 2.250508e+01 -7.684993e+01
    endloop
  endfacet
  facet normal -4.902941e-01 7.976040e-01 3.513398e-01
    outer loop
      vertex   9.836445e+01 2.250508e+01 -7.654785e+01
      vertex   9.814798e+01 2.250508e+01 -7.684993e+01
      vertex   9.809661e+01 2.245838e+01 -7.681560e+01
    endloop
  endfacet
  facet normal -5.122230e-01 7.976040e-01 3.185207e-01
    outer loop
      vertex   9.809661e+01 2.245838e+01 -7.681560e+01
      vertex   9.814798e+01 2.250508e+01 -7.684993e+01
      vertex   9.789822e+01 2.245838e+01 -7.713463e+01
    endloop
  endfacet
  facet normal -6.685555e-01 6.166023e-01 4.157345e-01
    outer loop
      vertex   9.809661e+01 2.245838e+01 -7.681560e+01
      vertex   9.789822e+01 2.245838e+01 -7.713463e+01
      vertex   9.785685e+01 2.239741e+01 -7.711074e+01
    endloop
  endfacet
  facet normal -6.943144e-01 6.166023e-01 3.711188e-01
    outer loop
      vertex   9.785685e+01 2.239741e+01 -7.711074e+01
      vertex   9.789822e+01 2.245838e+01 -7.713463e+01
      vertex   9.767829e+01 2.239741e+01 -7.744482e+01
    endloop
  endfacet
  facet normal -8.103691e-01 3.945654e-01 4.331513e-01
    outer loop
      vertex   9.785685e+01 2.239741e+01 -7.711074e+01
      vertex   9.767829e+01 2.239741e+01 -7.744482e+01
      vertex   9.765087e+01 2.232625e+01 -7.743129e+01
    endloop
  endfacet
  facet normal -8.369635e-01 3.945654e-01 3.792232e-01
    outer loop
      vertex   9.765087e+01 2.232625e+01 -7.743129e+01
      vertex   9.767829e+01 2.239741e+01 -7.744482e+01
      vertex   9.749371e+01 2.232625e+01 -7.777815e+01
    endloop
  endfacet
  facet normal -1.012975e-01 9.920525e-01 7.463654e-02
    outer loop
      vertex   9.852956e+01 2.254440e+01 -7.657747e+01
      vertex   9.831031e+01 2.254440e+01 -7.687504e+01
      vertex   9.842132e+01 2.253440e+01 -7.659149e+01
    endloop
  endfacet
  facet normal -1.075057e-01 9.912153e-01 7.703747e-02
    outer loop
      vertex   9.842132e+01 2.253440e+01 -7.659149e+01
      vertex   9.831031e+01 2.254440e+01 -7.687504e+01
      vertex   9.820758e+01 2.253440e+01 -7.688976e+01
    endloop
  endfacet
  facet normal -3.079245e-01 9.254694e-01 2.206556e-01
    outer loop
      vertex   9.842132e+01 2.253440e+01 -7.659149e+01
      vertex   9.820758e+01 2.253440e+01 -7.688976e+01
      vertex   9.814798e+01 2.250508e+01 -7.684993e+01
    endloop
  endfacet
  facet normal -3.216968e-01 9.254694e-01 2.000439e-01
    outer loop
      vertex   9.814798e+01 2.250508e+01 -7.684993e+01
      vertex   9.820758e+01 2.253440e+01 -7.688976e+01
      vertex   9.795173e+01 2.250508e+01 -7.716552e+01
    endloop
  endfacet
  facet normal -5.122230e-01 7.976040e-01 3.185207e-01
    outer loop
      vertex   9.814798e+01 2.250508e+01 -7.684993e+01
      vertex   9.795173e+01 2.250508e+01 -7.716552e+01
      vertex   9.789822e+01 2.245838e+01 -7.713463e+01
    endloop
  endfacet
  facet normal -5.319586e-01 7.976040e-01 2.843378e-01
    outer loop
      vertex   9.789822e+01 2.245838e+01 -7.713463e+01
      vertex   9.795173e+01 2.250508e+01 -7.716552e+01
      vertex   9.772113e+01 2.245838e+01 -7.746594e+01
    endloop
  endfacet
  facet normal -6.943144e-01 6.166023e-01 3.711188e-01
    outer loop
      vertex   9.789822e+01 2.245838e+01 -7.713463e+01
      vertex   9.772113e+01 2.245838e+01 -7.746594e+01
      vertex   9.767829e+01 2.239741e+01 -7.744482e+01
    endloop
  endfacet
  facet normal -7.171002e-01 6.166023e-01 3.249139e-01
    outer loop
      vertex   9.767829e+01 2.239741e+01 -7.744482e+01
      vertex   9.772113e+01 2.245838e+01 -7.746594e+01
      vertex   9.752195e+01 2.239741e+01 -7.778985e+01
    endloop
  endfacet
  facet normal -8.369635e-01 3.945654e-01 3.792232e-01
    outer loop
      vertex   9.767829e+01 2.239741e+01 -7.744482e+01
      vertex   9.752195e+01 2.239741e+01 -7.778985e+01
      vertex   9.749371e+01 2.232625e+01 -7.777815e+01
    endloop
  endfacet
  facet normal -8.599739e-01 3.945654e-01 3.236712e-01
    outer loop
      vertex   9.749371e+01 2.232625e+01 -7.777815e+01
      vertex   9.752195e+01 2.239741e+01 -7.778985e+01
      vertex   9.735957e+01 2.232625e+01 -7.813455e+01
    endloop
  endfacet
  facet normal -1.062657e-01 9.920210e-01 6.783747e-02
    outer loop
      vertex   9.831031e+01 2.254440e+01 -7.687504e+01
      vertex   9.811143e+01 2.254440e+01 -7.718658e+01
      vertex   9.820758e+01 2.253440e+01 -7.688976e+01
    endloop
  endfacet
  facet normal -1.120776e-01 9.912524e-01 6.969431e-02
    outer loop
      vertex   9.820758e+01 2.253440e+01 -7.688976e+01
      vertex   9.811143e+01 2.254440e+01 -7.718658e+01
      vertex   9.801381e+01 2.253440e+01 -7.720136e+01
    endloop
  endfacet
  facet normal -3.216968e-01 9.254694e-01 2.000439e-01
    outer loop
      vertex   9.820758e+01 2.253440e+01 -7.688976e+01
      vertex   9.801381e+01 2.253440e+01 -7.720136e+01
      vertex   9.795173e+01 2.250508e+01 -7.716552e+01
    endloop
  endfacet
  facet normal -3.340915e-01 9.254694e-01 1.785756e-01
    outer loop
      vertex   9.795173e+01 2.250508e+01 -7.716552e+01
      vertex   9.801381e+01 2.253440e+01 -7.720136e+01
      vertex   9.777655e+01 2.250508e+01 -7.749327e+01
    endloop
  endfacet
  facet normal -5.319586e-01 7.976040e-01 2.843378e-01
    outer loop
      vertex   9.795173e+01 2.250508e+01 -7.716552e+01
      vertex   9.777655e+01 2.250508e+01 -7.749327e+01
      vertex   9.772113e+01 2.245838e+01 -7.746594e+01
    endloop
  endfacet
  facet normal -5.494162e-01 7.976040e-01 2.489372e-01
    outer loop
      vertex   9.772113e+01 2.245838e+01 -7.746594e+01
      vertex   9.777655e+01 2.250508e+01 -7.749327e+01
      vertex   9.756609e+01 2.245838e+01 -7.780813e+01
    endloop
  endfacet
  facet normal -7.171002e-01 6.166023e-01 3.249139e-01
    outer loop
      vertex   9.772113e+01 2.245838e+01 -7.746594e+01
      vertex   9.756609e+01 2.245838e+01 -7.780813e+01
      vertex   9.752195e+01 2.239741e+01 -7.778985e+01
    endloop
  endfacet
  facet normal -7.368152e-01 6.166023e-01 2.773176e-01
    outer loop
      vertex   9.752195e+01 2.239741e+01 -7.778985e+01
      vertex   9.756609e+01 2.245838e+01 -7.780813e+01
      vertex   9.738852e+01 2.239741e+01 -7.814437e+01
    endloop
  endfacet
  facet normal -8.599739e-01 3.945654e-01 3.236712e-01
    outer loop
      vertex   9.752195e+01 2.239741e+01 -7.778985e+01
      vertex   9.738852e+01 2.239741e+01 -7.814437e+01
      vertex   9.735957e+01 2.232625e+01 -7.813455e+01
    endloop
  endfacet
  facet normal -8.793017e-01 3.945654e-01 2.667333e-01
    outer loop
      vertex   9.735957e+01 2.232625e+01 -7.813455e+01
      vertex   9.738852e+01 2.239741e+01 -7.814437e+01
      vertex   9.724903e+01 2.232625e+01 -7.849895e+01
    endloop
  endfacet
  facet normal -1.107930e-01 9.919871e-01 6.071622e-02
    outer loop
      vertex   9.811143e+01 2.254440e+01 -7.718658e+01
      vertex   9.793380e+01 2.254440e+01 -7.751071e+01
      vertex   9.801381e+01 2.253440e+01 -7.720136e+01
    endloop
  endfacet
  facet normal -1.161351e-01 9.912917e-01 6.207548e-02
    outer loop
      vertex   9.801381e+01 2.253440e+01 -7.720136e+01
      vertex   9.793380e+01 2.254440e+01 -7.751071e+01
      vertex   9.784084e+01 2.253440e+01 -7.752498e+01
    endloop
  endfacet
  facet normal -3.340915e-01 9.254694e-01 1.785756e-01
    outer loop
      vertex   9.801381e+01 2.253440e+01 -7.720136e+01
      vertex   9.784084e+01 2.253440e+01 -7.752498e+01
      vertex   9.777655e+01 2.250508e+01 -7.749327e+01
    endloop
  endfacet
  facet normal -3.450556e-01 9.254694e-01 1.563426e-01
    outer loop
      vertex   9.777655e+01 2.250508e+01 -7.749327e+01
      vertex   9.784084e+01 2.253440e+01 -7.752498e+01
      vertex   9.762317e+01 2.250508e+01 -7.783178e+01
    endloop
  endfacet
  facet normal -5.494162e-01 7.976040e-01 2.489372e-01
    outer loop
      vertex   9.777655e+01 2.250508e+01 -7.749327e+01
      vertex   9.762317e+01 2.250508e+01 -7.783178e+01
      vertex   9.756609e+01 2.245838e+01 -7.780813e+01
    endloop
  endfacet
  facet normal -5.645211e-01 7.976040e-01 2.124707e-01
    outer loop
      vertex   9.756609e+01 2.245838e+01 -7.780813e+01
      vertex   9.762317e+01 2.250508e+01 -7.783178e+01
      vertex   9.743376e+01 2.245838e+01 -7.815973e+01
    endloop
  endfacet
  facet normal -7.368152e-01 6.166023e-01 2.773176e-01
    outer loop
      vertex   9.756609e+01 2.245838e+01 -7.780813e+01
      vertex   9.743376e+01 2.245838e+01 -7.815973e+01
      vertex   9.738852e+01 2.239741e+01 -7.814437e+01
    endloop
  endfacet
  facet normal -7.533750e-01 6.166023e-01 2.285338e-01
    outer loop
      vertex   9.738852e+01 2.239741e+01 -7.814437e+01
      vertex   9.743376e+01 2.245838e+01 -7.815973e+01
      vertex   9.727856e+01 2.239741e+01 -7.850686e+01
    endloop
  endfacet
  facet normal -8.793017e-01 3.945654e-01 2.667333e-01
    outer loop
      vertex   9.738852e+01 2.239741e+01 -7.814437e+01
      vertex   9.727856e+01 2.239741e+01 -7.850686e+01
      vertex   9.724903e+01 2.232625e+01 -7.849895e+01
    endloop
  endfacet
  facet normal -8.948642e-01 3.945654e-01 2.086531e-01
    outer loop
      vertex   9.724903e+01 2.232625e+01 -7.849895e+01
      vertex   9.727856e+01 2.239741e+01 -7.850686e+01
      vertex   9.716256e+01 2.232625e+01 -7.886980e+01
    endloop
  endfacet
  facet normal -1.148593e-01 9.919508e-01 5.330035e-02
    outer loop
      vertex   9.793380e+01 2.254440e+01 -7.751071e+01
      vertex   9.777822e+01 2.254440e+01 -7.784598e+01
      vertex   9.784084e+01 2.253440e+01 -7.752498e+01
    endloop
  endfacet
  facet normal -1.196615e-01 9.913332e-01 5.421791e-02
    outer loop
      vertex   9.784084e+01 2.253440e+01 -7.752498e+01
      vertex   9.777822e+01 2.254440e+01 -7.784598e+01
      vertex   9.768940e+01 2.253440e+01 -7.785921e+01
    endloop
  endfacet
  facet normal -3.450556e-01 9.254694e-01 1.563426e-01
    outer loop
      vertex   9.784084e+01 2.253440e+01 -7.752498e+01
      vertex   9.768940e+01 2.253440e+01 -7.785921e+01
      vertex   9.762317e+01 2.250508e+01 -7.783178e+01
    endloop
  endfacet
  facet normal -3.545421e-01 9.254694e-01 1.334402e-01
    outer loop
      vertex   9.762317e+01 2.250508e+01 -7.783178e+01
      vertex   9.768940e+01 2.253440e+01 -7.785921e+01
      vertex   9.749226e+01 2.250508e+01 -7.817959e+01
    endloop
  endfacet
  facet normal -5.645211e-01 7.976040e-01 2.124707e-01
    outer loop
      vertex   9.762317e+01 2.250508e+01 -7.783178e+01
      vertex   9.749226e+01 2.250508e+01 -7.817959e+01
      vertex   9.743376e+01 2.245838e+01 -7.815973e+01
    endloop
  endfacet
  facet normal -5.772087e-01 7.976040e-01 1.750943e-01
    outer loop
      vertex   9.743376e+01 2.245838e+01 -7.815973e+01
      vertex   9.749226e+01 2.250508e+01 -7.817959e+01
      vertex   9.732470e+01 2.245838e+01 -7.851923e+01
    endloop
  endfacet
  facet normal -7.533750e-01 6.166023e-01 2.285338e-01
    outer loop
      vertex   9.743376e+01 2.245838e+01 -7.815973e+01
      vertex   9.732470e+01 2.245838e+01 -7.851923e+01
      vertex   9.727856e+01 2.239741e+01 -7.850686e+01
    endloop
  endfacet
  facet normal -7.667088e-01 6.166023e-01 1.787714e-01
    outer loop
      vertex   9.727856e+01 2.239741e+01 -7.850686e+01
      vertex   9.732470e+01 2.245838e+01 -7.851923e+01
      vertex   9.719254e+01 2.239741e+01 -7.887577e+01
    endloop
  endfacet
  facet normal -8.948642e-01 3.945654e-01 2.086531e-01
    outer loop
      vertex   9.727856e+01 2.239741e+01 -7.850686e+01
      vertex   9.719254e+01 2.239741e+01 -7.887577e+01
      vertex   9.716256e+01 2.232625e+01 -7.886980e+01
    endloop
  endfacet
  facet normal -9.065948e-01 3.945654e-01 1.496794e-01
    outer loop
      vertex   9.716256e+01 2.232625e+01 -7.886980e+01
      vertex   9.719254e+01 2.239741e+01 -7.887577e+01
      vertex   9.710053e+01 2.232625e+01 -7.924552e+01
    endloop
  endfacet
  facet normal -1.184460e-01 9.919120e-01 4.561862e-02
    outer loop
      vertex   9.777822e+01 2.254440e+01 -7.784598e+01
      vertex   9.764538e+01 2.254440e+01 -7.819090e+01
      vertex   9.768940e+01 2.253440e+01 -7.785921e+01
    endloop
  endfacet
  facet normal -1.226429e-01 9.913768e-01 4.615952e-02
    outer loop
      vertex   9.768940e+01 2.253440e+01 -7.785921e+01
      vertex   9.764538e+01 2.254440e+01 -7.819090e+01
      vertex   9.756014e+01 2.253440e+01 -7.820263e+01
    endloop
  endfacet
  facet normal -3.545421e-01 9.254694e-01 1.334402e-01
    outer loop
      vertex   9.768940e+01 2.253440e+01 -7.785921e+01
      vertex   9.756014e+01 2.253440e+01 -7.820263e+01
      vertex   9.749226e+01 2.250508e+01 -7.817959e+01
    endloop
  endfacet
  facet normal -3.625104e-01 9.254694e-01 1.099663e-01
    outer loop
      vertex   9.749226e+01 2.250508e+01 -7.817959e+01
      vertex   9.756014e+01 2.253440e+01 -7.820263e+01
      vertex   9.738439e+01 2.250508e+01 -7.853522e+01
    endloop
  endfacet
  facet normal -5.772087e-01 7.976040e-01 1.750943e-01
    outer loop
      vertex   9.749226e+01 2.250508e+01 -7.817959e+01
      vertex   9.738439e+01 2.250508e+01 -7.853522e+01
      vertex   9.732470e+01 2.245838e+01 -7.851923e+01
    endloop
  endfacet
  facet normal -5.874245e-01 7.976040e-01 1.369682e-01
    outer loop
      vertex   9.732470e+01 2.245838e+01 -7.851923e+01
      vertex   9.738439e+01 2.250508e+01 -7.853522e+01
      vertex   9.723940e+01 2.245838e+01 -7.888509e+01
    endloop
  endfacet
  facet normal -7.667088e-01 6.166023e-01 1.787714e-01
    outer loop
      vertex   9.732470e+01 2.245838e+01 -7.851923e+01
      vertex   9.723940e+01 2.245838e+01 -7.888509e+01
      vertex   9.719254e+01 2.239741e+01 -7.887577e+01
    endloop
  endfacet
  facet normal -7.767594e-01 6.166023e-01 1.282435e-01
    outer loop
      vertex   9.719254e+01 2.239741e+01 -7.887577e+01
      vertex   9.723940e+01 2.245838e+01 -7.888509e+01
      vertex   9.713084e+01 2.239741e+01 -7.924951e+01
    endloop
  endfacet
  facet normal -9.065948e-01 3.945654e-01 1.496794e-01
    outer loop
      vertex   9.719254e+01 2.239741e+01 -7.887577e+01
      vertex   9.713084e+01 2.239741e+01 -7.924951e+01
      vertex   9.710053e+01 2.232625e+01 -7.924552e+01
    endloop
  endfacet
  facet normal -9.144433e-01 3.945654e-01 9.006480e-02
    outer loop
      vertex   9.710053e+01 2.232625e+01 -7.924552e+01
      vertex   9.713084e+01 2.239741e+01 -7.924951e+01
      vertex   9.706320e+01 2.232625e+01 -7.962449e+01
    endloop
  endfacet
  facet normal -1.215363e-01 9.918707e-01 3.770092e-02
    outer loop
      vertex   9.764538e+01 2.254440e+01 -7.819090e+01
      vertex   9.753587e+01 2.254440e+01 -7.854392e+01
      vertex   9.756014e+01 2.253440e+01 -7.820263e+01
    endloop
  endfacet
  facet normal -1.250682e-01 9.914225e-01 3.793901e-02
    outer loop
      vertex   9.756014e+01 2.253440e+01 -7.820263e+01
      vertex   9.753587e+01 2.254440e+01 -7.854392e+01
      vertex   9.745363e+01 2.253440e+01 -7.855377e+01
    endloop
  endfacet
  facet normal -3.625104e-01 9.254694e-01 1.099663e-01
    outer loop
      vertex   9.756014e+01 2.253440e+01 -7.820263e+01
      vertex   9.745363e+01 2.253440e+01 -7.855377e+01
      vertex   9.738439e+01 2.250508e+01 -7.853522e+01
    endloop
  endfacet
  facet normal -3.689264e-01 9.254694e-01 8.602157e-02
    outer loop
      vertex   9.738439e+01 2.250508e+01 -7.853522e+01
      vertex   9.745363e+01 2.253440e+01 -7.855377e+01
      vertex   9.730000e+01 2.250508e+01 -7.889714e+01
    endloop
  endfacet
  facet normal -5.874245e-01 7.976040e-01 1.369682e-01
    outer loop
      vertex   9.738439e+01 2.250508e+01 -7.853522e+01
      vertex   9.730000e+01 2.250508e+01 -7.889714e+01
      vertex   9.723940e+01 2.245838e+01 -7.888509e+01
    endloop
  endfacet
  facet normal -5.951250e-01 7.976040e-01 9.825553e-02
    outer loop
      vertex   9.723940e+01 2.245838e+01 -7.888509e+01
      vertex   9.730000e+01 2.250508e+01 -7.889714e+01
      vertex   9.717820e+01 2.245838e+01 -7.925575e+01
    endloop
  endfacet
  facet normal -7.767594e-01 6.166023e-01 1.282435e-01
    outer loop
      vertex   9.723940e+01 2.245838e+01 -7.888509e+01
      vertex   9.717820e+01 2.245838e+01 -7.925575e+01
      vertex   9.713084e+01 2.239741e+01 -7.924951e+01
    endloop
  endfacet
  facet normal -7.834839e-01 6.166023e-01 7.716643e-02
    outer loop
      vertex   9.713084e+01 2.239741e+01 -7.924951e+01
      vertex   9.717820e+01 2.245838e+01 -7.925575e+01
      vertex   9.709371e+01 2.239741e+01 -7.962649e+01
    endloop
  endfacet
  facet normal -9.144433e-01 3.945654e-01 9.006480e-02
    outer loop
      vertex   9.713084e+01 2.239741e+01 -7.924951e+01
      vertex   9.709371e+01 2.239741e+01 -7.962649e+01
      vertex   9.706320e+01 2.232625e+01 -7.962449e+01
    endloop
  endfacet
  facet normal -1.241153e-01 9.918269e-01 2.957817e-02
    outer loop
      vertex   9.753587e+01 2.254440e+01 -7.854392e+01
      vertex   9.745018e+01 2.254440e+01 -7.890346e+01
      vertex   9.745363e+01 2.253440e+01 -7.855377e+01
    endloop
  endfacet
  facet normal -1.269289e-01 9.914702e-01 2.959566e-02
    outer loop
      vertex   9.745363e+01 2.253440e+01 -7.855377e+01
      vertex   9.745018e+01 2.254440e+01 -7.890346e+01
      vertex   9.737030e+01 2.253440e+01 -7.891113e+01
    endloop
  endfacet
  facet normal -3.689264e-01 9.254694e-01 8.602157e-02
    outer loop
      vertex   9.745363e+01 2.253440e+01 -7.855377e+01
      vertex   9.737030e+01 2.253440e+01 -7.891113e+01
      vertex   9.730000e+01 2.250508e+01 -7.889714e+01
    endloop
  endfacet
  facet normal -3.737626e-01 9.254694e-01 6.170845e-02
    outer loop
      vertex   9.730000e+01 2.250508e+01 -7.889714e+01
      vertex   9.737030e+01 2.253440e+01 -7.891113e+01
      vertex   9.723946e+01 2.250508e+01 -7.926381e+01
    endloop
  endfacet
  facet normal -5.951250e-01 7.976040e-01 9.825553e-02
    outer loop
      vertex   9.730000e+01 2.250508e+01 -7.889714e+01
      vertex   9.723946e+01 2.250508e+01 -7.926381e+01
      vertex   9.717820e+01 2.245838e+01 -7.925575e+01
    endloop
  endfacet
  facet normal -6.002770e-01 7.976040e-01 5.912212e-02
    outer loop
      vertex   9.717820e+01 2.245838e+01 -7.925575e+01
      vertex   9.723946e+01 2.250508e+01 -7.926381e+01
      vertex   9.714138e+01 2.245838e+01 -7.962961e+01
    endloop
  endfacet
  facet normal -7.834839e-01 6.166023e-01 7.716643e-02
    outer loop
      vertex   9.717820e+01 2.245838e+01 -7.925575e+01
      vertex   9.714138e+01 2.245838e+01 -7.962961e+01
      vertex   9.709371e+01 2.239741e+01 -7.962649e+01
    endloop
  endfacet
  facet normal -1.261697e-01 9.917804e-01 2.128217e-02
    outer loop
      vertex   9.745018e+01 2.254440e+01 -7.890346e+01
      vertex   9.738871e+01 2.254440e+01 -7.926792e+01
      vertex   9.737030e+01 2.253440e+01 -7.891113e+01
    endloop
  endfacet
  facet normal -1.282196e-01 9.915199e-01 2.116913e-02
    outer loop
      vertex   9.737030e+01 2.253440e+01 -7.891113e+01
      vertex   9.738871e+01 2.254440e+01 -7.926792e+01
      vertex   9.731053e+01 2.253440e+01 -7.927317e+01
    endloop
  endfacet
  facet normal -3.737626e-01 9.254694e-01 6.170845e-02
    outer loop
      vertex   9.737030e+01 2.253440e+01 -7.891113e+01
      vertex   9.731053e+01 2.253440e+01 -7.927317e+01
      vertex   9.723946e+01 2.250508e+01 -7.926381e+01
    endloop
  endfacet
  facet normal -3.769982e-01 9.254694e-01 3.713108e-02
    outer loop
      vertex   9.723946e+01 2.250508e+01 -7.926381e+01
      vertex   9.731053e+01 2.253440e+01 -7.927317e+01
      vertex   9.720303e+01 2.250508e+01 -7.963365e+01
    endloop
  endfacet
  facet normal -6.002770e-01 7.976040e-01 5.912212e-02
    outer loop
      vertex   9.723946e+01 2.250508e+01 -7.926381e+01
      vertex   9.720303e+01 2.250508e+01 -7.963365e+01
      vertex   9.714138e+01 2.245838e+01 -7.962961e+01
    endloop
  endfacet
  facet normal -1.276882e-01 9.917312e-01 1.284556e-02
    outer loop
      vertex   9.738871e+01 2.254440e+01 -7.926792e+01
      vertex   9.735171e+01 2.254440e+01 -7.963568e+01
      vertex   9.731053e+01 2.253440e+01 -7.927317e+01
    endloop
  endfacet
  facet normal -1.289375e-01 9.915714e-01 1.269924e-02
    outer loop
      vertex   9.731053e+01 2.253440e+01 -7.927317e+01
      vertex   9.735171e+01 2.254440e+01 -7.963568e+01
      vertex   9.727456e+01 2.253440e+01 -7.963834e+01
    endloop
  endfacet
  facet normal -3.769982e-01 9.254694e-01 3.713108e-02
    outer loop
      vertex   9.731053e+01 2.253440e+01 -7.927317e+01
      vertex   9.727456e+01 2.253440e+01 -7.963834e+01
      vertex   9.720303e+01 2.250508e+01 -7.963365e+01
    endloop
  endfacet
  facet normal -1.286617e-01 9.916792e-01 4.301631e-03
    outer loop
      vertex   9.735171e+01 2.254440e+01 -7.963568e+01
      vertex   9.733936e+01 2.254440e+01 -8.000509e+01
      vertex   9.727456e+01 2.253440e+01 -7.963834e+01
    endloop
  endfacet
  facet normal -9.887221e-01 1.462957e-01 -3.203349e-02
    outer loop
      vertex   9.705163e+01 2.224964e+01 -8.038250e+01
      vertex   9.703941e+01 2.224964e+01 -8.000509e+01
      vertex   9.705074e+01 2.232625e+01 -8.000509e+01
    endloop
  endfacet
  facet normal -9.887221e-01 1.462957e-01 3.203349e-02
    outer loop
      vertex   9.705074e+01 2.232625e+01 -8.000509e+01
      vertex   9.703941e+01 2.224964e+01 -8.000509e+01
      vertex   9.705163e+01 2.224964e+01 -7.962767e+01
    endloop
  endfacet
  facet normal 9.609983e-01 1.077011e-01 2.547208e-01
    outer loop
      vertex   1.084546e+02 2.224964e+01 -7.832950e+01
      vertex   1.085514e+02 2.224964e+01 -7.869451e+01
      vertex   1.084910e+02 2.232625e+01 -7.849895e+01
    endloop
  endfacet
  facet normal 9.570370e-01 1.851604e-01 2.231497e-01
    outer loop
      vertex   1.084910e+02 2.232625e+01 -7.849895e+01
      vertex   1.085514e+02 2.224964e+01 -7.869451e+01
      vertex   1.085774e+02 2.232625e+01 -7.886980e+01
    endloop
  endfacet
  facet normal 8.948642e-01 3.945654e-01 2.086531e-01
    outer loop
      vertex   1.084910e+02 2.232625e+01 -7.849895e+01
      vertex   1.085774e+02 2.232625e+01 -7.886980e+01
      vertex   1.085475e+02 2.239741e+01 -7.887577e+01
    endloop
  endfacet
  facet normal 9.065948e-01 3.945654e-01 1.496794e-01
    outer loop
      vertex   1.085475e+02 2.239741e+01 -7.887577e+01
      vertex   1.085774e+02 2.232625e+01 -7.886980e+01
      vertex   1.086092e+02 2.239741e+01 -7.924951e+01
    endloop
  endfacet
  facet normal 7.767594e-01 6.166023e-01 1.282435e-01
    outer loop
      vertex   1.085475e+02 2.239741e+01 -7.887577e+01
      vertex   1.086092e+02 2.239741e+01 -7.924951e+01
      vertex   1.085618e+02 2.245838e+01 -7.925575e+01
    endloop
  endfacet
  facet normal 7.834839e-01 6.166023e-01 7.716643e-02
    outer loop
      vertex   1.085618e+02 2.245838e+01 -7.925575e+01
      vertex   1.086092e+02 2.239741e+01 -7.924951e+01
      vertex   1.085986e+02 2.245838e+01 -7.962961e+01
    endloop
  endfacet
  facet normal 6.002770e-01 7.976040e-01 5.912212e-02
    outer loop
      vertex   1.085618e+02 2.245838e+01 -7.925575e+01
      vertex   1.085986e+02 2.245838e+01 -7.962961e+01
      vertex   1.085370e+02 2.250508e+01 -7.963365e+01
    endloop
  endfacet
  facet normal 6.028585e-01 7.976040e-01 1.973554e-02
    outer loop
      vertex   1.085370e+02 2.250508e+01 -7.963365e+01
      vertex   1.085986e+02 2.245838e+01 -7.962961e+01
      vertex   1.085491e+02 2.250508e+01 -8.000509e+01
    endloop
  endfacet
  facet normal 3.786195e-01 9.254694e-01 1.239472e-02
    outer loop
      vertex   1.085370e+02 2.250508e+01 -7.963365e+01
      vertex   1.085491e+02 2.250508e+01 -8.000509e+01
      vertex   1.084774e+02 2.253440e+01 -8.000509e+01
    endloop
  endfacet
  facet normal 3.786195e-01 9.254694e-01 -1.239472e-02
    outer loop
      vertex   1.084774e+02 2.253440e+01 -8.000509e+01
      vertex   1.085491e+02 2.250508e+01 -8.000509e+01
      vertex   1.084654e+02 2.253440e+01 -8.037183e+01
    endloop
  endfacet
  facet normal 9.754836e-01 1.075821e-01 1.919839e-01
    outer loop
      vertex   1.085514e+02 2.224964e+01 -7.869451e+01
      vertex   1.086243e+02 2.224964e+01 -7.906501e+01
      vertex   1.085774e+02 2.232625e+01 -7.886980e+01
    endloop
  endfacet
  facet normal 9.695643e-01 1.852591e-01 1.600757e-01
    outer loop
      vertex   1.085774e+02 2.232625e+01 -7.886980e+01
      vertex   1.086243e+02 2.224964e+01 -7.906501e+01
      vertex   1.086395e+02 2.232625e+01 -7.924552e+01
    endloop
  endfacet
  facet normal 9.065948e-01 3.945654e-01 1.496794e-01
    outer loop
      vertex   1.085774e+02 2.232625e+01 -7.886980e+01
      vertex   1.086395e+02 2.232625e+01 -7.924552e+01
      vertex   1.086092e+02 2.239741e+01 -7.924951e+01
    endloop
  endfacet
  facet normal 9.144433e-01 3.945654e-01 9.006480e-02
    outer loop
      vertex   1.086092e+02 2.239741e+01 -7.924951e+01
      vertex   1.086395e+02 2.232625e+01 -7.924552e+01
      vertex   1.086463e+02 2.239741e+01 -7.962649e+01
    endloop
  endfacet
  facet normal 7.834839e-01 6.166023e-01 7.716643e-02
    outer loop
      vertex   1.086092e+02 2.239741e+01 -7.924951e+01
      vertex   1.086463e+02 2.239741e+01 -7.962649e+01
      vertex   1.085986e+02 2.245838e+01 -7.962961e+01
    endloop
  endfacet
  facet normal 7.868533e-01 6.166023e-01 2.575891e-02
    outer loop
      vertex   1.085986e+02 2.245838e+01 -7.962961e+01
      vertex   1.086463e+02 2.239741e+01 -7.962649e+01
      vertex   1.086109e+02 2.245838e+01 -8.000509e+01
    endloop
  endfacet
  facet normal 6.028585e-01 7.976040e-01 1.973554e-02
    outer loop
      vertex   1.085986e+02 2.245838e+01 -7.962961e+01
      vertex   1.086109e+02 2.245838e+01 -8.000509e+01
      vertex   1.085491e+02 2.250508e+01 -8.000509e+01
    endloop
  endfacet
  facet normal 6.028585e-01 7.976040e-01 -1.973554e-02
    outer loop
      vertex   1.085491e+02 2.250508e+01 -8.000509e+01
      vertex   1.086109e+02 2.245838e+01 -8.000509e+01
      vertex   1.085370e+02 2.250508e+01 -8.037652e+01
    endloop
  endfacet
  facet normal 3.786195e-01 9.254694e-01 -1.239472e-02
    outer loop
      vertex   1.085491e+02 2.250508e+01 -8.000509e+01
      vertex   1.085370e+02 2.250508e+01 -8.037652e+01
      vertex   1.084654e+02 2.253440e+01 -8.037183e+01
    endloop
  endfacet
  facet normal 3.769982e-01 9.254694e-01 -3.713108e-02
    outer loop
      vertex   1.084654e+02 2.253440e+01 -8.037183e+01
      vertex   1.085370e+02 2.250508e+01 -8.037652e+01
      vertex   1.084295e+02 2.253440e+01 -8.073700e+01
    endloop
  endfacet
  facet normal 9.858740e-01 1.074972e-01 1.284395e-01
    outer loop
      vertex   1.086243e+02 2.224964e+01 -7.906501e+01
      vertex   1.086731e+02 2.224964e+01 -7.943946e+01
      vertex   1.086395e+02 2.232625e+01 -7.924552e+01
    endloop
  endfacet
  facet normal 9.779455e-01 1.853248e-01 9.631922e-02
    outer loop
      vertex   1.086395e+02 2.232625e+01 -7.924552e+01
      vertex   1.086731e+02 2.224964e+01 -7.943946e+01
      vertex   1.086768e+02 2.232625e+01 -7.962449e+01
    endloop
  endfacet
  facet normal 9.144433e-01 3.945654e-01 9.006480e-02
    outer loop
      vertex   1.086395e+02 2.232625e+01 -7.924552e+01
      vertex   1.086768e+02 2.232625e+01 -7.962449e+01
      vertex   1.086463e+02 2.239741e+01 -7.962649e+01
    endloop
  endfacet
  facet normal 9.183759e-01 3.945654e-01 3.006451e-02
    outer loop
      vertex   1.086463e+02 2.239741e+01 -7.962649e+01
      vertex   1.086768e+02 2.232625e+01 -7.962449e+01
      vertex   1.086587e+02 2.239741e+01 -8.000509e+01
    endloop
  endfacet
  facet normal 7.868533e-01 6.166023e-01 2.575891e-02
    outer loop
      vertex   1.086463e+02 2.239741e+01 -7.962649e+01
      vertex   1.086587e+02 2.239741e+01 -8.000509e+01
      vertex   1.086109e+02 2.245838e+01 -8.000509e+01
    endloop
  endfacet
  facet normal 7.868533e-01 6.166023e-01 -2.575891e-02
    outer loop
      vertex   1.086109e+02 2.245838e+01 -8.000509e+01
      vertex   1.086587e+02 2.239741e+01 -8.000509e+01
      vertex   1.085986e+02 2.245838e+01 -8.038056e+01
    endloop
  endfacet
  facet normal 6.028585e-01 7.976040e-01 -1.973554e-02
    outer loop
      vertex   1.086109e+02 2.245838e+01 -8.000509e+01
      vertex   1.085986e+02 2.245838e+01 -8.038056e+01
      vertex   1.085370e+02 2.250508e+01 -8.037652e+01
    endloop
  endfacet
  facet normal 6.002770e-01 7.976040e-01 -5.912212e-02
    outer loop
      vertex   1.085370e+02 2.250508e+01 -8.037652e+01
      vertex   1.085986e+02 2.245838e+01 -8.038056e+01
      vertex   1.085005e+02 2.250508e+01 -8.074636e+01
    endloop
  endfacet
  facet normal 3.769982e-01 9.254694e-01 -3.713108e-02
    outer loop
      vertex   1.085370e+02 2.250508e+01 -8.037652e+01
      vertex   1.085005e+02 2.250508e+01 -8.074636e+01
      vertex   1.084295e+02 2.253440e+01 -8.073700e+01
    endloop
  endfacet
  facet normal 3.737626e-01 9.254694e-01 -6.170845e-02
    outer loop
      vertex   1.084295e+02 2.253440e+01 -8.073700e+01
      vertex   1.085005e+02 2.250508e+01 -8.074636e+01
      vertex   1.083697e+02 2.253440e+01 -8.109904e+01
    endloop
  endfacet
  facet normal 9.921259e-01 1.074462e-01 6.435509e-02
    outer loop
      vertex   1.086731e+02 2.224964e+01 -7.943946e+01
      vertex   1.086975e+02 2.224964e+01 -7.981628e+01
      vertex   1.086768e+02 2.232625e+01 -7.962449e+01
    endloop
  endfacet
  facet normal 9.821450e-01 1.853577e-01 3.215210e-02
    outer loop
      vertex   1.086768e+02 2.232625e+01 -7.962449e+01
      vertex   1.086975e+02 2.224964e+01 -7.981628e+01
      vertex   1.086893e+02 2.232625e+01 -8.000509e+01
    endloop
  endfacet
  facet normal 9.183759e-01 3.945654e-01 3.006451e-02
    outer loop
      vertex   1.086768e+02 2.232625e+01 -7.962449e+01
      vertex   1.086893e+02 2.232625e+01 -8.000509e+01
      vertex   1.086587e+02 2.239741e+01 -8.000509e+01
    endloop
  endfacet
  facet normal 9.183759e-01 3.945654e-01 -3.006451e-02
    outer loop
      vertex   1.086587e+02 2.239741e+01 -8.000509e+01
      vertex   1.086893e+02 2.232625e+01 -8.000509e+01
      vertex   1.086463e+02 2.239741e+01 -8.038368e+01
    endloop
  endfacet
  facet normal 7.868533e-01 6.166023e-01 -2.575891e-02
    outer loop
      vertex   1.086587e+02 2.239741e+01 -8.000509e+01
      vertex   1.086463e+02 2.239741e+01 -8.038368e+01
      vertex   1.085986e+02 2.245838e+01 -8.038056e+01
    endloop
  endfacet
  facet normal 7.834839e-01 6.166023e-01 -7.716643e-02
    outer loop
      vertex   1.085986e+02 2.245838e+01 -8.038056e+01
      vertex   1.086463e+02 2.239741e+01 -8.038368e+01
      vertex   1.085618e+02 2.245838e+01 -8.075442e+01
    endloop
  endfacet
  facet normal 6.002770e-01 7.976040e-01 -5.912212e-02
    outer loop
      vertex   1.085986e+02 2.245838e+01 -8.038056e+01
      vertex   1.085618e+02 2.245838e+01 -8.075442e+01
      vertex   1.085005e+02 2.250508e+01 -8.074636e+01
    endloop
  endfacet
  facet normal 5.951250e-01 7.976040e-01 -9.825553e-02
    outer loop
      vertex   1.085005e+02 2.250508e+01 -8.074636e+01
      vertex   1.085618e+02 2.245838e+01 -8.075442e+01
      vertex   1.084400e+02 2.250508e+01 -8.111303e+01
    endloop
  endfacet
  facet normal 3.737626e-01 9.254694e-01 -6.170845e-02
    outer loop
      vertex   1.085005e+02 2.250508e+01 -8.074636e+01
      vertex   1.084400e+02 2.250508e+01 -8.111303e+01
      vertex   1.083697e+02 2.253440e+01 -8.109904e+01
    endloop
  endfacet
  facet normal 3.689264e-01 9.254694e-01 -8.602157e-02
    outer loop
      vertex   1.083697e+02 2.253440e+01 -8.109904e+01
      vertex   1.084400e+02 2.250508e+01 -8.111303e+01
      vertex   1.082864e+02 2.253440e+01 -8.145640e+01
    endloop
  endfacet
  facet normal 9.942127e-01 1.074292e-01 0.000000e+00
    outer loop
      vertex   1.086975e+02 2.224964e+01 -7.981628e+01
      vertex   1.086975e+02 2.224964e+01 -8.019389e+01
      vertex   1.086893e+02 2.232625e+01 -8.000509e+01
    endloop
  endfacet
  facet normal 9.821450e-01 1.853577e-01 -3.215210e-02
    outer loop
      vertex   1.086893e+02 2.232625e+01 -8.000509e+01
      vertex   1.086975e+02 2.224964e+01 -8.019389e+01
      vertex   1.086768e+02 2.232625e+01 -8.038568e+01
    endloop
  endfacet
  facet normal 9.183759e-01 3.945654e-01 -3.006451e-02
    outer loop
      vertex   1.086893e+02 2.232625e+01 -8.000509e+01
      vertex   1.086768e+02 2.232625e+01 -8.038568e+01
      vertex   1.086463e+02 2.239741e+01 -8.038368e+01
    endloop
  endfacet
  facet normal 9.144433e-01 3.945654e-01 -9.006480e-02
    outer loop
      vertex   1.086463e+02 2.239741e+01 -8.038368e+01
      vertex   1.086768e+02 2.232625e+01 -8.038568e+01
      vertex   1.086092e+02 2.239741e+01 -8.076066e+01
    endloop
  endfacet
  facet normal 7.834839e-01 6.166023e-01 -7.716643e-02
    outer loop
      vertex   1.086463e+02 2.239741e+01 -8.038368e+01
      vertex   1.086092e+02 2.239741e+01 -8.076066e+01
      vertex   1.085618e+02 2.245838e+01 -8.075442e+01
    endloop
  endfacet
  facet normal 7.767594e-01 6.166023e-01 -1.282435e-01
    outer loop
      vertex   1.085618e+02 2.245838e+01 -8.075442e+01
      vertex   1.086092e+02 2.239741e+01 -8.076066e+01
      vertex   1.085006e+02 2.245838e+01 -8.112508e+01
    endloop
  endfacet
  facet normal 5.951250e-01 7.976040e-01 -9.825553e-02
    outer loop
      vertex   1.085618e+02 2.245838e+01 -8.075442e+01
      vertex   1.085006e+02 2.245838e+01 -8.112508e+01
      vertex   1.084400e+02 2.250508e+01 -8.111303e+01
    endloop
  endfacet
  facet normal 5.874245e-01 7.976040e-01 -1.369682e-01
    outer loop
      vertex   1.084400e+02 2.250508e+01 -8.111303e+01
      vertex   1.085006e+02 2.245838e+01 -8.112508e+01
      vertex   1.083556e+02 2.250508e+01 -8.147495e+01
    endloop
  endfacet
  facet normal 3.689264e-01 9.254694e-01 -8.602157e-02
    outer loop
      vertex   1.084400e+02 2.250508e+01 -8.111303e+01
      vertex   1.083556e+02 2.250508e+01 -8.147495e+01
      vertex   1.082864e+02 2.253440e+01 -8.145640e+01
    endloop
  endfacet
  facet normal 3.625104e-01 9.254694e-01 -1.099663e-01
    outer loop
      vertex   1.082864e+02 2.253440e+01 -8.145640e+01
      vertex   1.083556e+02 2.250508e+01 -8.147495e+01
      vertex   1.081799e+02 2.253440e+01 -8.180754e+01
    endloop
  endfacet
  facet normal 9.921259e-01 1.074462e-01 -6.435509e-02
    outer loop
      vertex   1.086975e+02 2.224964e+01 -8.019389e+01
      vertex   1.086731e+02 2.224964e+01 -8.057071e+01
      vertex   1.086768e+02 2.232625e+01 -8.038568e+01
    endloop
  endfacet
  facet normal 9.779455e-01 1.853248e-01 -9.631922e-02
    outer loop
      vertex   1.086768e+02 2.232625e+01 -8.038568e+01
      vertex   1.086731e+02 2.224964e+01 -8.057071e+01
      vertex   1.086395e+02 2.232625e+01 -8.076465e+01
    endloop
  endfacet
  facet normal 9.144433e-01 3.945654e-01 -9.006480e-02
    outer loop
      vertex   1.086768e+02 2.232625e+01 -8.038568e+01
      vertex   1.086395e+02 2.232625e+01 -8.076465e+01
      vertex   1.086092e+02 2.239741e+01 -8.076066e+01
    endloop
  endfacet
  facet normal 9.065948e-01 3.945654e-01 -1.496794e-01
    outer loop
      vertex   1.086092e+02 2.239741e+01 -8.076066e+01
      vertex   1.086395e+02 2.232625e+01 -8.076465e+01
      vertex   1.085475e+02 2.239741e+01 -8.113440e+01
    endloop
  endfacet
  facet normal 7.767594e-01 6.166023e-01 -1.282435e-01
    outer loop
      vertex   1.086092e+02 2.239741e+01 -8.076066e+01
      vertex   1.085475e+02 2.239741e+01 -8.113440e+01
      vertex   1.085006e+02 2.245838e+01 -8.112508e+01
    endloop
  endfacet
  facet normal 7.667088e-01 6.166023e-01 -1.787714e-01
    outer loop
      vertex   1.085006e+02 2.245838e+01 -8.112508e+01
      vertex   1.085475e+02 2.239741e+01 -8.113440e+01
      vertex   1.084153e+02 2.245838e+01 -8.149094e+01
    endloop
  endfacet
  facet normal 5.874245e-01 7.976040e-01 -1.369682e-01
    outer loop
      vertex   1.085006e+02 2.245838e+01 -8.112508e+01
      vertex   1.084153e+02 2.245838e+01 -8.149094e+01
      vertex   1.083556e+02 2.250508e+01 -8.147495e+01
    endloop
  endfacet
  facet normal 5.772087e-01 7.976040e-01 -1.750943e-01
    outer loop
      vertex   1.083556e+02 2.250508e+01 -8.147495e+01
      vertex   1.084153e+02 2.245838e+01 -8.149094e+01
      vertex   1.082477e+02 2.250508e+01 -8.183058e+01
    endloop
  endfacet
  facet normal 3.625104e-01 9.254694e-01 -1.099663e-01
    outer loop
      vertex   1.083556e+02 2.250508e+01 -8.147495e+01
      vertex   1.082477e+02 2.250508e+01 -8.183058e+01
      vertex   1.081799e+02 2.253440e+01 -8.180754e+01
    endloop
  endfacet
  facet normal 3.545421e-01 9.254694e-01 -1.334402e-01
    outer loop
      vertex   1.081799e+02 2.253440e+01 -8.180754e+01
      vertex   1.082477e+02 2.250508e+01 -8.183058e+01
      vertex   1.080506e+02 2.253440e+01 -8.215096e+01
    endloop
  endfacet
  facet normal 9.858740e-01 1.074972e-01 -1.284395e-01
    outer loop
      vertex   1.086731e+02 2.224964e+01 -8.057071e+01
      vertex   1.086243e+02 2.224964e+01 -8.094516e+01
      vertex   1.086395e+02 2.232625e+01 -8.076465e+01
    endloop
  endfacet
  facet normal 9.695643e-01 1.852591e-01 -1.600757e-01
    outer loop
      vertex   1.086395e+02 2.232625e+01 -8.076465e+01
      vertex   1.086243e+02 2.224964e+01 -8.094516e+01
      vertex   1.085774e+02 2.232625e+01 -8.114037e+01
    endloop
  endfacet
  facet normal 9.065948e-01 3.945654e-01 -1.496794e-01
    outer loop
      vertex   1.086395e+02 2.232625e+01 -8.076465e+01
      vertex   1.085774e+02 2.232625e+01 -8.114037e+01
      vertex   1.085475e+02 2.239741e+01 -8.113440e+01
    endloop
  endfacet
  facet normal 8.948642e-01 3.945654e-01 -2.086531e-01
    outer loop
      vertex   1.085475e+02 2.239741e+01 -8.113440e+01
      vertex   1.085774e+02 2.232625e+01 -8.114037e+01
      vertex   1.084614e+02 2.239741e+01 -8.150331e+01
    endloop
  endfacet
  facet normal 7.667088e-01 6.166023e-01 -1.787714e-01
    outer loop
      vertex   1.085475e+02 2.239741e+01 -8.113440e+01
      vertex   1.084614e+02 2.239741e+01 -8.150331e+01
      vertex   1.084153e+02 2.245838e+01 -8.149094e+01
    endloop
  endfacet
  facet normal 7.533750e-01 6.166023e-01 -2.285338e-01
    outer loop
      vertex   1.084153e+02 2.245838e+01 -8.149094e+01
      vertex   1.084614e+02 2.239741e+01 -8.150331e+01
      vertex   1.083062e+02 2.245838e+01 -8.185044e+01
    endloop
  endfacet
  facet normal 5.772087e-01 7.976040e-01 -1.750943e-01
    outer loop
      vertex   1.084153e+02 2.245838e+01 -8.149094e+01
      vertex   1.083062e+02 2.245838e+01 -8.185044e+01
      vertex   1.082477e+02 2.250508e+01 -8.183058e+01
    endloop
  endfacet
  facet normal 5.645211e-01 7.976040e-01 -2.124707e-01
    outer loop
      vertex   1.082477e+02 2.250508e+01 -8.183058e+01
      vertex   1.083062e+02 2.245838e+01 -8.185044e+01
      vertex   1.081168e+02 2.250508e+01 -8.217839e+01
    endloop
  endfacet
  facet normal 3.545421e-01 9.254694e-01 -1.334402e-01
    outer loop
      vertex   1.082477e+02 2.250508e+01 -8.183058e+01
      vertex   1.081168e+02 2.250508e+01 -8.217839e+01
      vertex   1.080506e+02 2.253440e+01 -8.215096e+01
    endloop
  endfacet
  facet normal 3.450556e-01 9.254694e-01 -1.563426e-01
    outer loop
      vertex   1.080506e+02 2.253440e+01 -8.215096e+01
      vertex   1.081168e+02 2.250508e+01 -8.217839e+01
      vertex   1.078992e+02 2.253440e+01 -8.248519e+01
    endloop
  endfacet
  facet normal 9.754836e-01 1.075821e-01 -1.919839e-01
    outer loop
      vertex   1.086243e+02 2.224964e+01 -8.094516e+01
      vertex   1.085514e+02 2.224964e+01 -8.131566e+01
      vertex   1.085774e+02 2.232625e+01 -8.114037e+01
    endloop
  endfacet
  facet normal 9.570370e-01 1.851604e-01 -2.231497e-01
    outer loop
      vertex   1.085774e+02 2.232625e+01 -8.114037e+01
      vertex   1.085514e+02 2.224964e+01 -8.131566e+01
      vertex   1.084910e+02 2.232625e+01 -8.151122e+01
    endloop
  endfacet
  facet normal 8.948642e-01 3.945654e-01 -2.086531e-01
    outer loop
      vertex   1.085774e+02 2.232625e+01 -8.114037e+01
      vertex   1.084910e+02 2.232625e+01 -8.151122e+01
      vertex   1.084614e+02 2.239741e+01 -8.150331e+01
    endloop
  endfacet
  facet normal 8.793017e-01 3.945654e-01 -2.667333e-01
    outer loop
      vertex   1.084614e+02 2.239741e+01 -8.150331e+01
      vertex   1.084910e+02 2.232625e+01 -8.151122e+01
      vertex   1.083515e+02 2.239741e+01 -8.186580e+01
    endloop
  endfacet
  facet normal 7.533750e-01 6.166023e-01 -2.285338e-01
    outer loop
      vertex   1.084614e+02 2.239741e+01 -8.150331e+01
      vertex   1.083515e+02 2.239741e+01 -8.186580e+01
      vertex   1.083062e+02 2.245838e+01 -8.185044e+01
    endloop
  endfacet
  facet normal 7.368152e-01 6.166023e-01 -2.773176e-01
    outer loop
      vertex   1.083062e+02 2.245838e+01 -8.185044e+01
      vertex   1.083515e+02 2.239741e+01 -8.186580e+01
      vertex   1.081739e+02 2.245838e+01 -8.220204e+01
    endloop
  endfacet
  facet normal 5.645211e-01 7.976040e-01 -2.124707e-01
    outer loop
      vertex   1.083062e+02 2.245838e+01 -8.185044e+01
      vertex   1.081739e+02 2.245838e+01 -8.220204e+01
      vertex   1.081168e+02 2.250508e+01 -8.217839e+01
    endloop
  endfacet
  facet normal 5.494162e-01 7.976040e-01 -2.489372e-01
    outer loop
      vertex   1.081168e+02 2.250508e+01 -8.217839e+01
      vertex   1.081739e+02 2.245838e+01 -8.220204e+01
      vertex   1.079635e+02 2.250508e+01 -8.251690e+01
    endloop
  endfacet
  facet normal 3.450556e-01 9.254694e-01 -1.563426e-01
    outer loop
      vertex   1.081168e+02 2.250508e+01 -8.217839e+01
      vertex   1.079635e+02 2.250508e+01 -8.251690e+01
      vertex   1.078992e+02 2.253440e+01 -8.248519e+01
    endloop
  endfacet
  facet normal 3.340915e-01 9.254694e-01 -1.785756e-01
    outer loop
      vertex   1.078992e+02 2.253440e+01 -8.248519e+01
      vertex   1.079635e+02 2.250508e+01 -8.251690e+01
      vertex   1.077262e+02 2.253440e+01 -8.280881e+01
    endloop
  endfacet
  facet normal 9.609983e-01 1.077011e-01 -2.547208e-01
    outer loop
      vertex   1.085514e+02 2.224964e+01 -8.131566e+01
      vertex   1.084546e+02 2.224964e+01 -8.168067e+01
      vertex   1.084910e+02 2.232625e+01 -8.151122e+01
    endloop
  endfacet
  facet normal 9.404169e-01 1.850289e-01 -2.852724e-01
    outer loop
      vertex   1.084910e+02 2.232625e+01 -8.151122e+01
      vertex   1.084546e+02 2.224964e+01 -8.168067e+01
      vertex   1.083804e+02 2.232625e+01 -8.187562e+01
    endloop
  endfacet
  facet normal 8.793017e-01 3.945654e-01 -2.667333e-01
    outer loop
      vertex   1.084910e+02 2.232625e+01 -8.151122e+01
      vertex   1.083804e+02 2.232625e+01 -8.187562e+01
      vertex   1.083515e+02 2.239741e+01 -8.186580e+01
    endloop
  endfacet
  facet normal 8.599739e-01 3.945654e-01 -3.236712e-01
    outer loop
      vertex   1.083515e+02 2.239741e+01 -8.186580e+01
      vertex   1.083804e+02 2.232625e+01 -8.187562e+01
      vertex   1.082180e+02 2.239741e+01 -8.222032e+01
    endloop
  endfacet
  facet normal 7.368152e-01 6.166023e-01 -2.773176e-01
    outer loop
      vertex   1.083515e+02 2.239741e+01 -8.186580e+01
      vertex   1.082180e+02 2.239741e+01 -8.222032e+01
      vertex   1.081739e+02 2.245838e+01 -8.220204e+01
    endloop
  endfacet
  facet normal 7.171002e-01 6.166023e-01 -3.249139e-01
    outer loop
      vertex   1.081739e+02 2.245838e+01 -8.220204e+01
      vertex   1.082180e+02 2.239741e+01 -8.222032e+01
      vertex   1.080189e+02 2.245838e+01 -8.254423e+01
    endloop
  endfacet
  facet normal 5.494162e-01 7.976040e-01 -2.489372e-01
    outer loop
      vertex   1.081739e+02 2.245838e+01 -8.220204e+01
      vertex   1.080189e+02 2.245838e+01 -8.254423e+01
      vertex   1.079635e+02 2.250508e+01 -8.251690e+01
    endloop
  endfacet
  facet normal 5.319586e-01 7.976040e-01 -2.843378e-01
    outer loop
      vertex   1.079635e+02 2.250508e+01 -8.251690e+01
      vertex   1.080189e+02 2.245838e+01 -8.254423e+01
      vertex   1.077883e+02 2.250508e+01 -8.284465e+01
    endloop
  endfacet
  facet normal 3.340915e-01 9.254694e-01 -1.785756e-01
    outer loop
      vertex   1.079635e+02 2.250508e+01 -8.251690e+01
      vertex   1.077883e+02 2.250508e+01 -8.284465e+01
      vertex   1.077262e+02 2.253440e+01 -8.280881e+01
    endloop
  endfacet
  facet normal 3.216968e-01 9.254694e-01 -2.000439e-01
    outer loop
      vertex   1.077262e+02 2.253440e+01 -8.280881e+01
      vertex   1.077883e+02 2.250508e+01 -8.284465e+01
      vertex   1.075324e+02 2.253440e+01 -8.312041e+01
    endloop
  endfacet
  facet normal 9.424792e-01 1.078540e-01 -3.163866e-01
    outer loop
      vertex   1.084546e+02 2.224964e+01 -8.168067e+01
      vertex   1.083345e+02 2.224964e+01 -8.203865e+01
      vertex   1.083804e+02 2.232625e+01 -8.187562e+01
    endloop
  endfacet
  facet normal 9.197747e-01 1.848645e-01 -3.461787e-01
    outer loop
      vertex   1.083804e+02 2.232625e+01 -8.187562e+01
      vertex   1.083345e+02 2.224964e+01 -8.203865e+01
      vertex   1.082463e+02 2.232625e+01 -8.223202e+01
    endloop
  endfacet
  facet normal 8.599739e-01 3.945654e-01 -3.236712e-01
    outer loop
      vertex   1.083804e+02 2.232625e+01 -8.187562e+01
      vertex   1.082463e+02 2.232625e+01 -8.223202e+01
      vertex   1.082180e+02 2.239741e+01 -8.222032e+01
    endloop
  endfacet
  facet normal 8.369635e-01 3.945654e-01 -3.792232e-01
    outer loop
      vertex   1.082180e+02 2.239741e+01 -8.222032e+01
      vertex   1.082463e+02 2.232625e+01 -8.223202e+01
      vertex   1.080617e+02 2.239741e+01 -8.256535e+01
    endloop
  endfacet
  facet normal 7.171002e-01 6.166023e-01 -3.249139e-01
    outer loop
      vertex   1.082180e+02 2.239741e+01 -8.222032e+01
      vertex   1.080617e+02 2.239741e+01 -8.256535e+01
      vertex   1.080189e+02 2.245838e+01 -8.254423e+01
    endloop
  endfacet
  facet normal 6.943144e-01 6.166023e-01 -3.711188e-01
    outer loop
      vertex   1.080189e+02 2.245838e+01 -8.254423e+01
      vertex   1.080617e+02 2.239741e+01 -8.256535e+01
      vertex   1.078418e+02 2.245838e+01 -8.287554e+01
    endloop
  endfacet
  facet normal 5.319586e-01 7.976040e-01 -2.843378e-01
    outer loop
      vertex   1.080189e+02 2.245838e+01 -8.254423e+01
      vertex   1.078418e+02 2.245838e+01 -8.287554e+01
      vertex   1.077883e+02 2.250508e+01 -8.284465e+01
    endloop
  endfacet
  facet normal 5.122230e-01 7.976040e-01 -3.185207e-01
    outer loop
      vertex   1.077883e+02 2.250508e+01 -8.284465e+01
      vertex   1.078418e+02 2.245838e+01 -8.287554e+01
      vertex   1.075920e+02 2.250508e+01 -8.316024e+01
    endloop
  endfacet
  facet normal 3.216968e-01 9.254694e-01 -2.000439e-01
    outer loop
      vertex   1.077883e+02 2.250508e+01 -8.284465e+01
      vertex   1.075920e+02 2.250508e+01 -8.316024e+01
      vertex   1.075324e+02 2.253440e+01 -8.312041e+01
    endloop
  endfacet
  facet normal 3.079245e-01 9.254694e-01 -2.206556e-01
    outer loop
      vertex   1.075324e+02 2.253440e+01 -8.312041e+01
      vertex   1.075920e+02 2.250508e+01 -8.316024e+01
      vertex   1.073187e+02 2.253440e+01 -8.341868e+01
    endloop
  endfacet
  facet normal 9.200042e-01 1.080408e-01 -3.767219e-01
    outer loop
      vertex   1.083345e+02 2.224964e+01 -8.203865e+01
      vertex   1.081914e+02 2.224964e+01 -8.238810e+01
      vertex   1.082463e+02 2.232625e+01 -8.223202e+01
    endloop
  endfacet
  facet normal 8.951980e-01 1.846672e-01 -4.056089e-01
    outer loop
      vertex   1.082463e+02 2.232625e+01 -8.223202e+01
      vertex   1.081914e+02 2.224964e+01 -8.238810e+01
      vertex   1.080891e+02 2.232625e+01 -8.257888e+01
    endloop
  endfacet
  facet normal 8.369635e-01 3.945654e-01 -3.792232e-01
    outer loop
      vertex   1.082463e+02 2.232625e+01 -8.223202e+01
      vertex   1.080891e+02 2.232625e+01 -8.257888e+01
      vertex   1.080617e+02 2.239741e+01 -8.256535e+01
    endloop
  endfacet
  facet normal 8.103691e-01 3.945654e-01 -4.331513e-01
    outer loop
      vertex   1.080617e+02 2.239741e+01 -8.256535e+01
      vertex   1.080891e+02 2.232625e+01 -8.257888e+01
      vertex   1.078831e+02 2.239741e+01 -8.289943e+01
    endloop
  endfacet
  facet normal 6.943144e-01 6.166023e-01 -3.711188e-01
    outer loop
      vertex   1.080617e+02 2.239741e+01 -8.256535e+01
      vertex   1.078831e+02 2.239741e+01 -8.289943e+01
      vertex   1.078418e+02 2.245838e+01 -8.287554e+01
    endloop
  endfacet
  facet normal 6.685555e-01 6.166023e-01 -4.157345e-01
    outer loop
      vertex   1.078418e+02 2.245838e+01 -8.287554e+01
      vertex   1.078831e+02 2.239741e+01 -8.289943e+01
      vertex   1.076434e+02 2.245838e+01 -8.319457e+01
    endloop
  endfacet
  facet normal 5.122230e-01 7.976040e-01 -3.185207e-01
    outer loop
      vertex   1.078418e+02 2.245838e+01 -8.287554e+01
      vertex   1.076434e+02 2.245838e+01 -8.319457e+01
      vertex   1.075920e+02 2.250508e+01 -8.316024e+01
    endloop
  endfacet
  facet normal 4.902941e-01 7.976040e-01 -3.513398e-01
    outer loop
      vertex   1.075920e+02 2.250508e+01 -8.316024e+01
      vertex   1.076434e+02 2.245838e+01 -8.319457e+01
      vertex   1.073756e+02 2.250508e+01 -8.346232e+01
    endloop
  endfacet
  facet normal 3.079245e-01 9.254694e-01 -2.206556e-01
    outer loop
      vertex   1.075920e+02 2.250508e+01 -8.316024e+01
      vertex   1.073756e+02 2.250508e+01 -8.346232e+01
      vertex   1.073187e+02 2.253440e+01 -8.341868e+01
    endloop
  endfacet
  facet normal 2.928336e-01 9.254694e-01 -2.403224e-01
    outer loop
      vertex   1.073187e+02 2.253440e+01 -8.341868e+01
      vertex   1.073756e+02 2.250508e+01 -8.346232e+01
      vertex   1.070859e+02 2.253440e+01 -8.370233e+01
    endloop
  endfacet
  facet normal 8.936681e-01 1.082617e-01 -4.354730e-01
    outer loop
      vertex   1.081914e+02 2.224964e+01 -8.238810e+01
      vertex   1.080260e+02 2.224964e+01 -8.272755e+01
      vertex   1.080891e+02 2.232625e+01 -8.257888e+01
    endloop
  endfacet
  facet normal 8.667913e-01 1.844369e-01 -4.633096e-01
    outer loop
      vertex   1.080891e+02 2.232625e+01 -8.257888e+01
      vertex   1.080260e+02 2.224964e+01 -8.272755e+01
      vertex   1.079096e+02 2.232625e+01 -8.291471e+01
    endloop
  endfacet
  facet normal 8.103691e-01 3.945654e-01 -4.331513e-01
    outer loop
      vertex   1.080891e+02 2.232625e+01 -8.257888e+01
      vertex   1.079096e+02 2.232625e+01 -8.291471e+01
      vertex   1.078831e+02 2.239741e+01 -8.289943e+01
    endloop
  endfacet
  facet normal 7.803046e-01 3.945654e-01 -4.852246e-01
    outer loop
      vertex   1.078831e+02 2.239741e+01 -8.289943e+01
      vertex   1.079096e+02 2.232625e+01 -8.291471e+01
      vertex   1.076831e+02 2.239741e+01 -8.322111e+01
    endloop
  endfacet
  facet normal 6.685555e-01 6.166023e-01 -4.157345e-01
    outer loop
      vertex   1.078831e+02 2.239741e+01 -8.289943e+01
      vertex   1.076831e+02 2.239741e+01 -8.322111e+01
      vertex   1.076434e+02 2.245838e+01 -8.319457e+01
    endloop
  endfacet
  facet normal 6.399337e-01 6.166023e-01 -4.585700e-01
    outer loop
      vertex   1.076434e+02 2.245838e+01 -8.319457e+01
      vertex   1.076831e+02 2.239741e+01 -8.322111e+01
      vertex   1.074246e+02 2.245838e+01 -8.349993e+01
    endloop
  endfacet
  facet normal 4.902941e-01 7.976040e-01 -3.513398e-01
    outer loop
      vertex   1.076434e+02 2.245838e+01 -8.319457e+01
      vertex   1.074246e+02 2.245838e+01 -8.349993e+01
      vertex   1.073756e+02 2.250508e+01 -8.346232e+01
    endloop
  endfacet
  facet normal 4.662656e-01 7.976040e-01 -3.826543e-01
    outer loop
      vertex   1.073756e+02 2.250508e+01 -8.346232e+01
      vertex   1.074246e+02 2.245838e+01 -8.349993e+01
      vertex   1.071398e+02 2.250508e+01 -8.374959e+01
    endloop
  endfacet
  facet normal 2.928336e-01 9.254694e-01 -2.403224e-01
    outer loop
      vertex   1.073756e+02 2.250508e+01 -8.346232e+01
      vertex   1.071398e+02 2.250508e+01 -8.374959e+01
      vertex   1.070859e+02 2.253440e+01 -8.370233e+01
    endloop
  endfacet
  facet normal 2.764888e-01 9.254694e-01 -2.589600e-01
    outer loop
      vertex   1.070859e+02 2.253440e+01 -8.370233e+01
      vertex   1.071398e+02 2.250508e+01 -8.374959e+01
      vertex   1.068351e+02 2.253440e+01 -8.397015e+01
    endloop
  endfacet
  facet normal 8.635817e-01 1.085165e-01 -4.923930e-01
    outer loop
      vertex   1.080260e+02 2.224964e+01 -8.272755e+01
      vertex   1.078389e+02 2.224964e+01 -8.305559e+01
      vertex   1.079096e+02 2.232625e+01 -8.291471e+01
    endloop
  endfacet
  facet normal 8.346755e-01 1.841738e-01 -5.190346e-01
    outer loop
      vertex   1.079096e+02 2.232625e+01 -8.291471e+01
      vertex   1.078389e+02 2.224964e+01 -8.305559e+01
      vertex   1.077085e+02 2.232625e+01 -8.323809e+01
    endloop
  endfacet
  facet normal 7.803046e-01 3.945654e-01 -4.852246e-01
    outer loop
      vertex   1.079096e+02 2.232625e+01 -8.291471e+01
      vertex   1.077085e+02 2.232625e+01 -8.323809e+01
      vertex   1.076831e+02 2.239741e+01 -8.322111e+01
    endloop
  endfacet
  facet normal 7.468987e-01 3.945654e-01 -5.352200e-01
    outer loop
      vertex   1.076831e+02 2.239741e+01 -8.322111e+01
      vertex   1.077085e+02 2.232625e+01 -8.323809e+01
      vertex   1.074625e+02 2.239741e+01 -8.352901e+01
    endloop
  endfacet
  facet normal 6.399337e-01 6.166023e-01 -4.585700e-01
    outer loop
      vertex   1.076831e+02 2.239741e+01 -8.322111e+01
      vertex   1.074625e+02 2.239741e+01 -8.352901e+01
      vertex   1.074246e+02 2.245838e+01 -8.349993e+01
    endloop
  endfacet
  facet normal 6.085717e-01 6.166023e-01 -4.994419e-01
    outer loop
      vertex   1.074246e+02 2.245838e+01 -8.349993e+01
      vertex   1.074625e+02 2.239741e+01 -8.352901e+01
      vertex   1.071862e+02 2.245838e+01 -8.379033e+01
    endloop
  endfacet
  facet normal 4.662656e-01 7.976040e-01 -3.826543e-01
    outer loop
      vertex   1.074246e+02 2.245838e+01 -8.349993e+01
      vertex   1.071862e+02 2.245838e+01 -8.379033e+01
      vertex   1.071398e+02 2.250508e+01 -8.374959e+01
    endloop
  endfacet
  facet normal 4.402405e-01 7.976040e-01 -4.123302e-01
    outer loop
      vertex   1.071398e+02 2.250508e+01 -8.374959e+01
      vertex   1.071862e+02 2.245838e+01 -8.379033e+01
      vertex   1.068857e+02 2.250508e+01 -8.402083e+01
    endloop
  endfacet
  facet normal 2.764888e-01 9.254694e-01 -2.589600e-01
    outer loop
      vertex   1.071398e+02 2.250508e+01 -8.374959e+01
      vertex   1.068857e+02 2.250508e+01 -8.402083e+01
      vertex   1.068351e+02 2.253440e+01 -8.397015e+01
    endloop
  endfacet
  facet normal 2.589600e-01 9.254694e-01 -2.764888e-01
    outer loop
      vertex   1.068351e+02 2.253440e+01 -8.397015e+01
      vertex   1.068857e+02 2.250508e+01 -8.402083e+01
      vertex   1.065672e+02 2.253440e+01 -8.422098e+01
    endloop
  endfacet
  facet normal 8.298718e-01 1.088052e-01 -5.472425e-01
    outer loop
      vertex   1.078389e+02 2.224964e+01 -8.305559e+01
      vertex   1.076311e+02 2.224964e+01 -8.337083e+01
      vertex   1.077085e+02 2.232625e+01 -8.323809e+01
    endloop
  endfacet
  facet normal 7.989870e-01 1.838776e-01 -5.725460e-01
    outer loop
      vertex   1.077085e+02 2.232625e+01 -8.323809e+01
      vertex   1.076311e+02 2.224964e+01 -8.337083e+01
      vertex   1.074867e+02 2.232625e+01 -8.354762e+01
    endloop
  endfacet
  facet normal 7.468987e-01 3.945654e-01 -5.352200e-01
    outer loop
      vertex   1.077085e+02 2.232625e+01 -8.323809e+01
      vertex   1.074867e+02 2.232625e+01 -8.354762e+01
      vertex   1.074625e+02 2.239741e+01 -8.352901e+01
    endloop
  endfacet
  facet normal 7.102945e-01 3.945654e-01 -5.829236e-01
    outer loop
      vertex   1.074625e+02 2.239741e+01 -8.352901e+01
      vertex   1.074867e+02 2.232625e+01 -8.354762e+01
      vertex   1.072222e+02 2.239741e+01 -8.382183e+01
    endloop
  endfacet
  facet normal 6.085717e-01 6.166023e-01 -4.994419e-01
    outer loop
      vertex   1.074625e+02 2.239741e+01 -8.352901e+01
      vertex   1.072222e+02 2.239741e+01 -8.382183e+01
      vertex   1.071862e+02 2.245838e+01 -8.379033e+01
    endloop
  endfacet
  facet normal 5.746036e-01 6.166023e-01 -5.381750e-01
    outer loop
      vertex   1.071862e+02 2.245838e+01 -8.379033e+01
      vertex   1.072222e+02 2.239741e+01 -8.382183e+01
      vertex   1.069294e+02 2.245838e+01 -8.406452e+01
    endloop
  endfacet
  facet normal 4.402405e-01 7.976040e-01 -4.123302e-01
    outer loop
      vertex   1.071862e+02 2.245838e+01 -8.379033e+01
      vertex   1.069294e+02 2.245838e+01 -8.406452e+01
      vertex   1.068857e+02 2.250508e+01 -8.402083e+01
    endloop
  endfacet
  facet normal 4.123302e-01 7.976040e-01 -4.402405e-01
    outer loop
      vertex   1.068857e+02 2.250508e+01 -8.402083e+01
      vertex   1.069294e+02 2.245838e+01 -8.406452e+01
      vertex   1.066145e+02 2.250508e+01 -8.427488e+01
    endloop
  endfacet
  facet normal 2.589600e-01 9.254694e-01 -2.764888e-01
    outer loop
      vertex   1.068857e+02 2.250508e+01 -8.402083e+01
      vertex   1.066145e+02 2.250508e+01 -8.427488e+01
      vertex   1.065672e+02 2.253440e+01 -8.422098e+01
    endloop
  endfacet
  facet normal 2.403224e-01 9.254694e-01 -2.928336e-01
    outer loop
      vertex   1.065672e+02 2.253440e+01 -8.422098e+01
      vertex   1.066145e+02 2.250508e+01 -8.427488e+01
      vertex   1.062836e+02 2.253440e+01 -8.445377e+01
    endloop
  endfacet
  facet normal 7.926803e-01 1.091279e-01 -5.997909e-01
    outer loop
      vertex   1.076311e+02 2.224964e+01 -8.337083e+01
      vertex   1.074032e+02 2.224964e+01 -8.367195e+01
      vertex   1.074867e+02 2.232625e+01 -8.354762e+01
    endloop
  endfacet
  facet normal 7.598775e-01 1.835486e-01 -6.236154e-01
    outer loop
      vertex   1.074867e+02 2.232625e+01 -8.354762e+01
      vertex   1.074032e+02 2.224964e+01 -8.367195e+01
      vertex   1.072451e+02 2.232625e+01 -8.384199e+01
    endloop
  endfacet
  facet normal 7.102945e-01 3.945654e-01 -5.829236e-01
    outer loop
      vertex   1.074867e+02 2.232625e+01 -8.354762e+01
      vertex   1.072451e+02 2.232625e+01 -8.384199e+01
      vertex   1.072222e+02 2.239741e+01 -8.382183e+01
    endloop
  endfacet
  facet normal 6.706486e-01 3.945654e-01 -6.281310e-01
    outer loop
      vertex   1.072222e+02 2.239741e+01 -8.382183e+01
      vertex   1.072451e+02 2.232625e+01 -8.384199e+01
      vertex   1.069632e+02 2.239741e+01 -8.409830e+01
    endloop
  endfacet
  facet normal 5.746036e-01 6.166023e-01 -5.381750e-01
    outer loop
      vertex   1.072222e+02 2.239741e+01 -8.382183e+01
      vertex   1.069632e+02 2.239741e+01 -8.409830e+01
      vertex   1.069294e+02 2.245838e+01 -8.406452e+01
    endloop
  endfacet
  facet normal 5.381750e-01 6.166023e-01 -5.746036e-01
    outer loop
      vertex   1.069294e+02 2.245838e+01 -8.406452e+01
      vertex   1.069632e+02 2.239741e+01 -8.409830e+01
      vertex   1.066552e+02 2.245838e+01 -8.432133e+01
    endloop
  endfacet
  facet normal 4.123302e-01 7.976040e-01 -4.402405e-01
    outer loop
      vertex   1.069294e+02 2.245838e+01 -8.406452e+01
      vertex   1.066552e+02 2.245838e+01 -8.432133e+01
      vertex   1.066145e+02 2.250508e+01 -8.427488e+01
    endloop
  endfacet
  facet normal 3.826543e-01 7.976040e-01 -4.662656e-01
    outer loop
      vertex   1.066145e+02 2.250508e+01 -8.427488e+01
      vertex   1.066552e+02 2.245838e+01 -8.432133e+01
      vertex   1.063272e+02 2.250508e+01 -8.451064e+01
    endloop
  endfacet
  facet normal 2.403224e-01 9.254694e-01 -2.928336e-01
    outer loop
      vertex   1.066145e+02 2.250508e+01 -8.427488e+01
      vertex   1.063272e+02 2.250508e+01 -8.451064e+01
      vertex   1.062836e+02 2.253440e+01 -8.445377e+01
    endloop
  endfacet
  facet normal 2.206556e-01 9.254694e-01 -3.079245e-01
    outer loop
      vertex   1.062836e+02 2.253440e+01 -8.445377e+01
      vertex   1.063272e+02 2.250508e+01 -8.451064e+01
      vertex   1.059853e+02 2.253440e+01 -8.466750e+01
    endloop
  endfacet
  facet normal 7.521638e-01 1.094845e-01 -6.498174e-01
    outer loop
      vertex   1.074032e+02 2.224964e+01 -8.367195e+01
      vertex   1.071563e+02 2.224964e+01 -8.395769e+01
      vertex   1.072451e+02 2.232625e+01 -8.384199e+01
    endloop
  endfacet
  facet normal 7.175134e-01 1.831865e-01 -6.720247e-01
    outer loop
      vertex   1.072451e+02 2.232625e+01 -8.384199e+01
      vertex   1.071563e+02 2.224964e+01 -8.395769e+01
      vertex   1.069848e+02 2.232625e+01 -8.411992e+01
    endloop
  endfacet
  facet normal 6.706486e-01 3.945654e-01 -6.281310e-01
    outer loop
      vertex   1.072451e+02 2.232625e+01 -8.384199e+01
      vertex   1.069848e+02 2.232625e+01 -8.411992e+01
      vertex   1.069632e+02 2.239741e+01 -8.409830e+01
    endloop
  endfacet
  facet normal 6.281310e-01 3.945654e-01 -6.706486e-01
    outer loop
      vertex   1.069632e+02 2.239741e+01 -8.409830e+01
      vertex   1.069848e+02 2.232625e+01 -8.411992e+01
      vertex   1.066867e+02 2.239741e+01 -8.435725e+01
    endloop
  endfacet
  facet normal 5.381750e-01 6.166023e-01 -5.746036e-01
    outer loop
      vertex   1.069632e+02 2.239741e+01 -8.409830e+01
      vertex   1.066867e+02 2.239741e+01 -8.435725e+01
      vertex   1.066552e+02 2.245838e+01 -8.432133e+01
    endloop
  endfacet
  facet normal 4.994419e-01 6.166023e-01 -6.085717e-01
    outer loop
      vertex   1.066552e+02 2.245838e+01 -8.432133e+01
      vertex   1.066867e+02 2.239741e+01 -8.435725e+01
      vertex   1.063648e+02 2.245838e+01 -8.455966e+01
    endloop
  endfacet
  facet normal 3.826543e-01 7.976040e-01 -4.662656e-01
    outer loop
      vertex   1.066552e+02 2.245838e+01 -8.432133e+01
      vertex   1.063648e+02 2.245838e+01 -8.455966e+01
      vertex   1.063272e+02 2.250508e+01 -8.451064e+01
    endloop
  endfacet
  facet normal 3.513398e-01 7.976040e-01 -4.902941e-01
    outer loop
      vertex   1.063272e+02 2.250508e+01 -8.451064e+01
      vertex   1.063648e+02 2.245838e+01 -8.455966e+01
      vertex   1.060252e+02 2.250508e+01 -8.472711e+01
    endloop
  endfacet
  facet normal 2.206556e-01 9.254694e-01 -3.079245e-01
    outer loop
      vertex   1.063272e+02 2.250508e+01 -8.451064e+01
      vertex   1.060252e+02 2.250508e+01 -8.472711e+01
      vertex   1.059853e+02 2.253440e+01 -8.466750e+01
    endloop
  endfacet
  facet normal 2.000439e-01 9.254694e-01 -3.216968e-01
    outer loop
      vertex   1.059853e+02 2.253440e+01 -8.466750e+01
      vertex   1.060252e+02 2.250508e+01 -8.472711e+01
      vertex   1.056737e+02 2.253440e+01 -8.486127e+01
    endloop
  endfacet
  facet normal 7.084931e-01 1.098750e-01 -6.971119e-01
    outer loop
      vertex   1.071563e+02 2.224964e+01 -8.395769e+01
      vertex   1.068915e+02 2.224964e+01 -8.422686e+01
      vertex   1.069848e+02 2.232625e+01 -8.411992e+01
    endloop
  endfacet
  facet normal 6.720749e-01 1.827915e-01 -7.175671e-01
    outer loop
      vertex   1.069848e+02 2.232625e+01 -8.411992e+01
      vertex   1.068915e+02 2.224964e+01 -8.422686e+01
      vertex   1.067069e+02 2.232625e+01 -8.438023e+01
    endloop
  endfacet
  facet normal 6.281310e-01 3.945654e-01 -6.706486e-01
    outer loop
      vertex   1.069848e+02 2.232625e+01 -8.411992e+01
      vertex   1.067069e+02 2.232625e+01 -8.438023e+01
      vertex   1.066867e+02 2.239741e+01 -8.435725e+01
    endloop
  endfacet
  facet normal 5.829236e-01 3.945654e-01 -7.102945e-01
    outer loop
      vertex   1.066867e+02 2.239741e+01 -8.435725e+01
      vertex   1.067069e+02 2.232625e+01 -8.438023e+01
      vertex   1.063939e+02 2.239741e+01 -8.459756e+01
    endloop
  endfacet
  facet normal 4.994419e-01 6.166023e-01 -6.085717e-01
    outer loop
      vertex   1.066867e+02 2.239741e+01 -8.435725e+01
      vertex   1.063939e+02 2.239741e+01 -8.459756e+01
      vertex   1.063648e+02 2.245838e+01 -8.455966e+01
    endloop
  endfacet
  facet normal 4.585700e-01 6.166023e-01 -6.399337e-01
    outer loop
      vertex   1.063648e+02 2.245838e+01 -8.455966e+01
      vertex   1.063939e+02 2.239741e+01 -8.459756e+01
      vertex   1.060595e+02 2.245838e+01 -8.477848e+01
    endloop
  endfacet
  facet normal 3.513398e-01 7.976040e-01 -4.902941e-01
    outer loop
      vertex   1.063648e+02 2.245838e+01 -8.455966e+01
      vertex   1.060595e+02 2.245838e+01 -8.477848e+01
      vertex   1.060252e+02 2.250508e+01 -8.472711e+01
    endloop
  endfacet
  facet normal 3.185207e-01 7.976040e-01 -5.122230e-01
    outer loop
      vertex   1.060252e+02 2.250508e+01 -8.472711e+01
      vertex   1.060595e+02 2.245838e+01 -8.477848e+01
      vertex   1.057096e+02 2.250508e+01 -8.492335e+01
    endloop
  endfacet
  facet normal 2.000439e-01 9.254694e-01 -3.216968e-01
    outer loop
      vertex   1.060252e+02 2.250508e+01 -8.472711e+01
      vertex   1.057096e+02 2.250508e+01 -8.492335e+01
      vertex   1.056737e+02 2.253440e+01 -8.486127e+01
    endloop
  endfacet
  facet normal 1.785756e-01 9.254694e-01 -3.340915e-01
    outer loop
      vertex   1.056737e+02 2.253440e+01 -8.486127e+01
      vertex   1.057096e+02 2.250508e+01 -8.492335e+01
      vertex   1.053501e+02 2.253440e+01 -8.503425e+01
    endloop
  endfacet
  facet normal 6.618521e-01 1.102994e-01 -7.414755e-01
    outer loop
      vertex   1.068915e+02 2.224964e+01 -8.422686e+01
      vertex   1.066098e+02 2.224964e+01 -8.447832e+01
      vertex   1.067069e+02 2.232625e+01 -8.438023e+01
    endloop
  endfacet
  facet normal 6.237553e-01 1.823634e-01 -7.600480e-01
    outer loop
      vertex   1.067069e+02 2.232625e+01 -8.438023e+01
      vertex   1.066098e+02 2.224964e+01 -8.447832e+01
      vertex   1.064125e+02 2.232625e+01 -8.462181e+01
    endloop
  endfacet
  facet normal 5.829236e-01 3.945654e-01 -7.102945e-01
    outer loop
      vertex   1.067069e+02 2.232625e+01 -8.438023e+01
      vertex   1.064125e+02 2.232625e+01 -8.462181e+01
      vertex   1.063939e+02 2.239741e+01 -8.459756e+01
    endloop
  endfacet
  facet normal 5.352200e-01 3.945654e-01 -7.468987e-01
    outer loop
      vertex   1.063939e+02 2.239741e+01 -8.459756e+01
      vertex   1.064125e+02 2.232625e+01 -8.462181e+01
      vertex   1.060860e+02 2.239741e+01 -8.481820e+01
    endloop
  endfacet
  facet normal 4.585700e-01 6.166023e-01 -6.399337e-01
    outer loop
      vertex   1.063939e+02 2.239741e+01 -8.459756e+01
      vertex   1.060860e+02 2.239741e+01 -8.481820e+01
      vertex   1.060595e+02 2.245838e+01 -8.477848e+01
    endloop
  endfacet
  facet normal 4.157345e-01 6.166023e-01 -6.685555e-01
    outer loop
      vertex   1.060595e+02 2.245838e+01 -8.477848e+01
      vertex   1.060860e+02 2.239741e+01 -8.481820e+01
      vertex   1.057405e+02 2.245838e+01 -8.497686e+01
    endloop
  endfacet
  facet normal 3.185207e-01 7.976040e-01 -5.122230e-01
    outer loop
      vertex   1.060595e+02 2.245838e+01 -8.477848e+01
      vertex   1.057405e+02 2.245838e+01 -8.497686e+01
      vertex   1.057096e+02 2.250508e+01 -8.492335e+01
    endloop
  endfacet
  facet normal 2.843378e-01 7.976040e-01 -5.319586e-01
    outer loop
      vertex   1.057096e+02 2.250508e+01 -8.492335e+01
      vertex   1.057405e+02 2.245838e+01 -8.497686e+01
      vertex   1.053818e+02 2.250508e+01 -8.509854e+01
    endloop
  endfacet
  facet normal 1.785756e-01 9.254694e-01 -3.340915e-01
    outer loop
      vertex   1.057096e+02 2.250508e+01 -8.492335e+01
      vertex   1.053818e+02 2.250508e+01 -8.509854e+01
      vertex   1.053501e+02 2.253440e+01 -8.503425e+01
    endloop
  endfacet
  facet normal 1.563426e-01 9.254694e-01 -3.450556e-01
    outer loop
      vertex   1.053501e+02 2.253440e+01 -8.503425e+01
      vertex   1.053818e+02 2.250508e+01 -8.509854e+01
      vertex   1.050159e+02 2.253440e+01 -8.518569e+01
    endloop
  endfacet
  facet normal 6.124371e-01 1.107577e-01 -7.827219e-01
    outer loop
      vertex   1.066098e+02 2.224964e+01 -8.447832e+01
      vertex   1.063124e+02 2.224964e+01 -8.471101e+01
      vertex   1.064125e+02 2.232625e+01 -8.462181e+01
    endloop
  endfacet
  facet normal 5.727600e-01 1.819023e-01 -7.992857e-01
    outer loop
      vertex   1.064125e+02 2.232625e+01 -8.462181e+01
      vertex   1.063124e+02 2.224964e+01 -8.471101e+01
      vertex   1.061030e+02 2.232625e+01 -8.484362e+01
    endloop
  endfacet
  facet normal 5.352200e-01 3.945654e-01 -7.468987e-01
    outer loop
      vertex   1.064125e+02 2.232625e+01 -8.462181e+01
      vertex   1.061030e+02 2.232625e+01 -8.484362e+01
      vertex   1.060860e+02 2.239741e+01 -8.481820e+01
    endloop
  endfacet
  facet normal 4.852246e-01 3.945654e-01 -7.803046e-01
    outer loop
      vertex   1.060860e+02 2.239741e+01 -8.481820e+01
      vertex   1.061030e+02 2.232625e+01 -8.484362e+01
      vertex   1.057643e+02 2.239741e+01 -8.501823e+01
    endloop
  endfacet
  facet normal 4.157345e-01 6.166023e-01 -6.685555e-01
    outer loop
      vertex   1.060860e+02 2.239741e+01 -8.481820e+01
      vertex   1.057643e+02 2.239741e+01 -8.501823e+01
      vertex   1.057405e+02 2.245838e+01 -8.497686e+01
    endloop
  endfacet
  facet normal 3.711188e-01 6.166023e-01 -6.943144e-01
    outer loop
      vertex   1.057405e+02 2.245838e+01 -8.497686e+01
      vertex   1.057643e+02 2.239741e+01 -8.501823e+01
      vertex   1.054091e+02 2.245838e+01 -8.515395e+01
    endloop
  endfacet
  facet normal 2.843378e-01 7.976040e-01 -5.319586e-01
    outer loop
      vertex   1.057405e+02 2.245838e+01 -8.497686e+01
      vertex   1.054091e+02 2.245838e+01 -8.515395e+01
      vertex   1.053818e+02 2.250508e+01 -8.509854e+01
    endloop
  endfacet
  facet normal 2.489372e-01 7.976040e-01 -5.494162e-01
    outer loop
      vertex   1.053818e+02 2.250508e+01 -8.509854e+01
      vertex   1.054091e+02 2.245838e+01 -8.515395e+01
      vertex   1.050433e+02 2.250508e+01 -8.525191e+01
    endloop
  endfacet
  facet normal 1.563426e-01 9.254694e-01 -3.450556e-01
    outer loop
      vertex   1.053818e+02 2.250508e+01 -8.509854e+01
      vertex   1.050433e+02 2.250508e+01 -8.525191e+01
      vertex   1.050159e+02 2.253440e+01 -8.518569e+01
    endloop
  endfacet
  facet normal 1.334402e-01 9.254694e-01 -3.545421e-01
    outer loop
      vertex   1.050159e+02 2.253440e+01 -8.518569e+01
      vertex   1.050433e+02 2.250508e+01 -8.525191e+01
      vertex   1.046725e+02 2.253440e+01 -8.531494e+01
    endloop
  endfacet
  facet normal 5.604563e-01 1.112498e-01 -8.206779e-01
    outer loop
      vertex   1.063124e+02 2.224964e+01 -8.471101e+01
      vertex   1.060006e+02 2.224964e+01 -8.492397e+01
      vertex   1.061030e+02 2.232625e+01 -8.484362e+01
    endloop
  endfacet
  facet normal 5.193061e-01 1.814081e-01 -8.351121e-01
    outer loop
      vertex   1.061030e+02 2.232625e+01 -8.484362e+01
      vertex   1.060006e+02 2.224964e+01 -8.492397e+01
      vertex   1.057796e+02 2.232625e+01 -8.504471e+01
    endloop
  endfacet
  facet normal 4.852246e-01 3.945654e-01 -7.803046e-01
    outer loop
      vertex   1.061030e+02 2.232625e+01 -8.484362e+01
      vertex   1.057796e+02 2.232625e+01 -8.504471e+01
      vertex   1.057643e+02 2.239741e+01 -8.501823e+01
    endloop
  endfacet
  facet normal 4.331513e-01 3.945654e-01 -8.103691e-01
    outer loop
      vertex   1.057643e+02 2.239741e+01 -8.501823e+01
      vertex   1.057796e+02 2.232625e+01 -8.504471e+01
      vertex   1.054303e+02 2.239741e+01 -8.519680e+01
    endloop
  endfacet
  facet normal 3.711188e-01 6.166023e-01 -6.943144e-01
    outer loop
      vertex   1.057643e+02 2.239741e+01 -8.501823e+01
      vertex   1.054303e+02 2.239741e+01 -8.519680e+01
      vertex   1.054091e+02 2.245838e+01 -8.515395e+01
    endloop
  endfacet
  facet normal 3.249139e-01 6.166023e-01 -7.171002e-01
    outer loop
      vertex   1.054091e+02 2.245838e+01 -8.515395e+01
      vertex   1.054303e+02 2.239741e+01 -8.519680e+01
      vertex   1.050670e+02 2.245838e+01 -8.530900e+01
    endloop
  endfacet
  facet normal 2.489372e-01 7.976040e-01 -5.494162e-01
    outer loop
      vertex   1.054091e+02 2.245838e+01 -8.515395e+01
      vertex   1.050670e+02 2.245838e+01 -8.530900e+01
      vertex   1.050433e+02 2.250508e+01 -8.525191e+01
    endloop
  endfacet
  facet normal 2.124707e-01 7.976040e-01 -5.645211e-01
    outer loop
      vertex   1.050433e+02 2.250508e+01 -8.525191e+01
      vertex   1.050670e+02 2.245838e+01 -8.530900e+01
      vertex   1.046955e+02 2.250508e+01 -8.538282e+01
    endloop
  endfacet
  facet normal 1.334402e-01 9.254694e-01 -3.545421e-01
    outer loop
      vertex   1.050433e+02 2.250508e+01 -8.525191e+01
      vertex   1.046955e+02 2.250508e+01 -8.538282e+01
      vertex   1.046725e+02 2.253440e+01 -8.531494e+01
    endloop
  endfacet
  facet normal 1.099663e-01 9.254694e-01 -3.625104e-01
    outer loop
      vertex   1.046725e+02 2.253440e+01 -8.531494e+01
      vertex   1.046955e+02 2.250508e+01 -8.538282e+01
      vertex   1.043213e+02 2.253440e+01 -8.542146e+01
    endloop
  endfacet
  facet normal 5.061285e-01 1.117758e-01 -8.551843e-01
    outer loop
      vertex   1.060006e+02 2.224964e+01 -8.492397e+01
      vertex   1.056756e+02 2.224964e+01 -8.511629e+01
      vertex   1.057796e+02 2.232625e+01 -8.504471e+01
    endloop
  endfacet
  facet normal 4.636211e-01 1.808808e-01 -8.673740e-01
    outer loop
      vertex   1.057796e+02 2.232625e+01 -8.504471e+01
      vertex   1.056756e+02 2.224964e+01 -8.511629e+01
      vertex   1.054438e+02 2.232625e+01 -8.522422e+01
    endloop
  endfacet
  facet normal 4.331513e-01 3.945654e-01 -8.103691e-01
    outer loop
      vertex   1.057796e+02 2.232625e+01 -8.504471e+01
      vertex   1.054438e+02 2.232625e+01 -8.522422e+01
      vertex   1.054303e+02 2.239741e+01 -8.519680e+01
    endloop
  endfacet
  facet normal 3.792232e-01 3.945654e-01 -8.369635e-01
    outer loop
      vertex   1.054303e+02 2.239741e+01 -8.519680e+01
      vertex   1.054438e+02 2.232625e+01 -8.522422e+01
      vertex   1.050852e+02 2.239741e+01 -8.535313e+01
    endloop
  endfacet
  facet normal 3.249139e-01 6.166023e-01 -7.171002e-01
    outer loop
      vertex   1.054303e+02 2.239741e+01 -8.519680e+01
      vertex   1.050852e+02 2.239741e+01 -8.535313e+01
      vertex   1.050670e+02 2.245838e+01 -8.530900e+01
    endloop
  endfacet
  facet normal 2.773176e-01 6.166023e-01 -7.368152e-01
    outer loop
      vertex   1.050670e+02 2.245838e+01 -8.530900e+01
      vertex   1.050852e+02 2.239741e+01 -8.535313e+01
      vertex   1.047154e+02 2.245838e+01 -8.544133e+01
    endloop
  endfacet
  facet normal 2.124707e-01 7.976040e-01 -5.645211e-01
    outer loop
      vertex   1.050670e+02 2.245838e+01 -8.530900e+01
      vertex   1.047154e+02 2.245838e+01 -8.544133e+01
      vertex   1.046955e+02 2.250508e+01 -8.538282e+01
    endloop
  endfacet
  facet normal 1.750943e-01 7.976040e-01 -5.772087e-01
    outer loop
      vertex   1.046955e+02 2.250508e+01 -8.538282e+01
      vertex   1.047154e+02 2.245838e+01 -8.544133e+01
      vertex   1.043399e+02 2.250508e+01 -8.549070e+01
    endloop
  endfacet
  facet normal 1.099663e-01 9.254694e-01 -3.625104e-01
    outer loop
      vertex   1.046955e+02 2.250508e+01 -8.538282e+01
      vertex   1.043399e+02 2.250508e+01 -8.549070e+01
      vertex   1.043213e+02 2.253440e+01 -8.542146e+01
    endloop
  endfacet
  facet normal 8.602157e-02 9.254694e-01 -3.689264e-01
    outer loop
      vertex   1.043213e+02 2.253440e+01 -8.542146e+01
      vertex   1.043399e+02 2.250508e+01 -8.549070e+01
      vertex   1.039640e+02 2.253440e+01 -8.550478e+01
    endloop
  endfacet
  facet normal 4.496825e-01 1.123357e-01 -8.860961e-01
    outer loop
      vertex   1.056756e+02 2.224964e+01 -8.511629e+01
      vertex   1.053389e+02 2.224964e+01 -8.528718e+01
      vertex   1.054438e+02 2.232625e+01 -8.522422e+01
    endloop
  endfacet
  facet normal 4.059419e-01 1.803204e-01 -8.959329e-01
    outer loop
      vertex   1.054438e+02 2.232625e+01 -8.522422e+01
      vertex   1.053389e+02 2.224964e+01 -8.528718e+01
      vertex   1.050969e+02 2.232625e+01 -8.538138e+01
    endloop
  endfacet
  facet normal 3.792232e-01 3.945654e-01 -8.369635e-01
    outer loop
      vertex   1.054438e+02 2.232625e+01 -8.522422e+01
      vertex   1.050969e+02 2.232625e+01 -8.538138e+01
      vertex   1.050852e+02 2.239741e+01 -8.535313e+01
    endloop
  endfacet
  facet normal 3.236712e-01 3.945654e-01 -8.599739e-01
    outer loop
      vertex   1.050852e+02 2.239741e+01 -8.535313e+01
      vertex   1.050969e+02 2.232625e+01 -8.538138e+01
      vertex   1.047307e+02 2.239741e+01 -8.548657e+01
    endloop
  endfacet
  facet normal 2.773176e-01 6.166023e-01 -7.368152e-01
    outer loop
      vertex   1.050852e+02 2.239741e+01 -8.535313e+01
      vertex   1.047307e+02 2.239741e+01 -8.548657e+01
      vertex   1.047154e+02 2.245838e+01 -8.544133e+01
    endloop
  endfacet
  facet normal 2.285338e-01 6.166023e-01 -7.533750e-01
    outer loop
      vertex   1.047154e+02 2.245838e+01 -8.544133e+01
      vertex   1.047307e+02 2.239741e+01 -8.548657e+01
      vertex   1.043559e+02 2.245838e+01 -8.555038e+01
    endloop
  endfacet
  facet normal 1.750943e-01 7.976040e-01 -5.772087e-01
    outer loop
      vertex   1.047154e+02 2.245838e+01 -8.544133e+01
      vertex   1.043559e+02 2.245838e+01 -8.555038e+01
      vertex   1.043399e+02 2.250508e+01 -8.549070e+01
    endloop
  endfacet
  facet normal 1.369682e-01 7.976040e-01 -5.874245e-01
    outer loop
      vertex   1.043399e+02 2.250508e+01 -8.549070e+01
      vertex   1.043559e+02 2.245838e+01 -8.555038e+01
      vertex   1.039779e+02 2.250508e+01 -8.557509e+01
    endloop
  endfacet
  facet normal 8.602157e-02 9.254694e-01 -3.689264e-01
    outer loop
      vertex   1.043399e+02 2.250508e+01 -8.549070e+01
      vertex   1.039779e+02 2.250508e+01 -8.557509e+01
      vertex   1.039640e+02 2.253440e+01 -8.550478e+01
    endloop
  endfacet
  facet normal 6.170845e-02 9.254694e-01 -3.737626e-01
    outer loop
      vertex   1.039640e+02 2.253440e+01 -8.550478e+01
      vertex   1.039779e+02 2.250508e+01 -8.557509e+01
      vertex   1.036019e+02 2.253440e+01 -8.556456e+01
    endloop
  endfacet
  facet normal 3.913561e-01 1.129293e-01 -9.132838e-01
    outer loop
      vertex   1.053389e+02 2.224964e+01 -8.528718e+01
      vertex   1.049918e+02 2.224964e+01 -8.543591e+01
      vertex   1.050969e+02 2.232625e+01 -8.538138e+01
    endloop
  endfacet
  facet normal 3.465142e-01 1.797268e-01 -9.206662e-01
    outer loop
      vertex   1.050969e+02 2.232625e+01 -8.538138e+01
      vertex   1.049918e+02 2.224964e+01 -8.543591e+01
      vertex   1.047405e+02 2.232625e+01 -8.551552e+01
    endloop
  endfacet
  facet normal 3.236712e-01 3.945654e-01 -8.599739e-01
    outer loop
      vertex   1.050969e+02 2.232625e+01 -8.538138e+01
      vertex   1.047405e+02 2.232625e+01 -8.551552e+01
      vertex   1.047307e+02 2.239741e+01 -8.548657e+01
    endloop
  endfacet
  facet normal 2.667333e-01 3.945654e-01 -8.793017e-01
    outer loop
      vertex   1.047307e+02 2.239741e+01 -8.548657e+01
      vertex   1.047405e+02 2.232625e+01 -8.551552e+01
      vertex   1.043682e+02 2.239741e+01 -8.559653e+01
    endloop
  endfacet
  facet normal 2.285338e-01 6.166023e-01 -7.533750e-01
    outer loop
      vertex   1.047307e+02 2.239741e+01 -8.548657e+01
      vertex   1.043682e+02 2.239741e+01 -8.559653e+01
      vertex   1.043559e+02 2.245838e+01 -8.555038e+01
    endloop
  endfacet
  facet normal 1.787714e-01 6.166023e-01 -7.667088e-01
    outer loop
      vertex   1.043559e+02 2.245838e+01 -8.555038e+01
      vertex   1.043682e+02 2.239741e+01 -8.559653e+01
      vertex   1.039900e+02 2.245838e+01 -8.563569e+01
    endloop
  endfacet
  facet normal 1.369682e-01 7.976040e-01 -5.874245e-01
    outer loop
      vertex   1.043559e+02 2.245838e+01 -8.555038e+01
      vertex   1.039900e+02 2.245838e+01 -8.563569e+01
      vertex   1.039779e+02 2.250508e+01 -8.557509e+01
    endloop
  endfacet
  facet normal 9.825553e-02 7.976040e-01 -5.951250e-01
    outer loop
      vertex   1.039779e+02 2.250508e+01 -8.557509e+01
      vertex   1.039900e+02 2.245838e+01 -8.563569e+01
      vertex   1.036113e+02 2.250508e+01 -8.563563e+01
    endloop
  endfacet
  facet normal 6.170845e-02 9.254694e-01 -3.737626e-01
    outer loop
      vertex   1.039779e+02 2.250508e+01 -8.557509e+01
      vertex   1.036113e+02 2.250508e+01 -8.563563e+01
      vertex   1.036019e+02 2.253440e+01 -8.556456e+01
    endloop
  endfacet
  facet normal 3.713108e-02 9.254694e-01 -3.769982e-01
    outer loop
      vertex   1.036019e+02 2.253440e+01 -8.556456e+01
      vertex   1.036113e+02 2.250508e+01 -8.563563e+01
      vertex   1.032367e+02 2.253440e+01 -8.560052e+01
    endloop
  endfacet
  facet normal 3.313949e-01 1.135568e-01 -9.366335e-01
    outer loop
      vertex   1.049918e+02 2.224964e+01 -8.543591e+01
      vertex   1.046358e+02 2.224964e+01 -8.556186e+01
      vertex   1.047405e+02 2.232625e+01 -8.551552e+01
    endloop
  endfacet
  facet normal 2.855910e-01 1.791001e-01 -9.414674e-01
    outer loop
      vertex   1.047405e+02 2.232625e+01 -8.551552e+01
      vertex   1.046358e+02 2.224964e+01 -8.556186e+01
      vertex   1.043761e+02 2.232625e+01 -8.562606e+01
    endloop
  endfacet
  facet normal 2.667333e-01 3.945654e-01 -8.793017e-01
    outer loop
      vertex   1.047405e+02 2.232625e+01 -8.551552e+01
      vertex   1.043761e+02 2.232625e+01 -8.562606e+01
      vertex   1.043682e+02 2.239741e+01 -8.559653e+01
    endloop
  endfacet
  facet normal 2.086531e-01 3.945654e-01 -8.948642e-01
    outer loop
      vertex   1.043682e+02 2.239741e+01 -8.559653e+01
      vertex   1.043761e+02 2.232625e+01 -8.562606e+01
      vertex   1.039993e+02 2.239741e+01 -8.568254e+01
    endloop
  endfacet
  facet normal 1.787714e-01 6.166023e-01 -7.667088e-01
    outer loop
      vertex   1.043682e+02 2.239741e+01 -8.559653e+01
      vertex   1.039993e+02 2.239741e+01 -8.568254e+01
      vertex   1.039900e+02 2.245838e+01 -8.563569e+01
    endloop
  endfacet
  facet normal 1.282435e-01 6.166023e-01 -7.767594e-01
    outer loop
      vertex   1.039900e+02 2.245838e+01 -8.563569e+01
      vertex   1.039993e+02 2.239741e+01 -8.568254e+01
      vertex   1.036193e+02 2.245838e+01 -8.569688e+01
    endloop
  endfacet
  facet normal 9.825553e-02 7.976040e-01 -5.951250e-01
    outer loop
      vertex   1.039900e+02 2.245838e+01 -8.563569e+01
      vertex   1.036193e+02 2.245838e+01 -8.569688e+01
      vertex   1.036113e+02 2.250508e+01 -8.563563e+01
    endloop
  endfacet
  facet normal 5.912212e-02 7.976040e-01 -6.002770e-01
    outer loop
      vertex   1.036113e+02 2.250508e+01 -8.563563e+01
      vertex   1.036193e+02 2.245838e+01 -8.569688e+01
      vertex   1.032414e+02 2.250508e+01 -8.567205e+01
    endloop
  endfacet
  facet normal 3.713108e-02 9.254694e-01 -3.769982e-01
    outer loop
      vertex   1.036113e+02 2.250508e+01 -8.563563e+01
      vertex   1.032414e+02 2.250508e+01 -8.567205e+01
      vertex   1.032367e+02 2.253440e+01 -8.560052e+01
    endloop
  endfacet
  facet normal 1.239472e-02 9.254694e-01 -3.786195e-01
    outer loop
      vertex   1.032367e+02 2.253440e+01 -8.560052e+01
      vertex   1.032414e+02 2.250508e+01 -8.567205e+01
      vertex   1.028700e+02 2.253440e+01 -8.561253e+01
    endloop
  endfacet
  facet normal 2.700511e-01 1.142180e-01 -9.560474e-01
    outer loop
      vertex   1.046358e+02 2.224964e+01 -8.556186e+01
      vertex   1.042724e+02 2.224964e+01 -8.566451e+01
      vertex   1.043761e+02 2.232625e+01 -8.562606e+01
    endloop
  endfacet
  facet normal 2.234319e-01 1.784401e-01 -9.582470e-01
    outer loop
      vertex   1.043761e+02 2.232625e+01 -8.562606e+01
      vertex   1.042724e+02 2.224964e+01 -8.566451e+01
      vertex   1.040053e+02 2.232625e+01 -8.571253e+01
    endloop
  endfacet
  facet normal 2.086531e-01 3.945654e-01 -8.948642e-01
    outer loop
      vertex   1.043761e+02 2.232625e+01 -8.562606e+01
      vertex   1.040053e+02 2.232625e+01 -8.571253e+01
      vertex   1.039993e+02 2.239741e+01 -8.568254e+01
    endloop
  endfacet
  facet normal 1.496794e-01 3.945654e-01 -9.065948e-01
    outer loop
      vertex   1.039993e+02 2.239741e+01 -8.568254e+01
      vertex   1.040053e+02 2.232625e+01 -8.571253e+01
      vertex   1.036256e+02 2.239741e+01 -8.574425e+01
    endloop
  endfacet
  facet normal 1.282435e-01 6.166023e-01 -7.767594e-01
    outer loop
      vertex   1.039993e+02 2.239741e+01 -8.568254e+01
      vertex   1.036256e+02 2.239741e+01 -8.574425e+01
      vertex   1.036193e+02 2.245838e+01 -8.569688e+01
    endloop
  endfacet
  facet normal 7.716643e-02 6.166023e-01 -7.834839e-01
    outer loop
      vertex   1.036193e+02 2.245838e+01 -8.569688e+01
      vertex   1.036256e+02 2.239741e+01 -8.574425e+01
      vertex   1.032455e+02 2.245838e+01 -8.573371e+01
    endloop
  endfacet
  facet normal 5.912212e-02 7.976040e-01 -6.002770e-01
    outer loop
      vertex   1.036193e+02 2.245838e+01 -8.569688e+01
      vertex   1.032455e+02 2.245838e+01 -8.573371e+01
      vertex   1.032414e+02 2.250508e+01 -8.567205e+01
    endloop
  endfacet
  facet normal 1.973554e-02 7.976040e-01 -6.028585e-01
    outer loop
      vertex   1.032414e+02 2.250508e+01 -8.567205e+01
      vertex   1.032455e+02 2.245838e+01 -8.573371e+01
      vertex   1.028700e+02 2.250508e+01 -8.568421e+01
    endloop
  endfacet
  facet normal 1.239472e-02 9.254694e-01 -3.786195e-01
    outer loop
      vertex   1.032414e+02 2.250508e+01 -8.567205e+01
      vertex   1.028700e+02 2.250508e+01 -8.568421e+01
      vertex   1.028700e+02 2.253440e+01 -8.561253e+01
    endloop
  endfacet
  facet normal -1.239472e-02 9.254694e-01 -3.786195e-01
    outer loop
      vertex   1.028700e+02 2.253440e+01 -8.561253e+01
      vertex   1.028700e+02 2.250508e+01 -8.568421e+01
      vertex   1.025033e+02 2.253440e+01 -8.560052e+01
    endloop
  endfacet
  facet normal 2.075833e-01 1.149129e-01 -9.714444e-01
    outer loop
      vertex   1.042724e+02 2.224964e+01 -8.566451e+01
      vertex   1.039031e+02 2.224964e+01 -8.574342e+01
      vertex   1.040053e+02 2.232625e+01 -8.571253e+01
    endloop
  endfacet
  facet normal 1.603016e-01 1.777469e-01 -9.709323e-01
    outer loop
      vertex   1.040053e+02 2.232625e+01 -8.571253e+01
      vertex   1.039031e+02 2.224964e+01 -8.574342e+01
      vertex   1.036296e+02 2.232625e+01 -8.577456e+01
    endloop
  endfacet
  facet normal 1.496794e-01 3.945654e-01 -9.065948e-01
    outer loop
      vertex   1.040053e+02 2.232625e+01 -8.571253e+01
      vertex   1.036296e+02 2.232625e+01 -8.577456e+01
      vertex   1.036256e+02 2.239741e+01 -8.574425e+01
    endloop
  endfacet
  facet normal 9.006480e-02 3.945654e-01 -9.144433e-01
    outer loop
      vertex   1.036256e+02 2.239741e+01 -8.574425e+01
      vertex   1.036296e+02 2.232625e+01 -8.577456e+01
      vertex   1.032486e+02 2.239741e+01 -8.578138e+01
    endloop
  endfacet
  facet normal 7.716643e-02 6.166023e-01 -7.834839e-01
    outer loop
      vertex   1.036256e+02 2.239741e+01 -8.574425e+01
      vertex   1.032486e+02 2.239741e+01 -8.578138e+01
      vertex   1.032455e+02 2.245838e+01 -8.573371e+01
    endloop
  endfacet
  facet normal 2.575891e-02 6.166023e-01 -7.868533e-01
    outer loop
      vertex   1.032455e+02 2.245838e+01 -8.573371e+01
      vertex   1.032486e+02 2.239741e+01 -8.578138e+01
      vertex   1.028700e+02 2.245838e+01 -8.574600e+01
    endloop
  endfacet
  facet normal 1.973554e-02 7.976040e-01 -6.028585e-01
    outer loop
      vertex   1.032455e+02 2.245838e+01 -8.573371e+01
      vertex   1.028700e+02 2.245838e+01 -8.574600e+01
      vertex   1.028700e+02 2.250508e+01 -8.568421e+01
    endloop
  endfacet
  facet normal -1.973554e-02 7.976040e-01 -6.028585e-01
    outer loop
      vertex   1.028700e+02 2.250508e+01 -8.568421e+01
      vertex   1.028700e+02 2.245838e+01 -8.574600e+01
      vertex   1.024986e+02 2.250508e+01 -8.567205e+01
    endloop
  endfacet
  facet normal -1.239472e-02 9.254694e-01 -3.786195e-01
    outer loop
      vertex   1.028700e+02 2.250508e+01 -8.568421e+01
      vertex   1.024986e+02 2.250508e+01 -8.567205e+01
      vertex   1.025033e+02 2.253440e+01 -8.560052e+01
    endloop
  endfacet
  facet normal -3.713108e-02 9.254694e-01 -3.769982e-01
    outer loop
      vertex   1.025033e+02 2.253440e+01 -8.560052e+01
      vertex   1.024986e+02 2.250508e+01 -8.567205e+01
      vertex   1.021381e+02 2.253440e+01 -8.556456e+01
    endloop
  endfacet
  facet normal 1.442542e-01 1.156416e-01 -9.827603e-01
    outer loop
      vertex   1.039031e+02 2.224964e+01 -8.574342e+01
      vertex   1.035295e+02 2.224964e+01 -8.579826e+01
      vertex   1.036296e+02 2.232625e+01 -8.577456e+01
    endloop
  endfacet
  facet normal 9.646917e-02 1.770204e-01 -9.794680e-01
    outer loop
      vertex   1.036296e+02 2.232625e+01 -8.577456e+01
      vertex   1.035295e+02 2.224964e+01 -8.579826e+01
      vertex   1.032506e+02 2.232625e+01 -8.581188e+01
    endloop
  endfacet
  facet normal 9.006480e-02 3.945654e-01 -9.144433e-01
    outer loop
      vertex   1.036296e+02 2.232625e+01 -8.577456e+01
      vertex   1.032506e+02 2.232625e+01 -8.581188e+01
      vertex   1.032486e+02 2.239741e+01 -8.578138e+01
    endloop
  endfacet
  facet normal 3.006451e-02 3.945654e-01 -9.183759e-01
    outer loop
      vertex   1.032486e+02 2.239741e+01 -8.578138e+01
      vertex   1.032506e+02 2.232625e+01 -8.581188e+01
      vertex   1.028700e+02 2.239741e+01 -8.579377e+01
    endloop
  endfacet
  facet normal 2.575891e-02 6.166023e-01 -7.868533e-01
    outer loop
      vertex   1.032486e+02 2.239741e+01 -8.578138e+01
      vertex   1.028700e+02 2.239741e+01 -8.579377e+01
      vertex   1.028700e+02 2.245838e+01 -8.574600e+01
    endloop
  endfacet
  facet normal -2.575891e-02 6.166023e-01 -7.868533e-01
    outer loop
      vertex   1.028700e+02 2.245838e+01 -8.574600e+01
      vertex   1.028700e+02 2.239741e+01 -8.579377e+01
      vertex   1.024945e+02 2.245838e+01 -8.573371e+01
    endloop
  endfacet
  facet normal -1.973554e-02 7.976040e-01 -6.028585e-01
    outer loop
      vertex   1.028700e+02 2.245838e+01 -8.574600e+01
      vertex   1.024945e+02 2.245838e+01 -8.573371e+01
      vertex   1.024986e+02 2.250508e+01 -8.567205e+01
    endloop
  endfacet
  facet normal -5.912212e-02 7.976040e-01 -6.002770e-01
    outer loop
      vertex   1.024986e+02 2.250508e+01 -8.567205e+01
      vertex   1.024945e+02 2.245838e+01 -8.573371e+01
      vertex   1.021287e+02 2.250508e+01 -8.563563e+01
    endloop
  endfacet
  facet normal -3.713108e-02 9.254694e-01 -3.769982e-01
    outer loop
      vertex   1.024986e+02 2.250508e+01 -8.567205e+01
      vertex   1.021287e+02 2.250508e+01 -8.563563e+01
      vertex   1.021381e+02 2.253440e+01 -8.556456e+01
    endloop
  endfacet
  facet normal -6.170845e-02 9.254694e-01 -3.737626e-01
    outer loop
      vertex   1.021381e+02 2.253440e+01 -8.556456e+01
      vertex   1.021287e+02 2.250508e+01 -8.563563e+01
      vertex   1.017760e+02 2.253440e+01 -8.550478e+01
    endloop
  endfacet
  facet normal 8.033061e-02 1.164039e-01 -9.899480e-01
    outer loop
      vertex   1.035295e+02 2.224964e+01 -8.579826e+01
      vertex   1.031531e+02 2.224964e+01 -8.582880e+01
      vertex   1.032506e+02 2.232625e+01 -8.581188e+01
    endloop
  endfacet
  facet normal 3.220682e-02 1.762605e-01 -9.838165e-01
    outer loop
      vertex   1.032506e+02 2.232625e+01 -8.581188e+01
      vertex   1.031531e+02 2.224964e+01 -8.582880e+01
      vertex   1.028700e+02 2.232625e+01 -8.582434e+01
    endloop
  endfacet
  facet normal 3.006451e-02 3.945654e-01 -9.183759e-01
    outer loop
      vertex   1.032506e+02 2.232625e+01 -8.581188e+01
      vertex   1.028700e+02 2.232625e+01 -8.582434e+01
      vertex   1.028700e+02 2.239741e+01 -8.579377e+01
    endloop
  endfacet
  facet normal -3.006451e-02 3.945654e-01 -9.183759e-01
    outer loop
      vertex   1.028700e+02 2.239741e+01 -8.579377e+01
      vertex   1.028700e+02 2.232625e+01 -8.582434e+01
      vertex   1.024914e+02 2.239741e+01 -8.578138e+01
    endloop
  endfacet
  facet normal -2.575891e-02 6.166023e-01 -7.868533e-01
    outer loop
      vertex   1.028700e+02 2.239741e+01 -8.579377e+01
      vertex   1.024914e+02 2.239741e+01 -8.578138e+01
      vertex   1.024945e+02 2.245838e+01 -8.573371e+01
    endloop
  endfacet
  facet normal -7.716643e-02 6.166023e-01 -7.834839e-01
    outer loop
      vertex   1.024945e+02 2.245838e+01 -8.573371e+01
      vertex   1.024914e+02 2.239741e+01 -8.578138e+01
      vertex   1.021207e+02 2.245838e+01 -8.569688e+01
    endloop
  endfacet
  facet normal -5.912212e-02 7.976040e-01 -6.002770e-01
    outer loop
      vertex   1.024945e+02 2.245838e+01 -8.573371e+01
      vertex   1.021207e+02 2.245838e+01 -8.569688e+01
      vertex   1.021287e+02 2.250508e+01 -8.563563e+01
    endloop
  endfacet
  facet normal -9.825553e-02 7.976040e-01 -5.951250e-01
    outer loop
      vertex   1.021287e+02 2.250508e+01 -8.563563e+01
      vertex   1.021207e+02 2.245838e+01 -8.569688e+01
      vertex   1.017621e+02 2.250508e+01 -8.557509e+01
    endloop
  endfacet
  facet normal -6.170845e-02 9.254694e-01 -3.737626e-01
    outer loop
      vertex   1.021287e+02 2.250508e+01 -8.563563e+01
      vertex   1.017621e+02 2.250508e+01 -8.557509e+01
      vertex   1.017760e+02 2.253440e+01 -8.550478e+01
    endloop
  endfacet
  facet normal -8.602157e-02 9.254694e-01 -3.689264e-01
    outer loop
      vertex   1.017760e+02 2.253440e+01 -8.550478e+01
      vertex   1.017621e+02 2.250508e+01 -8.557509e+01
      vertex   1.014187e+02 2.253440e+01 -8.542146e+01
    endloop
  endfacet
  facet normal 1.608147e-02 1.172000e-01 -9.929781e-01
    outer loop
      vertex   1.031531e+02 2.224964e+01 -8.582880e+01
      vertex   1.027756e+02 2.224964e+01 -8.583492e+01
      vertex   1.028700e+02 2.232625e+01 -8.582434e+01
    endloop
  endfacet
  facet normal -3.221145e-02 1.754673e-01 -9.839582e-01
    outer loop
      vertex   1.028700e+02 2.232625e+01 -8.582434e+01
      vertex   1.027756e+02 2.224964e+01 -8.583492e+01
      vertex   1.024894e+02 2.232625e+01 -8.581188e+01
    endloop
  endfacet
  facet normal -3.006451e-02 3.945654e-01 -9.183759e-01
    outer loop
      vertex   1.028700e+02 2.232625e+01 -8.582434e+01
      vertex   1.024894e+02 2.232625e+01 -8.581188e+01
      vertex   1.024914e+02 2.239741e+01 -8.578138e+01
    endloop
  endfacet
  facet normal -9.006480e-02 3.945654e-01 -9.144433e-01
    outer loop
      vertex   1.024914e+02 2.239741e+01 -8.578138e+01
      vertex   1.024894e+02 2.232625e+01 -8.581188e+01
      vertex   1.021144e+02 2.239741e+01 -8.574425e+01
    endloop
  endfacet
  facet normal -7.716643e-02 6.166023e-01 -7.834839e-01
    outer loop
      vertex   1.024914e+02 2.239741e+01 -8.578138e+01
      vertex   1.021144e+02 2.239741e+01 -8.574425e+01
      vertex   1.021207e+02 2.245838e+01 -8.569688e+01
    endloop
  endfacet
  facet normal -1.282435e-01 6.166023e-01 -7.767594e-01
    outer loop
      vertex   1.021207e+02 2.245838e+01 -8.569688e+01
      vertex   1.021144e+02 2.239741e+01 -8.574425e+01
      vertex   1.017500e+02 2.245838e+01 -8.563569e+01
    endloop
  endfacet
  facet normal -9.825553e-02 7.976040e-01 -5.951250e-01
    outer loop
      vertex   1.021207e+02 2.245838e+01 -8.569688e+01
      vertex   1.017500e+02 2.245838e+01 -8.563569e+01
      vertex   1.017621e+02 2.250508e+01 -8.557509e+01
    endloop
  endfacet
  facet normal -1.369682e-01 7.976040e-01 -5.874245e-01
    outer loop
      vertex   1.017621e+02 2.250508e+01 -8.557509e+01
      vertex   1.017500e+02 2.245838e+01 -8.563569e+01
      vertex   1.014001e+02 2.250508e+01 -8.549070e+01
    endloop
  endfacet
  facet normal -8.602157e-02 9.254694e-01 -3.689264e-01
    outer loop
      vertex   1.017621e+02 2.250508e+01 -8.557509e+01
      vertex   1.014001e+02 2.250508e+01 -8.549070e+01
      vertex   1.014187e+02 2.253440e+01 -8.542146e+01
    endloop
  endfacet
  facet normal -1.099663e-01 9.254694e-01 -3.625104e-01
    outer loop
      vertex   1.014187e+02 2.253440e+01 -8.542146e+01
      vertex   1.014001e+02 2.250508e+01 -8.549070e+01
      vertex   1.010675e+02 2.253440e+01 -8.531494e+01
    endloop
  endfacet
  facet normal -4.822278e-02 1.180296e-01 -9.918385e-01
    outer loop
      vertex   1.027756e+02 2.224964e+01 -8.583492e+01
      vertex   1.023984e+02 2.224964e+01 -8.581658e+01
      vertex   1.024894e+02 2.232625e+01 -8.581188e+01
    endloop
  endfacet
  facet normal -9.651084e-02 1.746407e-01 -9.798910e-01
    outer loop
      vertex   1.024894e+02 2.232625e+01 -8.581188e+01
      vertex   1.023984e+02 2.224964e+01 -8.581658e+01
      vertex   1.021104e+02 2.232625e+01 -8.577456e+01
    endloop
  endfacet
  facet normal -9.006480e-02 3.945654e-01 -9.144433e-01
    outer loop
      vertex   1.024894e+02 2.232625e+01 -8.581188e+01
      vertex   1.021104e+02 2.232625e+01 -8.577456e+01
      vertex   1.021144e+02 2.239741e+01 -8.574425e+01
    endloop
  endfacet
  facet normal -1.496794e-01 3.945654e-01 -9.065948e-01
    outer loop
      vertex   1.021144e+02 2.239741e+01 -8.574425e+01
      vertex   1.021104e+02 2.232625e+01 -8.577456e+01
      vertex   1.017407e+02 2.239741e+01 -8.568254e+01
    endloop
  endfacet
  facet normal -1.282435e-01 6.166023e-01 -7.767594e-01
    outer loop
      vertex   1.021144e+02 2.239741e+01 -8.574425e+01
      vertex   1.017407e+02 2.239741e+01 -8.568254e+01
      vertex   1.017500e+02 2.245838e+01 -8.563569e+01
    endloop
  endfacet
  facet normal -1.787714e-01 6.166023e-01 -7.667088e-01
    outer loop
      vertex   1.017500e+02 2.245838e+01 -8.563569e+01
      vertex   1.017407e+02 2.239741e+01 -8.568254e+01
      vertex   1.013841e+02 2.245838e+01 -8.555038e+01
    endloop
  endfacet
  facet normal -1.369682e-01 7.976040e-01 -5.874245e-01
    outer loop
      vertex   1.017500e+02 2.245838e+01 -8.563569e+01
      vertex   1.013841e+02 2.245838e+01 -8.555038e+01
      vertex   1.014001e+02 2.250508e+01 -8.549070e+01
    endloop
  endfacet
  facet normal -1.750943e-01 7.976040e-01 -5.772087e-01
    outer loop
      vertex   1.014001e+02 2.250508e+01 -8.549070e+01
      vertex   1.013841e+02 2.245838e+01 -8.555038e+01
      vertex   1.010445e+02 2.250508e+01 -8.538282e+01
    endloop
  endfacet
  facet normal -1.099663e-01 9.254694e-01 -3.625104e-01
    outer loop
      vertex   1.014001e+02 2.250508e+01 -8.549070e+01
      vertex   1.010445e+02 2.250508e+01 -8.538282e+01
      vertex   1.010675e+02 2.253440e+01 -8.531494e+01
    endloop
  endfacet
  facet normal -1.334402e-01 9.254694e-01 -3.545421e-01
    outer loop
      vertex   1.010675e+02 2.253440e+01 -8.531494e+01
      vertex   1.010445e+02 2.250508e+01 -8.538282e+01
      vertex   1.007241e+02 2.253440e+01 -8.518569e+01
    endloop
  endfacet
  facet normal -1.123115e-01 1.188928e-01 -9.865346e-01
    outer loop
      vertex   1.023984e+02 2.224964e+01 -8.581658e+01
      vertex   1.020232e+02 2.224964e+01 -8.577386e+01
      vertex   1.021104e+02 2.232625e+01 -8.577456e+01
    endloop
  endfacet
  facet normal -1.604169e-01 1.737806e-01 -9.716310e-01
    outer loop
      vertex   1.021104e+02 2.232625e+01 -8.577456e+01
      vertex   1.020232e+02 2.224964e+01 -8.577386e+01
      vertex   1.017347e+02 2.232625e+01 -8.571253e+01
    endloop
  endfacet
  facet normal -1.496794e-01 3.945654e-01 -9.065948e-01
    outer loop
      vertex   1.021104e+02 2.232625e+01 -8.577456e+01
      vertex   1.017347e+02 2.232625e+01 -8.571253e+01
      vertex   1.017407e+02 2.239741e+01 -8.568254e+01
    endloop
  endfacet
  facet normal -2.086531e-01 3.945654e-01 -8.948642e-01
    outer loop
      vertex   1.017407e+02 2.239741e+01 -8.568254e+01
      vertex   1.017347e+02 2.232625e+01 -8.571253e+01
      vertex   1.013718e+02 2.239741e+01 -8.559653e+01
    endloop
  endfacet
  facet normal -1.787714e-01 6.166023e-01 -7.667088e-01
    outer loop
      vertex   1.017407e+02 2.239741e+01 -8.568254e+01
      vertex   1.013718e+02 2.239741e+01 -8.559653e+01
      vertex   1.013841e+02 2.245838e+01 -8.555038e+01
    endloop
  endfacet
  facet normal -2.285338e-01 6.166023e-01 -7.533750e-01
    outer loop
      vertex   1.013841e+02 2.245838e+01 -8.555038e+01
      vertex   1.013718e+02 2.239741e+01 -8.559653e+01
      vertex   1.010246e+02 2.245838e+01 -8.544133e+01
    endloop
  endfacet
  facet normal -1.750943e-01 7.976040e-01 -5.772087e-01
    outer loop
      vertex   1.013841e+02 2.245838e+01 -8.555038e+01
      vertex   1.010246e+02 2.245838e+01 -8.544133e+01
      vertex   1.010445e+02 2.250508e+01 -8.538282e+01
    endloop
  endfacet
  facet normal -2.124707e-01 7.976040e-01 -5.645211e-01
    outer loop
      vertex   1.010445e+02 2.250508e+01 -8.538282e+01
      vertex   1.010246e+02 2.245838e+01 -8.544133e+01
      vertex   1.006967e+02 2.250508e+01 -8.525191e+01
    endloop
  endfacet
  facet normal -1.334402e-01 9.254694e-01 -3.545421e-01
    outer loop
      vertex   1.010445e+02 2.250508e+01 -8.538282e+01
      vertex   1.006967e+02 2.250508e+01 -8.525191e+01
      vertex   1.007241e+02 2.253440e+01 -8.518569e+01
    endloop
  endfacet
  facet normal -1.563426e-01 9.254694e-01 -3.450556e-01
    outer loop
      vertex   1.007241e+02 2.253440e+01 -8.518569e+01
      vertex   1.006967e+02 2.250508e+01 -8.525191e+01
      vertex   1.003899e+02 2.253440e+01 -8.503425e+01
    endloop
  endfacet
  facet normal -1.759151e-01 1.197896e-01 -9.770897e-01
    outer loop
      vertex   1.020232e+02 2.224964e+01 -8.577386e+01
      vertex   1.016516e+02 2.224964e+01 -8.570696e+01
      vertex   1.017347e+02 2.232625e+01 -8.571253e+01
    endloop
  endfacet
  facet normal -2.236569e-01 1.728870e-01 -9.592120e-01
    outer loop
      vertex   1.017347e+02 2.232625e+01 -8.571253e+01
      vertex   1.016516e+02 2.224964e+01 -8.570696e+01
      vertex   1.013639e+02 2.232625e+01 -8.562606e+01
    endloop
  endfacet
  facet normal -2.086531e-01 3.945654e-01 -8.948642e-01
    outer loop
      vertex   1.017347e+02 2.232625e+01 -8.571253e+01
      vertex   1.013639e+02 2.232625e+01 -8.562606e+01
      vertex   1.013718e+02 2.239741e+01 -8.559653e+01
    endloop
  endfacet
  facet normal -2.667333e-01 3.945654e-01 -8.793017e-01
    outer loop
      vertex   1.013718e+02 2.239741e+01 -8.559653e+01
      vertex   1.013639e+02 2.232625e+01 -8.562606e+01
      vertex   1.010093e+02 2.239741e+01 -8.548657e+01
    endloop
  endfacet
  facet normal -2.285338e-01 6.166023e-01 -7.533750e-01
    outer loop
      vertex   1.013718e+02 2.239741e+01 -8.559653e+01
      vertex   1.010093e+02 2.239741e+01 -8.548657e+01
      vertex   1.010246e+02 2.245838e+01 -8.544133e+01
    endloop
  endfacet
  facet normal -2.773176e-01 6.166023e-01 -7.368152e-01
    outer loop
      vertex   1.010246e+02 2.245838e+01 -8.544133e+01
      vertex   1.010093e+02 2.239741e+01 -8.548657e+01
      vertex   1.006730e+02 2.245838e+01 -8.530900e+01
    endloop
  endfacet
  facet normal -2.124707e-01 7.976040e-01 -5.645211e-01
    outer loop
      vertex   1.010246e+02 2.245838e+01 -8.544133e+01
      vertex   1.006730e+02 2.245838e+01 -8.530900e+01
      vertex   1.006967e+02 2.250508e+01 -8.525191e+01
    endloop
  endfacet
  facet normal -2.489372e-01 7.976040e-01 -5.494162e-01
    outer loop
      vertex   1.006967e+02 2.250508e+01 -8.525191e+01
      vertex   1.006730e+02 2.245838e+01 -8.530900e+01
      vertex   1.003582e+02 2.250508e+01 -8.509854e+01
    endloop
  endfacet
  facet normal -1.563426e-01 9.254694e-01 -3.450556e-01
    outer loop
      vertex   1.006967e+02 2.250508e+01 -8.525191e+01
      vertex   1.003582e+02 2.250508e+01 -8.509854e+01
      vertex   1.003899e+02 2.253440e+01 -8.503425e+01
    endloop
  endfacet
  facet normal -1.785756e-01 9.254694e-01 -3.340915e-01
    outer loop
      vertex   1.003899e+02 2.253440e+01 -8.503425e+01
      vertex   1.003582e+02 2.250508e+01 -8.509854e+01
      vertex   1.000663e+02 2.253440e+01 -8.486127e+01
    endloop
  endfacet
  facet normal -2.387659e-01 1.207200e-01 -9.635443e-01
    outer loop
      vertex   1.016516e+02 2.224964e+01 -8.570696e+01
      vertex   1.012851e+02 2.224964e+01 -8.561613e+01
      vertex   1.013639e+02 2.232625e+01 -8.562606e+01
    endloop
  endfacet
  facet normal -2.859606e-01 1.719599e-01 -9.426857e-01
    outer loop
      vertex   1.013639e+02 2.232625e+01 -8.562606e+01
      vertex   1.012851e+02 2.224964e+01 -8.561613e+01
      vertex   1.009995e+02 2.232625e+01 -8.551552e+01
    endloop
  endfacet
  facet normal -2.667333e-01 3.945654e-01 -8.793017e-01
    outer loop
      vertex   1.013639e+02 2.232625e+01 -8.562606e+01
      vertex   1.009995e+02 2.232625e+01 -8.551552e+01
      vertex   1.010093e+02 2.239741e+01 -8.548657e+01
    endloop
  endfacet
  facet normal -3.236712e-01 3.945654e-01 -8.599739e-01
    outer loop
      vertex   1.010093e+02 2.239741e+01 -8.548657e+01
      vertex   1.009995e+02 2.232625e+01 -8.551552e+01
      vertex   1.006548e+02 2.239741e+01 -8.535313e+01
    endloop
  endfacet
  facet normal -2.773176e-01 6.166023e-01 -7.368152e-01
    outer loop
      vertex   1.010093e+02 2.239741e+01 -8.548657e+01
      vertex   1.006548e+02 2.239741e+01 -8.535313e+01
      vertex   1.006730e+02 2.245838e+01 -8.530900e+01
    endloop
  endfacet
  facet normal -3.249139e-01 6.166023e-01 -7.171002e-01
    outer loop
      vertex   1.006730e+02 2.245838e+01 -8.530900e+01
      vertex   1.006548e+02 2.239741e+01 -8.535313e+01
      vertex   1.003309e+02 2.245838e+01 -8.515395e+01
    endloop
  endfacet
  facet normal -2.489372e-01 7.976040e-01 -5.494162e-01
    outer loop
      vertex   1.006730e+02 2.245838e+01 -8.530900e+01
      vertex   1.003309e+02 2.245838e+01 -8.515395e+01
      vertex   1.003582e+02 2.250508e+01 -8.509854e+01
    endloop
  endfacet
  facet normal -2.843378e-01 7.976040e-01 -5.319586e-01
    outer loop
      vertex   1.003582e+02 2.250508e+01 -8.509854e+01
      vertex   1.003309e+02 2.245838e+01 -8.515395e+01
      vertex   1.000304e+02 2.250508e+01 -8.492335e+01
    endloop
  endfacet
  facet normal -1.785756e-01 9.254694e-01 -3.340915e-01
    outer loop
      vertex   1.003582e+02 2.250508e+01 -8.509854e+01
      vertex   1.000304e+02 2.250508e+01 -8.492335e+01
      vertex   1.000663e+02 2.253440e+01 -8.486127e+01
    endloop
  endfacet
  facet normal -2.000439e-01 9.254694e-01 -3.216968e-01
    outer loop
      vertex   1.000663e+02 2.253440e+01 -8.486127e+01
      vertex   1.000304e+02 2.250508e+01 -8.492335e+01
      vertex   9.975467e+01 2.253440e+01 -8.466750e+01
    endloop
  endfacet
  facet normal -3.005996e-01 1.216838e-01 -9.459561e-01
    outer loop
      vertex   1.012851e+02 2.224964e+01 -8.561613e+01
      vertex   1.009252e+02 2.224964e+01 -8.550177e+01
      vertex   1.009995e+02 2.232625e+01 -8.551552e+01
    endloop
  endfacet
  facet normal -3.470618e-01 1.709992e-01 -9.221211e-01
    outer loop
      vertex   1.009995e+02 2.232625e+01 -8.551552e+01
      vertex   1.009252e+02 2.224964e+01 -8.550177e+01
      vertex   1.006431e+02 2.232625e+01 -8.538138e+01
    endloop
  endfacet
  facet normal -3.236712e-01 3.945654e-01 -8.599739e-01
    outer loop
      vertex   1.009995e+02 2.232625e+01 -8.551552e+01
      vertex   1.006431e+02 2.232625e+01 -8.538138e+01
      vertex   1.006548e+02 2.239741e+01 -8.535313e+01
    endloop
  endfacet
  facet normal -3.792232e-01 3.945654e-01 -8.369635e-01
    outer loop
      vertex   1.006548e+02 2.239741e+01 -8.535313e+01
      vertex   1.006431e+02 2.232625e+01 -8.538138e+01
      vertex   1.003097e+02 2.239741e+01 -8.519680e+01
    endloop
  endfacet
  facet normal -3.249139e-01 6.166023e-01 -7.171002e-01
    outer loop
      vertex   1.006548e+02 2.239741e+01 -8.535313e+01
      vertex   1.003097e+02 2.239741e+01 -8.519680e+01
      vertex   1.003309e+02 2.245838e+01 -8.515395e+01
    endloop
  endfacet
  facet normal -3.711188e-01 6.166023e-01 -6.943144e-01
    outer loop
      vertex   1.003309e+02 2.245838e+01 -8.515395e+01
      vertex   1.003097e+02 2.239741e+01 -8.519680e+01
      vertex   9.999954e+01 2.245838e+01 -8.497686e+01
    endloop
  endfacet
  facet normal -2.843378e-01 7.976040e-01 -5.319586e-01
    outer loop
      vertex   1.003309e+02 2.245838e+01 -8.515395e+01
      vertex   9.999954e+01 2.245838e+01 -8.497686e+01
      vertex   1.000304e+02 2.250508e+01 -8.492335e+01
    endloop
  endfacet
  facet normal -3.185207e-01 7.976040e-01 -5.122230e-01
    outer loop
      vertex   1.000304e+02 2.250508e+01 -8.492335e+01
      vertex   9.999954e+01 2.245838e+01 -8.497686e+01
      vertex   9.971485e+01 2.250508e+01 -8.472711e+01
    endloop
  endfacet
  facet normal -2.000439e-01 9.254694e-01 -3.216968e-01
    outer loop
      vertex   1.000304e+02 2.250508e+01 -8.492335e+01
      vertex   9.971485e+01 2.250508e+01 -8.472711e+01
      vertex   9.975467e+01 2.253440e+01 -8.466750e+01
    endloop
  endfacet
  facet normal -2.206556e-01 9.254694e-01 -3.079245e-01
    outer loop
      vertex   9.975467e+01 2.253440e+01 -8.466750e+01
      vertex   9.971485e+01 2.250508e+01 -8.472711e+01
      vertex   9.945641e+01 2.253440e+01 -8.445377e+01
    endloop
  endfacet
  facet normal -3.611561e-01 1.226811e-01 -9.244002e-01
    outer loop
      vertex   1.009252e+02 2.224964e+01 -8.550177e+01
      vertex   1.005735e+02 2.224964e+01 -8.536436e+01
      vertex   1.006431e+02 2.232625e+01 -8.538138e+01
    endloop
  endfacet
  facet normal -4.066993e-01 1.700048e-01 -8.976046e-01
    outer loop
      vertex   1.006431e+02 2.232625e+01 -8.538138e+01
      vertex   1.005735e+02 2.224964e+01 -8.536436e+01
      vertex   1.002962e+02 2.232625e+01 -8.522422e+01
    endloop
  endfacet
  facet normal -3.792232e-01 3.945654e-01 -8.369635e-01
    outer loop
      vertex   1.006431e+02 2.232625e+01 -8.538138e+01
      vertex   1.002962e+02 2.232625e+01 -8.522422e+01
      vertex   1.003097e+02 2.239741e+01 -8.519680e+01
    endloop
  endfacet
  facet normal -4.331513e-01 3.945654e-01 -8.103691e-01
    outer loop
      vertex   1.003097e+02 2.239741e+01 -8.519680e+01
      vertex   1.002962e+02 2.232625e+01 -8.522422e+01
      vertex   9.997566e+01 2.239741e+01 -8.501823e+01
    endloop
  endfacet
  facet normal -3.711188e-01 6.166023e-01 -6.943144e-01
    outer loop
      vertex   1.003097e+02 2.239741e+01 -8.519680e+01
      vertex   9.997566e+01 2.239741e+01 -8.501823e+01
      vertex   9.999954e+01 2.245838e+01 -8.497686e+01
    endloop
  endfacet
  facet normal -4.157345e-01 6.166023e-01 -6.685555e-01
    outer loop
      vertex   9.999954e+01 2.245838e+01 -8.497686e+01
      vertex   9.997566e+01 2.239741e+01 -8.501823e+01
      vertex   9.968052e+01 2.245838e+01 -8.477848e+01
    endloop
  endfacet
  facet normal -3.185207e-01 7.976040e-01 -5.122230e-01
    outer loop
      vertex   9.999954e+01 2.245838e+01 -8.497686e+01
      vertex   9.968052e+01 2.245838e+01 -8.477848e+01
      vertex   9.971485e+01 2.250508e+01 -8.472711e+01
    endloop
  endfacet
  facet normal -3.513398e-01 7.976040e-01 -4.902941e-01
    outer loop
      vertex   9.971485e+01 2.250508e+01 -8.472711e+01
      vertex   9.968052e+01 2.245838e+01 -8.477848e+01
      vertex   9.941277e+01 2.250508e+01 -8.451064e+01
    endloop
  endfacet
  facet normal -2.206556e-01 9.254694e-01 -3.079245e-01
    outer loop
      vertex   9.971485e+01 2.250508e+01 -8.472711e+01
      vertex   9.941277e+01 2.250508e+01 -8.451064e+01
      vertex   9.945641e+01 2.253440e+01 -8.445377e+01
    endloop
  endfacet
  facet normal -2.403224e-01 9.254694e-01 -2.928336e-01
    outer loop
      vertex   9.945641e+01 2.253440e+01 -8.445377e+01
      vertex   9.941277e+01 2.250508e+01 -8.451064e+01
      vertex   9.917276e+01 2.253440e+01 -8.422098e+01
    endloop
  endfacet
  facet normal -4.201807e-01 1.237118e-01 -8.989681e-01
    outer loop
      vertex   1.005735e+02 2.224964e+01 -8.536436e+01
      vertex   1.002314e+02 2.224964e+01 -8.520446e+01
      vertex   1.002962e+02 2.232625e+01 -8.522422e+01
    endloop
  endfacet
  facet normal -4.646181e-01 1.689768e-01 -8.692393e-01
    outer loop
      vertex   1.002962e+02 2.232625e+01 -8.522422e+01
      vertex   1.002314e+02 2.224964e+01 -8.520446e+01
      vertex   9.996037e+01 2.232625e+01 -8.504471e+01
    endloop
  endfacet
  facet normal -4.331513e-01 3.945654e-01 -8.103691e-01
    outer loop
      vertex   1.002962e+02 2.232625e+01 -8.522422e+01
      vertex   9.996037e+01 2.232625e+01 -8.504471e+01
      vertex   9.997566e+01 2.239741e+01 -8.501823e+01
    endloop
  endfacet
  facet normal -4.852246e-01 3.945654e-01 -7.803046e-01
    outer loop
      vertex   9.997566e+01 2.239741e+01 -8.501823e+01
      vertex   9.996037e+01 2.232625e+01 -8.504471e+01
      vertex   9.965398e+01 2.239741e+01 -8.481820e+01
    endloop
  endfacet
  facet normal -4.157345e-01 6.166023e-01 -6.685555e-01
    outer loop
      vertex   9.997566e+01 2.239741e+01 -8.501823e+01
      vertex   9.965398e+01 2.239741e+01 -8.481820e+01
      vertex   9.968052e+01 2.245838e+01 -8.477848e+01
    endloop
  endfacet
  facet normal -4.585700e-01 6.166023e-01 -6.399337e-01
    outer loop
      vertex   9.968052e+01 2.245838e+01 -8.477848e+01
      vertex   9.965398e+01 2.239741e+01 -8.481820e+01
      vertex   9.937515e+01 2.245838e+01 -8.455966e+01
    endloop
  endfacet
  facet normal -3.513398e-01 7.976040e-01 -4.902941e-01
    outer loop
      vertex   9.968052e+01 2.245838e+01 -8.477848e+01
      vertex   9.937515e+01 2.245838e+01 -8.455966e+01
      vertex   9.941277e+01 2.250508e+01 -8.451064e+01
    endloop
  endfacet
  facet normal -3.826543e-01 7.976040e-01 -4.662656e-01
    outer loop
      vertex   9.941277e+01 2.250508e+01 -8.451064e+01
      vertex   9.937515e+01 2.245838e+01 -8.455966e+01
      vertex   9.912549e+01 2.250508e+01 -8.427488e+01
    endloop
  endfacet
  facet normal -2.403224e-01 9.254694e-01 -2.928336e-01
    outer loop
      vertex   9.941277e+01 2.250508e+01 -8.451064e+01
      vertex   9.912549e+01 2.250508e+01 -8.427488e+01
      vertex   9.917276e+01 2.253440e+01 -8.422098e+01
    endloop
  endfacet
  facet normal -2.589600e-01 9.254694e-01 -2.764888e-01
    outer loop
      vertex   9.917276e+01 2.253440e+01 -8.422098e+01
      vertex   9.912549e+01 2.250508e+01 -8.427488e+01
      vertex   9.890494e+01 2.253440e+01 -8.397015e+01
    endloop
  endfacet
  facet normal -4.774255e-01 1.247758e-01 -8.697677e-01
    outer loop
      vertex   1.002314e+02 2.224964e+01 -8.520446e+01
      vertex   9.990036e+01 2.224964e+01 -8.502276e+01
      vertex   9.996037e+01 2.232625e+01 -8.504471e+01
    endloop
  endfacet
  facet normal -5.205701e-01 1.679150e-01 -8.371448e-01
    outer loop
      vertex   9.996037e+01 2.232625e+01 -8.504471e+01
      vertex   9.990036e+01 2.224964e+01 -8.502276e+01
      vertex   9.963699e+01 2.232625e+01 -8.484362e+01
    endloop
  endfacet
  facet normal -4.852246e-01 3.945654e-01 -7.803046e-01
    outer loop
      vertex   9.996037e+01 2.232625e+01 -8.504471e+01
      vertex   9.963699e+01 2.232625e+01 -8.484362e+01
      vertex   9.965398e+01 2.239741e+01 -8.481820e+01
    endloop
  endfacet
  facet normal -5.352200e-01 3.945654e-01 -7.468987e-01
    outer loop
      vertex   9.965398e+01 2.239741e+01 -8.481820e+01
      vertex   9.963699e+01 2.232625e+01 -8.484362e+01
      vertex   9.934607e+01 2.239741e+01 -8.459756e+01
    endloop
  endfacet
  facet normal -4.585700e-01 6.166023e-01 -6.399337e-01
    outer loop
      vertex   9.965398e+01 2.239741e+01 -8.481820e+01
      vertex   9.934607e+01 2.239741e+01 -8.459756e+01
      vertex   9.937515e+01 2.245838e+01 -8.455966e+01
    endloop
  endfacet
  facet normal -4.994419e-01 6.166023e-01 -6.085717e-01
    outer loop
      vertex   9.937515e+01 2.245838e+01 -8.455966e+01
      vertex   9.934607e+01 2.239741e+01 -8.459756e+01
      vertex   9.908475e+01 2.245838e+01 -8.432133e+01
    endloop
  endfacet
  facet normal -3.826543e-01 7.976040e-01 -4.662656e-01
    outer loop
      vertex   9.937515e+01 2.245838e+01 -8.455966e+01
      vertex   9.908475e+01 2.245838e+01 -8.432133e+01
      vertex   9.912549e+01 2.250508e+01 -8.427488e+01
    endloop
  endfacet
  facet normal -4.123302e-01 7.976040e-01 -4.402405e-01
    outer loop
      vertex   9.912549e+01 2.250508e+01 -8.427488e+01
      vertex   9.908475e+01 2.245838e+01 -8.432133e+01
      vertex   9.885425e+01 2.250508e+01 -8.402083e+01
    endloop
  endfacet
  facet normal -2.589600e-01 9.254694e-01 -2.764888e-01
    outer loop
      vertex   9.912549e+01 2.250508e+01 -8.427488e+01
      vertex   9.885425e+01 2.250508e+01 -8.402083e+01
      vertex   9.890494e+01 2.253440e+01 -8.397015e+01
    endloop
  endfacet
  facet normal -2.764888e-01 9.254694e-01 -2.589600e-01
    outer loop
      vertex   9.890494e+01 2.253440e+01 -8.397015e+01
      vertex   9.885425e+01 2.250508e+01 -8.402083e+01
      vertex   9.865410e+01 2.253440e+01 -8.370233e+01
    endloop
  endfacet
  facet normal -5.326497e-01 1.258732e-01 -8.369231e-01
    outer loop
      vertex   9.990036e+01 2.224964e+01 -8.502276e+01
      vertex   9.958180e+01 2.224964e+01 -8.482001e+01
      vertex   9.963699e+01 2.232625e+01 -8.484362e+01
    endloop
  endfacet
  facet normal -5.743157e-01 1.668195e-01 -8.014566e-01
    outer loop
      vertex   9.963699e+01 2.232625e+01 -8.484362e+01
      vertex   9.958180e+01 2.224964e+01 -8.482001e+01
      vertex   9.932746e+01 2.232625e+01 -8.462181e+01
    endloop
  endfacet
  facet normal -5.352200e-01 3.945654e-01 -7.468987e-01
    outer loop
      vertex   9.963699e+01 2.232625e+01 -8.484362e+01
      vertex   9.932746e+01 2.232625e+01 -8.462181e+01
      vertex   9.934607e+01 2.239741e+01 -8.459756e+01
    endloop
  endfacet
  facet normal -5.829236e-01 3.945654e-01 -7.102945e-01
    outer loop
      vertex   9.934607e+01 2.239741e+01 -8.459756e+01
      vertex   9.932746e+01 2.232625e+01 -8.462181e+01
      vertex   9.905325e+01 2.239741e+01 -8.435725e+01
    endloop
  endfacet
  facet normal -4.994419e-01 6.166023e-01 -6.085717e-01
    outer loop
      vertex   9.934607e+01 2.239741e+01 -8.459756e+01
      vertex   9.905325e+01 2.239741e+01 -8.435725e+01
      vertex   9.908475e+01 2.245838e+01 -8.432133e+01
    endloop
  endfacet
  facet normal -5.381750e-01 6.166023e-01 -5.746036e-01
    outer loop
      vertex   9.908475e+01 2.245838e+01 -8.432133e+01
      vertex   9.905325e+01 2.239741e+01 -8.435725e+01
      vertex   9.881056e+01 2.245838e+01 -8.406452e+01
    endloop
  endfacet
  facet normal -4.123302e-01 7.976040e-01 -4.402405e-01
    outer loop
      vertex   9.908475e+01 2.245838e+01 -8.432133e+01
      vertex   9.881056e+01 2.245838e+01 -8.406452e+01
      vertex   9.885425e+01 2.250508e+01 -8.402083e+01
    endloop
  endfacet
  facet normal -4.402405e-01 7.976040e-01 -4.123302e-01
    outer loop
      vertex   9.885425e+01 2.250508e+01 -8.402083e+01
      vertex   9.881056e+01 2.245838e+01 -8.406452e+01
      vertex   9.860021e+01 2.250508e+01 -8.374959e+01
    endloop
  endfacet
  facet normal -2.764888e-01 9.254694e-01 -2.589600e-01
    outer loop
      vertex   9.885425e+01 2.250508e+01 -8.402083e+01
      vertex   9.860021e+01 2.250508e+01 -8.374959e+01
      vertex   9.865410e+01 2.253440e+01 -8.370233e+01
    endloop
  endfacet
  facet normal -2.928336e-01 9.254694e-01 -2.403224e-01
    outer loop
      vertex   9.865410e+01 2.253440e+01 -8.370233e+01
      vertex   9.860021e+01 2.250508e+01 -8.374959e+01
      vertex   9.842132e+01 2.253440e+01 -8.341868e+01
    endloop
  endfacet
  facet normal -5.856214e-01 1.270039e-01 -8.005733e-01
    outer loop
      vertex   9.958180e+01 2.224964e+01 -8.482001e+01
      vertex   9.927702e+01 2.224964e+01 -8.459707e+01
      vertex   9.932746e+01 2.232625e+01 -8.462181e+01
    endloop
  endfacet
  facet normal -6.256246e-01 1.656901e-01 -7.623258e-01
    outer loop
      vertex   9.932746e+01 2.232625e+01 -8.462181e+01
      vertex   9.927702e+01 2.224964e+01 -8.459707e+01
      vertex   9.903310e+01 2.232625e+01 -8.438023e+01
    endloop
  endfacet
  facet normal -5.829236e-01 3.945654e-01 -7.102945e-01
    outer loop
      vertex   9.932746e+01 2.232625e+01 -8.462181e+01
      vertex   9.903310e+01 2.232625e+01 -8.438023e+01
      vertex   9.905325e+01 2.239741e+01 -8.435725e+01
    endloop
  endfacet
  facet normal -6.281310e-01 3.945654e-01 -6.706486e-01
    outer loop
      vertex   9.905325e+01 2.239741e+01 -8.435725e+01
      vertex   9.903310e+01 2.232625e+01 -8.438023e+01
      vertex   9.877678e+01 2.239741e+01 -8.409830e+01
    endloop
  endfacet
  facet normal -5.381750e-01 6.166023e-01 -5.746036e-01
    outer loop
      vertex   9.905325e+01 2.239741e+01 -8.435725e+01
      vertex   9.877678e+01 2.239741e+01 -8.409830e+01
      vertex   9.881056e+01 2.245838e+01 -8.406452e+01
    endloop
  endfacet
  facet normal -5.746036e-01 6.166023e-01 -5.381750e-01
    outer loop
      vertex   9.881056e+01 2.245838e+01 -8.406452e+01
      vertex   9.877678e+01 2.239741e+01 -8.409830e+01
      vertex   9.855375e+01 2.245838e+01 -8.379033e+01
    endloop
  endfacet
  facet normal -4.402405e-01 7.976040e-01 -4.123302e-01
    outer loop
      vertex   9.881056e+01 2.245838e+01 -8.406452e+01
      vertex   9.855375e+01 2.245838e+01 -8.379033e+01
      vertex   9.860021e+01 2.250508e+01 -8.374959e+01
    endloop
  endfacet
  facet normal -4.662656e-01 7.976040e-01 -3.826543e-01
    outer loop
      vertex   9.860021e+01 2.250508e+01 -8.374959e+01
      vertex   9.855375e+01 2.245838e+01 -8.379033e+01
      vertex   9.836445e+01 2.250508e+01 -8.346232e+01
    endloop
  endfacet
  facet normal -2.928336e-01 9.254694e-01 -2.403224e-01
    outer loop
      vertex   9.860021e+01 2.250508e+01 -8.374959e+01
      vertex   9.836445e+01 2.250508e+01 -8.346232e+01
      vertex   9.842132e+01 2.253440e+01 -8.341868e+01
    endloop
  endfacet
  facet normal -3.079245e-01 9.254694e-01 -2.206556e-01
    outer loop
      vertex   9.842132e+01 2.253440e+01 -8.341868e+01
      vertex   9.836445e+01 2.250508e+01 -8.346232e+01
      vertex   9.820758e+01 2.253440e+01 -8.312041e+01
    endloop
  endfacet
  facet normal -6.361182e-01 1.281677e-01 -7.608723e-01
    outer loop
      vertex   9.927702e+01 2.224964e+01 -8.459707e+01
      vertex   9.898732e+01 2.224964e+01 -8.435487e+01
      vertex   9.903310e+01 2.232625e+01 -8.438023e+01
    endloop
  endfacet
  facet normal -6.742767e-01 1.645268e-01 -7.199179e-01
    outer loop
      vertex   9.903310e+01 2.232625e+01 -8.438023e+01
      vertex   9.898732e+01 2.224964e+01 -8.435487e+01
      vertex   9.875516e+01 2.232625e+01 -8.411992e+01
    endloop
  endfacet
  facet normal -6.281310e-01 3.945654e-01 -6.706486e-01
    outer loop
      vertex   9.903310e+01 2.232625e+01 -8.438023e+01
      vertex   9.875516e+01 2.232625e+01 -8.411992e+01
      vertex   9.877678e+01 2.239741e+01 -8.409830e+01
    endloop
  endfacet
  facet normal -6.706486e-01 3.945654e-01 -6.281310e-01
    outer loop
      vertex   9.877678e+01 2.239741e+01 -8.409830e+01
      vertex   9.875516e+01 2.232625e+01 -8.411992e+01
      vertex   9.851784e+01 2.239741e+01 -8.382183e+01
    endloop
  endfacet
  facet normal -5.746036e-01 6.166023e-01 -5.381750e-01
    outer loop
      vertex   9.877678e+01 2.239741e+01 -8.409830e+01
      vertex   9.851784e+01 2.239741e+01 -8.382183e+01
      vertex   9.855375e+01 2.245838e+01 -8.379033e+01
    endloop
  endfacet
  facet normal -6.085717e-01 6.166023e-01 -4.994419e-01
    outer loop
      vertex   9.855375e+01 2.245838e+01 -8.379033e+01
      vertex   9.851784e+01 2.239741e+01 -8.382183e+01
      vertex   9.831543e+01 2.245838e+01 -8.349993e+01
    endloop
  endfacet
  facet normal -4.662656e-01 7.976040e-01 -3.826543e-01
    outer loop
      vertex   9.855375e+01 2.245838e+01 -8.379033e+01
      vertex   9.831543e+01 2.245838e+01 -8.349993e+01
      vertex   9.836445e+01 2.250508e+01 -8.346232e+01
    endloop
  endfacet
  facet normal -4.902941e-01 7.976040e-01 -3.513398e-01
    outer loop
      vertex   9.836445e+01 2.250508e+01 -8.346232e+01
      vertex   9.831543e+01 2.245838e+01 -8.349993e+01
      vertex   9.814798e+01 2.250508e+01 -8.316024e+01
    endloop
  endfacet
  facet normal -3.079245e-01 9.254694e-01 -2.206556e-01
    outer loop
      vertex   9.836445e+01 2.250508e+01 -8.346232e+01
      vertex   9.814798e+01 2.250508e+01 -8.316024e+01
      vertex   9.820758e+01 2.253440e+01 -8.312041e+01
    endloop
  endfacet
  facet normal -3.216968e-01 9.254694e-01 -2.000439e-01
    outer loop
      vertex   9.820758e+01 2.253440e+01 -8.312041e+01
      vertex   9.814798e+01 2.250508e+01 -8.316024e+01
      vertex   9.801381e+01 2.253440e+01 -8.280881e+01
    endloop
  endfacet
  facet normal -6.839281e-01 1.293648e-01 -7.179883e-01
    outer loop
      vertex   9.898732e+01 2.224964e+01 -8.435487e+01
      vertex   9.871390e+01 2.224964e+01 -8.409442e+01
      vertex   9.875516e+01 2.232625e+01 -8.411992e+01
    endloop
  endfacet
  facet normal -7.200631e-01 1.633296e-01 -6.744127e-01
    outer loop
      vertex   9.875516e+01 2.232625e+01 -8.411992e+01
      vertex   9.871390e+01 2.224964e+01 -8.409442e+01
      vertex   9.849485e+01 2.232625e+01 -8.384199e+01
    endloop
  endfacet
  facet normal -6.706486e-01 3.945654e-01 -6.281310e-01
    outer loop
      vertex   9.875516e+01 2.232625e+01 -8.411992e+01
      vertex   9.849485e+01 2.232625e+01 -8.384199e+01
      vertex   9.851784e+01 2.239741e+01 -8.382183e+01
    endloop
  endfacet
  facet normal -7.102945e-01 3.945654e-01 -5.829236e-01
    outer loop
      vertex   9.851784e+01 2.239741e+01 -8.382183e+01
      vertex   9.849485e+01 2.232625e+01 -8.384199e+01
      vertex   9.827753e+01 2.239741e+01 -8.352901e+01
    endloop
  endfacet
  facet normal -6.085717e-01 6.166023e-01 -4.994419e-01
    outer loop
      vertex   9.851784e+01 2.239741e+01 -8.382183e+01
      vertex   9.827753e+01 2.239741e+01 -8.352901e+01
      vertex   9.831543e+01 2.245838e+01 -8.349993e+01
    endloop
  endfacet
  facet normal -6.399337e-01 6.166023e-01 -4.585700e-01
    outer loop
      vertex   9.831543e+01 2.245838e+01 -8.349993e+01
      vertex   9.827753e+01 2.239741e+01 -8.352901e+01
      vertex   9.809661e+01 2.245838e+01 -8.319457e+01
    endloop
  endfacet
  facet normal -4.902941e-01 7.976040e-01 -3.513398e-01
    outer loop
      vertex   9.831543e+01 2.245838e+01 -8.349993e+01
      vertex   9.809661e+01 2.245838e+01 -8.319457e+01
      vertex   9.814798e+01 2.250508e+01 -8.316024e+01
    endloop
  endfacet
  facet normal -5.122230e-01 7.976040e-01 -3.185207e-01
    outer loop
      vertex   9.814798e+01 2.250508e+01 -8.316024e+01
      vertex   9.809661e+01 2.245838e+01 -8.319457e+01
      vertex   9.795173e+01 2.250508e+01 -8.284465e+01
    endloop
  endfacet
  facet normal -3.216968e-01 9.254694e-01 -2.000439e-01
    outer loop
      vertex   9.814798e+01 2.250508e+01 -8.316024e+01
      vertex   9.795173e+01 2.250508e+01 -8.284465e+01
      vertex   9.801381e+01 2.253440e+01 -8.280881e+01
    endloop
  endfacet
  facet normal -3.340915e-01 9.254694e-01 -1.785756e-01
    outer loop
      vertex   9.801381e+01 2.253440e+01 -8.280881e+01
      vertex   9.795173e+01 2.250508e+01 -8.284465e+01
      vertex   9.784084e+01 2.253440e+01 -8.248519e+01
    endloop
  endfacet
  facet normal -7.288505e-01 1.305950e-01 -6.721026e-01
    outer loop
      vertex   9.871390e+01 2.224964e+01 -8.409442e+01
      vertex   9.845791e+01 2.224964e+01 -8.381682e+01
      vertex   9.849485e+01 2.232625e+01 -8.384199e+01
    endloop
  endfacet
  facet normal -7.627871e-01 1.620983e-01 -6.260032e-01
    outer loop
      vertex   9.849485e+01 2.232625e+01 -8.384199e+01
      vertex   9.845791e+01 2.224964e+01 -8.381682e+01
      vertex   9.825327e+01 2.232625e+01 -8.354762e+01
    endloop
  endfacet
  facet normal -7.102945e-01 3.945654e-01 -5.829236e-01
    outer loop
      vertex   9.849485e+01 2.232625e+01 -8.384199e+01
      vertex   9.825327e+01 2.232625e+01 -8.354762e+01
      vertex   9.827753e+01 2.239741e+01 -8.352901e+01
    endloop
  endfacet
  facet normal -7.468987e-01 3.945654e-01 -5.352200e-01
    outer loop
      vertex   9.827753e+01 2.239741e+01 -8.352901e+01
      vertex   9.825327e+01 2.232625e+01 -8.354762e+01
      vertex   9.805688e+01 2.239741e+01 -8.322111e+01
    endloop
  endfacet
  facet normal -6.399337e-01 6.166023e-01 -4.585700e-01
    outer loop
      vertex   9.827753e+01 2.239741e+01 -8.352901e+01
      vertex   9.805688e+01 2.239741e+01 -8.322111e+01
      vertex   9.809661e+01 2.245838e+01 -8.319457e+01
    endloop
  endfacet
  facet normal -6.685555e-01 6.166023e-01 -4.157345e-01
    outer loop
      vertex   9.809661e+01 2.245838e+01 -8.319457e+01
      vertex   9.805688e+01 2.239741e+01 -8.322111e+01
      vertex   9.789822e+01 2.245838e+01 -8.287554e+01
    endloop
  endfacet
  facet normal -5.122230e-01 7.976040e-01 -3.185207e-01
    outer loop
      vertex   9.809661e+01 2.245838e+01 -8.319457e+01
      vertex   9.789822e+01 2.245838e+01 -8.287554e+01
      vertex   9.795173e+01 2.250508e+01 -8.284465e+01
    endloop
  endfacet
  facet normal -5.319586e-01 7.976040e-01 -2.843378e-01
    outer loop
      vertex   9.795173e+01 2.250508e+01 -8.284465e+01
      vertex   9.789822e+01 2.245838e+01 -8.287554e+01
      vertex   9.777655e+01 2.250508e+01 -8.251690e+01
    endloop
  endfacet
  facet normal -3.340915e-01 9.254694e-01 -1.785756e-01
    outer loop
      vertex   9.795173e+01 2.250508e+01 -8.284465e+01
      vertex   9.777655e+01 2.250508e+01 -8.251690e+01
      vertex   9.784084e+01 2.253440e+01 -8.248519e+01
    endloop
  endfacet
  facet normal -3.450556e-01 9.254694e-01 -1.563426e-01
    outer loop
      vertex   9.784084e+01 2.253440e+01 -8.248519e+01
      vertex   9.777655e+01 2.250508e+01 -8.251690e+01
      vertex   9.768940e+01 2.253440e+01 -8.215096e+01
    endloop
  endfacet
  facet normal -7.706970e-01 1.318582e-01 -6.234096e-01
    outer loop
      vertex   9.845791e+01 2.224964e+01 -8.381682e+01
      vertex   9.822043e+01 2.224964e+01 -8.352323e+01
      vertex   9.825327e+01 2.232625e+01 -8.354762e+01
    endloop
  endfacet
  facet normal -8.022647e-01 1.608330e-01 -5.748948e-01
    outer loop
      vertex   9.825327e+01 2.232625e+01 -8.354762e+01
      vertex   9.822043e+01 2.224964e+01 -8.352323e+01
      vertex   9.803146e+01 2.232625e+01 -8.323809e+01
    endloop
  endfacet
  facet normal -7.468987e-01 3.945654e-01 -5.352200e-01
    outer loop
      vertex   9.825327e+01 2.232625e+01 -8.354762e+01
      vertex   9.803146e+01 2.232625e+01 -8.323809e+01
      vertex   9.805688e+01 2.239741e+01 -8.322111e+01
    endloop
  endfacet
  facet normal -7.803046e-01 3.945654e-01 -4.852246e-01
    outer loop
      vertex   9.805688e+01 2.239741e+01 -8.322111e+01
      vertex   9.803146e+01 2.232625e+01 -8.323809e+01
      vertex   9.785685e+01 2.239741e+01 -8.289943e+01
    endloop
  endfacet
  facet normal -6.685555e-01 6.166023e-01 -4.157345e-01
    outer loop
      vertex   9.805688e+01 2.239741e+01 -8.322111e+01
      vertex   9.785685e+01 2.239741e+01 -8.289943e+01
      vertex   9.789822e+01 2.245838e+01 -8.287554e+01
    endloop
  endfacet
  facet normal -6.943144e-01 6.166023e-01 -3.711188e-01
    outer loop
      vertex   9.789822e+01 2.245838e+01 -8.287554e+01
      vertex   9.785685e+01 2.239741e+01 -8.289943e+01
      vertex   9.772113e+01 2.245838e+01 -8.254423e+01
    endloop
  endfacet
  facet normal -5.319586e-01 7.976040e-01 -2.843378e-01
    outer loop
      vertex   9.789822e+01 2.245838e+01 -8.287554e+01
      vertex   9.772113e+01 2.245838e+01 -8.254423e+01
      vertex   9.777655e+01 2.250508e+01 -8.251690e+01
    endloop
  endfacet
  facet normal -5.494162e-01 7.976040e-01 -2.489372e-01
    outer loop
      vertex   9.777655e+01 2.250508e+01 -8.251690e+01
      vertex   9.772113e+01 2.245838e+01 -8.254423e+01
      vertex   9.762317e+01 2.250508e+01 -8.217839e+01
    endloop
  endfacet
  facet normal -3.450556e-01 9.254694e-01 -1.563426e-01
    outer loop
      vertex   9.777655e+01 2.250508e+01 -8.251690e+01
      vertex   9.762317e+01 2.250508e+01 -8.217839e+01
      vertex   9.768940e+01 2.253440e+01 -8.215096e+01
    endloop
  endfacet
  facet normal -3.545421e-01 9.254694e-01 -1.334402e-01
    outer loop
      vertex   9.768940e+01 2.253440e+01 -8.215096e+01
      vertex   9.762317e+01 2.250508e+01 -8.217839e+01
      vertex   9.756014e+01 2.253440e+01 -8.180754e+01
    endloop
  endfacet
  facet normal -8.092924e-01 1.331545e-01 -5.721151e-01
    outer loop
      vertex   9.822043e+01 2.224964e+01 -8.352323e+01
      vertex   9.800246e+01 2.224964e+01 -8.321489e+01
      vertex   9.803146e+01 2.232625e+01 -8.323809e+01
    endloop
  endfacet
  facet normal -8.383260e-01 1.595336e-01 -5.213046e-01
    outer loop
      vertex   9.803146e+01 2.232625e+01 -8.323809e+01
      vertex   9.800246e+01 2.224964e+01 -8.321489e+01
      vertex   9.783037e+01 2.232625e+01 -8.291471e+01
    endloop
  endfacet
  facet normal -7.803046e-01 3.945654e-01 -4.852246e-01
    outer loop
      vertex   9.803146e+01 2.232625e+01 -8.323809e+01
      vertex   9.783037e+01 2.232625e+01 -8.291471e+01
      vertex   9.785685e+01 2.239741e+01 -8.289943e+01
    endloop
  endfacet
  facet normal -8.103691e-01 3.945654e-01 -4.331513e-01
    outer loop
      vertex   9.785685e+01 2.239741e+01 -8.289943e+01
      vertex   9.783037e+01 2.232625e+01 -8.291471e+01
      vertex   9.767829e+01 2.239741e+01 -8.256535e+01
    endloop
  endfacet
  facet normal -6.943144e-01 6.166023e-01 -3.711188e-01
    outer loop
      vertex   9.785685e+01 2.239741e+01 -8.289943e+01
      vertex   9.767829e+01 2.239741e+01 -8.256535e+01
      vertex   9.772113e+01 2.245838e+01 -8.254423e+01
    endloop
  endfacet
  facet normal -7.171002e-01 6.166023e-01 -3.249139e-01
    outer loop
      vertex   9.772113e+01 2.245838e+01 -8.254423e+01
      vertex   9.767829e+01 2.239741e+01 -8.256535e+01
      vertex   9.756609e+01 2.245838e+01 -8.220204e+01
    endloop
  endfacet
  facet normal -5.494162e-01 7.976040e-01 -2.489372e-01
    outer loop
      vertex   9.772113e+01 2.245838e+01 -8.254423e+01
      vertex   9.756609e+01 2.245838e+01 -8.220204e+01
      vertex   9.762317e+01 2.250508e+01 -8.217839e+01
    endloop
  endfacet
  facet normal -5.645211e-01 7.976040e-01 -2.124707e-01
    outer loop
      vertex   9.762317e+01 2.250508e+01 -8.217839e+01
      vertex   9.756609e+01 2.245838e+01 -8.220204e+01
      vertex   9.749226e+01 2.250508e+01 -8.183058e+01
    endloop
  endfacet
  facet normal -3.545421e-01 9.254694e-01 -1.334402e-01
    outer loop
      vertex   9.762317e+01 2.250508e+01 -8.217839e+01
      vertex   9.749226e+01 2.250508e+01 -8.183058e+01
      vertex   9.756014e+01 2.253440e+01 -8.180754e+01
    endloop
  endfacet
  facet normal -3.625104e-01 9.254694e-01 -1.099663e-01
    outer loop
      vertex   9.756014e+01 2.253440e+01 -8.180754e+01
      vertex   9.749226e+01 2.250508e+01 -8.183058e+01
      vertex   9.745363e+01 2.253440e+01 -8.145640e+01
    endloop
  endfacet
  facet normal -8.444751e-01 1.344837e-01 -5.184360e-01
    outer loop
      vertex   9.800246e+01 2.224964e+01 -8.321489e+01
      vertex   9.780489e+01 2.224964e+01 -8.289308e+01
      vertex   9.783037e+01 2.232625e+01 -8.291471e+01
    endloop
  endfacet
  facet normal -8.708153e-01 1.582000e-01 -4.654605e-01
    outer loop
      vertex   9.783037e+01 2.232625e+01 -8.291471e+01
      vertex   9.780489e+01 2.224964e+01 -8.289308e+01
      vertex   9.765087e+01 2.232625e+01 -8.257888e+01
    endloop
  endfacet
  facet normal -8.103691e-01 3.945654e-01 -4.331513e-01
    outer loop
      vertex   9.783037e+01 2.232625e+01 -8.291471e+01
      vertex   9.765087e+01 2.232625e+01 -8.257888e+01
      vertex   9.767829e+01 2.239741e+01 -8.256535e+01
    endloop
  endfacet
  facet normal -8.369635e-01 3.945654e-01 -3.792232e-01
    outer loop
      vertex   9.767829e+01 2.239741e+01 -8.256535e+01
      vertex   9.765087e+01 2.232625e+01 -8.257888e+01
      vertex   9.752195e+01 2.239741e+01 -8.222032e+01
    endloop
  endfacet
  facet normal -7.171002e-01 6.166023e-01 -3.249139e-01
    outer loop
      vertex   9.767829e+01 2.239741e+01 -8.256535e+01
      vertex   9.752195e+01 2.239741e+01 -8.222032e+01
      vertex   9.756609e+01 2.245838e+01 -8.220204e+01
    endloop
  endfacet
  facet normal -7.368152e-01 6.166023e-01 -2.773176e-01
    outer loop
      vertex   9.756609e+01 2.245838e+01 -8.220204e+01
      vertex   9.752195e+01 2.239741e+01 -8.222032e+01
      vertex   9.743376e+01 2.245838e+01 -8.185044e+01
    endloop
  endfacet
  facet normal -5.645211e-01 7.976040e-01 -2.124707e-01
    outer loop
      vertex   9.756609e+01 2.245838e+01 -8.220204e+01
      vertex   9.743376e+01 2.245838e+01 -8.185044e+01
      vertex   9.749226e+01 2.250508e+01 -8.183058e+01
    endloop
  endfacet
  facet normal -5.772087e-01 7.976040e-01 -1.750943e-01
    outer loop
      vertex   9.749226e+01 2.250508e+01 -8.183058e+01
      vertex   9.743376e+01 2.245838e+01 -8.185044e+01
      vertex   9.738439e+01 2.250508e+01 -8.147495e+01
    endloop
  endfacet
  facet normal -3.625104e-01 9.254694e-01 -1.099663e-01
    outer loop
      vertex   9.749226e+01 2.250508e+01 -8.183058e+01
      vertex   9.738439e+01 2.250508e+01 -8.147495e+01
      vertex   9.745363e+01 2.253440e+01 -8.145640e+01
    endloop
  endfacet
  facet normal -3.689264e-01 9.254694e-01 -8.602157e-02
    outer loop
      vertex   9.745363e+01 2.253440e+01 -8.145640e+01
      vertex   9.738439e+01 2.250508e+01 -8.147495e+01
      vertex   9.737030e+01 2.253440e+01 -8.109904e+01
    endloop
  endfacet
  facet normal -8.760981e-01 1.358458e-01 -4.625993e-01
    outer loop
      vertex   9.780489e+01 2.224964e+01 -8.289308e+01
      vertex   9.762858e+01 2.224964e+01 -8.255916e+01
      vertex   9.765087e+01 2.232625e+01 -8.257888e+01
    endloop
  endfacet
  facet normal -8.995921e-01 1.568322e-01 -4.075999e-01
    outer loop
      vertex   9.765087e+01 2.232625e+01 -8.257888e+01
      vertex   9.762858e+01 2.224964e+01 -8.255916e+01
      vertex   9.749371e+01 2.232625e+01 -8.223202e+01
    endloop
  endfacet
  facet normal -8.369635e-01 3.945654e-01 -3.792232e-01
    outer loop
      vertex   9.765087e+01 2.232625e+01 -8.257888e+01
      vertex   9.749371e+01 2.232625e+01 -8.223202e+01
      vertex   9.752195e+01 2.239741e+01 -8.222032e+01
    endloop
  endfacet
  facet normal -8.599739e-01 3.945654e-01 -3.236712e-01
    outer loop
      vertex   9.752195e+01 2.239741e+01 -8.222032e+01
      vertex   9.749371e+01 2.232625e+01 -8.223202e+01
      vertex   9.738852e+01 2.239741e+01 -8.186580e+01
    endloop
  endfacet
  facet normal -7.368152e-01 6.166023e-01 -2.773176e-01
    outer loop
      vertex   9.752195e+01 2.239741e+01 -8.222032e+01
      vertex   9.738852e+01 2.239741e+01 -8.186580e+01
      vertex   9.743376e+01 2.245838e+01 -8.185044e+01
    endloop
  endfacet
  facet normal -7.533750e-01 6.166023e-01 -2.285338e-01
    outer loop
      vertex   9.743376e+01 2.245838e+01 -8.185044e+01
      vertex   9.738852e+01 2.239741e+01 -8.186580e+01
      vertex   9.732470e+01 2.245838e+01 -8.149094e+01
    endloop
  endfacet
  facet normal -5.772087e-01 7.976040e-01 -1.750943e-01
    outer loop
      vertex   9.743376e+01 2.245838e+01 -8.185044e+01
      vertex   9.732470e+01 2.245838e+01 -8.149094e+01
      vertex   9.738439e+01 2.250508e+01 -8.147495e+01
    endloop
  endfacet
  facet normal -5.874245e-01 7.976040e-01 -1.369682e-01
    outer loop
      vertex   9.738439e+01 2.250508e+01 -8.147495e+01
      vertex   9.732470e+01 2.245838e+01 -8.149094e+01
      vertex   9.730000e+01 2.250508e+01 -8.111303e+01
    endloop
  endfacet
  facet normal -3.689264e-01 9.254694e-01 -8.602157e-02
    outer loop
      vertex   9.738439e+01 2.250508e+01 -8.147495e+01
      vertex   9.730000e+01 2.250508e+01 -8.111303e+01
      vertex   9.737030e+01 2.253440e+01 -8.109904e+01
    endloop
  endfacet
  facet normal -3.737626e-01 9.254694e-01 -6.170845e-02
    outer loop
      vertex   9.737030e+01 2.253440e+01 -8.109904e+01
      vertex   9.730000e+01 2.250508e+01 -8.111303e+01
      vertex   9.731053e+01 2.253440e+01 -8.073700e+01
    endloop
  endfacet
  facet normal -9.040292e-01 1.372407e-01 -4.048409e-01
    outer loop
      vertex   9.762858e+01 2.224964e+01 -8.255916e+01
      vertex   9.747424e+01 2.224964e+01 -8.221453e+01
      vertex   9.749371e+01 2.232625e+01 -8.223202e+01
    endloop
  endfacet
  facet normal -9.245318e-01 1.554301e-01 -3.479691e-01
    outer loop
      vertex   9.749371e+01 2.232625e+01 -8.223202e+01
      vertex   9.747424e+01 2.224964e+01 -8.221453e+01
      vertex   9.735957e+01 2.232625e+01 -8.187562e+01
    endloop
  endfacet
  facet normal -8.599739e-01 3.945654e-01 -3.236712e-01
    outer loop
      vertex   9.749371e+01 2.232625e+01 -8.223202e+01
      vertex   9.735957e+01 2.232625e+01 -8.187562e+01
      vertex   9.738852e+01 2.239741e+01 -8.186580e+01
    endloop
  endfacet
  facet normal -8.793017e-01 3.945654e-01 -2.667333e-01
    outer loop
      vertex   9.738852e+01 2.239741e+01 -8.186580e+01
      vertex   9.735957e+01 2.232625e+01 -8.187562e+01
      vertex   9.727856e+01 2.239741e+01 -8.150331e+01
    endloop
  endfacet
  facet normal -7.533750e-01 6.166023e-01 -2.285338e-01
    outer loop
      vertex   9.738852e+01 2.239741e+01 -8.186580e+01
      vertex   9.727856e+01 2.239741e+01 -8.150331e+01
      vertex   9.732470e+01 2.245838e+01 -8.149094e+01
    endloop
  endfacet
  facet normal -7.667088e-01 6.166023e-01 -1.787714e-01
    outer loop
      vertex   9.732470e+01 2.245838e+01 -8.149094e+01
      vertex   9.727856e+01 2.239741e+01 -8.150331e+01
      vertex   9.723940e+01 2.245838e+01 -8.112508e+01
    endloop
  endfacet
  facet normal -5.874245e-01 7.976040e-01 -1.369682e-01
    outer loop
      vertex   9.732470e+01 2.245838e+01 -8.149094e+01
      vertex   9.723940e+01 2.245838e+01 -8.112508e+01
      vertex   9.730000e+01 2.250508e+01 -8.111303e+01
    endloop
  endfacet
  facet normal -5.951250e-01 7.976040e-01 -9.825553e-02
    outer loop
      vertex   9.730000e+01 2.250508e+01 -8.111303e+01
      vertex   9.723940e+01 2.245838e+01 -8.112508e+01
      vertex   9.723946e+01 2.250508e+01 -8.074636e+01
    endloop
  endfacet
  facet normal -3.737626e-01 9.254694e-01 -6.170845e-02
    outer loop
      vertex   9.730000e+01 2.250508e+01 -8.111303e+01
      vertex   9.723946e+01 2.250508e+01 -8.074636e+01
      vertex   9.731053e+01 2.253440e+01 -8.073700e+01
    endloop
  endfacet
  facet normal -3.769982e-01 9.254694e-01 -3.713108e-02
    outer loop
      vertex   9.731053e+01 2.253440e+01 -8.073700e+01
      vertex   9.723946e+01 2.250508e+01 -8.074636e+01
      vertex   9.727456e+01 2.253440e+01 -8.037183e+01
    endloop
  endfacet
  facet normal -9.281522e-01 1.386684e-01 -3.454049e-01
    outer loop
      vertex   9.747424e+01 2.224964e+01 -8.221453e+01
      vertex   9.734254e+01 2.224964e+01 -8.186063e+01
      vertex   9.735957e+01 2.232625e+01 -8.187562e+01
    endloop
  endfacet
  facet normal -9.455258e-01 1.539937e-01 -2.868221e-01
    outer loop
      vertex   9.735957e+01 2.232625e+01 -8.187562e+01
      vertex   9.734254e+01 2.224964e+01 -8.186063e+01
      vertex   9.724903e+01 2.232625e+01 -8.151122e+01
    endloop
  endfacet
  facet normal -8.793017e-01 3.945654e-01 -2.667333e-01
    outer loop
      vertex   9.735957e+01 2.232625e+01 -8.187562e+01
      vertex   9.724903e+01 2.232625e+01 -8.151122e+01
      vertex   9.727856e+01 2.239741e+01 -8.150331e+01
    endloop
  endfacet
  facet normal -8.948642e-01 3.945654e-01 -2.086531e-01
    outer loop
      vertex   9.727856e+01 2.239741e+01 -8.150331e+01
      vertex   9.724903e+01 2.232625e+01 -8.151122e+01
      vertex   9.719254e+01 2.239741e+01 -8.113440e+01
    endloop
  endfacet
  facet normal -7.667088e-01 6.166023e-01 -1.787714e-01
    outer loop
      vertex   9.727856e+01 2.239741e+01 -8.150331e+01
      vertex   9.719254e+01 2.239741e+01 -8.113440e+01
      vertex   9.723940e+01 2.245838e+01 -8.112508e+01
    endloop
  endfacet
  facet normal -7.767594e-01 6.166023e-01 -1.282435e-01
    outer loop
      vertex   9.723940e+01 2.245838e+01 -8.112508e+01
      vertex   9.719254e+01 2.239741e+01 -8.113440e+01
      vertex   9.717820e+01 2.245838e+01 -8.075442e+01
    endloop
  endfacet
  facet normal -5.951250e-01 7.976040e-01 -9.825553e-02
    outer loop
      vertex   9.723940e+01 2.245838e+01 -8.112508e+01
      vertex   9.717820e+01 2.245838e+01 -8.075442e+01
      vertex   9.723946e+01 2.250508e+01 -8.074636e+01
    endloop
  endfacet
  facet normal -6.002770e-01 7.976040e-01 -5.912212e-02
    outer loop
      vertex   9.723946e+01 2.250508e+01 -8.074636e+01
      vertex   9.717820e+01 2.245838e+01 -8.075442e+01
      vertex   9.720303e+01 2.250508e+01 -8.037652e+01
    endloop
  endfacet
  facet normal -3.769982e-01 9.254694e-01 -3.713108e-02
    outer loop
      vertex   9.723946e+01 2.250508e+01 -8.074636e+01
      vertex   9.720303e+01 2.250508e+01 -8.037652e+01
      vertex   9.727456e+01 2.253440e+01 -8.037183e+01
    endloop
  endfacet
  facet normal -3.786195e-01 9.254694e-01 -1.239472e-02
    outer loop
      vertex   9.727456e+01 2.253440e+01 -8.037183e+01
      vertex   9.720303e+01 2.250508e+01 -8.037652e+01
      vertex   9.726256e+01 2.253440e+01 -8.000509e+01
    endloop
  endfacet
  facet normal -9.483668e-01 1.401288e-01 -2.845423e-01
    outer loop
      vertex   9.734254e+01 2.224964e+01 -8.186063e+01
      vertex   9.723403e+01 2.224964e+01 -8.149895e+01
      vertex   9.724903e+01 2.232625e+01 -8.151122e+01
    endloop
  endfacet
  facet normal -9.624826e-01 1.525228e-01 -2.244195e-01
    outer loop
      vertex   9.724903e+01 2.232625e+01 -8.151122e+01
      vertex   9.723403e+01 2.224964e+01 -8.149895e+01
      vertex   9.716256e+01 2.232625e+01 -8.114037e+01
    endloop
  endfacet
  facet normal -8.948642e-01 3.945654e-01 -2.086531e-01
    outer loop
      vertex   9.724903e+01 2.232625e+01 -8.151122e+01
      vertex   9.716256e+01 2.232625e+01 -8.114037e+01
      vertex   9.719254e+01 2.239741e+01 -8.113440e+01
    endloop
  endfacet
  facet normal -9.065948e-01 3.945654e-01 -1.496794e-01
    outer loop
      vertex   9.719254e+01 2.239741e+01 -8.113440e+01
      vertex   9.716256e+01 2.232625e+01 -8.114037e+01
      vertex   9.713084e+01 2.239741e+01 -8.076066e+01
    endloop
  endfacet
  facet normal -7.767594e-01 6.166023e-01 -1.282435e-01
    outer loop
      vertex   9.719254e+01 2.239741e+01 -8.113440e+01
      vertex   9.713084e+01 2.239741e+01 -8.076066e+01
      vertex   9.717820e+01 2.245838e+01 -8.075442e+01
    endloop
  endfacet
  facet normal -7.834839e-01 6.166023e-01 -7.716643e-02
    outer loop
      vertex   9.717820e+01 2.245838e+01 -8.075442e+01
      vertex   9.713084e+01 2.239741e+01 -8.076066e+01
      vertex   9.714138e+01 2.245838e+01 -8.038056e+01
    endloop
  endfacet
  facet normal -6.002770e-01 7.976040e-01 -5.912212e-02
    outer loop
      vertex   9.717820e+01 2.245838e+01 -8.075442e+01
      vertex   9.714138e+01 2.245838e+01 -8.038056e+01
      vertex   9.720303e+01 2.250508e+01 -8.037652e+01
    endloop
  endfacet
  facet normal -6.028585e-01 7.976040e-01 -1.973554e-02
    outer loop
      vertex   9.720303e+01 2.250508e+01 -8.037652e+01
      vertex   9.714138e+01 2.245838e+01 -8.038056e+01
      vertex   9.719087e+01 2.250508e+01 -8.000509e+01
    endloop
  endfacet
  facet normal -3.786195e-01 9.254694e-01 -1.239472e-02
    outer loop
      vertex   9.720303e+01 2.250508e+01 -8.037652e+01
      vertex   9.719087e+01 2.250508e+01 -8.000509e+01
      vertex   9.726256e+01 2.253440e+01 -8.000509e+01
    endloop
  endfacet
  facet normal -9.645893e-01 1.416218e-01 -2.225102e-01
    outer loop
      vertex   9.723403e+01 2.224964e+01 -8.149895e+01
      vertex   9.714915e+01 2.224964e+01 -8.113100e+01
      vertex   9.716256e+01 2.232625e+01 -8.114037e+01
    endloop
  endfacet
  facet normal -9.753276e-01 1.510175e-01 -1.610272e-01
    outer loop
      vertex   9.716256e+01 2.232625e+01 -8.114037e+01
      vertex   9.714915e+01 2.224964e+01 -8.113100e+01
      vertex   9.710053e+01 2.232625e+01 -8.076465e+01
    endloop
  endfacet
  facet normal -9.065948e-01 3.945654e-01 -1.496794e-01
    outer loop
      vertex   9.716256e+01 2.232625e+01 -8.114037e+01
      vertex   9.710053e+01 2.232625e+01 -8.076465e+01
      vertex   9.713084e+01 2.239741e+01 -8.076066e+01
    endloop
  endfacet
  facet normal -9.144433e-01 3.945654e-01 -9.006480e-02
    outer loop
      vertex   9.713084e+01 2.239741e+01 -8.076066e+01
      vertex   9.710053e+01 2.232625e+01 -8.076465e+01
      vertex   9.709371e+01 2.239741e+01 -8.038368e+01
    endloop
  endfacet
  facet normal -7.834839e-01 6.166023e-01 -7.716643e-02
    outer loop
      vertex   9.713084e+01 2.239741e+01 -8.076066e+01
      vertex   9.709371e+01 2.239741e+01 -8.038368e+01
      vertex   9.714138e+01 2.245838e+01 -8.038056e+01
    endloop
  endfacet
  facet normal -7.868533e-01 6.166023e-01 -2.575891e-02
    outer loop
      vertex   9.714138e+01 2.245838e+01 -8.038056e+01
      vertex   9.709371e+01 2.239741e+01 -8.038368e+01
      vertex   9.712909e+01 2.245838e+01 -8.000509e+01
    endloop
  endfacet
  facet normal -6.028585e-01 7.976040e-01 -1.973554e-02
    outer loop
      vertex   9.714138e+01 2.245838e+01 -8.038056e+01
      vertex   9.712909e+01 2.245838e+01 -8.000509e+01
      vertex   9.719087e+01 2.250508e+01 -8.000509e+01
    endloop
  endfacet
  facet normal -9.767528e-01 1.431473e-01 -1.595705e-01
    outer loop
      vertex   9.714915e+01 2.224964e+01 -8.113100e+01
      vertex   9.708827e+01 2.224964e+01 -8.075833e+01
      vertex   9.710053e+01 2.232625e+01 -8.076465e+01
    endloop
  endfacet
  facet normal -9.840039e-01 1.494776e-01 -9.691593e-02
    outer loop
      vertex   9.710053e+01 2.232625e+01 -8.076465e+01
      vertex   9.708827e+01 2.224964e+01 -8.075833e+01
      vertex   9.706320e+01 2.232625e+01 -8.038568e+01
    endloop
  endfacet
  facet normal -9.144433e-01 3.945654e-01 -9.006480e-02
    outer loop
      vertex   9.710053e+01 2.232625e+01 -8.076465e+01
      vertex   9.706320e+01 2.232625e+01 -8.038568e+01
      vertex   9.709371e+01 2.239741e+01 -8.038368e+01
    endloop
  endfacet
  facet normal -9.183759e-01 3.945654e-01 -3.006451e-02
    outer loop
      vertex   9.709371e+01 2.239741e+01 -8.038368e+01
      vertex   9.706320e+01 2.232625e+01 -8.038568e+01
      vertex   9.708132e+01 2.239741e+01 -8.000509e+01
    endloop
  endfacet
  facet normal -7.868533e-01 6.166023e-01 -2.575891e-02
    outer loop
      vertex   9.709371e+01 2.239741e+01 -8.038368e+01
      vertex   9.708132e+01 2.239741e+01 -8.000509e+01
      vertex   9.712909e+01 2.245838e+01 -8.000509e+01
    endloop
  endfacet
  facet normal -9.848079e-01 1.447053e-01 -9.598880e-02
    outer loop
      vertex   9.708827e+01 2.224964e+01 -8.075833e+01
      vertex   9.705163e+01 2.224964e+01 -8.038250e+01
      vertex   9.706320e+01 2.232625e+01 -8.038568e+01
    endloop
  endfacet
  facet normal -9.884723e-01 1.479032e-01 -3.235923e-02
    outer loop
      vertex   9.706320e+01 2.232625e+01 -8.038568e+01
      vertex   9.705163e+01 2.224964e+01 -8.038250e+01
      vertex   9.705074e+01 2.232625e+01 -8.000509e+01
    endloop
  endfacet
  facet normal -9.183759e-01 3.945654e-01 -3.006451e-02
    outer loop
      vertex   9.706320e+01 2.232625e+01 -8.038568e+01
      vertex   9.705074e+01 2.232625e+01 -8.000509e+01
      vertex   9.708132e+01 2.239741e+01 -8.000509e+01
    endloop
  endfacet
  facet normal -9.993341e-01 1.744344e-02 3.204670e-02
    outer loop
      vertex   9.688233e+01 1.254440e+01 -7.962066e+01
      vertex   9.696686e+01 1.739702e+01 -7.962609e+01
      vertex   9.687000e+01 1.254440e+01 -8.000509e+01
    endloop
  endfacet
  facet normal -9.993341e-01 1.744344e-02 3.204670e-02
    outer loop
      vertex   9.687000e+01 1.254440e+01 -8.000509e+01
      vertex   9.696686e+01 1.739702e+01 -7.962609e+01
      vertex   9.695470e+01 1.739702e+01 -8.000509e+01
    endloop
  endfacet
  facet normal -9.993341e-01 1.744344e-02 -3.204670e-02
    outer loop
      vertex   9.687000e+01 1.254440e+01 -8.000509e+01
      vertex   9.695470e+01 1.739702e+01 -8.000509e+01
      vertex   9.688233e+01 1.254440e+01 -8.038951e+01
    endloop
  endfacet
  facet normal -9.993341e-01 1.744344e-02 -3.204670e-02
    outer loop
      vertex   9.688233e+01 1.254440e+01 -8.038951e+01
      vertex   9.695470e+01 1.739702e+01 -8.000509e+01
      vertex   9.696686e+01 1.739702e+01 -8.038408e+01
    endloop
  endfacet
  facet normal -9.952277e-01 1.744344e-02 -9.600842e-02
    outer loop
      vertex   9.688233e+01 1.254440e+01 -8.038951e+01
      vertex   9.696686e+01 1.739702e+01 -8.038408e+01
      vertex   9.691926e+01 1.254440e+01 -8.077235e+01
    endloop
  endfacet
  facet normal -9.952277e-01 1.744344e-02 -9.600842e-02
    outer loop
      vertex   9.691926e+01 1.254440e+01 -8.077235e+01
      vertex   9.696686e+01 1.739702e+01 -8.038408e+01
      vertex   9.700327e+01 1.739702e+01 -8.076152e+01
    endloop
  endfacet
  facet normal -9.870316e-01 1.744344e-02 -1.595756e-01
    outer loop
      vertex   9.691926e+01 1.254440e+01 -8.077235e+01
      vertex   9.700327e+01 1.739702e+01 -8.076152e+01
      vertex   9.698065e+01 1.254440e+01 -8.115204e+01
    endloop
  endfacet
  facet normal -9.870316e-01 1.744344e-02 -1.595756e-01
    outer loop
      vertex   9.698065e+01 1.254440e+01 -8.115204e+01
      vertex   9.700327e+01 1.739702e+01 -8.076152e+01
      vertex   9.706379e+01 1.739702e+01 -8.113585e+01
    endloop
  endfacet
  facet normal -9.747796e-01 1.744344e-02 -2.224871e-01
    outer loop
      vertex   9.698065e+01 1.254440e+01 -8.115204e+01
      vertex   9.706379e+01 1.739702e+01 -8.113585e+01
      vertex   9.706623e+01 1.254440e+01 -8.152701e+01
    endloop
  endfacet
  facet normal -9.747796e-01 1.744344e-02 -2.224871e-01
    outer loop
      vertex   9.706623e+01 1.254440e+01 -8.152701e+01
      vertex   9.706379e+01 1.739702e+01 -8.113585e+01
      vertex   9.714816e+01 1.739702e+01 -8.150553e+01
    endloop
  endfacet
  facet normal -9.585220e-01 1.744344e-02 -2.844843e-01
    outer loop
      vertex   9.706623e+01 1.254440e+01 -8.152701e+01
      vertex   9.714816e+01 1.739702e+01 -8.150553e+01
      vertex   9.717567e+01 1.254440e+01 -8.189573e+01
    endloop
  endfacet
  facet normal -9.585220e-01 1.744344e-02 -2.844843e-01
    outer loop
      vertex   9.717567e+01 1.254440e+01 -8.189573e+01
      vertex   9.714816e+01 1.739702e+01 -8.150553e+01
      vertex   9.725605e+01 1.739702e+01 -8.186904e+01
    endloop
  endfacet
  facet normal -9.383256e-01 1.744344e-02 -3.453125e-01
    outer loop
      vertex   9.717567e+01 1.254440e+01 -8.189573e+01
      vertex   9.725605e+01 1.739702e+01 -8.186904e+01
      vertex   9.730850e+01 1.254440e+01 -8.225669e+01
    endloop
  endfacet
  facet normal -9.383256e-01 1.744344e-02 -3.453125e-01
    outer loop
      vertex   9.730850e+01 1.254440e+01 -8.225669e+01
      vertex   9.725605e+01 1.739702e+01 -8.186904e+01
      vertex   9.738701e+01 1.739702e+01 -8.222490e+01
    endloop
  endfacet
  facet normal -9.142735e-01 1.744344e-02 -4.047218e-01
    outer loop
      vertex   9.730850e+01 1.254440e+01 -8.225669e+01
      vertex   9.738701e+01 1.739702e+01 -8.222490e+01
      vertex   9.746419e+01 1.254440e+01 -8.260839e+01
    endloop
  endfacet
  facet normal -9.142735e-01 1.744344e-02 -4.047218e-01
    outer loop
      vertex   9.746419e+01 1.254440e+01 -8.260839e+01
      vertex   9.738701e+01 1.739702e+01 -8.222490e+01
      vertex   9.754050e+01 1.739702e+01 -8.257164e+01
    endloop
  endfacet
  facet normal -8.864644e-01 1.744344e-02 -4.624679e-01
    outer loop
      vertex   9.746419e+01 1.254440e+01 -8.260839e+01
      vertex   9.754050e+01 1.739702e+01 -8.257164e+01
      vertex   9.764209e+01 1.254440e+01 -8.294939e+01
    endloop
  endfacet
  facet normal -8.864644e-01 1.744344e-02 -4.624679e-01
    outer loop
      vertex   9.764209e+01 1.254440e+01 -8.294939e+01
      vertex   9.754050e+01 1.739702e+01 -8.257164e+01
      vertex   9.771589e+01 1.739702e+01 -8.290783e+01
    endloop
  endfacet
  facet normal -8.550127e-01 1.744344e-02 -5.183137e-01
    outer loop
      vertex   9.764209e+01 1.254440e+01 -8.294939e+01
      vertex   9.771589e+01 1.739702e+01 -8.290783e+01
      vertex   9.784147e+01 1.254440e+01 -8.327829e+01
    endloop
  endfacet
  facet normal -8.550127e-01 1.744344e-02 -5.183137e-01
    outer loop
      vertex   9.784147e+01 1.254440e+01 -8.327829e+01
      vertex   9.771589e+01 1.739702e+01 -8.290783e+01
      vertex   9.791246e+01 1.739702e+01 -8.323209e+01
    endloop
  endfacet
  facet normal -8.200475e-01 1.744344e-02 -5.720296e-01
    outer loop
      vertex   9.784147e+01 1.254440e+01 -8.327829e+01
      vertex   9.791246e+01 1.739702e+01 -8.323209e+01
      vertex   9.806152e+01 1.254440e+01 -8.359375e+01
    endloop
  endfacet
  facet normal -8.200475e-01 1.744344e-02 -5.720296e-01
    outer loop
      vertex   9.806152e+01 1.254440e+01 -8.359375e+01
      vertex   9.791246e+01 1.739702e+01 -8.323209e+01
      vertex   9.812940e+01 1.739702e+01 -8.354309e+01
    endloop
  endfacet
  facet normal -7.817125e-01 1.744344e-02 -6.233949e-01
    outer loop
      vertex   9.806152e+01 1.254440e+01 -8.359375e+01
      vertex   9.812940e+01 1.739702e+01 -8.354309e+01
      vertex   9.830132e+01 1.254440e+01 -8.389446e+01
    endloop
  endfacet
  facet normal -7.817125e-01 1.744344e-02 -6.233949e-01
    outer loop
      vertex   9.830132e+01 1.254440e+01 -8.389446e+01
      vertex   9.812940e+01 1.739702e+01 -8.354309e+01
      vertex   9.836582e+01 1.739702e+01 -8.383955e+01
    endloop
  endfacet
  facet normal -7.401654e-01 1.744344e-02 -6.721986e-01
    outer loop
      vertex   9.830132e+01 1.254440e+01 -8.389446e+01
      vertex   9.836582e+01 1.739702e+01 -8.383955e+01
      vertex   9.855990e+01 1.254440e+01 -8.417918e+01
    endloop
  endfacet
  facet normal -7.401654e-01 1.744344e-02 -6.721986e-01
    outer loop
      vertex   9.855990e+01 1.254440e+01 -8.417918e+01
      vertex   9.836582e+01 1.739702e+01 -8.383955e+01
      vertex   9.862075e+01 1.739702e+01 -8.412025e+01
    endloop
  endfacet
  facet normal -6.955767e-01 1.744344e-02 -7.182401e-01
    outer loop
      vertex   9.855990e+01 1.254440e+01 -8.417918e+01
      vertex   9.862075e+01 1.739702e+01 -8.412025e+01
      vertex   9.883619e+01 1.254440e+01 -8.444675e+01
    endloop
  endfacet
  facet normal -6.955767e-01 1.744344e-02 -7.182401e-01
    outer loop
      vertex   9.883619e+01 1.254440e+01 -8.444675e+01
      vertex   9.862075e+01 1.739702e+01 -8.412025e+01
      vertex   9.889314e+01 1.739702e+01 -8.438405e+01
    endloop
  endfacet
  facet normal -6.481298e-01 1.744344e-02 -7.613301e-01
    outer loop
      vertex   9.883619e+01 1.254440e+01 -8.444675e+01
      vertex   9.889314e+01 1.739702e+01 -8.438405e+01
      vertex   9.912906e+01 1.254440e+01 -8.469607e+01
    endloop
  endfacet
  facet normal -6.481298e-01 1.744344e-02 -7.613301e-01
    outer loop
      vertex   9.912906e+01 1.254440e+01 -8.469607e+01
      vertex   9.889314e+01 1.739702e+01 -8.438405e+01
      vertex   9.918187e+01 1.739702e+01 -8.462985e+01
    endloop
  endfacet
  facet normal -5.980195e-01 1.744344e-02 -8.012917e-01
    outer loop
      vertex   9.912906e+01 1.254440e+01 -8.469607e+01
      vertex   9.918187e+01 1.739702e+01 -8.462985e+01
      vertex   9.943730e+01 1.254440e+01 -8.492612e+01
    endloop
  endfacet
  facet normal -5.980195e-01 1.744344e-02 -8.012917e-01
    outer loop
      vertex   9.943730e+01 1.254440e+01 -8.492612e+01
      vertex   9.918187e+01 1.739702e+01 -8.462985e+01
      vertex   9.948576e+01 1.739702e+01 -8.485665e+01
    endloop
  endfacet
  facet normal -5.454519e-01 1.744344e-02 -8.379606e-01
    outer loop
      vertex   9.943730e+01 1.254440e+01 -8.492612e+01
      vertex   9.948576e+01 1.739702e+01 -8.485665e+01
      vertex   9.975964e+01 1.254440e+01 -8.513594e+01
    endloop
  endfacet
  facet normal -5.454519e-01 1.744344e-02 -8.379606e-01
    outer loop
      vertex   9.975964e+01 1.254440e+01 -8.513594e+01
      vertex   9.948576e+01 1.739702e+01 -8.485665e+01
      vertex   9.980355e+01 1.739702e+01 -8.506351e+01
    endloop
  endfacet
  facet normal -4.906429e-01 1.744344e-02 -8.711861e-01
    outer loop
      vertex   9.975964e+01 1.254440e+01 -8.513594e+01
      vertex   9.980355e+01 1.739702e+01 -8.506351e+01
      vertex   1.000948e+02 1.254440e+01 -8.532468e+01
    endloop
  endfacet
  facet normal -4.906429e-01 1.744344e-02 -8.711861e-01
    outer loop
      vertex   1.000948e+02 1.254440e+01 -8.532468e+01
      vertex   9.980355e+01 1.739702e+01 -8.506351e+01
      vertex   1.001339e+02 1.739702e+01 -8.524958e+01
    endloop
  endfacet
  facet normal -4.338177e-01 1.744344e-02 -9.008318e-01
    outer loop
      vertex   1.000948e+02 1.254440e+01 -8.532468e+01
      vertex   1.001339e+02 1.739702e+01 -8.524958e+01
      vertex   1.004413e+02 1.254440e+01 -8.549156e+01
    endloop
  endfacet
  facet normal -4.338177e-01 1.744344e-02 -9.008318e-01
    outer loop
      vertex   1.004413e+02 1.254440e+01 -8.549156e+01
      vertex   1.001339e+02 1.739702e+01 -8.524958e+01
      vertex   1.004756e+02 1.739702e+01 -8.541411e+01
    endloop
  endfacet
  facet normal -3.752099e-01 1.744344e-02 -9.267757e-01
    outer loop
      vertex   1.004413e+02 1.254440e+01 -8.549156e+01
      vertex   1.004756e+02 1.739702e+01 -8.541411e+01
      vertex   1.007978e+02 1.254440e+01 -8.563590e+01
    endloop
  endfacet
  facet normal -3.752099e-01 1.744344e-02 -9.267757e-01
    outer loop
      vertex   1.007978e+02 1.254440e+01 -8.563590e+01
      vertex   1.004756e+02 1.739702e+01 -8.541411e+01
      vertex   1.008271e+02 1.739702e+01 -8.555640e+01
    endloop
  endfacet
  facet normal -3.150603e-01 1.744344e-02 -9.489113e-01
    outer loop
      vertex   1.007978e+02 1.254440e+01 -8.563590e+01
      vertex   1.008271e+02 1.739702e+01 -8.555640e+01
      vertex   1.011628e+02 1.254440e+01 -8.575709e+01
    endloop
  endfacet
  facet normal -3.150603e-01 1.744344e-02 -9.489113e-01
    outer loop
      vertex   1.011628e+02 1.254440e+01 -8.575709e+01
      vertex   1.008271e+02 1.739702e+01 -8.555640e+01
      vertex   1.011869e+02 1.739702e+01 -8.567589e+01
    endloop
  endfacet
  facet normal -2.536160e-01 1.744344e-02 -9.671477e-01
    outer loop
      vertex   1.011628e+02 1.254440e+01 -8.575709e+01
      vertex   1.011869e+02 1.739702e+01 -8.567589e+01
      vertex   1.015349e+02 1.254440e+01 -8.585465e+01
    endloop
  endfacet
  facet normal -2.536160e-01 1.744344e-02 -9.671477e-01
    outer loop
      vertex   1.015349e+02 1.254440e+01 -8.585465e+01
      vertex   1.011869e+02 1.739702e+01 -8.567589e+01
      vertex   1.015537e+02 1.739702e+01 -8.577207e+01
    endloop
  endfacet
  facet normal -1.911295e-01 1.744344e-02 -9.814098e-01
    outer loop
      vertex   1.015349e+02 1.254440e+01 -8.585465e+01
      vertex   1.015537e+02 1.739702e+01 -8.577207e+01
      vertex   1.019124e+02 1.254440e+01 -8.592818e+01
    endloop
  endfacet
  facet normal -1.911295e-01 1.744344e-02 -9.814098e-01
    outer loop
      vertex   1.019124e+02 1.254440e+01 -8.592818e+01
      vertex   1.015537e+02 1.739702e+01 -8.577207e+01
      vertex   1.019259e+02 1.739702e+01 -8.584456e+01
    endloop
  endfacet
  facet normal -1.278577e-01 1.744344e-02 -9.916391e-01
    outer loop
      vertex   1.019124e+02 1.254440e+01 -8.592818e+01
      vertex   1.019259e+02 1.739702e+01 -8.584456e+01
      vertex   1.022939e+02 1.254440e+01 -8.597736e+01
    endloop
  endfacet
  facet normal -1.278577e-01 1.744344e-02 -9.916391e-01
    outer loop
      vertex   1.022939e+02 1.254440e+01 -8.597736e+01
      vertex   1.019259e+02 1.739702e+01 -8.584456e+01
      vertex   1.023020e+02 1.739702e+01 -8.589305e+01
    endloop
  endfacet
  facet normal -6.406047e-02 1.744344e-02 -9.977936e-01
    outer loop
      vertex   1.022939e+02 1.254440e+01 -8.597736e+01
      vertex   1.023020e+02 1.739702e+01 -8.589305e+01
      vertex   1.026777e+02 1.254440e+01 -8.600200e+01
    endloop
  endfacet
  facet normal -6.406047e-02 1.744344e-02 -9.977936e-01
    outer loop
      vertex   1.026777e+02 1.254440e+01 -8.600200e+01
      vertex   1.023020e+02 1.739702e+01 -8.589305e+01
      vertex   1.026804e+02 1.739702e+01 -8.591734e+01
    endloop
  endfacet
  facet normal 0.000000e+00 1.744344e-02 -9.998479e-01
    outer loop
      vertex   1.026777e+02 1.254440e+01 -8.600200e+01
      vertex   1.026804e+02 1.739702e+01 -8.591734e+01
      vertex   1.030623e+02 1.254440e+01 -8.600200e+01
    endloop
  endfacet
  facet normal 1.399357e-17 1.744344e-02 -9.998479e-01
    outer loop
      vertex   1.030623e+02 1.254440e+01 -8.600200e+01
      vertex   1.026804e+02 1.739702e+01 -8.591734e+01
      vertex   1.030596e+02 1.739702e+01 -8.591734e+01
    endloop
  endfacet
  facet normal 6.406047e-02 1.744344e-02 -9.977936e-01
    outer loop
      vertex   1.030623e+02 1.254440e+01 -8.600200e+01
      vertex   1.030596e+02 1.739702e+01 -8.591734e+01
      vertex   1.034461e+02 1.254440e+01 -8.597736e+01
    endloop
  endfacet
  facet normal 6.406047e-02 1.744344e-02 -9.977936e-01
    outer loop
      vertex   1.034461e+02 1.254440e+01 -8.597736e+01
      vertex   1.030596e+02 1.739702e+01 -8.591734e+01
      vertex   1.034380e+02 1.739702e+01 -8.589305e+01
    endloop
  endfacet
  facet normal 1.278577e-01 1.744344e-02 -9.916391e-01
    outer loop
      vertex   1.034461e+02 1.254440e+01 -8.597736e+01
      vertex   1.034380e+02 1.739702e+01 -8.589305e+01
      vertex   1.038276e+02 1.254440e+01 -8.592818e+01
    endloop
  endfacet
  facet normal 1.278577e-01 1.744344e-02 -9.916391e-01
    outer loop
      vertex   1.038276e+02 1.254440e+01 -8.592818e+01
      vertex   1.034380e+02 1.739702e+01 -8.589305e+01
      vertex   1.038141e+02 1.739702e+01 -8.584456e+01
    endloop
  endfacet
  facet normal 1.911295e-01 1.744344e-02 -9.814098e-01
    outer loop
      vertex   1.038276e+02 1.254440e+01 -8.592818e+01
      vertex   1.038141e+02 1.739702e+01 -8.584456e+01
      vertex   1.042051e+02 1.254440e+01 -8.585465e+01
    endloop
  endfacet
  facet normal 1.911295e-01 1.744344e-02 -9.814098e-01
    outer loop
      vertex   1.042051e+02 1.254440e+01 -8.585465e+01
      vertex   1.038141e+02 1.739702e+01 -8.584456e+01
      vertex   1.041863e+02 1.739702e+01 -8.577207e+01
    endloop
  endfacet
  facet normal 2.536160e-01 1.744344e-02 -9.671477e-01
    outer loop
      vertex   1.042051e+02 1.254440e+01 -8.585465e+01
      vertex   1.041863e+02 1.739702e+01 -8.577207e+01
      vertex   1.045772e+02 1.254440e+01 -8.575709e+01
    endloop
  endfacet
  facet normal 2.536160e-01 1.744344e-02 -9.671477e-01
    outer loop
      vertex   1.045772e+02 1.254440e+01 -8.575709e+01
      vertex   1.041863e+02 1.739702e+01 -8.577207e+01
      vertex   1.045531e+02 1.739702e+01 -8.567589e+01
    endloop
  endfacet
  facet normal 3.150603e-01 1.744344e-02 -9.489113e-01
    outer loop
      vertex   1.045772e+02 1.254440e+01 -8.575709e+01
      vertex   1.045531e+02 1.739702e+01 -8.567589e+01
      vertex   1.049422e+02 1.254440e+01 -8.563590e+01
    endloop
  endfacet
  facet normal 3.150603e-01 1.744344e-02 -9.489113e-01
    outer loop
      vertex   1.049422e+02 1.254440e+01 -8.563590e+01
      vertex   1.045531e+02 1.739702e+01 -8.567589e+01
      vertex   1.049129e+02 1.739702e+01 -8.555640e+01
    endloop
  endfacet
  facet normal 3.752099e-01 1.744344e-02 -9.267757e-01
    outer loop
      vertex   1.049422e+02 1.254440e+01 -8.563590e+01
      vertex   1.049129e+02 1.739702e+01 -8.555640e+01
      vertex   1.052987e+02 1.254440e+01 -8.549156e+01
    endloop
  endfacet
  facet normal 3.752099e-01 1.744344e-02 -9.267757e-01
    outer loop
      vertex   1.052987e+02 1.254440e+01 -8.549156e+01
      vertex   1.049129e+02 1.739702e+01 -8.555640e+01
      vertex   1.052644e+02 1.739702e+01 -8.541411e+01
    endloop
  endfacet
  facet normal 4.338177e-01 1.744344e-02 -9.008318e-01
    outer loop
      vertex   1.052987e+02 1.254440e+01 -8.549156e+01
      vertex   1.052644e+02 1.739702e+01 -8.541411e+01
      vertex   1.056452e+02 1.254440e+01 -8.532468e+01
    endloop
  endfacet
  facet normal 4.338177e-01 1.744344e-02 -9.008318e-01
    outer loop
      vertex   1.056452e+02 1.254440e+01 -8.532468e+01
      vertex   1.052644e+02 1.739702e+01 -8.541411e+01
      vertex   1.056061e+02 1.739702e+01 -8.524958e+01
    endloop
  endfacet
  facet normal 4.906429e-01 1.744344e-02 -8.711861e-01
    outer loop
      vertex   1.056452e+02 1.254440e+01 -8.532468e+01
      vertex   1.056061e+02 1.739702e+01 -8.524958e+01
      vertex   1.059804e+02 1.254440e+01 -8.513594e+01
    endloop
  endfacet
  facet normal 4.906429e-01 1.744344e-02 -8.711861e-01
    outer loop
      vertex   1.059804e+02 1.254440e+01 -8.513594e+01
      vertex   1.056061e+02 1.739702e+01 -8.524958e+01
      vertex   1.059364e+02 1.739702e+01 -8.506351e+01
    endloop
  endfacet
  facet normal 5.454519e-01 1.744344e-02 -8.379606e-01
    outer loop
      vertex   1.059804e+02 1.254440e+01 -8.513594e+01
      vertex   1.059364e+02 1.739702e+01 -8.506351e+01
      vertex   1.063027e+02 1.254440e+01 -8.492612e+01
    endloop
  endfacet
  facet normal 5.454519e-01 1.744344e-02 -8.379606e-01
    outer loop
      vertex   1.063027e+02 1.254440e+01 -8.492612e+01
      vertex   1.059364e+02 1.739702e+01 -8.506351e+01
      vertex   1.062542e+02 1.739702e+01 -8.485665e+01
    endloop
  endfacet
  facet normal 5.980195e-01 1.744344e-02 -8.012917e-01
    outer loop
      vertex   1.063027e+02 1.254440e+01 -8.492612e+01
      vertex   1.062542e+02 1.739702e+01 -8.485665e+01
      vertex   1.066109e+02 1.254440e+01 -8.469607e+01
    endloop
  endfacet
  facet normal 5.980195e-01 1.744344e-02 -8.012917e-01
    outer loop
      vertex   1.066109e+02 1.254440e+01 -8.469607e+01
      vertex   1.062542e+02 1.739702e+01 -8.485665e+01
      vertex   1.065581e+02 1.739702e+01 -8.462985e+01
    endloop
  endfacet
  facet normal 6.481298e-01 1.744344e-02 -7.613301e-01
    outer loop
      vertex   1.066109e+02 1.254440e+01 -8.469607e+01
      vertex   1.065581e+02 1.739702e+01 -8.462985e+01
      vertex   1.069038e+02 1.254440e+01 -8.444675e+01
    endloop
  endfacet
  facet normal 6.481298e-01 1.744344e-02 -7.613301e-01
    outer loop
      vertex   1.069038e+02 1.254440e+01 -8.444675e+01
      vertex   1.065581e+02 1.739702e+01 -8.462985e+01
      vertex   1.068469e+02 1.739702e+01 -8.438405e+01
    endloop
  endfacet
  facet normal 6.955767e-01 1.744344e-02 -7.182401e-01
    outer loop
      vertex   1.069038e+02 1.254440e+01 -8.444675e+01
      vertex   1.068469e+02 1.739702e+01 -8.438405e+01
      vertex   1.071801e+02 1.254440e+01 -8.417918e+01
    endloop
  endfacet
  facet normal 6.955767e-01 1.744344e-02 -7.182401e-01
    outer loop
      vertex   1.071801e+02 1.254440e+01 -8.417918e+01
      vertex   1.068469e+02 1.739702e+01 -8.438405e+01
      vertex   1.071192e+02 1.739702e+01 -8.412025e+01
    endloop
  endfacet
  facet normal 7.401654e-01 1.744344e-02 -6.721986e-01
    outer loop
      vertex   1.071801e+02 1.254440e+01 -8.417918e+01
      vertex   1.071192e+02 1.739702e+01 -8.412025e+01
      vertex   1.074387e+02 1.254440e+01 -8.389446e+01
    endloop
  endfacet
  facet normal 7.401654e-01 1.744344e-02 -6.721986e-01
    outer loop
      vertex   1.074387e+02 1.254440e+01 -8.389446e+01
      vertex   1.071192e+02 1.739702e+01 -8.412025e+01
      vertex   1.073742e+02 1.739702e+01 -8.383955e+01
    endloop
  endfacet
  facet normal 7.817125e-01 1.744344e-02 -6.233949e-01
    outer loop
      vertex   1.074387e+02 1.254440e+01 -8.389446e+01
      vertex   1.073742e+02 1.739702e+01 -8.383955e+01
      vertex   1.076785e+02 1.254440e+01 -8.359375e+01
    endloop
  endfacet
  facet normal 7.817125e-01 1.744344e-02 -6.233949e-01
    outer loop
      vertex   1.076785e+02 1.254440e+01 -8.359375e+01
      vertex   1.073742e+02 1.739702e+01 -8.383955e+01
      vertex   1.076106e+02 1.739702e+01 -8.354309e+01
    endloop
  endfacet
  facet normal 8.200475e-01 1.744344e-02 -5.720296e-01
    outer loop
      vertex   1.076785e+02 1.254440e+01 -8.359375e+01
      vertex   1.076106e+02 1.739702e+01 -8.354309e+01
      vertex   1.078985e+02 1.254440e+01 -8.327829e+01
    endloop
  endfacet
  facet normal 8.200475e-01 1.744344e-02 -5.720296e-01
    outer loop
      vertex   1.078985e+02 1.254440e+01 -8.327829e+01
      vertex   1.076106e+02 1.739702e+01 -8.354309e+01
      vertex   1.078275e+02 1.739702e+01 -8.323209e+01
    endloop
  endfacet
  facet normal 8.550127e-01 1.744344e-02 -5.183137e-01
    outer loop
      vertex   1.078985e+02 1.254440e+01 -8.327829e+01
      vertex   1.078275e+02 1.739702e+01 -8.323209e+01
      vertex   1.080979e+02 1.254440e+01 -8.294939e+01
    endloop
  endfacet
  facet normal 8.550127e-01 1.744344e-02 -5.183137e-01
    outer loop
      vertex   1.080979e+02 1.254440e+01 -8.294939e+01
      vertex   1.078275e+02 1.739702e+01 -8.323209e+01
      vertex   1.080241e+02 1.739702e+01 -8.290783e+01
    endloop
  endfacet
  facet normal 8.864644e-01 1.744344e-02 -4.624679e-01
    outer loop
      vertex   1.080979e+02 1.254440e+01 -8.294939e+01
      vertex   1.080241e+02 1.739702e+01 -8.290783e+01
      vertex   1.082758e+02 1.254440e+01 -8.260839e+01
    endloop
  endfacet
  facet normal 8.864644e-01 1.744344e-02 -4.624679e-01
    outer loop
      vertex   1.082758e+02 1.254440e+01 -8.260839e+01
      vertex   1.080241e+02 1.739702e+01 -8.290783e+01
      vertex   1.081995e+02 1.739702e+01 -8.257164e+01
    endloop
  endfacet
  facet normal 9.142735e-01 1.744344e-02 -4.047218e-01
    outer loop
      vertex   1.082758e+02 1.254440e+01 -8.260839e+01
      vertex   1.081995e+02 1.739702e+01 -8.257164e+01
      vertex   1.084315e+02 1.254440e+01 -8.225669e+01
    endloop
  endfacet
  facet normal 9.142735e-01 1.744344e-02 -4.047218e-01
    outer loop
      vertex   1.084315e+02 1.254440e+01 -8.225669e+01
      vertex   1.081995e+02 1.739702e+01 -8.257164e+01
      vertex   1.083530e+02 1.739702e+01 -8.222490e+01
    endloop
  endfacet
  facet normal 9.383256e-01 1.744344e-02 -3.453125e-01
    outer loop
      vertex   1.084315e+02 1.254440e+01 -8.225669e+01
      vertex   1.083530e+02 1.739702e+01 -8.222490e+01
      vertex   1.085643e+02 1.254440e+01 -8.189573e+01
    endloop
  endfacet
  facet normal 9.383256e-01 1.744344e-02 -3.453125e-01
    outer loop
      vertex   1.085643e+02 1.254440e+01 -8.189573e+01
      vertex   1.083530e+02 1.739702e+01 -8.222490e+01
      vertex   1.084839e+02 1.739702e+01 -8.186904e+01
    endloop
  endfacet
  facet normal 9.585220e-01 1.744344e-02 -2.844843e-01
    outer loop
      vertex   1.085643e+02 1.254440e+01 -8.189573e+01
      vertex   1.084839e+02 1.739702e+01 -8.186904e+01
      vertex   1.086738e+02 1.254440e+01 -8.152701e+01
    endloop
  endfacet
  facet normal 9.585220e-01 1.744344e-02 -2.844843e-01
    outer loop
      vertex   1.086738e+02 1.254440e+01 -8.152701e+01
      vertex   1.084839e+02 1.739702e+01 -8.186904e+01
      vertex   1.085918e+02 1.739702e+01 -8.150553e+01
    endloop
  endfacet
  facet normal 9.747796e-01 1.744344e-02 -2.224871e-01
    outer loop
      vertex   1.086738e+02 1.254440e+01 -8.152701e+01
      vertex   1.085918e+02 1.739702e+01 -8.150553e+01
      vertex   1.087594e+02 1.254440e+01 -8.115204e+01
    endloop
  endfacet
  facet normal 9.747796e-01 1.744344e-02 -2.224871e-01
    outer loop
      vertex   1.087594e+02 1.254440e+01 -8.115204e+01
      vertex   1.085918e+02 1.739702e+01 -8.150553e+01
      vertex   1.086762e+02 1.739702e+01 -8.113585e+01
    endloop
  endfacet
  facet normal 9.870316e-01 1.744344e-02 -1.595756e-01
    outer loop
      vertex   1.087594e+02 1.254440e+01 -8.115204e+01
      vertex   1.086762e+02 1.739702e+01 -8.113585e+01
      vertex   1.088207e+02 1.254440e+01 -8.077235e+01
    endloop
  endfacet
  facet normal 9.870316e-01 1.744344e-02 -1.595756e-01
    outer loop
      vertex   1.088207e+02 1.254440e+01 -8.077235e+01
      vertex   1.086762e+02 1.739702e+01 -8.113585e+01
      vertex   1.087367e+02 1.739702e+01 -8.076152e+01
    endloop
  endfacet
  facet normal 9.952277e-01 1.744344e-02 -9.600842e-02
    outer loop
      vertex   1.088207e+02 1.254440e+01 -8.077235e+01
      vertex   1.087367e+02 1.739702e+01 -8.076152e+01
      vertex   1.088577e+02 1.254440e+01 -8.038951e+01
    endloop
  endfacet
  facet normal 9.952277e-01 1.744344e-02 -9.600842e-02
    outer loop
      vertex   1.088577e+02 1.254440e+01 -8.038951e+01
      vertex   1.087367e+02 1.739702e+01 -8.076152e+01
      vertex   1.087731e+02 1.739702e+01 -8.038408e+01
    endloop
  endfacet
  facet normal 9.993341e-01 1.744344e-02 -3.204670e-02
    outer loop
      vertex   1.088577e+02 1.254440e+01 -8.038951e+01
      vertex   1.087731e+02 1.739702e+01 -8.038408e+01
      vertex   1.088700e+02 1.254440e+01 -8.000509e+01
    endloop
  endfacet
  facet normal 9.993341e-01 1.744344e-02 -3.204670e-02
    outer loop
      vertex   1.088700e+02 1.254440e+01 -8.000509e+01
      vertex   1.087731e+02 1.739702e+01 -8.038408e+01
      vertex   1.087853e+02 1.739702e+01 -8.000509e+01
    endloop
  endfacet
  facet normal 9.993341e-01 1.744344e-02 3.204670e-02
    outer loop
      vertex   1.088700e+02 1.254440e+01 -8.000509e+01
      vertex   1.087853e+02 1.739702e+01 -8.000509e+01
      vertex   1.088577e+02 1.254440e+01 -7.962066e+01
    endloop
  endfacet
  facet normal 9.993341e-01 1.744344e-02 3.204670e-02
    outer loop
      vertex   1.088577e+02 1.254440e+01 -7.962066e+01
      vertex   1.087853e+02 1.739702e+01 -8.000509e+01
      vertex   1.087731e+02 1.739702e+01 -7.962609e+01
    endloop
  endfacet
  facet normal 9.952277e-01 1.744344e-02 9.600842e-02
    outer loop
      vertex   1.088577e+02 1.254440e+01 -7.962066e+01
      vertex   1.087731e+02 1.739702e+01 -7.962609e+01
      vertex   1.088207e+02 1.254440e+01 -7.923782e+01
    endloop
  endfacet
  facet normal 9.952277e-01 1.744344e-02 9.600842e-02
    outer loop
      vertex   1.088207e+02 1.254440e+01 -7.923782e+01
      vertex   1.087731e+02 1.739702e+01 -7.962609e+01
      vertex   1.087367e+02 1.739702e+01 -7.924865e+01
    endloop
  endfacet
  facet normal 9.870316e-01 1.744344e-02 1.595756e-01
    outer loop
      vertex   1.088207e+02 1.254440e+01 -7.923782e+01
      vertex   1.087367e+02 1.739702e+01 -7.924865e+01
      vertex   1.087594e+02 1.254440e+01 -7.885813e+01
    endloop
  endfacet
  facet normal 9.870316e-01 1.744344e-02 1.595756e-01
    outer loop
      vertex   1.087594e+02 1.254440e+01 -7.885813e+01
      vertex   1.087367e+02 1.739702e+01 -7.924865e+01
      vertex   1.086762e+02 1.739702e+01 -7.887432e+01
    endloop
  endfacet
  facet normal 9.747796e-01 1.744344e-02 2.224871e-01
    outer loop
      vertex   1.087594e+02 1.254440e+01 -7.885813e+01
      vertex   1.086762e+02 1.739702e+01 -7.887432e+01
      vertex   1.086738e+02 1.254440e+01 -7.848316e+01
    endloop
  endfacet
  facet normal 9.747796e-01 1.744344e-02 2.224871e-01
    outer loop
      vertex   1.086738e+02 1.254440e+01 -7.848316e+01
      vertex   1.086762e+02 1.739702e+01 -7.887432e+01
      vertex   1.085918e+02 1.739702e+01 -7.850464e+01
    endloop
  endfacet
  facet normal 9.585220e-01 1.744344e-02 2.844843e-01
    outer loop
      vertex   1.086738e+02 1.254440e+01 -7.848316e+01
      vertex   1.085918e+02 1.739702e+01 -7.850464e+01
      vertex   1.085643e+02 1.254440e+01 -7.811444e+01
    endloop
  endfacet
  facet normal 9.585220e-01 1.744344e-02 2.844843e-01
    outer loop
      vertex   1.085643e+02 1.254440e+01 -7.811444e+01
      vertex   1.085918e+02 1.739702e+01 -7.850464e+01
      vertex   1.084839e+02 1.739702e+01 -7.814113e+01
    endloop
  endfacet
  facet normal 9.383256e-01 1.744344e-02 3.453125e-01
    outer loop
      vertex   1.085643e+02 1.254440e+01 -7.811444e+01
      vertex   1.084839e+02 1.739702e+01 -7.814113e+01
      vertex   1.084315e+02 1.254440e+01 -7.775348e+01
    endloop
  endfacet
  facet normal 9.383256e-01 1.744344e-02 3.453125e-01
    outer loop
      vertex   1.084315e+02 1.254440e+01 -7.775348e+01
      vertex   1.084839e+02 1.739702e+01 -7.814113e+01
      vertex   1.083530e+02 1.739702e+01 -7.778527e+01
    endloop
  endfacet
  facet normal 9.142735e-01 1.744344e-02 4.047218e-01
    outer loop
      vertex   1.084315e+02 1.254440e+01 -7.775348e+01
      vertex   1.083530e+02 1.739702e+01 -7.778527e+01
      vertex   1.082758e+02 1.254440e+01 -7.740178e+01
    endloop
  endfacet
  facet normal 9.142735e-01 1.744344e-02 4.047218e-01
    outer loop
      vertex   1.082758e+02 1.254440e+01 -7.740178e+01
      vertex   1.083530e+02 1.739702e+01 -7.778527e+01
      vertex   1.081995e+02 1.739702e+01 -7.743853e+01
    endloop
  endfacet
  facet normal 8.864644e-01 1.744344e-02 4.624679e-01
    outer loop
      vertex   1.082758e+02 1.254440e+01 -7.740178e+01
      vertex   1.081995e+02 1.739702e+01 -7.743853e+01
      vertex   1.080979e+02 1.254440e+01 -7.706078e+01
    endloop
  endfacet
  facet normal 8.864644e-01 1.744344e-02 4.624679e-01
    outer loop
      vertex   1.080979e+02 1.254440e+01 -7.706078e+01
      vertex   1.081995e+02 1.739702e+01 -7.743853e+01
      vertex   1.080241e+02 1.739702e+01 -7.710234e+01
    endloop
  endfacet
  facet normal 8.550127e-01 1.744344e-02 5.183137e-01
    outer loop
      vertex   1.080979e+02 1.254440e+01 -7.706078e+01
      vertex   1.080241e+02 1.739702e+01 -7.710234e+01
      vertex   1.078985e+02 1.254440e+01 -7.673188e+01
    endloop
  endfacet
  facet normal 8.550127e-01 1.744344e-02 5.183137e-01
    outer loop
      vertex   1.078985e+02 1.254440e+01 -7.673188e+01
      vertex   1.080241e+02 1.739702e+01 -7.710234e+01
      vertex   1.078275e+02 1.739702e+01 -7.677808e+01
    endloop
  endfacet
  facet normal 8.200475e-01 1.744344e-02 5.720296e-01
    outer loop
      vertex   1.078985e+02 1.254440e+01 -7.673188e+01
      vertex   1.078275e+02 1.739702e+01 -7.677808e+01
      vertex   1.076785e+02 1.254440e+01 -7.641642e+01
    endloop
  endfacet
  facet normal 8.200475e-01 1.744344e-02 5.720296e-01
    outer loop
      vertex   1.076785e+02 1.254440e+01 -7.641642e+01
      vertex   1.078275e+02 1.739702e+01 -7.677808e+01
      vertex   1.076106e+02 1.739702e+01 -7.646708e+01
    endloop
  endfacet
  facet normal 7.817125e-01 1.744344e-02 6.233949e-01
    outer loop
      vertex   1.076785e+02 1.254440e+01 -7.641642e+01
      vertex   1.076106e+02 1.739702e+01 -7.646708e+01
      vertex   1.074387e+02 1.254440e+01 -7.611571e+01
    endloop
  endfacet
  facet normal 7.817125e-01 1.744344e-02 6.233949e-01
    outer loop
      vertex   1.074387e+02 1.254440e+01 -7.611571e+01
      vertex   1.076106e+02 1.739702e+01 -7.646708e+01
      vertex   1.073742e+02 1.739702e+01 -7.617062e+01
    endloop
  endfacet
  facet normal 7.401654e-01 1.744344e-02 6.721986e-01
    outer loop
      vertex   1.074387e+02 1.254440e+01 -7.611571e+01
      vertex   1.073742e+02 1.739702e+01 -7.617062e+01
      vertex   1.071801e+02 1.254440e+01 -7.583099e+01
    endloop
  endfacet
  facet normal 7.401654e-01 1.744344e-02 6.721986e-01
    outer loop
      vertex   1.071801e+02 1.254440e+01 -7.583099e+01
      vertex   1.073742e+02 1.739702e+01 -7.617062e+01
      vertex   1.071192e+02 1.739702e+01 -7.588992e+01
    endloop
  endfacet
  facet normal 6.955767e-01 1.744344e-02 7.182401e-01
    outer loop
      vertex   1.071801e+02 1.254440e+01 -7.583099e+01
      vertex   1.071192e+02 1.739702e+01 -7.588992e+01
      vertex   1.069038e+02 1.254440e+01 -7.556342e+01
    endloop
  endfacet
  facet normal 6.955767e-01 1.744344e-02 7.182401e-01
    outer loop
      vertex   1.069038e+02 1.254440e+01 -7.556342e+01
      vertex   1.071192e+02 1.739702e+01 -7.588992e+01
      vertex   1.068469e+02 1.739702e+01 -7.562612e+01
    endloop
  endfacet
  facet normal 6.481298e-01 1.744344e-02 7.613301e-01
    outer loop
      vertex   1.069038e+02 1.254440e+01 -7.556342e+01
      vertex   1.068469e+02 1.739702e+01 -7.562612e+01
      vertex   1.066109e+02 1.254440e+01 -7.531410e+01
    endloop
  endfacet
  facet normal 6.481298e-01 1.744344e-02 7.613301e-01
    outer loop
      vertex   1.066109e+02 1.254440e+01 -7.531410e+01
      vertex   1.068469e+02 1.739702e+01 -7.562612e+01
      vertex   1.065581e+02 1.739702e+01 -7.538032e+01
    endloop
  endfacet
  facet normal 5.980195e-01 1.744344e-02 8.012917e-01
    outer loop
      vertex   1.066109e+02 1.254440e+01 -7.531410e+01
      vertex   1.065581e+02 1.739702e+01 -7.538032e+01
      vertex   1.063027e+02 1.254440e+01 -7.508405e+01
    endloop
  endfacet
  facet normal 5.980195e-01 1.744344e-02 8.012917e-01
    outer loop
      vertex   1.063027e+02 1.254440e+01 -7.508405e+01
      vertex   1.065581e+02 1.739702e+01 -7.538032e+01
      vertex   1.062542e+02 1.739702e+01 -7.515352e+01
    endloop
  endfacet
  facet normal 5.454519e-01 1.744344e-02 8.379606e-01
    outer loop
      vertex   1.063027e+02 1.254440e+01 -7.508405e+01
      vertex   1.062542e+02 1.739702e+01 -7.515352e+01
      vertex   1.059804e+02 1.254440e+01 -7.487423e+01
    endloop
  endfacet
  facet normal 5.454519e-01 1.744344e-02 8.379606e-01
    outer loop
      vertex   1.059804e+02 1.254440e+01 -7.487423e+01
      vertex   1.062542e+02 1.739702e+01 -7.515352e+01
      vertex   1.059364e+02 1.739702e+01 -7.494666e+01
    endloop
  endfacet
  facet normal 4.906429e-01 1.744344e-02 8.711861e-01
    outer loop
      vertex   1.059804e+02 1.254440e+01 -7.487423e+01
      vertex   1.059364e+02 1.739702e+01 -7.494666e+01
      vertex   1.056452e+02 1.254440e+01 -7.468549e+01
    endloop
  endfacet
  facet normal 4.906429e-01 1.744344e-02 8.711861e-01
    outer loop
      vertex   1.056452e+02 1.254440e+01 -7.468549e+01
      vertex   1.059364e+02 1.739702e+01 -7.494666e+01
      vertex   1.056061e+02 1.739702e+01 -7.476059e+01
    endloop
  endfacet
  facet normal 4.338177e-01 1.744344e-02 9.008318e-01
    outer loop
      vertex   1.056452e+02 1.254440e+01 -7.468549e+01
      vertex   1.056061e+02 1.739702e+01 -7.476059e+01
      vertex   1.052987e+02 1.254440e+01 -7.451861e+01
    endloop
  endfacet
  facet normal 4.338177e-01 1.744344e-02 9.008318e-01
    outer loop
      vertex   1.052987e+02 1.254440e+01 -7.451861e+01
      vertex   1.056061e+02 1.739702e+01 -7.476059e+01
      vertex   1.052644e+02 1.739702e+01 -7.459606e+01
    endloop
  endfacet
  facet normal 3.752099e-01 1.744344e-02 9.267757e-01
    outer loop
      vertex   1.052987e+02 1.254440e+01 -7.451861e+01
      vertex   1.052644e+02 1.739702e+01 -7.459606e+01
      vertex   1.049422e+02 1.254440e+01 -7.437427e+01
    endloop
  endfacet
  facet normal 3.752099e-01 1.744344e-02 9.267757e-01
    outer loop
      vertex   1.049422e+02 1.254440e+01 -7.437427e+01
      vertex   1.052644e+02 1.739702e+01 -7.459606e+01
      vertex   1.049129e+02 1.739702e+01 -7.445377e+01
    endloop
  endfacet
  facet normal 3.150603e-01 1.744344e-02 9.489113e-01
    outer loop
      vertex   1.049422e+02 1.254440e+01 -7.437427e+01
      vertex   1.049129e+02 1.739702e+01 -7.445377e+01
      vertex   1.045772e+02 1.254440e+01 -7.425308e+01
    endloop
  endfacet
  facet normal 3.150603e-01 1.744344e-02 9.489113e-01
    outer loop
      vertex   1.045772e+02 1.254440e+01 -7.425308e+01
      vertex   1.049129e+02 1.739702e+01 -7.445377e+01
      vertex   1.045531e+02 1.739702e+01 -7.433428e+01
    endloop
  endfacet
  facet normal 2.536160e-01 1.744344e-02 9.671477e-01
    outer loop
      vertex   1.045772e+02 1.254440e+01 -7.425308e+01
      vertex   1.045531e+02 1.739702e+01 -7.433428e+01
      vertex   1.042051e+02 1.254440e+01 -7.415552e+01
    endloop
  endfacet
  facet normal 2.536160e-01 1.744344e-02 9.671477e-01
    outer loop
      vertex   1.042051e+02 1.254440e+01 -7.415552e+01
      vertex   1.045531e+02 1.739702e+01 -7.433428e+01
      vertex   1.041863e+02 1.739702e+01 -7.423810e+01
    endloop
  endfacet
  facet normal 1.911295e-01 1.744344e-02 9.814098e-01
    outer loop
      vertex   1.042051e+02 1.254440e+01 -7.415552e+01
      vertex   1.041863e+02 1.739702e+01 -7.423810e+01
      vertex   1.038276e+02 1.254440e+01 -7.408199e+01
    endloop
  endfacet
  facet normal 1.911295e-01 1.744344e-02 9.814098e-01
    outer loop
      vertex   1.038276e+02 1.254440e+01 -7.408199e+01
      vertex   1.041863e+02 1.739702e+01 -7.423810e+01
      vertex   1.038141e+02 1.739702e+01 -7.416561e+01
    endloop
  endfacet
  facet normal 1.278577e-01 1.744344e-02 9.916391e-01
    outer loop
      vertex   1.038276e+02 1.254440e+01 -7.408199e+01
      vertex   1.038141e+02 1.739702e+01 -7.416561e+01
      vertex   1.034461e+02 1.254440e+01 -7.403281e+01
    endloop
  endfacet
  facet normal 1.278577e-01 1.744344e-02 9.916391e-01
    outer loop
      vertex   1.034461e+02 1.254440e+01 -7.403281e+01
      vertex   1.038141e+02 1.739702e+01 -7.416561e+01
      vertex   1.034380e+02 1.739702e+01 -7.411712e+01
    endloop
  endfacet
  facet normal 6.406047e-02 1.744344e-02 9.977936e-01
    outer loop
      vertex   1.034461e+02 1.254440e+01 -7.403281e+01
      vertex   1.034380e+02 1.739702e+01 -7.411712e+01
      vertex   1.030623e+02 1.254440e+01 -7.400817e+01
    endloop
  endfacet
  facet normal 6.406047e-02 1.744344e-02 9.977936e-01
    outer loop
      vertex   1.030623e+02 1.254440e+01 -7.400817e+01
      vertex   1.034380e+02 1.739702e+01 -7.411712e+01
      vertex   1.030596e+02 1.739702e+01 -7.409283e+01
    endloop
  endfacet
  facet normal 0.000000e+00 1.744344e-02 9.998479e-01
    outer loop
      vertex   1.030623e+02 1.254440e+01 -7.400817e+01
      vertex   1.030596e+02 1.739702e+01 -7.409283e+01
      vertex   1.026777e+02 1.254440e+01 -7.400817e+01
    endloop
  endfacet
  facet normal -1.399357e-17 1.744344e-02 9.998479e-01
    outer loop
      vertex   1.026777e+02 1.254440e+01 -7.400817e+01
      vertex   1.030596e+02 1.739702e+01 -7.409283e+01
      vertex   1.026804e+02 1.739702e+01 -7.409283e+01
    endloop
  endfacet
  facet normal -6.406047e-02 1.744344e-02 9.977936e-01
    outer loop
      vertex   1.026777e+02 1.254440e+01 -7.400817e+01
      vertex   1.026804e+02 1.739702e+01 -7.409283e+01
      vertex   1.022939e+02 1.254440e+01 -7.403281e+01
    endloop
  endfacet
  facet normal -6.406047e-02 1.744344e-02 9.977936e-01
    outer loop
      vertex   1.022939e+02 1.254440e+01 -7.403281e+01
      vertex   1.026804e+02 1.739702e+01 -7.409283e+01
      vertex   1.023020e+02 1.739702e+01 -7.411712e+01
    endloop
  endfacet
  facet normal -1.278577e-01 1.744344e-02 9.916391e-01
    outer loop
      vertex   1.022939e+02 1.254440e+01 -7.403281e+01
      vertex   1.023020e+02 1.739702e+01 -7.411712e+01
      vertex   1.019124e+02 1.254440e+01 -7.408199e+01
    endloop
  endfacet
  facet normal -1.278577e-01 1.744344e-02 9.916391e-01
    outer loop
      vertex   1.019124e+02 1.254440e+01 -7.408199e+01
      vertex   1.023020e+02 1.739702e+01 -7.411712e+01
      vertex   1.019259e+02 1.739702e+01 -7.416561e+01
    endloop
  endfacet
  facet normal -1.911295e-01 1.744344e-02 9.814098e-01
    outer loop
      vertex   1.019124e+02 1.254440e+01 -7.408199e+01
      vertex   1.019259e+02 1.739702e+01 -7.416561e+01
      vertex   1.015349e+02 1.254440e+01 -7.415552e+01
    endloop
  endfacet
  facet normal -1.911295e-01 1.744344e-02 9.814098e-01
    outer loop
      vertex   1.015349e+02 1.254440e+01 -7.415552e+01
      vertex   1.019259e+02 1.739702e+01 -7.416561e+01
      vertex   1.015537e+02 1.739702e+01 -7.423810e+01
    endloop
  endfacet
  facet normal -2.536160e-01 1.744344e-02 9.671477e-01
    outer loop
      vertex   1.015349e+02 1.254440e+01 -7.415552e+01
      vertex   1.015537e+02 1.739702e+01 -7.423810e+01
      vertex   1.011628e+02 1.254440e+01 -7.425308e+01
    endloop
  endfacet
  facet normal -2.536160e-01 1.744344e-02 9.671477e-01
    outer loop
      vertex   1.011628e+02 1.254440e+01 -7.425308e+01
      vertex   1.015537e+02 1.739702e+01 -7.423810e+01
      vertex   1.011869e+02 1.739702e+01 -7.433428e+01
    endloop
  endfacet
  facet normal -3.150603e-01 1.744344e-02 9.489113e-01
    outer loop
      vertex   1.011628e+02 1.254440e+01 -7.425308e+01
      vertex   1.011869e+02 1.739702e+01 -7.433428e+01
      vertex   1.007978e+02 1.254440e+01 -7.437427e+01
    endloop
  endfacet
  facet normal -3.150603e-01 1.744344e-02 9.489113e-01
    outer loop
      vertex   1.007978e+02 1.254440e+01 -7.437427e+01
      vertex   1.011869e+02 1.739702e+01 -7.433428e+01
      vertex   1.008271e+02 1.739702e+01 -7.445377e+01
    endloop
  endfacet
  facet normal -3.752099e-01 1.744344e-02 9.267757e-01
    outer loop
      vertex   1.007978e+02 1.254440e+01 -7.437427e+01
      vertex   1.008271e+02 1.739702e+01 -7.445377e+01
      vertex   1.004413e+02 1.254440e+01 -7.451861e+01
    endloop
  endfacet
  facet normal -3.752099e-01 1.744344e-02 9.267757e-01
    outer loop
      vertex   1.004413e+02 1.254440e+01 -7.451861e+01
      vertex   1.008271e+02 1.739702e+01 -7.445377e+01
      vertex   1.004756e+02 1.739702e+01 -7.459606e+01
    endloop
  endfacet
  facet normal -4.338177e-01 1.744344e-02 9.008318e-01
    outer loop
      vertex   1.004413e+02 1.254440e+01 -7.451861e+01
      vertex   1.004756e+02 1.739702e+01 -7.459606e+01
      vertex   1.000948e+02 1.254440e+01 -7.468549e+01
    endloop
  endfacet
  facet normal -4.338177e-01 1.744344e-02 9.008318e-01
    outer loop
      vertex   1.000948e+02 1.254440e+01 -7.468549e+01
      vertex   1.004756e+02 1.739702e+01 -7.459606e+01
      vertex   1.001339e+02 1.739702e+01 -7.476059e+01
    endloop
  endfacet
  facet normal -4.906429e-01 1.744344e-02 8.711861e-01
    outer loop
      vertex   1.000948e+02 1.254440e+01 -7.468549e+01
      vertex   1.001339e+02 1.739702e+01 -7.476059e+01
      vertex   9.975964e+01 1.254440e+01 -7.487423e+01
    endloop
  endfacet
  facet normal -4.906429e-01 1.744344e-02 8.711861e-01
    outer loop
      vertex   9.975964e+01 1.254440e+01 -7.487423e+01
      vertex   1.001339e+02 1.739702e+01 -7.476059e+01
      vertex   9.980355e+01 1.739702e+01 -7.494666e+01
    endloop
  endfacet
  facet normal -5.454519e-01 1.744344e-02 8.379606e-01
    outer loop
      vertex   9.975964e+01 1.254440e+01 -7.487423e+01
      vertex   9.980355e+01 1.739702e+01 -7.494666e+01
      vertex   9.943730e+01 1.254440e+01 -7.508405e+01
    endloop
  endfacet
  facet normal -5.454519e-01 1.744344e-02 8.379606e-01
    outer loop
      vertex   9.943730e+01 1.254440e+01 -7.508405e+01
      vertex   9.980355e+01 1.739702e+01 -7.494666e+01
      vertex   9.948576e+01 1.739702e+01 -7.515352e+01
    endloop
  endfacet
  facet normal -5.980195e-01 1.744344e-02 8.012917e-01
    outer loop
      vertex   9.943730e+01 1.254440e+01 -7.508405e+01
      vertex   9.948576e+01 1.739702e+01 -7.515352e+01
      vertex   9.912906e+01 1.254440e+01 -7.531410e+01
    endloop
  endfacet
  facet normal -5.980195e-01 1.744344e-02 8.012917e-01
    outer loop
      vertex   9.912906e+01 1.254440e+01 -7.531410e+01
      vertex   9.948576e+01 1.739702e+01 -7.515352e+01
      vertex   9.918187e+01 1.739702e+01 -7.538032e+01
    endloop
  endfacet
  facet normal -6.481298e-01 1.744344e-02 7.613301e-01
    outer loop
      vertex   9.912906e+01 1.254440e+01 -7.531410e+01
      vertex   9.918187e+01 1.739702e+01 -7.538032e+01
      vertex   9.883619e+01 1.254440e+01 -7.556342e+01
    endloop
  endfacet
  facet normal -6.481298e-01 1.744344e-02 7.613301e-01
    outer loop
      vertex   9.883619e+01 1.254440e+01 -7.556342e+01
      vertex   9.918187e+01 1.739702e+01 -7.538032e+01
      vertex   9.889314e+01 1.739702e+01 -7.562612e+01
    endloop
  endfacet
  facet normal -6.955767e-01 1.744344e-02 7.182401e-01
    outer loop
      vertex   9.883619e+01 1.254440e+01 -7.556342e+01
      vertex   9.889314e+01 1.739702e+01 -7.562612e+01
      vertex   9.855990e+01 1.254440e+01 -7.583099e+01
    endloop
  endfacet
  facet normal -6.955767e-01 1.744344e-02 7.182401e-01
    outer loop
      vertex   9.855990e+01 1.254440e+01 -7.583099e+01
      vertex   9.889314e+01 1.739702e+01 -7.562612e+01
      vertex   9.862075e+01 1.739702e+01 -7.588992e+01
    endloop
  endfacet
  facet normal -7.401654e-01 1.744344e-02 6.721986e-01
    outer loop
      vertex   9.855990e+01 1.254440e+01 -7.583099e+01
      vertex   9.862075e+01 1.739702e+01 -7.588992e+01
      vertex   9.830132e+01 1.254440e+01 -7.611571e+01
    endloop
  endfacet
  facet normal -7.401654e-01 1.744344e-02 6.721986e-01
    outer loop
      vertex   9.830132e+01 1.254440e+01 -7.611571e+01
      vertex   9.862075e+01 1.739702e+01 -7.588992e+01
      vertex   9.836582e+01 1.739702e+01 -7.617062e+01
    endloop
  endfacet
  facet normal -7.817125e-01 1.744344e-02 6.233949e-01
    outer loop
      vertex   9.830132e+01 1.254440e+01 -7.611571e+01
      vertex   9.836582e+01 1.739702e+01 -7.617062e+01
      vertex   9.806152e+01 1.254440e+01 -7.641642e+01
    endloop
  endfacet
  facet normal -7.817125e-01 1.744344e-02 6.233949e-01
    outer loop
      vertex   9.806152e+01 1.254440e+01 -7.641642e+01
      vertex   9.836582e+01 1.739702e+01 -7.617062e+01
      vertex   9.812940e+01 1.739702e+01 -7.646708e+01
    endloop
  endfacet
  facet normal -8.200475e-01 1.744344e-02 5.720296e-01
    outer loop
      vertex   9.806152e+01 1.254440e+01 -7.641642e+01
      vertex   9.812940e+01 1.739702e+01 -7.646708e+01
      vertex   9.784147e+01 1.254440e+01 -7.673188e+01
    endloop
  endfacet
  facet normal -8.200475e-01 1.744344e-02 5.720296e-01
    outer loop
      vertex   9.784147e+01 1.254440e+01 -7.673188e+01
      vertex   9.812940e+01 1.739702e+01 -7.646708e+01
      vertex   9.791246e+01 1.739702e+01 -7.677808e+01
    endloop
  endfacet
  facet normal -8.550127e-01 1.744344e-02 5.183137e-01
    outer loop
      vertex   9.784147e+01 1.254440e+01 -7.673188e+01
      vertex   9.791246e+01 1.739702e+01 -7.677808e+01
      vertex   9.764209e+01 1.254440e+01 -7.706078e+01
    endloop
  endfacet
  facet normal -8.550127e-01 1.744344e-02 5.183137e-01
    outer loop
      vertex   9.764209e+01 1.254440e+01 -7.706078e+01
      vertex   9.791246e+01 1.739702e+01 -7.677808e+01
      vertex   9.771589e+01 1.739702e+01 -7.710234e+01
    endloop
  endfacet
  facet normal -8.864644e-01 1.744344e-02 4.624679e-01
    outer loop
      vertex   9.764209e+01 1.254440e+01 -7.706078e+01
      vertex   9.771589e+01 1.739702e+01 -7.710234e+01
      vertex   9.746419e+01 1.254440e+01 -7.740178e+01
    endloop
  endfacet
  facet normal -8.864644e-01 1.744344e-02 4.624679e-01
    outer loop
      vertex   9.746419e+01 1.254440e+01 -7.740178e+01
      vertex   9.771589e+01 1.739702e+01 -7.710234e+01
      vertex   9.754050e+01 1.739702e+01 -7.743853e+01
    endloop
  endfacet
  facet normal -9.142735e-01 1.744344e-02 4.047218e-01
    outer loop
      vertex   9.746419e+01 1.254440e+01 -7.740178e+01
      vertex   9.754050e+01 1.739702e+01 -7.743853e+01
      vertex   9.730850e+01 1.254440e+01 -7.775348e+01
    endloop
  endfacet
  facet normal -9.142735e-01 1.744344e-02 4.047218e-01
    outer loop
      vertex   9.730850e+01 1.254440e+01 -7.775348e+01
      vertex   9.754050e+01 1.739702e+01 -7.743853e+01
      vertex   9.738701e+01 1.739702e+01 -7.778527e+01
    endloop
  endfacet
  facet normal -9.383256e-01 1.744344e-02 3.453125e-01
    outer loop
      vertex   9.730850e+01 1.254440e+01 -7.775348e+01
      vertex   9.738701e+01 1.739702e+01 -7.778527e+01
      vertex   9.717567e+01 1.254440e+01 -7.811444e+01
    endloop
  endfacet
  facet normal -9.383256e-01 1.744344e-02 3.453125e-01
    outer loop
      vertex   9.717567e+01 1.254440e+01 -7.811444e+01
      vertex   9.738701e+01 1.739702e+01 -7.778527e+01
      vertex   9.725605e+01 1.739702e+01 -7.814113e+01
    endloop
  endfacet
  facet normal -9.585220e-01 1.744344e-02 2.844843e-01
    outer loop
      vertex   9.717567e+01 1.254440e+01 -7.811444e+01
      vertex   9.725605e+01 1.739702e+01 -7.814113e+01
      vertex   9.706623e+01 1.254440e+01 -7.848316e+01
    endloop
  endfacet
  facet normal -9.585220e-01 1.744344e-02 2.844843e-01
    outer loop
      vertex   9.706623e+01 1.254440e+01 -7.848316e+01
      vertex   9.725605e+01 1.739702e+01 -7.814113e+01
      vertex   9.714816e+01 1.739702e+01 -7.850464e+01
    endloop
  endfacet
  facet normal -9.747796e-01 1.744344e-02 2.224871e-01
    outer loop
      vertex   9.706623e+01 1.254440e+01 -7.848316e+01
      vertex   9.714816e+01 1.739702e+01 -7.850464e+01
      vertex   9.698065e+01 1.254440e+01 -7.885813e+01
    endloop
  endfacet
  facet normal -9.747796e-01 1.744344e-02 2.224871e-01
    outer loop
      vertex   9.698065e+01 1.254440e+01 -7.885813e+01
      vertex   9.714816e+01 1.739702e+01 -7.850464e+01
      vertex   9.706379e+01 1.739702e+01 -7.887432e+01
    endloop
  endfacet
  facet normal -9.870316e-01 1.744344e-02 1.595756e-01
    outer loop
      vertex   9.698065e+01 1.254440e+01 -7.885813e+01
      vertex   9.706379e+01 1.739702e+01 -7.887432e+01
      vertex   9.691926e+01 1.254440e+01 -7.923782e+01
    endloop
  endfacet
  facet normal -9.870316e-01 1.744344e-02 1.595756e-01
    outer loop
      vertex   9.691926e+01 1.254440e+01 -7.923782e+01
      vertex   9.706379e+01 1.739702e+01 -7.887432e+01
      vertex   9.700327e+01 1.739702e+01 -7.924865e+01
    endloop
  endfacet
  facet normal -9.952277e-01 1.744344e-02 9.600842e-02
    outer loop
      vertex   9.691926e+01 1.254440e+01 -7.923782e+01
      vertex   9.700327e+01 1.739702e+01 -7.924865e+01
      vertex   9.688233e+01 1.254440e+01 -7.962066e+01
    endloop
  endfacet
  facet normal -9.952277e-01 1.744344e-02 9.600842e-02
    outer loop
      vertex   9.688233e+01 1.254440e+01 -7.962066e+01
      vertex   9.700327e+01 1.739702e+01 -7.924865e+01
      vertex   9.696686e+01 1.739702e+01 -7.962609e+01
    endloop
  endfacet
  facet normal -9.993231e-01 1.746907e-02 -3.237695e-02
    outer loop
      vertex   9.705163e+01 2.224964e+01 -8.038250e+01
      vertex   9.696686e+01 1.739702e+01 -8.038408e+01
      vertex   9.703941e+01 2.224964e+01 -8.000509e+01
    endloop
  endfacet
  facet normal -9.993341e-01 1.744344e-02 -3.204670e-02
    outer loop
      vertex   9.703941e+01 2.224964e+01 -8.000509e+01
      vertex   9.696686e+01 1.739702e+01 -8.038408e+01
      vertex   9.695470e+01 1.739702e+01 -8.000509e+01
    endloop
  endfacet
  facet normal -9.993341e-01 1.744344e-02 3.204670e-02
    outer loop
      vertex   9.703941e+01 2.224964e+01 -8.000509e+01
      vertex   9.695470e+01 1.739702e+01 -8.000509e+01
      vertex   9.696686e+01 1.739702e+01 -7.962609e+01
    endloop
  endfacet
  facet normal -9.952281e-01 1.741826e-02 -9.600846e-02
    outer loop
      vertex   9.696686e+01 1.739702e+01 -8.038408e+01
      vertex   9.705163e+01 2.224964e+01 -8.038250e+01
      vertex   9.700327e+01 1.739702e+01 -8.076152e+01
    endloop
  endfacet
  facet normal -9.951311e-01 1.749435e-02 -9.699501e-02
    outer loop
      vertex   9.700327e+01 1.739702e+01 -8.076152e+01
      vertex   9.705163e+01 2.224964e+01 -8.038250e+01
      vertex   9.708827e+01 2.224964e+01 -8.075833e+01
    endloop
  endfacet
  facet normal -9.870324e-01 1.739360e-02 -1.595758e-01
    outer loop
      vertex   9.700327e+01 1.739702e+01 -8.076152e+01
      vertex   9.708827e+01 2.224964e+01 -8.075833e+01
      vertex   9.706379e+01 1.739702e+01 -8.113585e+01
    endloop
  endfacet
  facet normal -9.867652e-01 1.751910e-02 -1.612062e-01
    outer loop
      vertex   9.706379e+01 1.739702e+01 -8.113585e+01
      vertex   9.708827e+01 2.224964e+01 -8.075833e+01
      vertex   9.714915e+01 2.224964e+01 -8.113100e+01
    endloop
  endfacet
  facet normal -9.747808e-01 1.736947e-02 -2.224874e-01
    outer loop
      vertex   9.706379e+01 1.739702e+01 -8.113585e+01
      vertex   9.714915e+01 2.224964e+01 -8.113100e+01
      vertex   9.714816e+01 1.739702e+01 -8.150553e+01
    endloop
  endfacet
  facet normal -9.742606e-01 1.754331e-02 -2.247411e-01
    outer loop
      vertex   9.714816e+01 1.739702e+01 -8.150553e+01
      vertex   9.714915e+01 2.224964e+01 -8.113100e+01
      vertex   9.723403e+01 2.224964e+01 -8.149895e+01
    endloop
  endfacet
  facet normal -9.585236e-01 1.734587e-02 -2.844848e-01
    outer loop
      vertex   9.714816e+01 1.739702e+01 -8.150553e+01
      vertex   9.723403e+01 2.224964e+01 -8.149895e+01
      vertex   9.725605e+01 1.739702e+01 -8.186904e+01
    endloop
  endfacet
  facet normal -9.576695e-01 1.756700e-02 -2.873334e-01
    outer loop
      vertex   9.725605e+01 1.739702e+01 -8.186904e+01
      vertex   9.723403e+01 2.224964e+01 -8.149895e+01
      vertex   9.734254e+01 2.224964e+01 -8.186063e+01
    endloop
  endfacet
  facet normal -9.383276e-01 1.732278e-02 -3.453132e-01
    outer loop
      vertex   9.725605e+01 1.739702e+01 -8.186904e+01
      vertex   9.734254e+01 2.224964e+01 -8.186063e+01
      vertex   9.738701e+01 1.739702e+01 -8.222490e+01
    endloop
  endfacet
  facet normal -9.370617e-01 1.759015e-02 -3.487205e-01
    outer loop
      vertex   9.738701e+01 1.739702e+01 -8.222490e+01
      vertex   9.734254e+01 2.224964e+01 -8.186063e+01
      vertex   9.747424e+01 2.224964e+01 -8.221453e+01
    endloop
  endfacet
  facet normal -9.142758e-01 1.730022e-02 -4.047228e-01
    outer loop
      vertex   9.738701e+01 1.739702e+01 -8.222490e+01
      vertex   9.747424e+01 2.224964e+01 -8.221453e+01
      vertex   9.754050e+01 1.739702e+01 -8.257164e+01
    endloop
  endfacet
  facet normal -9.125235e-01 1.761277e-02 -4.086448e-01
    outer loop
      vertex   9.754050e+01 1.739702e+01 -8.257164e+01
      vertex   9.747424e+01 2.224964e+01 -8.221453e+01
      vertex   9.762858e+01 2.224964e+01 -8.255916e+01
    endloop
  endfacet
  facet normal -8.864670e-01 1.727819e-02 -4.624692e-01
    outer loop
      vertex   9.754050e+01 1.739702e+01 -8.257164e+01
      vertex   9.762858e+01 2.224964e+01 -8.255916e+01
      vertex   9.771589e+01 1.739702e+01 -8.290783e+01
    endloop
  endfacet
  facet normal -8.841580e-01 1.763486e-02 -4.668551e-01
    outer loop
      vertex   9.771589e+01 1.739702e+01 -8.290783e+01
      vertex   9.762858e+01 2.224964e+01 -8.255916e+01
      vertex   9.780489e+01 2.224964e+01 -8.289308e+01
    endloop
  endfacet
  facet normal -8.550154e-01 1.725668e-02 -5.183154e-01
    outer loop
      vertex   9.771589e+01 1.739702e+01 -8.290783e+01
      vertex   9.780489e+01 2.224964e+01 -8.289308e+01
      vertex   9.791246e+01 1.739702e+01 -8.323209e+01
    endloop
  endfacet
  facet normal -8.520840e-01 1.765642e-02 -5.231072e-01
    outer loop
      vertex   9.791246e+01 1.739702e+01 -8.323209e+01
      vertex   9.780489e+01 2.224964e+01 -8.289308e+01
      vertex   9.800246e+01 2.224964e+01 -8.321489e+01
    endloop
  endfacet
  facet normal -8.200504e-01 1.723569e-02 -5.720317e-01
    outer loop
      vertex   9.791246e+01 1.739702e+01 -8.323209e+01
      vertex   9.800246e+01 2.224964e+01 -8.321489e+01
      vertex   9.812940e+01 1.739702e+01 -8.354309e+01
    endloop
  endfacet
  facet normal -8.164361e-01 1.767744e-02 -5.771652e-01
    outer loop
      vertex   9.812940e+01 1.739702e+01 -8.354309e+01
      vertex   9.800246e+01 2.224964e+01 -8.321489e+01
      vertex   9.822043e+01 2.224964e+01 -8.352323e+01
    endloop
  endfacet
  facet normal -7.817156e-01 1.721523e-02 -6.233974e-01
    outer loop
      vertex   9.812940e+01 1.739702e+01 -8.354309e+01
      vertex   9.822043e+01 2.224964e+01 -8.352323e+01
      vertex   9.836582e+01 1.739702e+01 -8.383955e+01
    endloop
  endfacet
  facet normal -7.773638e-01 1.769793e-02 -6.288023e-01
    outer loop
      vertex   9.836582e+01 1.739702e+01 -8.383955e+01
      vertex   9.822043e+01 2.224964e+01 -8.352323e+01
      vertex   9.845791e+01 2.224964e+01 -8.381682e+01
    endloop
  endfacet
  facet normal -7.401685e-01 1.719530e-02 -6.722015e-01
    outer loop
      vertex   9.836582e+01 1.739702e+01 -8.383955e+01
      vertex   9.845791e+01 2.224964e+01 -8.381682e+01
      vertex   9.862075e+01 1.739702e+01 -8.412025e+01
    endloop
  endfacet
  facet normal -7.350310e-01 1.771789e-02 -6.778020e-01
    outer loop
      vertex   9.862075e+01 1.739702e+01 -8.412025e+01
      vertex   9.845791e+01 2.224964e+01 -8.381682e+01
      vertex   9.871390e+01 2.224964e+01 -8.409442e+01
    endloop
  endfacet
  facet normal -6.955799e-01 1.717588e-02 -7.182434e-01
    outer loop
      vertex   9.862075e+01 1.739702e+01 -8.412025e+01
      vertex   9.871390e+01 2.224964e+01 -8.409442e+01
      vertex   9.889314e+01 1.739702e+01 -8.438405e+01
    endloop
  endfacet
  facet normal -6.896153e-01 1.773732e-02 -7.239587e-01
    outer loop
      vertex   9.889314e+01 1.739702e+01 -8.438405e+01
      vertex   9.871390e+01 2.224964e+01 -8.409442e+01
      vertex   9.898732e+01 2.224964e+01 -8.435487e+01
    endloop
  endfacet
  facet normal -6.481330e-01 1.715700e-02 -7.613339e-01
    outer loop
      vertex   9.889314e+01 1.739702e+01 -8.438405e+01
      vertex   9.898732e+01 2.224964e+01 -8.435487e+01
      vertex   9.918187e+01 1.739702e+01 -8.462985e+01
    endloop
  endfacet
  facet normal -6.413071e-01 1.775621e-02 -7.670788e-01
    outer loop
      vertex   9.918187e+01 1.739702e+01 -8.462985e+01
      vertex   9.898732e+01 2.224964e+01 -8.435487e+01
      vertex   9.927702e+01 2.224964e+01 -8.459707e+01
    endloop
  endfacet
  facet normal -5.980227e-01 1.713863e-02 -8.012959e-01
    outer loop
      vertex   9.918187e+01 1.739702e+01 -8.462985e+01
      vertex   9.927702e+01 2.224964e+01 -8.459707e+01
      vertex   9.948576e+01 1.739702e+01 -8.485665e+01
    endloop
  endfacet
  facet normal -5.903091e-01 1.777458e-02 -8.069816e-01
    outer loop
      vertex   9.948576e+01 1.739702e+01 -8.485665e+01
      vertex   9.927702e+01 2.224964e+01 -8.459707e+01
      vertex   9.958180e+01 2.224964e+01 -8.482001e+01
    endloop
  endfacet
  facet normal -5.454549e-01 1.712080e-02 -8.379653e-01
    outer loop
      vertex   9.948576e+01 1.739702e+01 -8.485665e+01
      vertex   9.958180e+01 2.224964e+01 -8.482001e+01
      vertex   9.980355e+01 1.739702e+01 -8.506351e+01
    endloop
  endfacet
  facet normal -5.368352e-01 1.779241e-02 -8.434995e-01
    outer loop
      vertex   9.980355e+01 1.739702e+01 -8.506351e+01
      vertex   9.958180e+01 2.224964e+01 -8.482001e+01
      vertex   9.990036e+01 2.224964e+01 -8.502276e+01
    endloop
  endfacet
  facet normal -4.906458e-01 1.710348e-02 -8.711913e-01
    outer loop
      vertex   9.980355e+01 1.739702e+01 -8.506351e+01
      vertex   9.990036e+01 2.224964e+01 -8.502276e+01
      vertex   1.001339e+02 1.739702e+01 -8.524958e+01
    endloop
  endfacet
  facet normal -4.811096e-01 1.780970e-02 -8.764795e-01
    outer loop
      vertex   1.001339e+02 1.739702e+01 -8.524958e+01
      vertex   9.990036e+01 2.224964e+01 -8.502276e+01
      vertex   1.002314e+02 2.224964e+01 -8.520446e+01
    endloop
  endfacet
  facet normal -4.338204e-01 1.708669e-02 -9.008373e-01
    outer loop
      vertex   1.001339e+02 1.739702e+01 -8.524958e+01
      vertex   1.002314e+02 2.224964e+01 -8.520446e+01
      vertex   1.004756e+02 1.739702e+01 -8.541411e+01
    endloop
  endfacet
  facet normal -4.233662e-01 1.782647e-02 -9.057833e-01
    outer loop
      vertex   1.004756e+02 1.739702e+01 -8.541411e+01
      vertex   1.002314e+02 2.224964e+01 -8.520446e+01
      vertex   1.005735e+02 2.224964e+01 -8.536436e+01
    endloop
  endfacet
  facet normal -3.752123e-01 1.707043e-02 -9.267817e-01
    outer loop
      vertex   1.004756e+02 1.739702e+01 -8.541411e+01
      vertex   1.005735e+02 2.224964e+01 -8.536436e+01
      vertex   1.008271e+02 1.739702e+01 -8.555640e+01
    endloop
  endfacet
  facet normal -3.638470e-01 1.784270e-02 -9.312878e-01
    outer loop
      vertex   1.008271e+02 1.739702e+01 -8.555640e+01
      vertex   1.005735e+02 2.224964e+01 -8.536436e+01
      vertex   1.009252e+02 2.224964e+01 -8.550177e+01
    endloop
  endfacet
  facet normal -3.150624e-01 1.705469e-02 -9.489177e-01
    outer loop
      vertex   1.008271e+02 1.739702e+01 -8.555640e+01
      vertex   1.009252e+02 2.224964e+01 -8.550177e+01
      vertex   1.011869e+02 1.739702e+01 -8.567589e+01
    endloop
  endfacet
  facet normal -3.028018e-01 1.785841e-02 -9.528862e-01
    outer loop
      vertex   1.011869e+02 1.739702e+01 -8.567589e+01
      vertex   1.009252e+02 2.224964e+01 -8.550177e+01
      vertex   1.012851e+02 2.224964e+01 -8.561613e+01
    endloop
  endfacet
  facet normal -2.536178e-01 1.703947e-02 -9.671544e-01
    outer loop
      vertex   1.011869e+02 1.739702e+01 -8.567589e+01
      vertex   1.012851e+02 2.224964e+01 -8.561613e+01
      vertex   1.015537e+02 1.739702e+01 -8.577207e+01
    endloop
  endfacet
  facet normal -2.404865e-01 1.787358e-02 -9.704879e-01
    outer loop
      vertex   1.015537e+02 1.739702e+01 -8.577207e+01
      vertex   1.012851e+02 2.224964e+01 -8.561613e+01
      vertex   1.016516e+02 2.224964e+01 -8.570696e+01
    endloop
  endfacet
  facet normal -1.911309e-01 1.702478e-02 -9.814169e-01
    outer loop
      vertex   1.015537e+02 1.739702e+01 -8.577207e+01
      vertex   1.016516e+02 2.224964e+01 -8.570696e+01
      vertex   1.019259e+02 1.739702e+01 -8.584456e+01
    endloop
  endfacet
  facet normal -1.771626e-01 1.788821e-02 -9.840190e-01
    outer loop
      vertex   1.019259e+02 1.739702e+01 -8.584456e+01
      vertex   1.016516e+02 2.224964e+01 -8.570696e+01
      vertex   1.020232e+02 2.224964e+01 -8.577386e+01
    endloop
  endfacet
  facet normal -1.278587e-01 1.701062e-02 -9.916465e-01
    outer loop
      vertex   1.019259e+02 1.739702e+01 -8.584456e+01
      vertex   1.020232e+02 2.224964e+01 -8.577386e+01
      vertex   1.023020e+02 1.739702e+01 -8.589305e+01
    endloop
  endfacet
  facet normal -1.130957e-01 1.790232e-02 -9.934228e-01
    outer loop
      vertex   1.023020e+02 1.739702e+01 -8.589305e+01
      vertex   1.020232e+02 2.224964e+01 -8.577386e+01
      vertex   1.023984e+02 2.224964e+01 -8.581658e+01
    endloop
  endfacet
  facet normal -6.406096e-02 1.699698e-02 -9.978012e-01
    outer loop
      vertex   1.023020e+02 1.739702e+01 -8.589305e+01
      vertex   1.023984e+02 2.224964e+01 -8.581658e+01
      vertex   1.026804e+02 1.739702e+01 -8.591734e+01
    endloop
  endfacet
  facet normal -4.855443e-02 1.791589e-02 -9.986598e-01
    outer loop
      vertex   1.026804e+02 1.739702e+01 -8.591734e+01
      vertex   1.023984e+02 2.224964e+01 -8.581658e+01
      vertex   1.027756e+02 2.224964e+01 -8.583492e+01
    endloop
  endfacet
  facet normal 0.000000e+00 1.698386e-02 -9.998558e-01
    outer loop
      vertex   1.026804e+02 1.739702e+01 -8.591734e+01
      vertex   1.027756e+02 2.224964e+01 -8.583492e+01
      vertex   1.030596e+02 1.739702e+01 -8.591734e+01
    endloop
  endfacet
  facet normal 1.619047e-02 1.792893e-02 -9.997082e-01
    outer loop
      vertex   1.030596e+02 1.739702e+01 -8.591734e+01
      vertex   1.027756e+02 2.224964e+01 -8.583492e+01
      vertex   1.031531e+02 2.224964e+01 -8.582880e+01
    endloop
  endfacet
  facet normal 6.406099e-02 1.697127e-02 -9.978017e-01
    outer loop
      vertex   1.030596e+02 1.739702e+01 -8.591734e+01
      vertex   1.031531e+02 2.224964e+01 -8.582880e+01
      vertex   1.034380e+02 1.739702e+01 -8.589305e+01
    endloop
  endfacet
  facet normal 8.086742e-02 1.794144e-02 -9.965634e-01
    outer loop
      vertex   1.034380e+02 1.739702e+01 -8.589305e+01
      vertex   1.031531e+02 2.224964e+01 -8.582880e+01
      vertex   1.035295e+02 2.224964e+01 -8.579826e+01
    endloop
  endfacet
  facet normal 1.278588e-01 1.695920e-02 -9.916474e-01
    outer loop
      vertex   1.034380e+02 1.739702e+01 -8.589305e+01
      vertex   1.035295e+02 2.224964e+01 -8.579826e+01
      vertex   1.038141e+02 1.739702e+01 -8.584456e+01
    endloop
  endfacet
  facet normal 1.452052e-01 1.795342e-02 -9.892387e-01
    outer loop
      vertex   1.038141e+02 1.739702e+01 -8.584456e+01
      vertex   1.035295e+02 2.224964e+01 -8.579826e+01
      vertex   1.039031e+02 2.224964e+01 -8.574342e+01
    endloop
  endfacet
  facet normal 1.911312e-01 1.694765e-02 -9.814182e-01
    outer loop
      vertex   1.038141e+02 1.739702e+01 -8.584456e+01
      vertex   1.039031e+02 2.224964e+01 -8.574342e+01
      vertex   1.041863e+02 1.739702e+01 -8.577207e+01
    endloop
  endfacet
  facet normal 2.089338e-01 1.796486e-02 -9.777648e-01
    outer loop
      vertex   1.041863e+02 1.739702e+01 -8.577207e+01
      vertex   1.039031e+02 2.224964e+01 -8.574342e+01
      vertex   1.042724e+02 2.224964e+01 -8.566451e+01
    endloop
  endfacet
  facet normal 2.536182e-01 1.693664e-02 -9.671561e-01
    outer loop
      vertex   1.041863e+02 1.739702e+01 -8.577207e+01
      vertex   1.042724e+02 2.224964e+01 -8.566451e+01
      vertex   1.045531e+02 1.739702e+01 -8.567589e+01
    endloop
  endfacet
  facet normal 2.717862e-01 1.797577e-02 -9.621898e-01
    outer loop
      vertex   1.045531e+02 1.739702e+01 -8.567589e+01
      vertex   1.042724e+02 2.224964e+01 -8.566451e+01
      vertex   1.046358e+02 2.224964e+01 -8.556186e+01
    endloop
  endfacet
  facet normal 3.150631e-01 1.692614e-02 -9.489198e-01
    outer loop
      vertex   1.045531e+02 1.739702e+01 -8.567589e+01
      vertex   1.046358e+02 2.224964e+01 -8.556186e+01
      vertex   1.049129e+02 1.739702e+01 -8.555640e+01
    endloop
  endfacet
  facet normal 3.334985e-01 1.798615e-02 -9.425791e-01
    outer loop
      vertex   1.049129e+02 1.739702e+01 -8.555640e+01
      vertex   1.046358e+02 2.224964e+01 -8.556186e+01
      vertex   1.049918e+02 2.224964e+01 -8.543591e+01
    endloop
  endfacet
  facet normal 3.752133e-01 1.691617e-02 -9.267841e-01
    outer loop
      vertex   1.049129e+02 1.739702e+01 -8.555640e+01
      vertex   1.049918e+02 2.224964e+01 -8.543591e+01
      vertex   1.052644e+02 1.739702e+01 -8.541411e+01
    endloop
  endfacet
  facet normal 3.938120e-01 1.799600e-02 -9.190148e-01
    outer loop
      vertex   1.052644e+02 1.739702e+01 -8.541411e+01
      vertex   1.049918e+02 2.224964e+01 -8.543591e+01
      vertex   1.053389e+02 2.224964e+01 -8.528718e+01
    endloop
  endfacet
  facet normal 4.338217e-01 1.690673e-02 -9.008401e-01
    outer loop
      vertex   1.052644e+02 1.739702e+01 -8.541411e+01
      vertex   1.053389e+02 2.224964e+01 -8.528718e+01
      vertex   1.056061e+02 1.739702e+01 -8.524958e+01
    endloop
  endfacet
  facet normal 4.524737e-01 1.800531e-02 -8.915960e-01
    outer loop
      vertex   1.056061e+02 1.739702e+01 -8.524958e+01
      vertex   1.053389e+02 2.224964e+01 -8.528718e+01
      vertex   1.056756e+02 2.224964e+01 -8.511629e+01
    endloop
  endfacet
  facet normal 4.906475e-01 1.689781e-02 -8.711943e-01
    outer loop
      vertex   1.056061e+02 1.739702e+01 -8.524958e+01
      vertex   1.056756e+02 2.224964e+01 -8.511629e+01
      vertex   1.059364e+02 1.739702e+01 -8.506351e+01
    endloop
  endfacet
  facet normal 5.092375e-01 1.801410e-02 -8.604375e-01
    outer loop
      vertex   1.059364e+02 1.739702e+01 -8.506351e+01
      vertex   1.056756e+02 2.224964e+01 -8.511629e+01
      vertex   1.060006e+02 2.224964e+01 -8.492397e+01
    endloop
  endfacet
  facet normal 5.454571e-01 1.688941e-02 -8.379686e-01
    outer loop
      vertex   1.059364e+02 1.739702e+01 -8.506351e+01
      vertex   1.060006e+02 2.224964e+01 -8.492397e+01
      vertex   1.062542e+02 1.739702e+01 -8.485665e+01
    endloop
  endfacet
  facet normal 5.638654e-01 1.802235e-02 -8.256700e-01
    outer loop
      vertex   1.062542e+02 1.739702e+01 -8.485665e+01
      vertex   1.060006e+02 2.224964e+01 -8.492397e+01
      vertex   1.063124e+02 2.224964e+01 -8.471101e+01
    endloop
  endfacet
  facet normal 5.980253e-01 1.688154e-02 -8.012994e-01
    outer loop
      vertex   1.062542e+02 1.739702e+01 -8.485665e+01
      vertex   1.063124e+02 2.224964e+01 -8.471101e+01
      vertex   1.065581e+02 1.739702e+01 -8.462985e+01
    endloop
  endfacet
  facet normal 6.161283e-01 1.803007e-02 -7.874394e-01
    outer loop
      vertex   1.065581e+02 1.739702e+01 -8.462985e+01
      vertex   1.063124e+02 2.224964e+01 -8.471101e+01
      vertex   1.066098e+02 2.224964e+01 -8.447832e+01
    endloop
  endfacet
  facet normal 6.481361e-01 1.687420e-02 -7.613375e-01
    outer loop
      vertex   1.065581e+02 1.739702e+01 -8.462985e+01
      vertex   1.066098e+02 2.224964e+01 -8.447832e+01
      vertex   1.068469e+02 1.739702e+01 -8.438405e+01
    endloop
  endfacet
  facet normal 6.658069e-01 1.803725e-02 -7.459061e-01
    outer loop
      vertex   1.068469e+02 1.739702e+01 -8.438405e+01
      vertex   1.066098e+02 2.224964e+01 -8.447832e+01
      vertex   1.068915e+02 2.224964e+01 -8.422686e+01
    endloop
  endfacet
  facet normal 6.955836e-01 1.686738e-02 -7.182472e-01
    outer loop
      vertex   1.068469e+02 1.739702e+01 -8.438405e+01
      vertex   1.068915e+02 2.224964e+01 -8.422686e+01
      vertex   1.071192e+02 1.739702e+01 -8.412025e+01
    endloop
  endfacet
  facet normal 7.126929e-01 1.804391e-02 -7.012441e-01
    outer loop
      vertex   1.071192e+02 1.739702e+01 -8.412025e+01
      vertex   1.068915e+02 2.224964e+01 -8.422686e+01
      vertex   1.071563e+02 2.224964e+01 -8.395769e+01
    endloop
  endfacet
  facet normal 7.401728e-01 1.686108e-02 -6.722053e-01
    outer loop
      vertex   1.071192e+02 1.739702e+01 -8.412025e+01
      vertex   1.071563e+02 2.224964e+01 -8.395769e+01
      vertex   1.073742e+02 1.739702e+01 -8.383955e+01
    endloop
  endfacet
  facet normal 7.565895e-01 1.805003e-02 -6.536409e-01
    outer loop
      vertex   1.073742e+02 1.739702e+01 -8.383955e+01
      vertex   1.071563e+02 2.224964e+01 -8.395769e+01
      vertex   1.074032e+02 2.224964e+01 -8.367195e+01
    endloop
  endfacet
  facet normal 7.817204e-01 1.685531e-02 -6.234012e-01
    outer loop
      vertex   1.073742e+02 1.739702e+01 -8.383955e+01
      vertex   1.074032e+02 2.224964e+01 -8.367195e+01
      vertex   1.076106e+02 1.739702e+01 -8.354309e+01
    endloop
  endfacet
  facet normal 7.973128e-01 1.805562e-02 -6.032962e-01
    outer loop
      vertex   1.076106e+02 1.739702e+01 -8.354309e+01
      vertex   1.074032e+02 2.224964e+01 -8.367195e+01
      vertex   1.076311e+02 2.224964e+01 -8.337083e+01
    endloop
  endfacet
  facet normal 8.200558e-01 1.685006e-02 -5.720354e-01
    outer loop
      vertex   1.076106e+02 1.739702e+01 -8.354309e+01
      vertex   1.076311e+02 2.224964e+01 -8.337083e+01
      vertex   1.078275e+02 1.739702e+01 -8.323209e+01
    endloop
  endfacet
  facet normal 8.346919e-01 1.806067e-02 -5.504210e-01
    outer loop
      vertex   1.078275e+02 1.739702e+01 -8.323209e+01
      vertex   1.076311e+02 2.224964e+01 -8.337083e+01
      vertex   1.078389e+02 2.224964e+01 -8.305559e+01
    endloop
  endfacet
  facet normal 8.550214e-01 1.684534e-02 -5.183190e-01
    outer loop
      vertex   1.078275e+02 1.739702e+01 -8.323209e+01
      vertex   1.078389e+02 2.224964e+01 -8.305559e+01
      vertex   1.080241e+02 1.739702e+01 -8.290783e+01
    endloop
  endfacet
  facet normal 8.685700e-01 1.806520e-02 -4.952372e-01
    outer loop
      vertex   1.080241e+02 1.739702e+01 -8.290783e+01
      vertex   1.078389e+02 2.224964e+01 -8.305559e+01
      vertex   1.080260e+02 2.224964e+01 -8.272755e+01
    endloop
  endfacet
  facet normal 8.864736e-01 1.684114e-02 -4.624727e-01
    outer loop
      vertex   1.080241e+02 1.739702e+01 -8.290783e+01
      vertex   1.080260e+02 2.224964e+01 -8.272755e+01
      vertex   1.081995e+02 1.739702e+01 -8.257164e+01
    endloop
  endfacet
  facet normal 8.988050e-01 1.806919e-02 -4.379762e-01
    outer loop
      vertex   1.081995e+02 1.739702e+01 -8.257164e+01
      vertex   1.080260e+02 2.224964e+01 -8.272755e+01
      vertex   1.081914e+02 2.224964e+01 -8.238810e+01
    endloop
  endfacet
  facet normal 9.142830e-01 1.683747e-02 -4.047260e-01
    outer loop
      vertex   1.081995e+02 1.739702e+01 -8.257164e+01
      vertex   1.081914e+02 2.224964e+01 -8.238810e+01
      vertex   1.083530e+02 1.739702e+01 -8.222490e+01
    endloop
  endfacet
  facet normal 9.252701e-01 1.807265e-02 -3.788781e-01
    outer loop
      vertex   1.083530e+02 1.739702e+01 -8.222490e+01
      vertex   1.081914e+02 2.224964e+01 -8.238810e+01
      vertex   1.083345e+02 2.224964e+01 -8.203865e+01
    endloop
  endfacet
  facet normal 9.383354e-01 1.683432e-02 -3.453161e-01
    outer loop
      vertex   1.083530e+02 1.739702e+01 -8.222490e+01
      vertex   1.083345e+02 2.224964e+01 -8.203865e+01
      vertex   1.084839e+02 1.739702e+01 -8.186904e+01
    endloop
  endfacet
  facet normal 9.478543e-01 1.807558e-02 -3.181910e-01
    outer loop
      vertex   1.084839e+02 1.739702e+01 -8.186904e+01
      vertex   1.083345e+02 2.224964e+01 -8.203865e+01
      vertex   1.084546e+02 2.224964e+01 -8.168067e+01
    endloop
  endfacet
  facet normal 9.585320e-01 1.683170e-02 -2.844873e-01
    outer loop
      vertex   1.084839e+02 1.739702e+01 -8.186904e+01
      vertex   1.084546e+02 2.224964e+01 -8.168067e+01
      vertex   1.085918e+02 1.739702e+01 -8.150553e+01
    endloop
  endfacet
  facet normal 9.664629e-01 1.807797e-02 -2.561692e-01
    outer loop
      vertex   1.085918e+02 1.739702e+01 -8.150553e+01
      vertex   1.084546e+02 2.224964e+01 -8.168067e+01
      vertex   1.085514e+02 2.224964e+01 -8.131566e+01
    endloop
  endfacet
  facet normal 9.747898e-01 1.682960e-02 -2.224894e-01
    outer loop
      vertex   1.085918e+02 1.739702e+01 -8.150553e+01
      vertex   1.085514e+02 2.224964e+01 -8.131566e+01
      vertex   1.086762e+02 1.739702e+01 -8.113585e+01
    endloop
  endfacet
  facet normal 9.810178e-01 1.807984e-02 -1.930730e-01
    outer loop
      vertex   1.086762e+02 1.739702e+01 -8.113585e+01
      vertex   1.085514e+02 2.224964e+01 -8.131566e+01
      vertex   1.086243e+02 2.224964e+01 -8.094516e+01
    endloop
  endfacet
  facet normal 9.870420e-01 1.682802e-02 -1.595773e-01
    outer loop
      vertex   1.086762e+02 1.739702e+01 -8.113585e+01
      vertex   1.086243e+02 2.224964e+01 -8.094516e+01
      vertex   1.087367e+02 1.739702e+01 -8.076152e+01
    endloop
  endfacet
  facet normal 9.914580e-01 1.808117e-02 -1.291670e-01
    outer loop
      vertex   1.087367e+02 1.739702e+01 -8.076152e+01
      vertex   1.086243e+02 2.224964e+01 -8.094516e+01
      vertex   1.086731e+02 2.224964e+01 -8.057071e+01
    endloop
  endfacet
  facet normal 9.952382e-01 1.682697e-02 -9.600943e-02
    outer loop
      vertex   1.087367e+02 1.739702e+01 -8.076152e+01
      vertex   1.086731e+02 2.224964e+01 -8.057071e+01
      vertex   1.087731e+02 1.739702e+01 -8.038408e+01
    endloop
  endfacet
  facet normal 9.977397e-01 1.808196e-02 -6.471924e-02
    outer loop
      vertex   1.087731e+02 1.739702e+01 -8.038408e+01
      vertex   1.086731e+02 2.224964e+01 -8.057071e+01
      vertex   1.086975e+02 2.224964e+01 -8.019389e+01
    endloop
  endfacet
  facet normal 9.993447e-01 1.682645e-02 -3.204704e-02
    outer loop
      vertex   1.087731e+02 1.739702e+01 -8.038408e+01
      vertex   1.086975e+02 2.224964e+01 -8.019389e+01
      vertex   1.087853e+02 1.739702e+01 -8.000509e+01
    endloop
  endfacet
  facet normal 9.998365e-01 1.808223e-02 -1.094317e-17
    outer loop
      vertex   1.087853e+02 1.739702e+01 -8.000509e+01
      vertex   1.086975e+02 2.224964e+01 -8.019389e+01
      vertex   1.086975e+02 2.224964e+01 -7.981628e+01
    endloop
  endfacet
  facet normal 9.993447e-01 1.682645e-02 3.204704e-02
    outer loop
      vertex   1.087853e+02 1.739702e+01 -8.000509e+01
      vertex   1.086975e+02 2.224964e+01 -7.981628e+01
      vertex   1.087731e+02 1.739702e+01 -7.962609e+01
    endloop
  endfacet
  facet normal 9.977397e-01 1.808196e-02 6.471924e-02
    outer loop
      vertex   1.087731e+02 1.739702e+01 -7.962609e+01
      vertex   1.086975e+02 2.224964e+01 -7.981628e+01
      vertex   1.086731e+02 2.224964e+01 -7.943946e+01
    endloop
  endfacet
  facet normal 9.952382e-01 1.682697e-02 9.600943e-02
    outer loop
      vertex   1.087731e+02 1.739702e+01 -7.962609e+01
      vertex   1.086731e+02 2.224964e+01 -7.943946e+01
      vertex   1.087367e+02 1.739702e+01 -7.924865e+01
    endloop
  endfacet
  facet normal 9.914580e-01 1.808117e-02 1.291670e-01
    outer loop
      vertex   1.087367e+02 1.739702e+01 -7.924865e+01
      vertex   1.086731e+02 2.224964e+01 -7.943946e+01
      vertex   1.086243e+02 2.224964e+01 -7.906501e+01
    endloop
  endfacet
  facet normal 9.870420e-01 1.682802e-02 1.595773e-01
    outer loop
      vertex   1.087367e+02 1.739702e+01 -7.924865e+01
      vertex   1.086243e+02 2.224964e+01 -7.906501e+01
      vertex   1.086762e+02 1.739702e+01 -7.887432e+01
    endloop
  endfacet
  facet normal 9.810178e-01 1.807984e-02 1.930730e-01
    outer loop
      vertex   1.086762e+02 1.739702e+01 -7.887432e+01
      vertex   1.086243e+02 2.224964e+01 -7.906501e+01
      vertex   1.085514e+02 2.224964e+01 -7.869451e+01
    endloop
  endfacet
  facet normal 9.747898e-01 1.682960e-02 2.224894e-01
    outer loop
      vertex   1.086762e+02 1.739702e+01 -7.887432e+01
      vertex   1.085514e+02 2.224964e+01 -7.869451e+01
      vertex   1.085918e+02 1.739702e+01 -7.850464e+01
    endloop
  endfacet
  facet normal 9.664629e-01 1.807797e-02 2.561692e-01
    outer loop
      vertex   1.085918e+02 1.739702e+01 -7.850464e+01
      vertex   1.085514e+02 2.224964e+01 -7.869451e+01
      vertex   1.084546e+02 2.224964e+01 -7.832950e+01
    endloop
  endfacet
  facet normal 9.585320e-01 1.683170e-02 2.844873e-01
    outer loop
      vertex   1.085918e+02 1.739702e+01 -7.850464e+01
      vertex   1.084546e+02 2.224964e+01 -7.832950e+01
      vertex   1.084839e+02 1.739702e+01 -7.814113e+01
    endloop
  endfacet
  facet normal 9.478543e-01 1.807558e-02 3.181910e-01
    outer loop
      vertex   1.084839e+02 1.739702e+01 -7.814113e+01
      vertex   1.084546e+02 2.224964e+01 -7.832950e+01
      vertex   1.083345e+02 2.224964e+01 -7.797152e+01
    endloop
  endfacet
  facet normal 9.383354e-01 1.683432e-02 3.453161e-01
    outer loop
      vertex   1.084839e+02 1.739702e+01 -7.814113e+01
      vertex   1.083345e+02 2.224964e+01 -7.797152e+01
      vertex   1.083530e+02 1.739702e+01 -7.778527e+01
    endloop
  endfacet
  facet normal 9.252701e-01 1.807265e-02 3.788781e-01
    outer loop
      vertex   1.083530e+02 1.739702e+01 -7.778527e+01
      vertex   1.083345e+02 2.224964e+01 -7.797152e+01
      vertex   1.081914e+02 2.224964e+01 -7.762207e+01
    endloop
  endfacet
  facet normal 9.142830e-01 1.683747e-02 4.047260e-01
    outer loop
      vertex   1.083530e+02 1.739702e+01 -7.778527e+01
      vertex   1.081914e+02 2.224964e+01 -7.762207e+01
      vertex   1.081995e+02 1.739702e+01 -7.743853e+01
    endloop
  endfacet
  facet normal 8.988050e-01 1.806919e-02 4.379762e-01
    outer loop
      vertex   1.081995e+02 1.739702e+01 -7.743853e+01
      vertex   1.081914e+02 2.224964e+01 -7.762207e+01
      vertex   1.080260e+02 2.224964e+01 -7.728262e+01
    endloop
  endfacet
  facet normal 8.864736e-01 1.684114e-02 4.624727e-01
    outer loop
      vertex   1.081995e+02 1.739702e+01 -7.743853e+01
      vertex   1.080260e+02 2.224964e+01 -7.728262e+01
      vertex   1.080241e+02 1.739702e+01 -7.710234e+01
    endloop
  endfacet
  facet normal 8.685700e-01 1.806520e-02 4.952372e-01
    outer loop
      vertex   1.080241e+02 1.739702e+01 -7.710234e+01
      vertex   1.080260e+02 2.224964e+01 -7.728262e+01
      vertex   1.078389e+02 2.224964e+01 -7.695458e+01
    endloop
  endfacet
  facet normal 8.550214e-01 1.684534e-02 5.183190e-01
    outer loop
      vertex   1.080241e+02 1.739702e+01 -7.710234e+01
      vertex   1.078389e+02 2.224964e+01 -7.695458e+01
      vertex   1.078275e+02 1.739702e+01 -7.677808e+01
    endloop
  endfacet
  facet normal 8.346919e-01 1.806067e-02 5.504210e-01
    outer loop
      vertex   1.078275e+02 1.739702e+01 -7.677808e+01
      vertex   1.078389e+02 2.224964e+01 -7.695458e+01
      vertex   1.076311e+02 2.224964e+01 -7.663934e+01
    endloop
  endfacet
  facet normal 8.200558e-01 1.685006e-02 5.720354e-01
    outer loop
      vertex   1.078275e+02 1.739702e+01 -7.677808e+01
      vertex   1.076311e+02 2.224964e+01 -7.663934e+01
      vertex   1.076106e+02 1.739702e+01 -7.646708e+01
    endloop
  endfacet
  facet normal 7.973128e-01 1.805562e-02 6.032962e-01
    outer loop
      vertex   1.076106e+02 1.739702e+01 -7.646708e+01
      vertex   1.076311e+02 2.224964e+01 -7.663934e+01
      vertex   1.074032e+02 2.224964e+01 -7.633822e+01
    endloop
  endfacet
  facet normal 7.817204e-01 1.685531e-02 6.234012e-01
    outer loop
      vertex   1.076106e+02 1.739702e+01 -7.646708e+01
      vertex   1.074032e+02 2.224964e+01 -7.633822e+01
      vertex   1.073742e+02 1.739702e+01 -7.617062e+01
    endloop
  endfacet
  facet normal 7.565895e-01 1.805003e-02 6.536409e-01
    outer loop
      vertex   1.073742e+02 1.739702e+01 -7.617062e+01
      vertex   1.074032e+02 2.224964e+01 -7.633822e+01
      vertex   1.071563e+02 2.224964e+01 -7.605248e+01
    endloop
  endfacet
  facet normal 7.401728e-01 1.686108e-02 6.722053e-01
    outer loop
      vertex   1.073742e+02 1.739702e+01 -7.617062e+01
      vertex   1.071563e+02 2.224964e+01 -7.605248e+01
      vertex   1.071192e+02 1.739702e+01 -7.588992e+01
    endloop
  endfacet
  facet normal 7.126929e-01 1.804391e-02 7.012441e-01
    outer loop
      vertex   1.071192e+02 1.739702e+01 -7.588992e+01
      vertex   1.071563e+02 2.224964e+01 -7.605248e+01
      vertex   1.068915e+02 2.224964e+01 -7.578331e+01
    endloop
  endfacet
  facet normal 6.955836e-01 1.686738e-02 7.182472e-01
    outer loop
      vertex   1.071192e+02 1.739702e+01 -7.588992e+01
      vertex   1.068915e+02 2.224964e+01 -7.578331e+01
      vertex   1.068469e+02 1.739702e+01 -7.562612e+01
    endloop
  endfacet
  facet normal 6.658069e-01 1.803725e-02 7.459061e-01
    outer loop
      vertex   1.068469e+02 1.739702e+01 -7.562612e+01
      vertex   1.068915e+02 2.224964e+01 -7.578331e+01
      vertex   1.066098e+02 2.224964e+01 -7.553185e+01
    endloop
  endfacet
  facet normal 6.481361e-01 1.687420e-02 7.613375e-01
    outer loop
      vertex   1.068469e+02 1.739702e+01 -7.562612e+01
      vertex   1.066098e+02 2.224964e+01 -7.553185e+01
      vertex   1.065581e+02 1.739702e+01 -7.538032e+01
    endloop
  endfacet
  facet normal 6.161283e-01 1.803007e-02 7.874394e-01
    outer loop
      vertex   1.065581e+02 1.739702e+01 -7.538032e+01
      vertex   1.066098e+02 2.224964e+01 -7.553185e+01
      vertex   1.063124e+02 2.224964e+01 -7.529916e+01
    endloop
  endfacet
  facet normal 5.980253e-01 1.688154e-02 8.012994e-01
    outer loop
      vertex   1.065581e+02 1.739702e+01 -7.538032e+01
      vertex   1.063124e+02 2.224964e+01 -7.529916e+01
      vertex   1.062542e+02 1.739702e+01 -7.515352e+01
    endloop
  endfacet
  facet normal 5.638654e-01 1.802235e-02 8.256700e-01
    outer loop
      vertex   1.062542e+02 1.739702e+01 -7.515352e+01
      vertex   1.063124e+02 2.224964e+01 -7.529916e+01
      vertex   1.060006e+02 2.224964e+01 -7.508620e+01
    endloop
  endfacet
  facet normal 5.454571e-01 1.688941e-02 8.379686e-01
    outer loop
      vertex   1.062542e+02 1.739702e+01 -7.515352e+01
      vertex   1.060006e+02 2.224964e+01 -7.508620e+01
      vertex   1.059364e+02 1.739702e+01 -7.494666e+01
    endloop
  endfacet
  facet normal 5.092375e-01 1.801410e-02 8.604375e-01
    outer loop
      vertex   1.059364e+02 1.739702e+01 -7.494666e+01
      vertex   1.060006e+02 2.224964e+01 -7.508620e+01
      vertex   1.056756e+02 2.224964e+01 -7.489388e+01
    endloop
  endfacet
  facet normal 4.906475e-01 1.689781e-02 8.711943e-01
    outer loop
      vertex   1.059364e+02 1.739702e+01 -7.494666e+01
      vertex   1.056756e+02 2.224964e+01 -7.489388e+01
      vertex   1.056061e+02 1.739702e+01 -7.476059e+01
    endloop
  endfacet
  facet normal 4.524737e-01 1.800531e-02 8.915960e-01
    outer loop
      vertex   1.056061e+02 1.739702e+01 -7.476059e+01
      vertex   1.056756e+02 2.224964e+01 -7.489388e+01
      vertex   1.053389e+02 2.224964e+01 -7.472299e+01
    endloop
  endfacet
  facet normal 4.338217e-01 1.690673e-02 9.008401e-01
    outer loop
      vertex   1.056061e+02 1.739702e+01 -7.476059e+01
      vertex   1.053389e+02 2.224964e+01 -7.472299e+01
      vertex   1.052644e+02 1.739702e+01 -7.459606e+01
    endloop
  endfacet
  facet normal 3.938120e-01 1.799600e-02 9.190148e-01
    outer loop
      vertex   1.052644e+02 1.739702e+01 -7.459606e+01
      vertex   1.053389e+02 2.224964e+01 -7.472299e+01
      vertex   1.049918e+02 2.224964e+01 -7.457426e+01
    endloop
  endfacet
  facet normal 3.752133e-01 1.691617e-02 9.267841e-01
    outer loop
      vertex   1.052644e+02 1.739702e+01 -7.459606e+01
      vertex   1.049918e+02 2.224964e+01 -7.457426e+01
      vertex   1.049129e+02 1.739702e+01 -7.445377e+01
    endloop
  endfacet
  facet normal 3.334985e-01 1.798615e-02 9.425791e-01
    outer loop
      vertex   1.049129e+02 1.739702e+01 -7.445377e+01
      vertex   1.049918e+02 2.224964e+01 -7.457426e+01
      vertex   1.046358e+02 2.224964e+01 -7.444831e+01
    endloop
  endfacet
  facet normal 3.150631e-01 1.692614e-02 9.489198e-01
    outer loop
      vertex   1.049129e+02 1.739702e+01 -7.445377e+01
      vertex   1.046358e+02 2.224964e+01 -7.444831e+01
      vertex   1.045531e+02 1.739702e+01 -7.433428e+01
    endloop
  endfacet
  facet normal 2.717862e-01 1.797577e-02 9.621898e-01
    outer loop
      vertex   1.045531e+02 1.739702e+01 -7.433428e+01
      vertex   1.046358e+02 2.224964e+01 -7.444831e+01
      vertex   1.042724e+02 2.224964e+01 -7.434566e+01
    endloop
  endfacet
  facet normal 2.536182e-01 1.693664e-02 9.671561e-01
    outer loop
      vertex   1.045531e+02 1.739702e+01 -7.433428e+01
      vertex   1.042724e+02 2.224964e+01 -7.434566e+01
      vertex   1.041863e+02 1.739702e+01 -7.423810e+01
    endloop
  endfacet
  facet normal 2.089338e-01 1.796486e-02 9.777648e-01
    outer loop
      vertex   1.041863e+02 1.739702e+01 -7.423810e+01
      vertex   1.042724e+02 2.224964e+01 -7.434566e+01
      vertex   1.039031e+02 2.224964e+01 -7.426675e+01
    endloop
  endfacet
  facet normal 1.911312e-01 1.694765e-02 9.814182e-01
    outer loop
      vertex   1.041863e+02 1.739702e+01 -7.423810e+01
      vertex   1.039031e+02 2.224964e+01 -7.426675e+01
      vertex   1.038141e+02 1.739702e+01 -7.416561e+01
    endloop
  endfacet
  facet normal 1.452052e-01 1.795342e-02 9.892387e-01
    outer loop
      vertex   1.038141e+02 1.739702e+01 -7.416561e+01
      vertex   1.039031e+02 2.224964e+01 -7.426675e+01
      vertex   1.035295e+02 2.224964e+01 -7.421191e+01
    endloop
  endfacet
  facet normal 1.278588e-01 1.695920e-02 9.916474e-01
    outer loop
      vertex   1.038141e+02 1.739702e+01 -7.416561e+01
      vertex   1.035295e+02 2.224964e+01 -7.421191e+01
      vertex   1.034380e+02 1.739702e+01 -7.411712e+01
    endloop
  endfacet
  facet normal 8.086742e-02 1.794144e-02 9.965634e-01
    outer loop
      vertex   1.034380e+02 1.739702e+01 -7.411712e+01
      vertex   1.035295e+02 2.224964e+01 -7.421191e+01
      vertex   1.031531e+02 2.224964e+01 -7.418137e+01
    endloop
  endfacet
  facet normal 6.406099e-02 1.697127e-02 9.978017e-01
    outer loop
      vertex   1.034380e+02 1.739702e+01 -7.411712e+01
      vertex   1.031531e+02 2.224964e+01 -7.418137e+01
      vertex   1.030596e+02 1.739702e+01 -7.409283e+01
    endloop
  endfacet
  facet normal 1.619047e-02 1.792893e-02 9.997082e-01
    outer loop
      vertex   1.030596e+02 1.739702e+01 -7.409283e+01
      vertex   1.031531e+02 2.224964e+01 -7.418137e+01
      vertex   1.027756e+02 2.224964e+01 -7.417526e+01
    endloop
  endfacet
  facet normal 0.000000e+00 1.698386e-02 9.998558e-01
    outer loop
      vertex   1.030596e+02 1.739702e+01 -7.409283e+01
      vertex   1.027756e+02 2.224964e+01 -7.417526e+01
      vertex   1.026804e+02 1.739702e+01 -7.409283e+01
    endloop
  endfacet
  facet normal -4.855443e-02 1.791589e-02 9.986598e-01
    outer loop
      vertex   1.026804e+02 1.739702e+01 -7.409283e+01
      vertex   1.027756e+02 2.224964e+01 -7.417526e+01
      vertex   1.023984e+02 2.224964e+01 -7.419359e+01
    endloop
  endfacet
  facet normal -6.406096e-02 1.699698e-02 9.978012e-01
    outer loop
      vertex   1.026804e+02 1.739702e+01 -7.409283e+01
      vertex   1.023984e+02 2.224964e+01 -7.419359e+01
      vertex   1.023020e+02 1.739702e+01 -7.411712e+01
    endloop
  endfacet
  facet normal -1.130957e-01 1.790232e-02 9.934228e-01
    outer loop
      vertex   1.023020e+02 1.739702e+01 -7.411712e+01
      vertex   1.023984e+02 2.224964e+01 -7.419359e+01
      vertex   1.020232e+02 2.224964e+01 -7.423631e+01
    endloop
  endfacet
  facet normal -1.278587e-01 1.701062e-02 9.916465e-01
    outer loop
      vertex   1.023020e+02 1.739702e+01 -7.411712e+01
      vertex   1.020232e+02 2.224964e+01 -7.423631e+01
      vertex   1.019259e+02 1.739702e+01 -7.416561e+01
    endloop
  endfacet
  facet normal -1.771626e-01 1.788821e-02 9.840190e-01
    outer loop
      vertex   1.019259e+02 1.739702e+01 -7.416561e+01
      vertex   1.020232e+02 2.224964e+01 -7.423631e+01
      vertex   1.016516e+02 2.224964e+01 -7.430322e+01
    endloop
  endfacet
  facet normal -1.911309e-01 1.702478e-02 9.814169e-01
    outer loop
      vertex   1.019259e+02 1.739702e+01 -7.416561e+01
      vertex   1.016516e+02 2.224964e+01 -7.430322e+01
      vertex   1.015537e+02 1.739702e+01 -7.423810e+01
    endloop
  endfacet
  facet normal -2.404865e-01 1.787358e-02 9.704879e-01
    outer loop
      vertex   1.015537e+02 1.739702e+01 -7.423810e+01
      vertex   1.016516e+02 2.224964e+01 -7.430322e+01
      vertex   1.012851e+02 2.224964e+01 -7.439404e+01
    endloop
  endfacet
  facet normal -2.536178e-01 1.703947e-02 9.671544e-01
    outer loop
      vertex   1.015537e+02 1.739702e+01 -7.423810e+01
      vertex   1.012851e+02 2.224964e+01 -7.439404e+01
      vertex   1.011869e+02 1.739702e+01 -7.433428e+01
    endloop
  endfacet
  facet normal -3.028018e-01 1.785841e-02 9.528862e-01
    outer loop
      vertex   1.011869e+02 1.739702e+01 -7.433428e+01
      vertex   1.012851e+02 2.224964e+01 -7.439404e+01
      vertex   1.009252e+02 2.224964e+01 -7.450840e+01
    endloop
  endfacet
  facet normal -3.150624e-01 1.705469e-02 9.489177e-01
    outer loop
      vertex   1.011869e+02 1.739702e+01 -7.433428e+01
      vertex   1.009252e+02 2.224964e+01 -7.450840e+01
      vertex   1.008271e+02 1.739702e+01 -7.445377e+01
    endloop
  endfacet
  facet normal -3.638470e-01 1.784270e-02 9.312878e-01
    outer loop
      vertex   1.008271e+02 1.739702e+01 -7.445377e+01
      vertex   1.009252e+02 2.224964e+01 -7.450840e+01
      vertex   1.005735e+02 2.224964e+01 -7.464581e+01
    endloop
  endfacet
  facet normal -3.752123e-01 1.707043e-02 9.267817e-01
    outer loop
      vertex   1.008271e+02 1.739702e+01 -7.445377e+01
      vertex   1.005735e+02 2.224964e+01 -7.464581e+01
      vertex   1.004756e+02 1.739702e+01 -7.459606e+01
    endloop
  endfacet
  facet normal -4.233662e-01 1.782647e-02 9.057833e-01
    outer loop
      vertex   1.004756e+02 1.739702e+01 -7.459606e+01
      vertex   1.005735e+02 2.224964e+01 -7.464581e+01
      vertex   1.002314e+02 2.224964e+01 -7.480571e+01
    endloop
  endfacet
  facet normal -4.338204e-01 1.708669e-02 9.008373e-01
    outer loop
      vertex   1.004756e+02 1.739702e+01 -7.459606e+01
      vertex   1.002314e+02 2.224964e+01 -7.480571e+01
      vertex   1.001339e+02 1.739702e+01 -7.476059e+01
    endloop
  endfacet
  facet normal -4.811096e-01 1.780970e-02 8.764795e-01
    outer loop
      vertex   1.001339e+02 1.739702e+01 -7.476059e+01
      vertex   1.002314e+02 2.224964e+01 -7.480571e+01
      vertex   9.990036e+01 2.224964e+01 -7.498741e+01
    endloop
  endfacet
  facet normal -4.906458e-01 1.710348e-02 8.711913e-01
    outer loop
      vertex   1.001339e+02 1.739702e+01 -7.476059e+01
      vertex   9.990036e+01 2.224964e+01 -7.498741e+01
      vertex   9.980355e+01 1.739702e+01 -7.494666e+01
    endloop
  endfacet
  facet normal -5.368352e-01 1.779241e-02 8.434995e-01
    outer loop
      vertex   9.980355e+01 1.739702e+01 -7.494666e+01
      vertex   9.990036e+01 2.224964e+01 -7.498741e+01
      vertex   9.958180e+01 2.224964e+01 -7.519016e+01
    endloop
  endfacet
  facet normal -5.454549e-01 1.712080e-02 8.379653e-01
    outer loop
      vertex   9.980355e+01 1.739702e+01 -7.494666e+01
      vertex   9.958180e+01 2.224964e+01 -7.519016e+01
      vertex   9.948576e+01 1.739702e+01 -7.515352e+01
    endloop
  endfacet
  facet normal -5.903091e-01 1.777458e-02 8.069816e-01
    outer loop
      vertex   9.948576e+01 1.739702e+01 -7.515352e+01
      vertex   9.958180e+01 2.224964e+01 -7.519016e+01
      vertex   9.927702e+01 2.224964e+01 -7.541310e+01
    endloop
  endfacet
  facet normal -5.980227e-01 1.713863e-02 8.012959e-01
    outer loop
      vertex   9.948576e+01 1.739702e+01 -7.515352e+01
      vertex   9.927702e+01 2.224964e+01 -7.541310e+01
      vertex   9.918187e+01 1.739702e+01 -7.538032e+01
    endloop
  endfacet
  facet normal -6.413071e-01 1.775621e-02 7.670788e-01
    outer loop
      vertex   9.918187e+01 1.739702e+01 -7.538032e+01
      vertex   9.927702e+01 2.224964e+01 -7.541310e+01
      vertex   9.898732e+01 2.224964e+01 -7.565530e+01
    endloop
  endfacet
  facet normal -6.481330e-01 1.715700e-02 7.613339e-01
    outer loop
      vertex   9.918187e+01 1.739702e+01 -7.538032e+01
      vertex   9.898732e+01 2.224964e+01 -7.565530e+01
      vertex   9.889314e+01 1.739702e+01 -7.562612e+01
    endloop
  endfacet
  facet normal -6.896153e-01 1.773732e-02 7.239587e-01
    outer loop
      vertex   9.889314e+01 1.739702e+01 -7.562612e+01
      vertex   9.898732e+01 2.224964e+01 -7.565530e+01
      vertex   9.871390e+01 2.224964e+01 -7.591575e+01
    endloop
  endfacet
  facet normal -6.955799e-01 1.717588e-02 7.182434e-01
    outer loop
      vertex   9.889314e+01 1.739702e+01 -7.562612e+01
      vertex   9.871390e+01 2.224964e+01 -7.591575e+01
      vertex   9.862075e+01 1.739702e+01 -7.588992e+01
    endloop
  endfacet
  facet normal -7.350310e-01 1.771789e-02 6.778020e-01
    outer loop
      vertex   9.862075e+01 1.739702e+01 -7.588992e+01
      vertex   9.871390e+01 2.224964e+01 -7.591575e+01
      vertex   9.845791e+01 2.224964e+01 -7.619335e+01
    endloop
  endfacet
  facet normal -7.401685e-01 1.719530e-02 6.722015e-01
    outer loop
      vertex   9.862075e+01 1.739702e+01 -7.588992e+01
      vertex   9.845791e+01 2.224964e+01 -7.619335e+01
      vertex   9.836582e+01 1.739702e+01 -7.617062e+01
    endloop
  endfacet
  facet normal -7.773638e-01 1.769793e-02 6.288023e-01
    outer loop
      vertex   9.836582e+01 1.739702e+01 -7.617062e+01
      vertex   9.845791e+01 2.224964e+01 -7.619335e+01
      vertex   9.822043e+01 2.224964e+01 -7.648694e+01
    endloop
  endfacet
  facet normal -7.817156e-01 1.721523e-02 6.233974e-01
    outer loop
      vertex   9.836582e+01 1.739702e+01 -7.617062e+01
      vertex   9.822043e+01 2.224964e+01 -7.648694e+01
      vertex   9.812940e+01 1.739702e+01 -7.646708e+01
    endloop
  endfacet
  facet normal -8.164361e-01 1.767744e-02 5.771652e-01
    outer loop
      vertex   9.812940e+01 1.739702e+01 -7.646708e+01
      vertex   9.822043e+01 2.224964e+01 -7.648694e+01
      vertex   9.800246e+01 2.224964e+01 -7.679528e+01
    endloop
  endfacet
  facet normal -8.200504e-01 1.723569e-02 5.720317e-01
    outer loop
      vertex   9.812940e+01 1.739702e+01 -7.646708e+01
      vertex   9.800246e+01 2.224964e+01 -7.679528e+01
      vertex   9.791246e+01 1.739702e+01 -7.677808e+01
    endloop
  endfacet
  facet normal -8.520840e-01 1.765642e-02 5.231072e-01
    outer loop
      vertex   9.791246e+01 1.739702e+01 -7.677808e+01
      vertex   9.800246e+01 2.224964e+01 -7.679528e+01
      vertex   9.780489e+01 2.224964e+01 -7.711709e+01
    endloop
  endfacet
  facet normal -8.550154e-01 1.725668e-02 5.183154e-01
    outer loop
      vertex   9.791246e+01 1.739702e+01 -7.677808e+01
      vertex   9.780489e+01 2.224964e+01 -7.711709e+01
      vertex   9.771589e+01 1.739702e+01 -7.710234e+01
    endloop
  endfacet
  facet normal -8.841580e-01 1.763486e-02 4.668551e-01
    outer loop
      vertex   9.771589e+01 1.739702e+01 -7.710234e+01
      vertex   9.780489e+01 2.224964e+01 -7.711709e+01
      vertex   9.762858e+01 2.224964e+01 -7.745101e+01
    endloop
  endfacet
  facet normal -8.864670e-01 1.727819e-02 4.624692e-01
    outer loop
      vertex   9.771589e+01 1.739702e+01 -7.710234e+01
      vertex   9.762858e+01 2.224964e+01 -7.745101e+01
      vertex   9.754050e+01 1.739702e+01 -7.743853e+01
    endloop
  endfacet
  facet normal -9.125235e-01 1.761277e-02 4.086448e-01
    outer loop
      vertex   9.754050e+01 1.739702e+01 -7.743853e+01
      vertex   9.762858e+01 2.224964e+01 -7.745101e+01
      vertex   9.747424e+01 2.224964e+01 -7.779564e+01
    endloop
  endfacet
  facet normal -9.142758e-01 1.730022e-02 4.047228e-01
    outer loop
      vertex   9.754050e+01 1.739702e+01 -7.743853e+01
      vertex   9.747424e+01 2.224964e+01 -7.779564e+01
      vertex   9.738701e+01 1.739702e+01 -7.778527e+01
    endloop
  endfacet
  facet normal -9.370617e-01 1.759015e-02 3.487205e-01
    outer loop
      vertex   9.738701e+01 1.739702e+01 -7.778527e+01
      vertex   9.747424e+01 2.224964e+01 -7.779564e+01
      vertex   9.734254e+01 2.224964e+01 -7.814954e+01
    endloop
  endfacet
  facet normal -9.383276e-01 1.732278e-02 3.453132e-01
    outer loop
      vertex   9.738701e+01 1.739702e+01 -7.778527e+01
      vertex   9.734254e+01 2.224964e+01 -7.814954e+01
      vertex   9.725605e+01 1.739702e+01 -7.814113e+01
    endloop
  endfacet
  facet normal -9.576695e-01 1.756700e-02 2.873334e-01
    outer loop
      vertex   9.725605e+01 1.739702e+01 -7.814113e+01
      vertex   9.734254e+01 2.224964e+01 -7.814954e+01
      vertex   9.723403e+01 2.224964e+01 -7.851122e+01
    endloop
  endfacet
  facet normal -9.585236e-01 1.734587e-02 2.844848e-01
    outer loop
      vertex   9.725605e+01 1.739702e+01 -7.814113e+01
      vertex   9.723403e+01 2.224964e+01 -7.851122e+01
      vertex   9.714816e+01 1.739702e+01 -7.850464e+01
    endloop
  endfacet
  facet normal -9.742606e-01 1.754331e-02 2.247411e-01
    outer loop
      vertex   9.714816e+01 1.739702e+01 -7.850464e+01
      vertex   9.723403e+01 2.224964e+01 -7.851122e+01
      vertex   9.714915e+01 2.224964e+01 -7.887917e+01
    endloop
  endfacet
  facet normal -9.747808e-01 1.736947e-02 2.224874e-01
    outer loop
      vertex   9.714816e+01 1.739702e+01 -7.850464e+01
      vertex   9.714915e+01 2.224964e+01 -7.887917e+01
      vertex   9.706379e+01 1.739702e+01 -7.887432e+01
    endloop
  endfacet
  facet normal -9.867652e-01 1.751910e-02 1.612062e-01
    outer loop
      vertex   9.706379e+01 1.739702e+01 -7.887432e+01
      vertex   9.714915e+01 2.224964e+01 -7.887917e+01
      vertex   9.708827e+01 2.224964e+01 -7.925184e+01
    endloop
  endfacet
  facet normal -9.870324e-01 1.739360e-02 1.595758e-01
    outer loop
      vertex   9.706379e+01 1.739702e+01 -7.887432e+01
      vertex   9.708827e+01 2.224964e+01 -7.925184e+01
      vertex   9.700327e+01 1.739702e+01 -7.924865e+01
    endloop
  endfacet
  facet normal -9.951311e-01 1.749435e-02 9.699501e-02
    outer loop
      vertex   9.700327e+01 1.739702e+01 -7.924865e+01
      vertex   9.708827e+01 2.224964e+01 -7.925184e+01
      vertex   9.705163e+01 2.224964e+01 -7.962767e+01
    endloop
  endfacet
  facet normal -9.952281e-01 1.741826e-02 9.600846e-02
    outer loop
      vertex   9.700327e+01 1.739702e+01 -7.924865e+01
      vertex   9.705163e+01 2.224964e+01 -7.962767e+01
      vertex   9.696686e+01 1.739702e+01 -7.962609e+01
    endloop
  endfacet
  facet normal -9.993231e-01 1.746907e-02 3.237695e-02
    outer loop
      vertex   9.696686e+01 1.739702e+01 -7.962609e+01
      vertex   9.705163e+01 2.224964e+01 -7.962767e+01
      vertex   9.703941e+01 2.224964e+01 -8.000509e+01
    endloop
  endfacet
  facet normal 0.000000e+00 1.000000e+00 0.000000e+00
    outer loop
      vertex   1.032700e+02 2.254440e+01 -8.175509e+01
      vertex   1.058459e+02 2.254440e+01 -8.466682e+01
      vertex   1.032700e+02 2.254440e+01 -8.425509e+01
    endloop
  endfacet
  facet normal 0.000000e+00 1.000000e+00 0.000000e+00
    outer loop
      vertex   1.032700e+02 2.254440e+01 -8.425509e+01
      vertex   1.058459e+02 2.254440e+01 -8.466682e+01
      vertex   1.055279e+02 2.254440e+01 -8.485518e+01
    endloop
  endfacet
  facet normal 0.000000e+00 1.000000e+00 0.000000e+00
    outer loop
      vertex   1.032700e+02 2.254440e+01 -8.425509e+01
      vertex   1.055279e+02 2.254440e+01 -8.485518e+01
      vertex   1.051980e+02 2.254440e+01 -8.502188e+01
    endloop
  endfacet
  facet normal 0.000000e+00 1.000000e+00 0.000000e+00
    outer loop
      vertex   1.032584e+02 2.254440e+01 -8.165936e+01
      vertex   1.078062e+02 2.254440e+01 -8.249946e+01
      vertex   1.032700e+02 2.254440e+01 -8.175509e+01
    endloop
  endfacet
  facet normal 0.000000e+00 1.000000e+00 0.000000e+00
    outer loop
      vertex   1.032700e+02 2.254440e+01 -8.175509e+01
      vertex   1.078062e+02 2.254440e+01 -8.249946e+01
      vertex   1.076286e+02 2.254440e+01 -8.282359e+01
    endloop
  endfacet
  facet normal 0.000000e+00 1.000000e+00 0.000000e+00
    outer loop
      vertex   1.032700e+02 2.254440e+01 -8.175509e+01
      vertex   1.076286e+02 2.254440e+01 -8.282359e+01
      vertex   1.074297e+02 2.254440e+01 -8.313513e+01
    endloop
  endfacet
  facet normal -0.000000e+00 1.000000e+00 0.000000e+00
    outer loop
      vertex   1.032242e+02 2.254440e+01 -8.156920e+01
      vertex   1.082041e+02 2.254440e+01 -8.146625e+01
      vertex   1.032584e+02 2.254440e+01 -8.165936e+01
    endloop
  endfacet
  facet normal -0.000000e+00 1.000000e+00 0.000000e+00
    outer loop
      vertex   1.032584e+02 2.254440e+01 -8.165936e+01
      vertex   1.082041e+02 2.254440e+01 -8.146625e+01
      vertex   1.080946e+02 2.254440e+01 -8.181927e+01
    endloop
  endfacet
  facet normal 0.000000e+00 1.000000e+00 0.000000e+00
    outer loop
      vertex   1.032584e+02 2.254440e+01 -8.165936e+01
      vertex   1.080946e+02 2.254440e+01 -8.181927e+01
      vertex   1.079618e+02 2.254440e+01 -8.216419e+01
    endloop
  endfacet
  facet normal -0.000000e+00 1.000000e+00 0.000000e+00
    outer loop
      vertex   1.031694e+02 2.254440e+01 -8.148984e+01
      vertex   1.083883e+02 2.254440e+01 -7.963568e+01
      vertex   1.032242e+02 2.254440e+01 -8.156920e+01
    endloop
  endfacet
  facet normal 0.000000e+00 1.000000e+00 0.000000e+00
    outer loop
      vertex   1.032242e+02 2.254440e+01 -8.156920e+01
      vertex   1.083883e+02 2.254440e+01 -7.963568e+01
      vertex   1.084006e+02 2.254440e+01 -8.000509e+01
    endloop
  endfacet
  facet normal 0.000000e+00 1.000000e+00 0.000000e+00
    outer loop
      vertex   1.032242e+02 2.254440e+01 -8.156920e+01
      vertex   1.084006e+02 2.254440e+01 -8.000509e+01
      vertex   1.083883e+02 2.254440e+01 -8.037449e+01
    endloop
  endfacet
  facet normal -0.000000e+00 1.000000e+00 0.000000e+00
    outer loop
      vertex   1.030972e+02 2.254440e+01 -8.142589e+01
      vertex   1.080946e+02 2.254440e+01 -7.819090e+01
      vertex   1.031694e+02 2.254440e+01 -8.148984e+01
    endloop
  endfacet
  facet normal 0.000000e+00 1.000000e+00 0.000000e+00
    outer loop
      vertex   1.031694e+02 2.254440e+01 -8.148984e+01
      vertex   1.080946e+02 2.254440e+01 -7.819090e+01
      vertex   1.082041e+02 2.254440e+01 -7.854392e+01
    endloop
  endfacet
  facet normal 0.000000e+00 1.000000e+00 0.000000e+00
    outer loop
      vertex   1.031694e+02 2.254440e+01 -8.148984e+01
      vertex   1.082041e+02 2.254440e+01 -7.854392e+01
      vertex   1.082898e+02 2.254440e+01 -7.890346e+01
    endloop
  endfacet
  facet normal -0.000000e+00 1.000000e+00 0.000000e+00
    outer loop
      vertex   1.030118e+02 2.254440e+01 -8.138108e+01
      vertex   1.069718e+02 2.254440e+01 -7.629522e+01
      vertex   1.030972e+02 2.254440e+01 -8.142589e+01
    endloop
  endfacet
  facet normal 0.000000e+00 1.000000e+00 0.000000e+00
    outer loop
      vertex   1.030972e+02 2.254440e+01 -8.142589e+01
      vertex   1.069718e+02 2.254440e+01 -7.629522e+01
      vertex   1.072104e+02 2.254440e+01 -7.657747e+01
    endloop
  endfacet
  facet normal 0.000000e+00 1.000000e+00 0.000000e+00
    outer loop
      vertex   1.030972e+02 2.254440e+01 -8.142589e+01
      vertex   1.072104e+02 2.254440e+01 -7.657747e+01
      vertex   1.074297e+02 2.254440e+01 -7.687504e+01
    endloop
  endfacet
  facet normal -0.000000e+00 1.000000e+00 0.000000e+00
    outer loop
      vertex   1.029182e+02 2.254440e+01 -8.135800e+01
      vertex   1.051980e+02 2.254440e+01 -7.498829e+01
      vertex   1.030118e+02 2.254440e+01 -8.138108e+01
    endloop
  endfacet
  facet normal 0.000000e+00 1.000000e+00 0.000000e+00
    outer loop
      vertex   1.030118e+02 2.254440e+01 -8.138108e+01
      vertex   1.051980e+02 2.254440e+01 -7.498829e+01
      vertex   1.055279e+02 2.254440e+01 -7.515499e+01
    endloop
  endfacet
  facet normal 0.000000e+00 1.000000e+00 0.000000e+00
    outer loop
      vertex   1.030118e+02 2.254440e+01 -8.138108e+01
      vertex   1.055279e+02 2.254440e+01 -7.515499e+01
      vertex   1.058459e+02 2.254440e+01 -7.534335e+01
    endloop
  endfacet
  facet normal 0.000000e+00 1.000000e+00 0.000000e+00
    outer loop
      vertex   1.028218e+02 2.254440e+01 -8.135800e+01
      vertex   1.030548e+02 2.254440e+01 -7.447753e+01
      vertex   1.029182e+02 2.254440e+01 -8.135800e+01
    endloop
  endfacet
  facet normal 0.000000e+00 1.000000e+00 0.000000e+00
    outer loop
      vertex   1.029182e+02 2.254440e+01 -8.135800e+01
      vertex   1.030548e+02 2.254440e+01 -7.447753e+01
      vertex   1.034236e+02 2.254440e+01 -7.450222e+01
    endloop
  endfacet
  facet normal 0.000000e+00 1.000000e+00 0.000000e+00
    outer loop
      vertex   1.029182e+02 2.254440e+01 -8.135800e+01
      vertex   1.034236e+02 2.254440e+01 -7.450222e+01
      vertex   1.037899e+02 2.254440e+01 -7.455149e+01
    endloop
  endfacet
  facet normal 0.000000e+00 1.000000e+00 -0.000000e+00
    outer loop
      vertex   1.027282e+02 2.254440e+01 -8.138108e+01
      vertex   1.005420e+02 2.254440e+01 -7.498829e+01
      vertex   1.028218e+02 2.254440e+01 -8.135800e+01
    endloop
  endfacet
  facet normal 0.000000e+00 1.000000e+00 0.000000e+00
    outer loop
      vertex   1.028218e+02 2.254440e+01 -8.135800e+01
      vertex   1.005420e+02 2.254440e+01 -7.498829e+01
      vertex   1.008822e+02 2.254440e+01 -7.484400e+01
    endloop
  endfacet
  facet normal 0.000000e+00 1.000000e+00 0.000000e+00
    outer loop
      vertex   1.028218e+02 2.254440e+01 -8.135800e+01
      vertex   1.008822e+02 2.254440e+01 -7.484400e+01
      vertex   1.012314e+02 2.254440e+01 -7.472276e+01
    endloop
  endfacet
  facet normal 0.000000e+00 1.000000e+00 -0.000000e+00
    outer loop
      vertex   1.026428e+02 2.254440e+01 -8.142589e+01
      vertex   9.876819e+01 2.254440e+01 -7.629522e+01
      vertex   1.027282e+02 2.254440e+01 -8.138108e+01
    endloop
  endfacet
  facet normal 0.000000e+00 1.000000e+00 0.000000e+00
    outer loop
      vertex   1.027282e+02 2.254440e+01 -8.138108e+01
      vertex   9.876819e+01 2.254440e+01 -7.629522e+01
      vertex   9.902514e+01 2.254440e+01 -7.602953e+01
    endloop
  endfacet
  facet normal 0.000000e+00 1.000000e+00 0.000000e+00
    outer loop
      vertex   1.027282e+02 2.254440e+01 -8.138108e+01
      vertex   9.902514e+01 2.254440e+01 -7.602953e+01
      vertex   9.929926e+01 2.254440e+01 -7.578160e+01
    endloop
  endfacet
  facet normal 0.000000e+00 1.000000e+00 -0.000000e+00
    outer loop
      vertex   1.025706e+02 2.254440e+01 -8.148984e+01
      vertex   9.764538e+01 2.254440e+01 -7.819090e+01
      vertex   1.026428e+02 2.254440e+01 -8.142589e+01
    endloop
  endfacet
  facet normal 0.000000e+00 1.000000e+00 0.000000e+00
    outer loop
      vertex   1.026428e+02 2.254440e+01 -8.142589e+01
      vertex   9.764538e+01 2.254440e+01 -7.819090e+01
      vertex   9.777822e+01 2.254440e+01 -7.784598e+01
    endloop
  endfacet
  facet normal 0.000000e+00 1.000000e+00 0.000000e+00
    outer loop
      vertex   1.026428e+02 2.254440e+01 -8.142589e+01
      vertex   9.777822e+01 2.254440e+01 -7.784598e+01
      vertex   9.793380e+01 2.254440e+01 -7.751071e+01
    endloop
  endfacet
  facet normal 0.000000e+00 1.000000e+00 -0.000000e+00
    outer loop
      vertex   1.025158e+02 2.254440e+01 -8.156920e+01
      vertex   9.735171e+01 2.254440e+01 -7.963568e+01
      vertex   1.025706e+02 2.254440e+01 -8.148984e+01
    endloop
  endfacet
  facet normal 0.000000e+00 1.000000e+00 0.000000e+00
    outer loop
      vertex   1.025706e+02 2.254440e+01 -8.148984e+01
      vertex   9.735171e+01 2.254440e+01 -7.963568e+01
      vertex   9.738871e+01 2.254440e+01 -7.926792e+01
    endloop
  endfacet
  facet normal 0.000000e+00 1.000000e+00 0.000000e+00
    outer loop
      vertex   1.025706e+02 2.254440e+01 -8.148984e+01
      vertex   9.738871e+01 2.254440e+01 -7.926792e+01
      vertex   9.745018e+01 2.254440e+01 -7.890346e+01
    endloop
  endfacet
  facet normal 0.000000e+00 1.000000e+00 -0.000000e+00
    outer loop
      vertex   1.024816e+02 2.254440e+01 -8.165936e+01
      vertex   9.753587e+01 2.254440e+01 -8.146625e+01
      vertex   1.025158e+02 2.254440e+01 -8.156920e+01
    endloop
  endfacet
  facet normal 0.000000e+00 1.000000e+00 0.000000e+00
    outer loop
      vertex   1.025158e+02 2.254440e+01 -8.156920e+01
      vertex   9.753587e+01 2.254440e+01 -8.146625e+01
      vertex   9.745018e+01 2.254440e+01 -8.110671e+01
    endloop
  endfacet
  facet normal 0.000000e+00 1.000000e+00 0.000000e+00
    outer loop
      vertex   1.025158e+02 2.254440e+01 -8.156920e+01
      vertex   9.745018e+01 2.254440e+01 -8.110671e+01
      vertex   9.738871e+01 2.254440e+01 -8.074225e+01
    endloop
  endfacet
  facet normal 0.000000e+00 1.000000e+00 -0.000000e+00
    outer loop
      vertex   1.024700e+02 2.254440e+01 -8.175509e+01
      vertex   9.793380e+01 2.254440e+01 -8.249946e+01
      vertex   1.024816e+02 2.254440e+01 -8.165936e+01
    endloop
  endfacet
  facet normal 0.000000e+00 1.000000e+00 0.000000e+00
    outer loop
      vertex   1.024816e+02 2.254440e+01 -8.165936e+01
      vertex   9.793380e+01 2.254440e+01 -8.249946e+01
      vertex   9.777822e+01 2.254440e+01 -8.216419e+01
    endloop
  endfacet
  facet normal 0.000000e+00 1.000000e+00 0.000000e+00
    outer loop
      vertex   1.024816e+02 2.254440e+01 -8.165936e+01
      vertex   9.777822e+01 2.254440e+01 -8.216419e+01
      vertex   9.764538e+01 2.254440e+01 -8.181927e+01
    endloop
  endfacet
  facet normal 0.000000e+00 1.000000e+00 -0.000000e+00
    outer loop
      vertex   1.024700e+02 2.254440e+01 -8.425509e+01
      vertex   9.989406e+01 2.254440e+01 -8.466682e+01
      vertex   1.024700e+02 2.254440e+01 -8.175509e+01
    endloop
  endfacet
  facet normal 0.000000e+00 1.000000e+00 0.000000e+00
    outer loop
      vertex   1.024700e+02 2.254440e+01 -8.175509e+01
      vertex   9.989406e+01 2.254440e+01 -8.466682e+01
      vertex   9.958934e+01 2.254440e+01 -8.445764e+01
    endloop
  endfacet
  facet normal 0.000000e+00 1.000000e+00 0.000000e+00
    outer loop
      vertex   1.024700e+02 2.254440e+01 -8.175509e+01
      vertex   9.958934e+01 2.254440e+01 -8.445764e+01
      vertex   9.929926e+01 2.254440e+01 -8.422857e+01
    endloop
  endfacet
  facet normal 0.000000e+00 1.000000e+00 0.000000e+00
    outer loop
      vertex   1.024816e+02 2.254440e+01 -8.435081e+01
      vertex   1.012314e+02 2.254440e+01 -8.528741e+01
      vertex   1.024700e+02 2.254440e+01 -8.425509e+01
    endloop
  endfacet
  facet normal 0.000000e+00 1.000000e+00 0.000000e+00
    outer loop
      vertex   1.024700e+02 2.254440e+01 -8.425509e+01
      vertex   1.012314e+02 2.254440e+01 -8.528741e+01
      vertex   1.008822e+02 2.254440e+01 -8.516617e+01
    endloop
  endfacet
  facet normal 0.000000e+00 1.000000e+00 0.000000e+00
    outer loop
      vertex   1.024700e+02 2.254440e+01 -8.425509e+01
      vertex   1.008822e+02 2.254440e+01 -8.516617e+01
      vertex   1.005420e+02 2.254440e+01 -8.502188e+01
    endloop
  endfacet
  facet normal -0.000000e+00 1.000000e+00 0.000000e+00
    outer loop
      vertex   1.012314e+02 2.254440e+01 -8.528741e+01
      vertex   1.024816e+02 2.254440e+01 -8.435081e+01
      vertex   1.015879e+02 2.254440e+01 -8.538506e+01
    endloop
  endfacet
  facet normal 0.000000e+00 1.000000e+00 0.000000e+00
    outer loop
      vertex   1.015879e+02 2.254440e+01 -8.538506e+01
      vertex   1.024816e+02 2.254440e+01 -8.435081e+01
      vertex   1.025158e+02 2.254440e+01 -8.444097e+01
    endloop
  endfacet
  facet normal -0.000000e+00 1.000000e+00 0.000000e+00
    outer loop
      vertex   1.015879e+02 2.254440e+01 -8.538506e+01
      vertex   1.025158e+02 2.254440e+01 -8.444097e+01
      vertex   1.019501e+02 2.254440e+01 -8.545868e+01
    endloop
  endfacet
  facet normal 0.000000e+00 1.000000e+00 0.000000e+00
    outer loop
      vertex   1.019501e+02 2.254440e+01 -8.545868e+01
      vertex   1.025158e+02 2.254440e+01 -8.444097e+01
      vertex   1.025706e+02 2.254440e+01 -8.452033e+01
    endloop
  endfacet
  facet normal -0.000000e+00 1.000000e+00 0.000000e+00
    outer loop
      vertex   1.019501e+02 2.254440e+01 -8.545868e+01
      vertex   1.025706e+02 2.254440e+01 -8.452033e+01
      vertex   1.023164e+02 2.254440e+01 -8.550795e+01
    endloop
  endfacet
  facet normal 0.000000e+00 1.000000e+00 0.000000e+00
    outer loop
      vertex   1.023164e+02 2.254440e+01 -8.550795e+01
      vertex   1.025706e+02 2.254440e+01 -8.452033e+01
      vertex   1.026428e+02 2.254440e+01 -8.458428e+01
    endloop
  endfacet
  facet normal 0.000000e+00 1.000000e+00 0.000000e+00
    outer loop
      vertex   1.023164e+02 2.254440e+01 -8.550795e+01
      vertex   1.026428e+02 2.254440e+01 -8.458428e+01
      vertex   1.027282e+02 2.254440e+01 -8.462909e+01
    endloop
  endfacet
  facet normal -0.000000e+00 1.000000e+00 0.000000e+00
    outer loop
      vertex   1.023164e+02 2.254440e+01 -8.550795e+01
      vertex   1.027282e+02 2.254440e+01 -8.462909e+01
      vertex   1.026852e+02 2.254440e+01 -8.553264e+01
    endloop
  endfacet
  facet normal 0.000000e+00 1.000000e+00 0.000000e+00
    outer loop
      vertex   1.026852e+02 2.254440e+01 -8.553264e+01
      vertex   1.027282e+02 2.254440e+01 -8.462909e+01
      vertex   1.028218e+02 2.254440e+01 -8.465217e+01
    endloop
  endfacet
  facet normal 0.000000e+00 1.000000e+00 0.000000e+00
    outer loop
      vertex   1.026852e+02 2.254440e+01 -8.553264e+01
      vertex   1.028218e+02 2.254440e+01 -8.465217e+01
      vertex   1.029182e+02 2.254440e+01 -8.465217e+01
    endloop
  endfacet
  facet normal 0.000000e+00 1.000000e+00 0.000000e+00
    outer loop
      vertex   1.026852e+02 2.254440e+01 -8.553264e+01
      vertex   1.029182e+02 2.254440e+01 -8.465217e+01
      vertex   1.030548e+02 2.254440e+01 -8.553264e+01
    endloop
  endfacet
  facet normal 0.000000e+00 1.000000e+00 0.000000e+00
    outer loop
      vertex   1.030548e+02 2.254440e+01 -8.553264e+01
      vertex   1.029182e+02 2.254440e+01 -8.465217e+01
      vertex   1.030118e+02 2.254440e+01 -8.462909e+01
    endloop
  endfacet
  facet normal 0.000000e+00 1.000000e+00 -0.000000e+00
    outer loop
      vertex   1.030548e+02 2.254440e+01 -8.553264e+01
      vertex   1.030118e+02 2.254440e+01 -8.462909e+01
      vertex   1.034236e+02 2.254440e+01 -8.550795e+01
    endloop
  endfacet
  facet normal 0.000000e+00 1.000000e+00 0.000000e+00
    outer loop
      vertex   1.034236e+02 2.254440e+01 -8.550795e+01
      vertex   1.030118e+02 2.254440e+01 -8.462909e+01
      vertex   1.030972e+02 2.254440e+01 -8.458428e+01
    endloop
  endfacet
  facet normal 0.000000e+00 1.000000e+00 0.000000e+00
    outer loop
      vertex   1.034236e+02 2.254440e+01 -8.550795e+01
      vertex   1.030972e+02 2.254440e+01 -8.458428e+01
      vertex   1.031694e+02 2.254440e+01 -8.452033e+01
    endloop
  endfacet
  facet normal 0.000000e+00 1.000000e+00 -0.000000e+00
    outer loop
      vertex   1.034236e+02 2.254440e+01 -8.550795e+01
      vertex   1.031694e+02 2.254440e+01 -8.452033e+01
      vertex   1.037899e+02 2.254440e+01 -8.545868e+01
    endloop
  endfacet
  facet normal 0.000000e+00 1.000000e+00 0.000000e+00
    outer loop
      vertex   1.037899e+02 2.254440e+01 -8.545868e+01
      vertex   1.031694e+02 2.254440e+01 -8.452033e+01
      vertex   1.032242e+02 2.254440e+01 -8.444097e+01
    endloop
  endfacet
  facet normal 0.000000e+00 1.000000e+00 -0.000000e+00
    outer loop
      vertex   1.037899e+02 2.254440e+01 -8.545868e+01
      vertex   1.032242e+02 2.254440e+01 -8.444097e+01
      vertex   1.041521e+02 2.254440e+01 -8.538506e+01
    endloop
  endfacet
  facet normal 0.000000e+00 1.000000e+00 0.000000e+00
    outer loop
      vertex   1.041521e+02 2.254440e+01 -8.538506e+01
      vertex   1.032242e+02 2.254440e+01 -8.444097e+01
      vertex   1.032584e+02 2.254440e+01 -8.435081e+01
    endloop
  endfacet
  facet normal 0.000000e+00 1.000000e+00 -0.000000e+00
    outer loop
      vertex   1.041521e+02 2.254440e+01 -8.538506e+01
      vertex   1.032584e+02 2.254440e+01 -8.435081e+01
      vertex   1.045086e+02 2.254440e+01 -8.528741e+01
    endloop
  endfacet
  facet normal 0.000000e+00 1.000000e+00 0.000000e+00
    outer loop
      vertex   1.045086e+02 2.254440e+01 -8.528741e+01
      vertex   1.032584e+02 2.254440e+01 -8.435081e+01
      vertex   1.032700e+02 2.254440e+01 -8.425509e+01
    endloop
  endfacet
  facet normal 0.000000e+00 1.000000e+00 -0.000000e+00
    outer loop
      vertex   1.045086e+02 2.254440e+01 -8.528741e+01
      vertex   1.032700e+02 2.254440e+01 -8.425509e+01
      vertex   1.048578e+02 2.254440e+01 -8.516617e+01
    endloop
  endfacet
  facet normal 0.000000e+00 1.000000e+00 -0.000000e+00
    outer loop
      vertex   1.048578e+02 2.254440e+01 -8.516617e+01
      vertex   1.032700e+02 2.254440e+01 -8.425509e+01
      vertex   1.051980e+02 2.254440e+01 -8.502188e+01
    endloop
  endfacet
  facet normal -0.000000e+00 1.000000e+00 -0.000000e+00
    outer loop
      vertex   9.735171e+01 2.254440e+01 -8.037449e+01
      vertex   9.733936e+01 2.254440e+01 -8.000509e+01
      vertex   1.025158e+02 2.254440e+01 -8.156920e+01
    endloop
  endfacet
  facet normal 0.000000e+00 1.000000e+00 0.000000e+00
    outer loop
      vertex   1.025158e+02 2.254440e+01 -8.156920e+01
      vertex   9.733936e+01 2.254440e+01 -8.000509e+01
      vertex   9.735171e+01 2.254440e+01 -7.963568e+01
    endloop
  endfacet
  facet normal -0.000000e+00 1.000000e+00 0.000000e+00
    outer loop
      vertex   9.745018e+01 2.254440e+01 -7.890346e+01
      vertex   9.753587e+01 2.254440e+01 -7.854392e+01
      vertex   1.025706e+02 2.254440e+01 -8.148984e+01
    endloop
  endfacet
  facet normal 0.000000e+00 1.000000e+00 0.000000e+00
    outer loop
      vertex   1.025706e+02 2.254440e+01 -8.148984e+01
      vertex   9.753587e+01 2.254440e+01 -7.854392e+01
      vertex   9.764538e+01 2.254440e+01 -7.819090e+01
    endloop
  endfacet
  facet normal -0.000000e+00 1.000000e+00 0.000000e+00
    outer loop
      vertex   9.793380e+01 2.254440e+01 -7.751071e+01
      vertex   9.811143e+01 2.254440e+01 -7.718658e+01
      vertex   1.026428e+02 2.254440e+01 -8.142589e+01
    endloop
  endfacet
  facet normal 0.000000e+00 1.000000e+00 0.000000e+00
    outer loop
      vertex   1.026428e+02 2.254440e+01 -8.142589e+01
      vertex   9.811143e+01 2.254440e+01 -7.718658e+01
      vertex   9.831031e+01 2.254440e+01 -7.687504e+01
    endloop
  endfacet
  facet normal 0.000000e+00 1.000000e+00 0.000000e+00
    outer loop
      vertex   1.026428e+02 2.254440e+01 -8.142589e+01
      vertex   9.831031e+01 2.254440e+01 -7.687504e+01
      vertex   9.852956e+01 2.254440e+01 -7.657747e+01
    endloop
  endfacet
  facet normal -0.000000e+00 1.000000e+00 0.000000e+00
    outer loop
      vertex   9.852956e+01 2.254440e+01 -7.657747e+01
      vertex   9.876819e+01 2.254440e+01 -7.629522e+01
      vertex   1.026428e+02 2.254440e+01 -8.142589e+01
    endloop
  endfacet
  facet normal -0.000000e+00 1.000000e+00 0.000000e+00
    outer loop
      vertex   9.929926e+01 2.254440e+01 -7.578160e+01
      vertex   9.958934e+01 2.254440e+01 -7.555253e+01
      vertex   1.027282e+02 2.254440e+01 -8.138108e+01
    endloop
  endfacet
  facet normal 0.000000e+00 1.000000e+00 0.000000e+00
    outer loop
      vertex   1.027282e+02 2.254440e+01 -8.138108e+01
      vertex   9.958934e+01 2.254440e+01 -7.555253e+01
      vertex   9.989406e+01 2.254440e+01 -7.534335e+01
    endloop
  endfacet
  facet normal 0.000000e+00 1.000000e+00 0.000000e+00
    outer loop
      vertex   1.027282e+02 2.254440e+01 -8.138108e+01
      vertex   9.989406e+01 2.254440e+01 -7.534335e+01
      vertex   1.002121e+02 2.254440e+01 -7.515499e+01
    endloop
  endfacet
  facet normal -0.000000e+00 1.000000e+00 0.000000e+00
    outer loop
      vertex   1.002121e+02 2.254440e+01 -7.515499e+01
      vertex   1.005420e+02 2.254440e+01 -7.498829e+01
      vertex   1.027282e+02 2.254440e+01 -8.138108e+01
    endloop
  endfacet
  facet normal -0.000000e+00 1.000000e+00 0.000000e+00
    outer loop
      vertex   1.012314e+02 2.254440e+01 -7.472276e+01
      vertex   1.015879e+02 2.254440e+01 -7.462511e+01
      vertex   1.028218e+02 2.254440e+01 -8.135800e+01
    endloop
  endfacet
  facet normal 0.000000e+00 1.000000e+00 0.000000e+00
    outer loop
      vertex   1.028218e+02 2.254440e+01 -8.135800e+01
      vertex   1.015879e+02 2.254440e+01 -7.462511e+01
      vertex   1.019501e+02 2.254440e+01 -7.455149e+01
    endloop
  endfacet
  facet normal 0.000000e+00 1.000000e+00 0.000000e+00
    outer loop
      vertex   1.028218e+02 2.254440e+01 -8.135800e+01
      vertex   1.019501e+02 2.254440e+01 -7.455149e+01
      vertex   1.023164e+02 2.254440e+01 -7.450222e+01
    endloop
  endfacet
  facet normal -0.000000e+00 1.000000e+00 0.000000e+00
    outer loop
      vertex   1.023164e+02 2.254440e+01 -7.450222e+01
      vertex   1.026852e+02 2.254440e+01 -7.447753e+01
      vertex   1.028218e+02 2.254440e+01 -8.135800e+01
    endloop
  endfacet
  facet normal 0.000000e+00 1.000000e+00 -0.000000e+00
    outer loop
      vertex   1.028218e+02 2.254440e+01 -8.135800e+01
      vertex   1.026852e+02 2.254440e+01 -7.447753e+01
      vertex   1.030548e+02 2.254440e+01 -7.447753e+01
    endloop
  endfacet
  facet normal 0.000000e+00 1.000000e+00 0.000000e+00
    outer loop
      vertex   1.037899e+02 2.254440e+01 -7.455149e+01
      vertex   1.041521e+02 2.254440e+01 -7.462511e+01
      vertex   1.029182e+02 2.254440e+01 -8.135800e+01
    endloop
  endfacet
  facet normal 0.000000e+00 1.000000e+00 0.000000e+00
    outer loop
      vertex   1.029182e+02 2.254440e+01 -8.135800e+01
      vertex   1.041521e+02 2.254440e+01 -7.462511e+01
      vertex   1.045086e+02 2.254440e+01 -7.472276e+01
    endloop
  endfacet
  facet normal 0.000000e+00 1.000000e+00 0.000000e+00
    outer loop
      vertex   1.029182e+02 2.254440e+01 -8.135800e+01
      vertex   1.045086e+02 2.254440e+01 -7.472276e+01
      vertex   1.048578e+02 2.254440e+01 -7.484400e+01
    endloop
  endfacet
  facet normal 0.000000e+00 1.000000e+00 0.000000e+00
    outer loop
      vertex   1.048578e+02 2.254440e+01 -7.484400e+01
      vertex   1.051980e+02 2.254440e+01 -7.498829e+01
      vertex   1.029182e+02 2.254440e+01 -8.135800e+01
    endloop
  endfacet
  facet normal 0.000000e+00 1.000000e+00 0.000000e+00
    outer loop
      vertex   1.058459e+02 2.254440e+01 -7.534335e+01
      vertex   1.061507e+02 2.254440e+01 -7.555253e+01
      vertex   1.030118e+02 2.254440e+01 -8.138108e+01
    endloop
  endfacet
  facet normal 0.000000e+00 1.000000e+00 0.000000e+00
    outer loop
      vertex   1.030118e+02 2.254440e+01 -8.138108e+01
      vertex   1.061507e+02 2.254440e+01 -7.555253e+01
      vertex   1.064407e+02 2.254440e+01 -7.578160e+01
    endloop
  endfacet
  facet normal 0.000000e+00 1.000000e+00 0.000000e+00
    outer loop
      vertex   1.030118e+02 2.254440e+01 -8.138108e+01
      vertex   1.064407e+02 2.254440e+01 -7.578160e+01
      vertex   1.067149e+02 2.254440e+01 -7.602953e+01
    endloop
  endfacet
  facet normal 0.000000e+00 1.000000e+00 0.000000e+00
    outer loop
      vertex   1.067149e+02 2.254440e+01 -7.602953e+01
      vertex   1.069718e+02 2.254440e+01 -7.629522e+01
      vertex   1.030118e+02 2.254440e+01 -8.138108e+01
    endloop
  endfacet
  facet normal 0.000000e+00 1.000000e+00 0.000000e+00
    outer loop
      vertex   1.074297e+02 2.254440e+01 -7.687504e+01
      vertex   1.076286e+02 2.254440e+01 -7.718658e+01
      vertex   1.030972e+02 2.254440e+01 -8.142589e+01
    endloop
  endfacet
  facet normal 0.000000e+00 1.000000e+00 0.000000e+00
    outer loop
      vertex   1.030972e+02 2.254440e+01 -8.142589e+01
      vertex   1.076286e+02 2.254440e+01 -7.718658e+01
      vertex   1.078062e+02 2.254440e+01 -7.751071e+01
    endloop
  endfacet
  facet normal 0.000000e+00 1.000000e+00 0.000000e+00
    outer loop
      vertex   1.030972e+02 2.254440e+01 -8.142589e+01
      vertex   1.078062e+02 2.254440e+01 -7.751071e+01
      vertex   1.079618e+02 2.254440e+01 -7.784598e+01
    endloop
  endfacet
  facet normal 0.000000e+00 1.000000e+00 0.000000e+00
    outer loop
      vertex   1.079618e+02 2.254440e+01 -7.784598e+01
      vertex   1.080946e+02 2.254440e+01 -7.819090e+01
      vertex   1.030972e+02 2.254440e+01 -8.142589e+01
    endloop
  endfacet
  facet normal 0.000000e+00 1.000000e+00 0.000000e+00
    outer loop
      vertex   1.082898e+02 2.254440e+01 -7.890346e+01
      vertex   1.083513e+02 2.254440e+01 -7.926792e+01
      vertex   1.031694e+02 2.254440e+01 -8.148984e+01
    endloop
  endfacet
  facet normal 0.000000e+00 1.000000e+00 0.000000e+00
    outer loop
      vertex   1.031694e+02 2.254440e+01 -8.148984e+01
      vertex   1.083513e+02 2.254440e+01 -7.926792e+01
      vertex   1.083883e+02 2.254440e+01 -7.963568e+01
    endloop
  endfacet
  facet normal 0.000000e+00 1.000000e+00 0.000000e+00
    outer loop
      vertex   1.083883e+02 2.254440e+01 -8.037449e+01
      vertex   1.083513e+02 2.254440e+01 -8.074225e+01
      vertex   1.032242e+02 2.254440e+01 -8.156920e+01
    endloop
  endfacet
  facet normal 0.000000e+00 1.000000e+00 0.000000e+00
    outer loop
      vertex   1.032242e+02 2.254440e+01 -8.156920e+01
      vertex   1.083513e+02 2.254440e+01 -8.074225e+01
      vertex   1.082898e+02 2.254440e+01 -8.110671e+01
    endloop
  endfacet
  facet normal 0.000000e+00 1.000000e+00 0.000000e+00
    outer loop
      vertex   1.032242e+02 2.254440e+01 -8.156920e+01
      vertex   1.082898e+02 2.254440e+01 -8.110671e+01
      vertex   1.082041e+02 2.254440e+01 -8.146625e+01
    endloop
  endfacet
  facet normal 0.000000e+00 1.000000e+00 0.000000e+00
    outer loop
      vertex   1.079618e+02 2.254440e+01 -8.216419e+01
      vertex   1.078062e+02 2.254440e+01 -8.249946e+01
      vertex   1.032584e+02 2.254440e+01 -8.165936e+01
    endloop
  endfacet
  facet normal 0.000000e+00 1.000000e+00 0.000000e+00
    outer loop
      vertex   1.074297e+02 2.254440e+01 -8.313513e+01
      vertex   1.072104e+02 2.254440e+01 -8.343270e+01
      vertex   1.032700e+02 2.254440e+01 -8.175509e+01
    endloop
  endfacet
  facet normal 0.000000e+00 1.000000e+00 0.000000e+00
    outer loop
      vertex   1.032700e+02 2.254440e+01 -8.175509e+01
      vertex   1.072104e+02 2.254440e+01 -8.343270e+01
      vertex   1.069718e+02 2.254440e+01 -8.371495e+01
    endloop
  endfacet
  facet normal 0.000000e+00 1.000000e+00 0.000000e+00
    outer loop
      vertex   1.032700e+02 2.254440e+01 -8.175509e+01
      vertex   1.069718e+02 2.254440e+01 -8.371495e+01
      vertex   1.067149e+02 2.254440e+01 -8.398064e+01
    endloop
  endfacet
  facet normal 0.000000e+00 1.000000e+00 0.000000e+00
    outer loop
      vertex   1.067149e+02 2.254440e+01 -8.398064e+01
      vertex   1.064407e+02 2.254440e+01 -8.422857e+01
      vertex   1.032700e+02 2.254440e+01 -8.175509e+01
    endloop
  endfacet
  facet normal 0.000000e+00 1.000000e+00 0.000000e+00
    outer loop
      vertex   1.032700e+02 2.254440e+01 -8.175509e+01
      vertex   1.064407e+02 2.254440e+01 -8.422857e+01
      vertex   1.061507e+02 2.254440e+01 -8.445764e+01
    endloop
  endfacet
  facet normal 0.000000e+00 1.000000e+00 0.000000e+00
    outer loop
      vertex   1.032700e+02 2.254440e+01 -8.175509e+01
      vertex   1.061507e+02 2.254440e+01 -8.445764e+01
      vertex   1.058459e+02 2.254440e+01 -8.466682e+01
    endloop
  endfacet
  facet normal 0.000000e+00 1.000000e+00 -0.000000e+00
    outer loop
      vertex   1.005420e+02 2.254440e+01 -8.502188e+01
      vertex   1.002121e+02 2.254440e+01 -8.485518e+01
      vertex   1.024700e+02 2.254440e+01 -8.425509e+01
    endloop
  endfacet
  facet normal 0.000000e+00 1.000000e+00 0.000000e+00
    outer loop
      vertex   1.024700e+02 2.254440e+01 -8.425509e+01
      vertex   1.002121e+02 2.254440e+01 -8.485518e+01
      vertex   9.989406e+01 2.254440e+01 -8.466682e+01
    endloop
  endfacet
  facet normal 0.000000e+00 1.000000e+00 -0.000000e+00
    outer loop
      vertex   9.929926e+01 2.254440e+01 -8.422857e+01
      vertex   9.902514e+01 2.254440e+01 -8.398064e+01
      vertex   1.024700e+02 2.254440e+01 -8.175509e+01
    endloop
  endfacet
  facet normal 0.000000e+00 1.000000e+00 0.000000e+00
    outer loop
      vertex   1.024700e+02 2.254440e+01 -8.175509e+01
      vertex   9.902514e+01 2.254440e+01 -8.398064e+01
      vertex   9.876819e+01 2.254440e+01 -8.371495e+01
    endloop
  endfacet
  facet normal 0.000000e+00 1.000000e+00 0.000000e+00
    outer loop
      vertex   1.024700e+02 2.254440e+01 -8.175509e+01
      vertex   9.876819e+01 2.254440e+01 -8.371495e+01
      vertex   9.852956e+01 2.254440e+01 -8.343270e+01
    endloop
  endfacet
  facet normal 0.000000e+00 1.000000e+00 -0.000000e+00
    outer loop
      vertex   9.852956e+01 2.254440e+01 -8.343270e+01
      vertex   9.831031e+01 2.254440e+01 -8.313513e+01
      vertex   1.024700e+02 2.254440e+01 -8.175509e+01
    endloop
  endfacet
  facet normal 0.000000e+00 1.000000e+00 0.000000e+00
    outer loop
      vertex   1.024700e+02 2.254440e+01 -8.175509e+01
      vertex   9.831031e+01 2.254440e+01 -8.313513e+01
      vertex   9.811143e+01 2.254440e+01 -8.282359e+01
    endloop
  endfacet
  facet normal 0.000000e+00 1.000000e+00 0.000000e+00
    outer loop
      vertex   1.024700e+02 2.254440e+01 -8.175509e+01
      vertex   9.811143e+01 2.254440e+01 -8.282359e+01
      vertex   9.793380e+01 2.254440e+01 -8.249946e+01
    endloop
  endfacet
  facet normal 0.000000e+00 1.000000e+00 -0.000000e+00
    outer loop
      vertex   9.764538e+01 2.254440e+01 -8.181927e+01
      vertex   9.753587e+01 2.254440e+01 -8.146625e+01
      vertex   1.024816e+02 2.254440e+01 -8.165936e+01
    endloop
  endfacet
  facet normal -0.000000e+00 1.000000e+00 -0.000000e+00
    outer loop
      vertex   9.738871e+01 2.254440e+01 -8.074225e+01
      vertex   9.735171e+01 2.254440e+01 -8.037449e+01
      vertex   1.025158e+02 2.254440e+01 -8.156920e+01
    endloop
  endfacet
  facet normal -1.000000e+00 -0.000000e+00 -0.000000e+00
    outer loop
      vertex   1.032700e+02 2.254440e+01 -8.175509e+01
      vertex   1.032700e+02 2.254440e+01 -8.425509e+01
      vertex   1.032700e+02 2.204440e+01 -8.175509e+01
    endloop
  endfacet
  facet normal -1.000000e+00 0.000000e+00 0.000000e+00
    outer loop
      vertex   1.032700e+02 2.204440e+01 -8.175509e+01
      vertex   1.032700e+02 2.254440e+01 -8.425509e+01
      vertex   1.032700e+02 2.204440e+01 -8.425509e+01
    endloop
  endfacet
  facet normal -9.927089e-01 0.000000e+00 1.205367e-01
    outer loop
      vertex   1.032700e+02 2.204440e+01 -8.425509e+01
      vertex   1.032700e+02 2.254440e+01 -8.425509e+01
      vertex   1.032584e+02 2.204440e+01 -8.435081e+01
    endloop
  endfacet
  facet normal -9.927089e-01 0.000000e+00 1.205367e-01
    outer loop
      vertex   1.032584e+02 2.204440e+01 -8.435081e+01
      vertex   1.032700e+02 2.254440e+01 -8.425509e+01
      vertex   1.032584e+02 2.254440e+01 -8.435081e+01
    endloop
  endfacet
  facet normal -9.350162e-01 0.000000e+00 3.546049e-01
    outer loop
      vertex   1.032584e+02 2.204440e+01 -8.435081e+01
      vertex   1.032584e+02 2.254440e+01 -8.435081e+01
      vertex   1.032242e+02 2.204440e+01 -8.444097e+01
    endloop
  endfacet
  facet normal -9.350162e-01 0.000000e+00 3.546049e-01
    outer loop
      vertex   1.032242e+02 2.204440e+01 -8.444097e+01
      vertex   1.032584e+02 2.254440e+01 -8.435081e+01
      vertex   1.032242e+02 2.254440e+01 -8.444097e+01
    endloop
  endfacet
  facet normal -8.229839e-01 0.000000e+00 5.680647e-01
    outer loop
      vertex   1.032242e+02 2.204440e+01 -8.444097e+01
      vertex   1.032242e+02 2.254440e+01 -8.444097e+01
      vertex   1.031694e+02 2.204440e+01 -8.452033e+01
    endloop
  endfacet
  facet normal -8.229839e-01 0.000000e+00 5.680647e-01
    outer loop
      vertex   1.031694e+02 2.204440e+01 -8.452033e+01
      vertex   1.032242e+02 2.254440e+01 -8.444097e+01
      vertex   1.031694e+02 2.254440e+01 -8.452033e+01
    endloop
  endfacet
  facet normal -6.631227e-01 0.000000e+00 7.485107e-01
    outer loop
      vertex   1.031694e+02 2.204440e+01 -8.452033e+01
      vertex   1.031694e+02 2.254440e+01 -8.452033e+01
      vertex   1.030972e+02 2.204440e+01 -8.458428e+01
    endloop
  endfacet
  facet normal -6.631227e-01 0.000000e+00 7.485107e-01
    outer loop
      vertex   1.030972e+02 2.204440e+01 -8.458428e+01
      vertex   1.031694e+02 2.254440e+01 -8.452033e+01
      vertex   1.030972e+02 2.254440e+01 -8.458428e+01
    endloop
  endfacet
  facet normal -4.647232e-01 0.000000e+00 8.854560e-01
    outer loop
      vertex   1.030972e+02 2.204440e+01 -8.458428e+01
      vertex   1.030972e+02 2.254440e+01 -8.458428e+01
      vertex   1.030118e+02 2.204440e+01 -8.462909e+01
    endloop
  endfacet
  facet normal -4.647232e-01 0.000000e+00 8.854560e-01
    outer loop
      vertex   1.030118e+02 2.204440e+01 -8.462909e+01
      vertex   1.030972e+02 2.254440e+01 -8.458428e+01
      vertex   1.030118e+02 2.254440e+01 -8.462909e+01
    endloop
  endfacet
  facet normal -2.393157e-01 0.000000e+00 9.709418e-01
    outer loop
      vertex   1.030118e+02 2.204440e+01 -8.462909e+01
      vertex   1.030118e+02 2.254440e+01 -8.462909e+01
      vertex   1.029182e+02 2.204440e+01 -8.465217e+01
    endloop
  endfacet
  facet normal -2.393157e-01 0.000000e+00 9.709418e-01
    outer loop
      vertex   1.029182e+02 2.204440e+01 -8.465217e+01
      vertex   1.030118e+02 2.254440e+01 -8.462909e+01
      vertex   1.029182e+02 2.254440e+01 -8.465217e+01
    endloop
  endfacet
  facet normal 0.000000e+00 -0.000000e+00 1.000000e+00
    outer loop
      vertex   1.029182e+02 2.204440e+01 -8.465217e+01
      vertex   1.029182e+02 2.254440e+01 -8.465217e+01
      vertex   1.028218e+02 2.204440e+01 -8.465217e+01
    endloop
  endfacet
  facet normal 0.000000e+00 0.000000e+00 1.000000e+00
    outer loop
      vertex   1.028218e+02 2.204440e+01 -8.465217e+01
      vertex   1.029182e+02 2.254440e+01 -8.465217e+01
      vertex   1.028218e+02 2.254440e+01 -8.465217e+01
    endloop
  endfacet
  facet normal 2.393157e-01 -0.000000e+00 9.709418e-01
    outer loop
      vertex   1.028218e+02 2.204440e+01 -8.465217e+01
      vertex   1.028218e+02 2.254440e+01 -8.465217e+01
      vertex   1.027282e+02 2.204440e+01 -8.462909e+01
    endloop
  endfacet
  facet normal 2.393157e-01 -0.000000e+00 9.709418e-01
    outer loop
      vertex   1.027282e+02 2.204440e+01 -8.462909e+01
      vertex   1.028218e+02 2.254440e+01 -8.465217e+01
      vertex   1.027282e+02 2.254440e+01 -8.462909e+01
    endloop
  endfacet
  facet normal 4.647232e-01 -0.000000e+00 8.854560e-01
    outer loop
      vertex   1.027282e+02 2.204440e+01 -8.462909e+01
      vertex   1.027282e+02 2.254440e+01 -8.462909e+01
      vertex   1.026428e+02 2.204440e+01 -8.458428e+01
    endloop
  endfacet
  facet normal 4.647232e-01 -0.000000e+00 8.854560e-01
    outer loop
      vertex   1.026428e+02 2.204440e+01 -8.458428e+01
      vertex   1.027282e+02 2.254440e+01 -8.462909e+01
      vertex   1.026428e+02 2.254440e+01 -8.458428e+01
    endloop
  endfacet
  facet normal 6.631227e-01 -0.000000e+00 7.485107e-01
    outer loop
      vertex   1.026428e+02 2.204440e+01 -8.458428e+01
      vertex   1.026428e+02 2.254440e+01 -8.458428e+01
      vertex   1.025706e+02 2.204440e+01 -8.452033e+01
    endloop
  endfacet
  facet normal 6.631227e-01 -0.000000e+00 7.485107e-01
    outer loop
      vertex   1.025706e+02 2.204440e+01 -8.452033e+01
      vertex   1.026428e+02 2.254440e+01 -8.458428e+01
      vertex   1.025706e+02 2.254440e+01 -8.452033e+01
    endloop
  endfacet
  facet normal 8.229839e-01 -0.000000e+00 5.680647e-01
    outer loop
      vertex   1.025706e+02 2.204440e+01 -8.452033e+01
      vertex   1.025706e+02 2.254440e+01 -8.452033e+01
      vertex   1.025158e+02 2.204440e+01 -8.444097e+01
    endloop
  endfacet
  facet normal 8.229839e-01 -0.000000e+00 5.680647e-01
    outer loop
      vertex   1.025158e+02 2.204440e+01 -8.444097e+01
      vertex   1.025706e+02 2.254440e+01 -8.452033e+01
      vertex   1.025158e+02 2.254440e+01 -8.444097e+01
    endloop
  endfacet
  facet normal 9.350162e-01 -0.000000e+00 3.546049e-01
    outer loop
      vertex   1.025158e+02 2.204440e+01 -8.444097e+01
      vertex   1.025158e+02 2.254440e+01 -8.444097e+01
      vertex   1.024816e+02 2.204440e+01 -8.435081e+01
    endloop
  endfacet
  facet normal 9.350162e-01 -0.000000e+00 3.546049e-01
    outer loop
      vertex   1.024816e+02 2.204440e+01 -8.435081e+01
      vertex   1.025158e+02 2.254440e+01 -8.444097e+01
      vertex   1.024816e+02 2.254440e+01 -8.435081e+01
    endloop
  endfacet
  facet normal 9.927089e-01 -0.000000e+00 1.205367e-01
    outer loop
      vertex   1.024816e+02 2.204440e+01 -8.435081e+01
      vertex   1.024816e+02 2.254440e+01 -8.435081e+01
      vertex   1.024700e+02 2.204440e+01 -8.425509e+01
    endloop
  endfacet
  facet normal 9.927089e-01 -0.000000e+00 1.205367e-01
    outer loop
      vertex   1.024700e+02 2.204440e+01 -8.425509e+01
      vertex   1.024816e+02 2.254440e+01 -8.435081e+01
      vertex   1.024700e+02 2.254440e+01 -8.425509e+01
    endloop
  endfacet
  facet normal 1.000000e+00 0.000000e+00 -0.000000e+00
    outer loop
      vertex   1.024700e+02 2.254440e+01 -8.425509e+01
      vertex   1.024700e+02 2.254440e+01 -8.175509e+01
      vertex   1.024700e+02 2.204440e+01 -8.425509e+01
    endloop
  endfacet
  facet normal 1.000000e+00 0.000000e+00 0.000000e+00
    outer loop
      vertex   1.024700e+02 2.204440e+01 -8.425509e+01
      vertex   1.024700e+02 2.254440e+01 -8.175509e+01
      vertex   1.024700e+02 2.204440e+01 -8.175509e+01
    endloop
  endfacet
  facet normal 9.927089e-01 0.000000e+00 -1.205367e-01
    outer loop
      vertex   1.024700e+02 2.204440e+01 -8.175509e+01
      vertex   1.024700e+02 2.254440e+01 -8.175509e+01
      vertex   1.024816e+02 2.204440e+01 -8.165936e+01
    endloop
  endfacet
  facet normal 9.927089e-01 0.000000e+00 -1.205367e-01
    outer loop
      vertex   1.024816e+02 2.204440e+01 -8.165936e+01
      vertex   1.024700e+02 2.254440e+01 -8.175509e+01
      vertex   1.024816e+02 2.254440e+01 -8.165936e+01
    endloop
  endfacet
  facet normal 9.350162e-01 0.000000e+00 -3.546049e-01
    outer loop
      vertex   1.024816e+02 2.204440e+01 -8.165936e+01
      vertex   1.024816e+02 2.254440e+01 -8.165936e+01
      vertex   1.025158e+02 2.204440e+01 -8.156920e+01
    endloop
  endfacet
  facet normal 9.350162e-01 0.000000e+00 -3.546049e-01
    outer loop
      vertex   1.025158e+02 2.204440e+01 -8.156920e+01
      vertex   1.024816e+02 2.254440e+01 -8.165936e+01
      vertex   1.025158e+02 2.254440e+01 -8.156920e+01
    endloop
  endfacet
  facet normal 8.229839e-01 0.000000e+00 -5.680647e-01
    outer loop
      vertex   1.025158e+02 2.204440e+01 -8.156920e+01
      vertex   1.025158e+02 2.254440e+01 -8.156920e+01
      vertex   1.025706e+02 2.204440e+01 -8.148984e+01
    endloop
  endfacet
  facet normal 8.229839e-01 0.000000e+00 -5.680647e-01
    outer loop
      vertex   1.025706e+02 2.204440e+01 -8.148984e+01
      vertex   1.025158e+02 2.254440e+01 -8.156920e+01
      vertex   1.025706e+02 2.254440e+01 -8.148984e+01
    endloop
  endfacet
  facet normal 6.631227e-01 0.000000e+00 -7.485107e-01
    outer loop
      vertex   1.025706e+02 2.204440e+01 -8.148984e+01
      vertex   1.025706e+02 2.254440e+01 -8.148984e+01
      vertex   1.026428e+02 2.204440e+01 -8.142589e+01
    endloop
  endfacet
  facet normal 6.631227e-01 0.000000e+00 -7.485107e-01
    outer loop
      vertex   1.026428e+02 2.204440e+01 -8.142589e+01
      vertex   1.025706e+02 2.254440e+01 -8.148984e+01
      vertex   1.026428e+02 2.254440e+01 -8.142589e+01
    endloop
  endfacet
  facet normal 4.647232e-01 0.000000e+00 -8.854560e-01
    outer loop
      vertex   1.026428e+02 2.204440e+01 -8.142589e+01
      vertex   1.026428e+02 2.254440e+01 -8.142589e+01
      vertex   1.027282e+02 2.204440e+01 -8.138108e+01
    endloop
  endfacet
  facet normal 4.647232e-01 0.000000e+00 -8.854560e-01
    outer loop
      vertex   1.027282e+02 2.204440e+01 -8.138108e+01
      vertex   1.026428e+02 2.254440e+01 -8.142589e+01
      vertex   1.027282e+02 2.254440e+01 -8.138108e+01
    endloop
  endfacet
  facet normal 2.393157e-01 0.000000e+00 -9.709418e-01
    outer loop
      vertex   1.027282e+02 2.204440e+01 -8.138108e+01
      vertex   1.027282e+02 2.254440e+01 -8.138108e+01
      vertex   1.028218e+02 2.204440e+01 -8.135800e+01
    endloop
  endfacet
  facet normal 2.393157e-01 0.000000e+00 -9.709418e-01
    outer loop
      vertex   1.028218e+02 2.204440e+01 -8.135800e+01
      vertex   1.027282e+02 2.254440e+01 -8.138108e+01
      vertex   1.028218e+02 2.254440e+01 -8.135800e+01
    endloop
  endfacet
  facet normal 0.000000e+00 0.000000e+00 -1.000000e+00
    outer loop
      vertex   1.028218e+02 2.204440e+01 -8.135800e+01
      vertex   1.028218e+02 2.254440e+01 -8.135800e+01
      vertex   1.029182e+02 2.204440e+01 -8.135800e+01
    endloop
  endfacet
  facet normal 0.000000e+00 0.000000e+00 -1.000000e+00
    outer loop
      vertex   1.029182e+02 2.204440e+01 -8.135800e+01
      vertex   1.028218e+02 2.254440e+01 -8.135800e+01
      vertex   1.029182e+02 2.254440e+01 -8.135800e+01
    endloop
  endfacet
  facet normal -2.393157e-01 0.000000e+00 -9.709418e-01
    outer loop
      vertex   1.029182e+02 2.204440e+01 -8.135800e+01
      vertex   1.029182e+02 2.254440e+01 -8.135800e+01
      vertex   1.030118e+02 2.204440e+01 -8.138108e+01
    endloop
  endfacet
  facet normal -2.393157e-01 0.000000e+00 -9.709418e-01
    outer loop
      vertex   1.030118e+02 2.204440e+01 -8.138108e+01
      vertex   1.029182e+02 2.254440e+01 -8.135800e+01
      vertex   1.030118e+02 2.254440e+01 -8.138108e+01
    endloop
  endfacet
  facet normal -4.647232e-01 0.000000e+00 -8.854560e-01
    outer loop
      vertex   1.030118e+02 2.204440e+01 -8.138108e+01
      vertex   1.030118e+02 2.254440e+01 -8.138108e+01
      vertex   1.030972e+02 2.204440e+01 -8.142589e+01
    endloop
  endfacet
  facet normal -4.647232e-01 0.000000e+00 -8.854560e-01
    outer loop
      vertex   1.030972e+02 2.204440e+01 -8.142589e+01
      vertex   1.030118e+02 2.254440e+01 -8.138108e+01
      vertex   1.030972e+02 2.254440e+01 -8.142589e+01
    endloop
  endfacet
  facet normal -6.631227e-01 0.000000e+00 -7.485107e-01
    outer loop
      vertex   1.030972e+02 2.204440e+01 -8.142589e+01
      vertex   1.030972e+02 2.254440e+01 -8.142589e+01
      vertex   1.031694e+02 2.204440e+01 -8.148984e+01
    endloop
  endfacet
  facet normal -6.631227e-01 0.000000e+00 -7.485107e-01
    outer loop
      vertex   1.031694e+02 2.204440e+01 -8.148984e+01
      vertex   1.030972e+02 2.254440e+01 -8.142589e+01
      vertex   1.031694e+02 2.254440e+01 -8.148984e+01
    endloop
  endfacet
  facet normal -8.229839e-01 0.000000e+00 -5.680647e-01
    outer loop
      vertex   1.031694e+02 2.204440e+01 -8.148984e+01
      vertex   1.031694e+02 2.254440e+01 -8.148984e+01
      vertex   1.032242e+02 2.204440e+01 -8.156920e+01
    endloop
  endfacet
  facet normal -8.229839e-01 0.000000e+00 -5.680647e-01
    outer loop
      vertex   1.032242e+02 2.204440e+01 -8.156920e+01
      vertex   1.031694e+02 2.254440e+01 -8.148984e+01
      vertex   1.032242e+02 2.254440e+01 -8.156920e+01
    endloop
  endfacet
  facet normal -9.350162e-01 0.000000e+00 -3.546049e-01
    outer loop
      vertex   1.032242e+02 2.204440e+01 -8.156920e+01
      vertex   1.032242e+02 2.254440e+01 -8.156920e+01
      vertex   1.032584e+02 2.204440e+01 -8.165936e+01
    endloop
  endfacet
  facet normal -9.350162e-01 0.000000e+00 -3.546049e-01
    outer loop
      vertex   1.032584e+02 2.204440e+01 -8.165936e+01
      vertex   1.032242e+02 2.254440e+01 -8.156920e+01
      vertex   1.032584e+02 2.254440e+01 -8.165936e+01
    endloop
  endfacet
  facet normal -9.927089e-01 0.000000e+00 -1.205367e-01
    outer loop
      vertex   1.032584e+02 2.204440e+01 -8.165936e+01
      vertex   1.032584e+02 2.254440e+01 -8.165936e+01
      vertex   1.032700e+02 2.204440e+01 -8.175509e+01
    endloop
  endfacet
  facet normal -9.927089e-01 0.000000e+00 -1.205367e-01
    outer loop
      vertex   1.032700e+02 2.204440e+01 -8.175509e+01
      vertex   1.032584e+02 2.254440e+01 -8.165936e+01
      vertex   1.032700e+02 2.254440e+01 -8.175509e+01
    endloop
  endfacet
  facet normal -0.000000e+00 1.000000e+00 0.000000e+00
    outer loop
      vertex   1.024816e+02 2.204440e+01 -8.165936e+01
      vertex   1.025158e+02 2.204440e+01 -8.156920e+01
      vertex   1.024700e+02 2.204440e+01 -8.175509e+01
    endloop
  endfacet
  facet normal 0.000000e+00 1.000000e+00 0.000000e+00
    outer loop
      vertex   1.024700e+02 2.204440e+01 -8.175509e+01
      vertex   1.025158e+02 2.204440e+01 -8.156920e+01
      vertex   1.025706e+02 2.204440e+01 -8.148984e+01
    endloop
  endfacet
  facet normal 0.000000e+00 1.000000e+00 0.000000e+00
    outer loop
      vertex   1.024700e+02 2.204440e+01 -8.175509e+01
      vertex   1.025706e+02 2.204440e+01 -8.148984e+01
      vertex   1.026428e+02 2.204440e+01 -8.142589e+01
    endloop
  endfacet
  facet normal 0.000000e+00 1.000000e+00 0.000000e+00
    outer loop
      vertex   1.027282e+02 2.204440e+01 -8.138108e+01
      vertex   1.026428e+02 2.204440e+01 -8.458428e+01
      vertex   1.026428e+02 2.204440e+01 -8.142589e+01
    endloop
  endfacet
  facet normal 0.000000e+00 1.000000e+00 0.000000e+00
    outer loop
      vertex   1.026428e+02 2.204440e+01 -8.142589e+01
      vertex   1.026428e+02 2.204440e+01 -8.458428e+01
      vertex   1.024700e+02 2.204440e+01 -8.425509e+01
    endloop
  endfacet
  facet normal 0.000000e+00 1.000000e+00 0.000000e+00
    outer loop
      vertex   1.026428e+02 2.204440e+01 -8.142589e+01
      vertex   1.024700e+02 2.204440e+01 -8.425509e+01
      vertex   1.024700e+02 2.204440e+01 -8.175509e+01
    endloop
  endfacet
  facet normal -0.000000e+00 1.000000e+00 0.000000e+00
    outer loop
      vertex   1.026428e+02 2.204440e+01 -8.458428e+01
      vertex   1.027282e+02 2.204440e+01 -8.138108e+01
      vertex   1.027282e+02 2.204440e+01 -8.462909e+01
    endloop
  endfacet
  facet normal 0.000000e+00 1.000000e+00 0.000000e+00
    outer loop
      vertex   1.027282e+02 2.204440e+01 -8.462909e+01
      vertex   1.027282e+02 2.204440e+01 -8.138108e+01
      vertex   1.028218e+02 2.204440e+01 -8.135800e+01
    endloop
  endfacet
  facet normal -0.000000e+00 1.000000e+00 0.000000e+00
    outer loop
      vertex   1.027282e+02 2.204440e+01 -8.462909e+01
      vertex   1.028218e+02 2.204440e+01 -8.135800e+01
      vertex   1.028218e+02 2.204440e+01 -8.465217e+01
    endloop
  endfacet
  facet normal 0.000000e+00 1.000000e+00 0.000000e+00
    outer loop
      vertex   1.028218e+02 2.204440e+01 -8.465217e+01
      vertex   1.028218e+02 2.204440e+01 -8.135800e+01
      vertex   1.029182e+02 2.204440e+01 -8.135800e+01
    endloop
  endfacet
  facet normal 0.000000e+00 1.000000e+00 0.000000e+00
    outer loop
      vertex   1.028218e+02 2.204440e+01 -8.465217e+01
      vertex   1.029182e+02 2.204440e+01 -8.135800e+01
      vertex   1.029182e+02 2.204440e+01 -8.465217e+01
    endloop
  endfacet
  facet normal 0.000000e+00 1.000000e+00 0.000000e+00
    outer loop
      vertex   1.029182e+02 2.204440e+01 -8.465217e+01
      vertex   1.029182e+02 2.204440e+01 -8.135800e+01
      vertex   1.030118e+02 2.204440e+01 -8.462909e+01
    endloop
  endfacet
  facet normal 0.000000e+00 1.000000e+00 -0.000000e+00
    outer loop
      vertex   1.030118e+02 2.204440e+01 -8.462909e+01
      vertex   1.029182e+02 2.204440e+01 -8.135800e+01
      vertex   1.030118e+02 2.204440e+01 -8.138108e+01
    endloop
  endfacet
  facet normal 0.000000e+00 1.000000e+00 0.000000e+00
    outer loop
      vertex   1.030118e+02 2.204440e+01 -8.462909e+01
      vertex   1.030118e+02 2.204440e+01 -8.138108e+01
      vertex   1.030972e+02 2.204440e+01 -8.458428e+01
    endloop
  endfacet
  facet normal 0.000000e+00 1.000000e+00 -0.000000e+00
    outer loop
      vertex   1.030972e+02 2.204440e+01 -8.458428e+01
      vertex   1.030118e+02 2.204440e+01 -8.138108e+01
      vertex   1.030972e+02 2.204440e+01 -8.142589e+01
    endloop
  endfacet
  facet normal 0.000000e+00 1.000000e+00 0.000000e+00
    outer loop
      vertex   1.030972e+02 2.204440e+01 -8.458428e+01
      vertex   1.030972e+02 2.204440e+01 -8.142589e+01
      vertex   1.032700e+02 2.204440e+01 -8.425509e+01
    endloop
  endfacet
  facet normal 0.000000e+00 1.000000e+00 -0.000000e+00
    outer loop
      vertex   1.032700e+02 2.204440e+01 -8.425509e+01
      vertex   1.030972e+02 2.204440e+01 -8.142589e+01
      vertex   1.032700e+02 2.204440e+01 -8.175509e+01
    endloop
  endfacet
  facet normal 0.000000e+00 1.000000e+00 0.000000e+00
    outer loop
      vertex   1.032700e+02 2.204440e+01 -8.175509e+01
      vertex   1.030972e+02 2.204440e+01 -8.142589e+01
      vertex   1.031694e+02 2.204440e+01 -8.148984e+01
    endloop
  endfacet
  facet normal 0.000000e+00 1.000000e+00 0.000000e+00
    outer loop
      vertex   1.032700e+02 2.204440e+01 -8.175509e+01
      vertex   1.031694e+02 2.204440e+01 -8.148984e+01
      vertex   1.032242e+02 2.204440e+01 -8.156920e+01
    endloop
  endfacet
  facet normal 0.000000e+00 1.000000e+00 0.000000e+00
    outer loop
      vertex   1.032242e+02 2.204440e+01 -8.156920e+01
      vertex   1.032584e+02 2.204440e+01 -8.165936e+01
      vertex   1.032700e+02 2.204440e+01 -8.175509e+01
    endloop
  endfacet
  facet normal 0.000000e+00 1.000000e+00 -0.000000e+00
    outer loop
      vertex   1.032584e+02 2.204440e+01 -8.435081e+01
      vertex   1.032242e+02 2.204440e+01 -8.444097e+01
      vertex   1.032700e+02 2.204440e+01 -8.425509e+01
    endloop
  endfacet
  facet normal 0.000000e+00 1.000000e+00 0.000000e+00
    outer loop
      vertex   1.032700e+02 2.204440e+01 -8.425509e+01
      vertex   1.032242e+02 2.204440e+01 -8.444097e+01
      vertex   1.031694e+02 2.204440e+01 -8.452033e+01
    endloop
  endfacet
  facet normal 0.000000e+00 1.000000e+00 0.000000e+00
    outer loop
      vertex   1.032700e+02 2.204440e+01 -8.425509e+01
      vertex   1.031694e+02 2.204440e+01 -8.452033e+01
      vertex   1.030972e+02 2.204440e+01 -8.458428e+01
    endloop
  endfacet
  facet normal 0.000000e+00 1.000000e+00 0.000000e+00
    outer loop
      vertex   1.026428e+02 2.204440e+01 -8.458428e+01
      vertex   1.025706e+02 2.204440e+01 -8.452033e+01
      vertex   1.024700e+02 2.204440e+01 -8.425509e+01
    endloop
  endfacet
  facet normal 0.000000e+00 1.000000e+00 0.000000e+00
    outer loop
      vertex   1.024700e+02 2.204440e+01 -8.425509e+01
      vertex   1.025706e+02 2.204440e+01 -8.452033e+01
      vertex   1.025158e+02 2.204440e+01 -8.444097e+01
    endloop
  endfacet
  facet normal 0.000000e+00 1.000000e+00 0.000000e+00
    outer loop
      vertex   1.024700e+02 2.204440e+01 -8.425509e+01
      vertex   1.025158e+02 2.204440e+01 -8.444097e+01
      vertex   1.024816e+02 2.204440e+01 -8.435081e+01
    endloop
  endfacet
  facet normal 0.000000e+00 -1.000000e+00 0.000000e+00
    outer loop
      vertex   1.001853e+02 1.454440e+01 -7.845509e+01
      vertex   1.055547e+02 1.454440e+01 -7.845509e+01
      vertex   1.003306e+02 1.454440e+01 -7.822700e+01
    endloop
  endfacet
  facet normal 0.000000e+00 -1.000000e+00 0.000000e+00
    outer loop
      vertex   1.003306e+02 1.454440e+01 -7.822700e+01
      vertex   1.055547e+02 1.454440e+01 -7.845509e+01
      vertex   1.054094e+02 1.454440e+01 -7.822700e+01
    endloop
  endfacet
  facet normal 0.000000e+00 -1.000000e+00 0.000000e+00
    outer loop
      vertex   1.003306e+02 1.454440e+01 -7.822700e+01
      vertex   1.054094e+02 1.454440e+01 -7.822700e+01
      vertex   1.004953e+02 1.454440e+01 -7.801244e+01
    endloop
  endfacet
  facet normal 0.000000e+00 -1.000000e+00 0.000000e+00
    outer loop
      vertex   1.004953e+02 1.454440e+01 -7.801244e+01
      vertex   1.054094e+02 1.454440e+01 -7.822700e+01
      vertex   1.052447e+02 1.454440e+01 -7.801244e+01
    endloop
  endfacet
  facet normal 0.000000e+00 -1.000000e+00 0.000000e+00
    outer loop
      vertex   1.004953e+02 1.454440e+01 -7.801244e+01
      vertex   1.052447e+02 1.454440e+01 -7.801244e+01
      vertex   1.006780e+02 1.454440e+01 -7.781305e+01
    endloop
  endfacet
  facet normal 0.000000e+00 -1.000000e+00 0.000000e+00
    outer loop
      vertex   1.006780e+02 1.454440e+01 -7.781305e+01
      vertex   1.052447e+02 1.454440e+01 -7.801244e+01
      vertex   1.050620e+02 1.454440e+01 -7.781305e+01
    endloop
  endfacet
  facet normal 0.000000e+00 -1.000000e+00 0.000000e+00
    outer loop
      vertex   1.006780e+02 1.454440e+01 -7.781305e+01
      vertex   1.050620e+02 1.454440e+01 -7.781305e+01
      vertex   1.008774e+02 1.454440e+01 -7.763035e+01
    endloop
  endfacet
  facet normal 0.000000e+00 -1.000000e+00 0.000000e+00
    outer loop
      vertex   1.008774e+02 1.454440e+01 -7.763035e+01
      vertex   1.050620e+02 1.454440e+01 -7.781305e+01
      vertex   1.048626e+02 1.454440e+01 -7.763035e+01
    endloop
  endfacet
  facet normal 0.000000e+00 -1.000000e+00 0.000000e+00
    outer loop
      vertex   1.008774e+02 1.454440e+01 -7.763035e+01
      vertex   1.048626e+02 1.454440e+01 -7.763035e+01
      vertex   1.010919e+02 1.454440e+01 -7.746571e+01
    endloop
  endfacet
  facet normal 0.000000e+00 -1.000000e+00 0.000000e+00
    outer loop
      vertex   1.010919e+02 1.454440e+01 -7.746571e+01
      vertex   1.048626e+02 1.454440e+01 -7.763035e+01
      vertex   1.046481e+02 1.454440e+01 -7.746571e+01
    endloop
  endfacet
  facet normal 0.000000e+00 -1.000000e+00 0.000000e+00
    outer loop
      vertex   1.010919e+02 1.454440e+01 -7.746571e+01
      vertex   1.046481e+02 1.454440e+01 -7.746571e+01
      vertex   1.013200e+02 1.454440e+01 -7.732041e+01
    endloop
  endfacet
  facet normal 0.000000e+00 -1.000000e+00 0.000000e+00
    outer loop
      vertex   1.013200e+02 1.454440e+01 -7.732041e+01
      vertex   1.046481e+02 1.454440e+01 -7.746571e+01
      vertex   1.044200e+02 1.454440e+01 -7.732041e+01
    endloop
  endfacet
  facet normal 0.000000e+00 -1.000000e+00 0.000000e+00
    outer loop
      vertex   1.013200e+02 1.454440e+01 -7.732041e+01
      vertex   1.044200e+02 1.454440e+01 -7.732041e+01
      vertex   1.015599e+02 1.454440e+01 -7.719553e+01
    endloop
  endfacet
  facet normal 0.000000e+00 -1.000000e+00 0.000000e+00
    outer loop
      vertex   1.015599e+02 1.454440e+01 -7.719553e+01
      vertex   1.044200e+02 1.454440e+01 -7.732041e+01
      vertex   1.041801e+02 1.454440e+01 -7.719553e+01
    endloop
  endfacet
  facet normal 0.000000e+00 -1.000000e+00 0.000000e+00
    outer loop
      vertex   1.015599e+02 1.454440e+01 -7.719553e+01
      vertex   1.041801e+02 1.454440e+01 -7.719553e+01
      vertex   1.018097e+02 1.454440e+01 -7.709204e+01
    endloop
  endfacet
  facet normal 0.000000e+00 -1.000000e+00 0.000000e+00
    outer loop
      vertex   1.018097e+02 1.454440e+01 -7.709204e+01
      vertex   1.041801e+02 1.454440e+01 -7.719553e+01
      vertex   1.039303e+02 1.454440e+01 -7.709204e+01
    endloop
  endfacet
  facet normal 0.000000e+00 -1.000000e+00 0.000000e+00
    outer loop
      vertex   1.018097e+02 1.454440e+01 -7.709204e+01
      vertex   1.039303e+02 1.454440e+01 -7.709204e+01
      vertex   1.020677e+02 1.454440e+01 -7.701071e+01
    endloop
  endfacet
  facet normal 0.000000e+00 -1.000000e+00 0.000000e+00
    outer loop
      vertex   1.020677e+02 1.454440e+01 -7.701071e+01
      vertex   1.039303e+02 1.454440e+01 -7.709204e+01
      vertex   1.036723e+02 1.454440e+01 -7.701071e+01
    endloop
  endfacet
  facet normal 0.000000e+00 -1.000000e+00 0.000000e+00
    outer loop
      vertex   1.020677e+02 1.454440e+01 -7.701071e+01
      vertex   1.036723e+02 1.454440e+01 -7.701071e+01
      vertex   1.023317e+02 1.454440e+01 -7.695218e+01
    endloop
  endfacet
  facet normal 0.000000e+00 -1.000000e+00 0.000000e+00
    outer loop
      vertex   1.023317e+02 1.454440e+01 -7.695218e+01
      vertex   1.036723e+02 1.454440e+01 -7.701071e+01
      vertex   1.034083e+02 1.454440e+01 -7.695218e+01
    endloop
  endfacet
  facet normal 0.000000e+00 -1.000000e+00 0.000000e+00
    outer loop
      vertex   1.023317e+02 1.454440e+01 -7.695218e+01
      vertex   1.034083e+02 1.454440e+01 -7.695218e+01
      vertex   1.025998e+02 1.454440e+01 -7.691688e+01
    endloop
  endfacet
  facet normal 0.000000e+00 -1.000000e+00 0.000000e+00
    outer loop
      vertex   1.025998e+02 1.454440e+01 -7.691688e+01
      vertex   1.034083e+02 1.454440e+01 -7.695218e+01
      vertex   1.031402e+02 1.454440e+01 -7.691688e+01
    endloop
  endfacet
  facet normal 0.000000e+00 -1.000000e+00 0.000000e+00
    outer loop
      vertex   1.025998e+02 1.454440e+01 -7.691688e+01
      vertex   1.031402e+02 1.454440e+01 -7.691688e+01
      vertex   1.028700e+02 1.454440e+01 -7.690509e+01
    endloop
  endfacet
  facet normal -2.646658e-15 0.000000e+00 -1.000000e+00
    outer loop
      vertex   1.055547e+02 1.454440e+01 -7.845509e+01
      vertex   1.001853e+02 1.454440e+01 -7.845509e+01
      vertex   1.055547e+02 2.104440e+01 -7.845509e+01
    endloop
  endfacet
  facet normal -2.646658e-15 0.000000e+00 -1.000000e+00
    outer loop
      vertex   1.055547e+02 2.104440e+01 -7.845509e+01
      vertex   1.001853e+02 1.454440e+01 -7.845509e+01
      vertex   1.001853e+02 2.104440e+01 -7.845509e+01
    endloop
  endfacet
  facet normal -8.750960e-01 -0.000000e+00 -4.839494e-01
    outer loop
      vertex   1.055547e+02 2.104440e+01 -7.845509e+01
      vertex   1.056100e+02 1.254440e+01 -7.855511e+01
      vertex   1.055547e+02 1.454440e+01 -7.845509e+01
    endloop
  endfacet
  facet normal -8.623136e-01 1.474949e-03 -5.063724e-01
    outer loop
      vertex   1.055547e+02 1.454440e+01 -7.845509e+01
      vertex   1.056100e+02 1.254440e+01 -7.855511e+01
      vertex   1.054711e+02 1.254440e+01 -7.831862e+01
    endloop
  endfacet
  facet normal -8.433906e-01 -1.425789e-03 -5.372991e-01
    outer loop
      vertex   1.055547e+02 1.454440e+01 -7.845509e+01
      vertex   1.054711e+02 1.254440e+01 -7.831862e+01
      vertex   1.054094e+02 1.454440e+01 -7.822700e+01
    endloop
  endfacet
  facet normal -8.141860e-01 1.459729e-03 -5.806023e-01
    outer loop
      vertex   1.054094e+02 1.454440e+01 -7.822700e+01
      vertex   1.054711e+02 1.254440e+01 -7.831862e+01
      vertex   1.053119e+02 1.254440e+01 -7.809533e+01
    endloop
  endfacet
  facet normal -7.933526e-01 -1.409399e-03 -6.087608e-01
    outer loop
      vertex   1.054094e+02 1.454440e+01 -7.822700e+01
      vertex   1.053119e+02 1.254440e+01 -7.809533e+01
      vertex   1.052447e+02 1.454440e+01 -7.801244e+01
    endloop
  endfacet
  facet normal -7.596863e-01 1.442167e-03 -6.502881e-01
    outer loop
      vertex   1.052447e+02 1.454440e+01 -7.801244e+01
      vertex   1.053119e+02 1.254440e+01 -7.809533e+01
      vertex   1.051336e+02 1.254440e+01 -7.788699e+01
    endloop
  endfacet
  facet normal -7.372766e-01 -1.390666e-03 -6.755896e-01
    outer loop
      vertex   1.052447e+02 1.454440e+01 -7.801244e+01
      vertex   1.051336e+02 1.254440e+01 -7.788699e+01
      vertex   1.050620e+02 1.454440e+01 -7.781305e+01
    endloop
  endfacet
  facet normal -6.992410e-01 1.422264e-03 -7.148846e-01
    outer loop
      vertex   1.050620e+02 1.454440e+01 -7.781305e+01
      vertex   1.051336e+02 1.254440e+01 -7.788699e+01
      vertex   1.049375e+02 1.254440e+01 -7.769523e+01
    endloop
  endfacet
  facet normal -6.755896e-01 -1.369592e-03 -7.372766e-01
    outer loop
      vertex   1.050620e+02 1.454440e+01 -7.781305e+01
      vertex   1.049375e+02 1.254440e+01 -7.769523e+01
      vertex   1.048626e+02 1.454440e+01 -7.763035e+01
    endloop
  endfacet
  facet normal -6.333232e-01 1.400020e-03 -7.738862e-01
    outer loop
      vertex   1.048626e+02 1.454440e+01 -7.763035e+01
      vertex   1.049375e+02 1.254440e+01 -7.769523e+01
      vertex   1.047253e+02 1.254440e+01 -7.752154e+01
    endloop
  endfacet
  facet normal -6.087609e-01 -1.346177e-03 -7.933526e-01
    outer loop
      vertex   1.048626e+02 1.454440e+01 -7.763035e+01
      vertex   1.047253e+02 1.254440e+01 -7.752154e+01
      vertex   1.046481e+02 1.454440e+01 -7.746571e+01
    endloop
  endfacet
  facet normal -5.624488e-01 1.375434e-03 -8.268310e-01
    outer loop
      vertex   1.046481e+02 1.454440e+01 -7.746571e+01
      vertex   1.047253e+02 1.254440e+01 -7.752154e+01
      vertex   1.044985e+02 1.254440e+01 -7.736729e+01
    endloop
  endfacet
  facet normal -5.372991e-01 -1.320421e-03 -8.433907e-01
    outer loop
      vertex   1.046481e+02 1.454440e+01 -7.746571e+01
      vertex   1.044985e+02 1.254440e+01 -7.736729e+01
      vertex   1.044200e+02 1.454440e+01 -7.732041e+01
    endloop
  endfacet
  facet normal -4.871724e-01 1.348507e-03 -8.733048e-01
    outer loop
      vertex   1.044200e+02 1.454440e+01 -7.732041e+01
      vertex   1.044985e+02 1.254440e+01 -7.736729e+01
      vertex   1.042590e+02 1.254440e+01 -7.723368e+01
    endloop
  endfacet
  facet normal -4.617482e-01 -1.292323e-03 -8.870101e-01
    outer loop
      vertex   1.044200e+02 1.454440e+01 -7.732041e+01
      vertex   1.042590e+02 1.254440e+01 -7.723368e+01
      vertex   1.041801e+02 1.454440e+01 -7.719553e+01
    endloop
  endfacet
  facet normal -4.080833e-01 1.319238e-03 -9.129438e-01
    outer loop
      vertex   1.041801e+02 1.454440e+01 -7.719553e+01
      vertex   1.042590e+02 1.254440e+01 -7.723368e+01
      vertex   1.040086e+02 1.254440e+01 -7.712177e+01
    endloop
  endfacet
  facet normal -3.826831e-01 -1.261884e-03 -9.238788e-01
    outer loop
      vertex   1.041801e+02 1.454440e+01 -7.719553e+01
      vertex   1.040086e+02 1.254440e+01 -7.712177e+01
      vertex   1.039303e+02 1.454440e+01 -7.709204e+01
    endloop
  endfacet
  facet normal -3.258003e-01 1.287628e-03 -9.454377e-01
    outer loop
      vertex   1.039303e+02 1.454440e+01 -7.709204e+01
      vertex   1.040086e+02 1.254440e+01 -7.712177e+01
      vertex   1.037494e+02 1.254440e+01 -7.703242e+01
    endloop
  endfacet
  facet normal -3.007056e-01 -1.229103e-03 -9.537162e-01
    outer loop
      vertex   1.039303e+02 1.454440e+01 -7.709204e+01
      vertex   1.037494e+02 1.254440e+01 -7.703242e+01
      vertex   1.036723e+02 1.454440e+01 -7.701071e+01
    endloop
  endfacet
  facet normal -2.409675e-01 1.253677e-03 -9.705324e-01
    outer loop
      vertex   1.036723e+02 1.454440e+01 -7.701071e+01
      vertex   1.037494e+02 1.254440e+01 -7.703242e+01
      vertex   1.034832e+02 1.254440e+01 -7.696633e+01
    endloop
  endfacet
  facet normal -2.164395e-01 -1.193981e-03 -9.762953e-01
    outer loop
      vertex   1.036723e+02 1.454440e+01 -7.701071e+01
      vertex   1.034832e+02 1.254440e+01 -7.696633e+01
      vertex   1.034083e+02 1.454440e+01 -7.695218e+01
    endloop
  endfacet
  facet normal -1.542488e-01 1.217385e-03 -9.880313e-01
    outer loop
      vertex   1.034083e+02 1.454440e+01 -7.695218e+01
      vertex   1.034832e+02 1.254440e+01 -7.696633e+01
      vertex   1.032122e+02 1.254440e+01 -7.692403e+01
    endloop
  endfacet
  facet normal -1.305261e-01 -1.156519e-03 -9.914442e-01
    outer loop
      vertex   1.034083e+02 1.454440e+01 -7.695218e+01
      vertex   1.032122e+02 1.254440e+01 -7.692403e+01
      vertex   1.031402e+02 1.454440e+01 -7.691688e+01
    endloop
  endfacet
  facet normal -6.632291e-02 1.178751e-03 -9.977975e-01
    outer loop
      vertex   1.031402e+02 1.454440e+01 -7.691688e+01
      vertex   1.032122e+02 1.254440e+01 -7.692403e+01
      vertex   1.029386e+02 1.254440e+01 -7.690584e+01
    endloop
  endfacet
  facet normal -4.361936e-02 -1.116715e-03 -9.990476e-01
    outer loop
      vertex   1.031402e+02 1.454440e+01 -7.691688e+01
      vertex   1.029386e+02 1.254440e+01 -7.690584e+01
      vertex   1.028700e+02 1.454440e+01 -7.690509e+01
    endloop
  endfacet
  facet normal 2.212207e-02 1.137777e-03 -9.997546e-01
    outer loop
      vertex   1.028700e+02 1.454440e+01 -7.690509e+01
      vertex   1.029386e+02 1.254440e+01 -7.690584e+01
      vertex   1.026644e+02 1.254440e+01 -7.691191e+01
    endloop
  endfacet
  facet normal 4.361936e-02 -1.074570e-03 -9.990476e-01
    outer loop
      vertex   1.028700e+02 1.454440e+01 -7.690509e+01
      vertex   1.026644e+02 1.254440e+01 -7.691191e+01
      vertex   1.025998e+02 1.454440e+01 -7.691688e+01
    endloop
  endfacet
  facet normal 1.103939e-01 1.094462e-03 -9.938873e-01
    outer loop
      vertex   1.025998e+02 1.454440e+01 -7.691688e+01
      vertex   1.026644e+02 1.254440e+01 -7.691191e+01
      vertex   1.023918e+02 1.254440e+01 -7.694219e+01
    endloop
  endfacet
  facet normal 1.305261e-01 -1.030084e-03 -9.914443e-01
    outer loop
      vertex   1.025998e+02 1.454440e+01 -7.691688e+01
      vertex   1.023918e+02 1.254440e+01 -7.694219e+01
      vertex   1.023317e+02 1.454440e+01 -7.695218e+01
    endloop
  endfacet
  facet normal 1.978018e-01 1.048805e-03 -9.802415e-01
    outer loop
      vertex   1.023317e+02 1.454440e+01 -7.695218e+01
      vertex   1.023918e+02 1.254440e+01 -7.694219e+01
      vertex   1.021230e+02 1.254440e+01 -7.699643e+01
    endloop
  endfacet
  facet normal 2.164395e-01 -9.832568e-04 -9.762955e-01
    outer loop
      vertex   1.023317e+02 1.454440e+01 -7.695218e+01
      vertex   1.021230e+02 1.254440e+01 -7.699643e+01
      vertex   1.020677e+02 1.454440e+01 -7.701071e+01
    endloop
  endfacet
  facet normal 2.836616e-01 1.000808e-03 -9.589239e-01
    outer loop
      vertex   1.020677e+02 1.454440e+01 -7.701071e+01
      vertex   1.021230e+02 1.254440e+01 -7.699643e+01
      vertex   1.018600e+02 1.254440e+01 -7.707423e+01
    endloop
  endfacet
  facet normal 3.007057e-01 -9.340890e-04 -9.537165e-01
    outer loop
      vertex   1.020677e+02 1.454440e+01 -7.701071e+01
      vertex   1.018600e+02 1.254440e+01 -7.707423e+01
      vertex   1.018097e+02 1.454440e+01 -7.709204e+01
    endloop
  endfacet
  facet normal 3.673014e-01 9.504697e-04 -9.301015e-01
    outer loop
      vertex   1.018097e+02 1.454440e+01 -7.709204e+01
      vertex   1.018600e+02 1.254440e+01 -7.707423e+01
      vertex   1.016049e+02 1.254440e+01 -7.717496e+01
    endloop
  endfacet
  facet normal 3.826833e-01 -8.825805e-04 -9.238792e-01
    outer loop
      vertex   1.018097e+02 1.454440e+01 -7.709204e+01
      vertex   1.016049e+02 1.254440e+01 -7.717496e+01
      vertex   1.015599e+02 1.454440e+01 -7.719553e+01
    endloop
  endfacet
  facet normal 4.480666e-01 8.977908e-04 -8.939997e-01
    outer loop
      vertex   1.015599e+02 1.454440e+01 -7.719553e+01
      vertex   1.016049e+02 1.254440e+01 -7.717496e+01
      vertex   1.013598e+02 1.254440e+01 -7.729784e+01
    endloop
  endfacet
  facet normal 4.617485e-01 -8.287313e-04 -8.870105e-01
    outer loop
      vertex   1.015599e+02 1.454440e+01 -7.719553e+01
      vertex   1.013598e+02 1.254440e+01 -7.729784e+01
      vertex   1.013200e+02 1.454440e+01 -7.732041e+01
    endloop
  endfacet
  facet normal 5.253251e-01 8.427713e-04 -8.509012e-01
    outer loop
      vertex   1.013200e+02 1.454440e+01 -7.732041e+01
      vertex   1.013598e+02 1.254440e+01 -7.729784e+01
      vertex   1.011264e+02 1.254440e+01 -7.744191e+01
    endloop
  endfacet
  facet normal 5.372994e-01 -7.725415e-04 -8.433912e-01
    outer loop
      vertex   1.013200e+02 1.454440e+01 -7.732041e+01
      vertex   1.011264e+02 1.254440e+01 -7.744191e+01
      vertex   1.010919e+02 1.454440e+01 -7.746571e+01
    endloop
  endfacet
  facet normal 5.984721e-01 7.854112e-04 -8.011432e-01
    outer loop
      vertex   1.010919e+02 1.454440e+01 -7.746571e+01
      vertex   1.011264e+02 1.254440e+01 -7.744191e+01
      vertex   1.009067e+02 1.254440e+01 -7.760604e+01
    endloop
  endfacet
  facet normal 6.087613e-01 -7.140112e-04 -7.933531e-01
    outer loop
      vertex   1.010919e+02 1.454440e+01 -7.746571e+01
      vertex   1.009067e+02 1.254440e+01 -7.760604e+01
      vertex   1.008774e+02 1.454440e+01 -7.763035e+01
    endloop
  endfacet
  facet normal 6.669354e-01 7.257107e-04 -7.451152e-01
    outer loop
      vertex   1.008774e+02 1.454440e+01 -7.763035e+01
      vertex   1.009067e+02 1.254440e+01 -7.760604e+01
      vertex   1.007024e+02 1.254440e+01 -7.778894e+01
    endloop
  endfacet
  facet normal 6.755901e-01 -6.531404e-04 -7.372772e-01
    outer loop
      vertex   1.008774e+02 1.454440e+01 -7.763035e+01
      vertex   1.007024e+02 1.254440e+01 -7.778894e+01
      vertex   1.006780e+02 1.454440e+01 -7.781305e+01
    endloop
  endfacet
  facet normal 7.301789e-01 6.636697e-04 -6.832557e-01
    outer loop
      vertex   1.006780e+02 1.454440e+01 -7.781305e+01
      vertex   1.007024e+02 1.254440e+01 -7.778894e+01
      vertex   1.005150e+02 1.254440e+01 -7.798919e+01
    endloop
  endfacet
  facet normal 7.372772e-01 -5.899293e-04 -6.755901e-01
    outer loop
      vertex   1.006780e+02 1.454440e+01 -7.781305e+01
      vertex   1.005150e+02 1.254440e+01 -7.798919e+01
      vertex   1.004953e+02 1.454440e+01 -7.801244e+01
    endloop
  endfacet
  facet normal 7.877078e-01 5.992884e-04 -6.160487e-01
    outer loop
      vertex   1.004953e+02 1.454440e+01 -7.801244e+01
      vertex   1.005150e+02 1.254440e+01 -7.798919e+01
      vertex   1.003460e+02 1.254440e+01 -7.820522e+01
    endloop
  endfacet
  facet normal 7.933532e-01 -5.243779e-04 -6.087613e-01
    outer loop
      vertex   1.004953e+02 1.454440e+01 -7.801244e+01
      vertex   1.003460e+02 1.254440e+01 -7.820522e+01
      vertex   1.003306e+02 1.454440e+01 -7.822700e+01
    endloop
  endfacet
  facet normal 8.390719e-01 5.325670e-04 -5.440203e-01
    outer loop
      vertex   1.003306e+02 1.454440e+01 -7.822700e+01
      vertex   1.003460e+02 1.254440e+01 -7.820522e+01
      vertex   1.001968e+02 1.254440e+01 -7.843533e+01
    endloop
  endfacet
  facet normal 8.433914e-01 -4.564864e-04 -5.372996e-01
    outer loop
      vertex   1.003306e+02 1.454440e+01 -7.822700e+01
      vertex   1.001968e+02 1.254440e+01 -7.843533e+01
      vertex   1.001853e+02 1.454440e+01 -7.845509e+01
    endloop
  endfacet
  facet normal 8.838690e-01 4.635054e-04 -4.677342e-01
    outer loop
      vertex   1.001853e+02 1.454440e+01 -7.845509e+01
      vertex   1.001968e+02 1.254440e+01 -7.843533e+01
      vertex   1.000686e+02 1.254440e+01 -7.867773e+01
    endloop
  endfacet
  facet normal 8.849256e-01 1.789583e-04 -4.657323e-01
    outer loop
      vertex   1.001853e+02 1.454440e+01 -7.845509e+01
      vertex   1.000686e+02 1.254440e+01 -7.867773e+01
      vertex   1.000770e+02 1.679440e+01 -7.866005e+01
    endloop
  endfacet
  facet normal 9.195278e-01 -1.922990e-04 -3.930250e-01
    outer loop
      vertex   1.000770e+02 1.679440e+01 -7.866005e+01
      vertex   1.000686e+02 1.254440e+01 -7.867773e+01
      vertex   9.996767e+01 1.679440e+01 -7.891582e+01
    endloop
  endfacet
  facet normal 9.195277e-01 3.939693e-04 -3.930250e-01
    outer loop
      vertex   1.000770e+02 1.679440e+01 -7.866005e+01
      vertex   9.996767e+01 1.679440e+01 -7.891582e+01
      vertex   1.000580e+02 2.104440e+01 -7.870019e+01
    endloop
  endfacet
  facet normal 9.249417e-01 -3.764598e-04 -3.801088e-01
    outer loop
      vertex   1.000580e+02 2.104440e+01 -7.870019e+01
      vertex   9.996767e+01 1.679440e+01 -7.891582e+01
      vertex   9.995304e+01 2.104440e+01 -7.895565e+01
    endloop
  endfacet
  facet normal 9.510564e-01 3.796352e-04 -3.090170e-01
    outer loop
      vertex   9.995304e+01 2.104440e+01 -7.895565e+01
      vertex   9.996767e+01 1.679440e+01 -7.891582e+01
      vertex   9.988172e+01 1.679440e+01 -7.918037e+01
    endloop
  endfacet
  facet normal 9.551024e-01 -3.619780e-04 -2.962756e-01
    outer loop
      vertex   9.995304e+01 2.104440e+01 -7.895565e+01
      vertex   9.988172e+01 1.679440e+01 -7.918037e+01
      vertex   9.987121e+01 2.104440e+01 -7.921944e+01
    endloop
  endfacet
  facet normal 9.749278e-01 3.650056e-04 -2.225209e-01
    outer loop
      vertex   9.987121e+01 2.104440e+01 -7.921944e+01
      vertex   9.988172e+01 1.679440e+01 -7.918037e+01
      vertex   9.981982e+01 1.679440e+01 -7.945156e+01
    endloop
  endfacet
  facet normal 9.776819e-01 -3.472007e-04 -2.100906e-01
    outer loop
      vertex   9.987121e+01 2.104440e+01 -7.921944e+01
      vertex   9.981982e+01 1.679440e+01 -7.945156e+01
      vertex   9.981318e+01 2.104440e+01 -7.948946e+01
    endloop
  endfacet
  facet normal 9.909497e-01 3.500806e-04 -1.342333e-01
    outer loop
      vertex   9.981318e+01 2.104440e+01 -7.948946e+01
      vertex   9.981982e+01 1.679440e+01 -7.945156e+01
      vertex   9.978248e+01 1.679440e+01 -7.972720e+01
    endloop
  endfacet
  facet normal 9.925008e-01 -3.321279e-04 -1.222379e-01
    outer loop
      vertex   9.981318e+01 2.104440e+01 -7.948946e+01
      vertex   9.978248e+01 1.679440e+01 -7.972720e+01
      vertex   9.977942e+01 2.104440e+01 -7.976358e+01
    endloop
  endfacet
  facet normal 9.989930e-01 3.348601e-04 -4.486483e-02
    outer loop
      vertex   9.977942e+01 2.104440e+01 -7.976358e+01
      vertex   9.978248e+01 1.679440e+01 -7.972720e+01
      vertex   9.977000e+01 1.679440e+01 -8.000509e+01
    endloop
  endfacet
  facet normal 9.994415e-01 -3.167598e-04 -3.341498e-02
    outer loop
      vertex   9.977942e+01 2.104440e+01 -7.976358e+01
      vertex   9.977000e+01 1.679440e+01 -8.000509e+01
      vertex   9.977019e+01 2.104440e+01 -8.003962e+01
    endloop
  endfacet
  facet normal 9.989930e-01 3.193442e-04 4.486483e-02
    outer loop
      vertex   9.977019e+01 2.104440e+01 -8.003962e+01
      vertex   9.977000e+01 1.679440e+01 -8.000509e+01
      vertex   9.978248e+01 1.679440e+01 -8.028297e+01
    endloop
  endfacet
  facet normal 9.984490e-01 -3.010962e-04 5.567319e-02
    outer loop
      vertex   9.977019e+01 2.104440e+01 -8.003962e+01
      vertex   9.978248e+01 1.679440e+01 -8.028297e+01
      vertex   9.978557e+01 2.104440e+01 -8.031538e+01
    endloop
  endfacet
  facet normal 9.909497e-01 3.035329e-04 1.342333e-01
    outer loop
      vertex   9.978557e+01 2.104440e+01 -8.031538e+01
      vertex   9.978248e+01 1.679440e+01 -8.028297e+01
      vertex   9.981982e+01 1.679440e+01 -8.055861e+01
    endloop
  endfacet
  facet normal 9.895311e-01 -2.851371e-04 1.443194e-01
    outer loop
      vertex   9.978557e+01 2.104440e+01 -8.031538e+01
      vertex   9.981982e+01 1.679440e+01 -8.055861e+01
      vertex   9.982543e+01 2.104440e+01 -8.058868e+01
    endloop
  endfacet
  facet normal 9.749279e-01 2.874262e-04 2.225209e-01
    outer loop
      vertex   9.982543e+01 2.104440e+01 -8.058868e+01
      vertex   9.981982e+01 1.679440e+01 -8.055861e+01
      vertex   9.988172e+01 1.679440e+01 -8.082980e+01
    endloop
  endfacet
  facet normal 9.727586e-01 -2.688827e-04 2.318201e-01
    outer loop
      vertex   9.982543e+01 2.104440e+01 -8.058868e+01
      vertex   9.988172e+01 1.679440e+01 -8.082980e+01
      vertex   9.988945e+01 2.104440e+01 -8.085735e+01
    endloop
  endfacet
  facet normal 9.510565e-01 2.710240e-04 3.090170e-01
    outer loop
      vertex   9.988945e+01 2.104440e+01 -8.085735e+01
      vertex   9.988172e+01 1.679440e+01 -8.082980e+01
      vertex   9.996767e+01 1.679440e+01 -8.109435e+01
    endloop
  endfacet
  facet normal 9.482647e-01 -2.523328e-04 3.174807e-01
    outer loop
      vertex   9.988945e+01 2.104440e+01 -8.085735e+01
      vertex   9.996767e+01 1.679440e+01 -8.109435e+01
      vertex   9.997714e+01 2.104440e+01 -8.111925e+01
    endloop
  endfacet
  facet normal 9.195277e-01 2.543265e-04 3.930250e-01
    outer loop
      vertex   9.997714e+01 2.104440e+01 -8.111925e+01
      vertex   9.996767e+01 1.679440e+01 -8.109435e+01
      vertex   1.000770e+02 1.679440e+01 -8.135012e+01
    endloop
  endfacet
  facet normal 9.162437e-01 -2.354876e-04 4.006212e-01
    outer loop
      vertex   9.997714e+01 2.104440e+01 -8.111925e+01
      vertex   1.000770e+02 1.679440e+01 -8.135012e+01
      vertex   1.000878e+02 2.104440e+01 -8.137231e+01
    endloop
  endfacet
  facet normal 8.805955e-01 2.373335e-04 4.738686e-01
    outer loop
      vertex   1.000878e+02 2.104440e+01 -8.137231e+01
      vertex   1.000770e+02 1.679440e+01 -8.135012e+01
      vertex   1.002088e+02 1.679440e+01 -8.159507e+01
    endloop
  endfacet
  facet normal 8.769499e-01 -2.183469e-04 4.805817e-01
    outer loop
      vertex   1.000878e+02 2.104440e+01 -8.137231e+01
      vertex   1.002088e+02 1.679440e+01 -8.159507e+01
      vertex   1.002205e+02 2.104440e+01 -8.161451e+01
    endloop
  endfacet
  facet normal 8.345732e-01 2.200452e-04 5.508970e-01
    outer loop
      vertex   1.002205e+02 2.104440e+01 -8.161451e+01
      vertex   1.002088e+02 1.679440e+01 -8.159507e+01
      vertex   1.003620e+02 1.679440e+01 -8.182722e+01
    endloop
  endfacet
  facet normal 8.306951e-01 -2.009109e-04 5.567275e-01
    outer loop
      vertex   1.002205e+02 2.104440e+01 -8.161451e+01
      vertex   1.003620e+02 1.679440e+01 -8.182722e+01
      vertex   1.003743e+02 2.104440e+01 -8.184394e+01
    endloop
  endfacet
  facet normal 7.818315e-01 2.024614e-04 6.234898e-01
    outer loop
      vertex   1.003743e+02 2.104440e+01 -8.184394e+01
      vertex   1.003620e+02 1.679440e+01 -8.182722e+01
      vertex   1.005355e+02 1.679440e+01 -8.204470e+01
    endloop
  endfacet
  facet normal 7.778466e-01 -1.831795e-04 6.284542e-01
    outer loop
      vertex   1.003743e+02 2.104440e+01 -8.184394e+01
      vertex   1.005355e+02 1.679440e+01 -8.204470e+01
      vertex   1.005479e+02 2.104440e+01 -8.205878e+01
    endloop
  endfacet
  facet normal 7.227949e-01 1.845823e-04 6.910626e-01
    outer loop
      vertex   1.005479e+02 2.104440e+01 -8.205878e+01
      vertex   1.005355e+02 1.679440e+01 -8.204470e+01
      vertex   1.007277e+02 1.679440e+01 -8.224575e+01
    endloop
  endfacet
  facet normal 7.188237e-01 -1.651526e-04 6.951924e-01
    outer loop
      vertex   1.005479e+02 2.104440e+01 -8.205878e+01
      vertex   1.007277e+02 1.679440e+01 -8.224575e+01
      vertex   1.007399e+02 2.104440e+01 -8.225731e+01
    endloop
  endfacet
  facet normal 6.579387e-01 1.664078e-04 7.530715e-01
    outer loop
      vertex   1.007399e+02 2.104440e+01 -8.225731e+01
      vertex   1.007277e+02 1.679440e+01 -8.224575e+01
      vertex   1.009372e+02 1.679440e+01 -8.242876e+01
    endloop
  endfacet
  facet normal 6.540950e-01 -1.468305e-04 7.564124e-01
    outer loop
      vertex   1.007399e+02 2.104440e+01 -8.225731e+01
      vertex   1.009372e+02 1.679440e+01 -8.242876e+01
      vertex   1.009488e+02 2.104440e+01 -8.243796e+01
    endloop
  endfacet
  facet normal 5.877852e-01 1.479380e-04 8.090170e-01
    outer loop
      vertex   1.009488e+02 2.104440e+01 -8.243796e+01
      vertex   1.009372e+02 1.679440e+01 -8.242876e+01
      vertex   1.011622e+02 1.679440e+01 -8.259226e+01
    endloop
  endfacet
  facet normal 5.841743e-01 -1.282129e-04 8.116282e-01
    outer loop
      vertex   1.009488e+02 2.104440e+01 -8.243796e+01
      vertex   1.011622e+02 1.679440e+01 -8.259226e+01
      vertex   1.011729e+02 2.104440e+01 -8.259931e+01
    endloop
  endfacet
  facet normal 5.128993e-01 1.291727e-04 8.584488e-01
    outer loop
      vertex   1.011729e+02 2.104440e+01 -8.259931e+01
      vertex   1.011622e+02 1.679440e+01 -8.259226e+01
      vertex   1.014010e+02 1.679440e+01 -8.273493e+01
    endloop
  endfacet
  facet normal 5.096166e-01 -1.093000e-04 8.604016e-01
    outer loop
      vertex   1.011729e+02 2.104440e+01 -8.259931e+01
      vertex   1.014010e+02 1.679440e+01 -8.273493e+01
      vertex   1.014106e+02 2.104440e+01 -8.274006e+01
    endloop
  endfacet
  facet normal 4.338837e-01 1.101122e-04 9.009689e-01
    outer loop
      vertex   1.014106e+02 2.104440e+01 -8.274006e+01
      vertex   1.014010e+02 1.679440e+01 -8.273493e+01
      vertex   1.016516e+02 1.679440e+01 -8.285562e+01
    endloop
  endfacet
  facet normal 4.310138e-01 -9.009179e-05 9.023453e-01
    outer loop
      vertex   1.014106e+02 2.104440e+01 -8.274006e+01
      vertex   1.016516e+02 1.679440e+01 -8.285562e+01
      vertex   1.016598e+02 2.104440e+01 -8.285910e+01
    endloop
  endfacet
  facet normal 3.513748e-01 9.075626e-05 9.362349e-01
    outer loop
      vertex   1.016598e+02 2.104440e+01 -8.285910e+01
      vertex   1.016516e+02 1.679440e+01 -8.285562e+01
      vertex   1.019120e+02 1.679440e+01 -8.295336e+01
    endloop
  endfacet
  facet normal 3.489897e-01 -7.058821e-05 9.371266e-01
    outer loop
      vertex   1.016598e+02 2.104440e+01 -8.285910e+01
      vertex   1.019120e+02 1.679440e+01 -8.295336e+01
      vertex   1.019186e+02 2.104440e+01 -8.295549e+01
    endloop
  endfacet
  facet normal 2.660368e-01 7.110501e-05 9.639629e-01
    outer loop
      vertex   1.019186e+02 2.104440e+01 -8.295549e+01
      vertex   1.019120e+02 1.679440e+01 -8.295336e+01
      vertex   1.021802e+02 1.679440e+01 -8.302736e+01
    endloop
  endfacet
  facet normal 2.641954e-01 -5.078930e-05 9.644692e-01
    outer loop
      vertex   1.019186e+02 2.104440e+01 -8.295549e+01
      vertex   1.021802e+02 1.679440e+01 -8.302736e+01
      vertex   1.021850e+02 2.104440e+01 -8.302846e+01
    endloop
  endfacet
  facet normal 1.785569e-01 5.115844e-05 9.839296e-01
    outer loop
      vertex   1.021850e+02 2.104440e+01 -8.302846e+01
      vertex   1.021802e+02 1.679440e+01 -8.302736e+01
      vertex   1.024539e+02 1.679440e+01 -8.307703e+01
    endloop
  endfacet
  facet normal 1.773040e-01 -3.069506e-05 9.841561e-01
    outer loop
      vertex   1.021850e+02 2.104440e+01 -8.302846e+01
      vertex   1.024539e+02 1.679440e+01 -8.307703e+01
      vertex   1.024568e+02 2.104440e+01 -8.307743e+01
    endloop
  endfacet
  facet normal 8.956005e-02 3.097191e-05 9.959814e-01
    outer loop
      vertex   1.024568e+02 2.104440e+01 -8.307743e+01
      vertex   1.024539e+02 1.679440e+01 -8.307703e+01
      vertex   1.027314e+02 1.679440e+01 -8.310199e+01
    endloop
  endfacet
  facet normal 8.900526e-02 -5.161986e-06 9.960312e-01
    outer loop
      vertex   1.024568e+02 2.104440e+01 -8.307743e+01
      vertex   1.027314e+02 1.679440e+01 -8.310199e+01
      vertex   1.027319e+02 2.104440e+01 -8.310201e+01
    endloop
  endfacet
  facet normal 2.627758e-21 5.180442e-06 1.000000e+00
    outer loop
      vertex   1.027319e+02 2.104440e+01 -8.310201e+01
      vertex   1.027314e+02 1.679440e+01 -8.310199e+01
      vertex   1.030086e+02 1.679440e+01 -8.310199e+01
    endloop
  endfacet
  facet normal -0.000000e+00 5.180442e-06 1.000000e+00
    outer loop
      vertex   1.027319e+02 2.104440e+01 -8.310201e+01
      vertex   1.030086e+02 1.679440e+01 -8.310199e+01
      vertex   1.030081e+02 2.104440e+01 -8.310201e+01
    endloop
  endfacet
  facet normal -8.900526e-02 -5.161986e-06 9.960312e-01
    outer loop
      vertex   1.030081e+02 2.104440e+01 -8.310201e+01
      vertex   1.030086e+02 1.679440e+01 -8.310199e+01
      vertex   1.032832e+02 2.104440e+01 -8.307743e+01
    endloop
  endfacet
  facet normal -8.956005e-02 3.097191e-05 9.959814e-01
    outer loop
      vertex   1.032832e+02 2.104440e+01 -8.307743e+01
      vertex   1.030086e+02 1.679440e+01 -8.310199e+01
      vertex   1.032861e+02 1.679440e+01 -8.307703e+01
    endloop
  endfacet
  facet normal -1.773040e-01 -3.069506e-05 9.841561e-01
    outer loop
      vertex   1.032832e+02 2.104440e+01 -8.307743e+01
      vertex   1.032861e+02 1.679440e+01 -8.307703e+01
      vertex   1.035550e+02 2.104440e+01 -8.302846e+01
    endloop
  endfacet
  facet normal -1.785569e-01 5.115844e-05 9.839296e-01
    outer loop
      vertex   1.035550e+02 2.104440e+01 -8.302846e+01
      vertex   1.032861e+02 1.679440e+01 -8.307703e+01
      vertex   1.035598e+02 1.679440e+01 -8.302736e+01
    endloop
  endfacet
  facet normal -2.641954e-01 -5.078930e-05 9.644692e-01
    outer loop
      vertex   1.035550e+02 2.104440e+01 -8.302846e+01
      vertex   1.035598e+02 1.679440e+01 -8.302736e+01
      vertex   1.038214e+02 2.104440e+01 -8.295549e+01
    endloop
  endfacet
  facet normal -2.660368e-01 7.110501e-05 9.639629e-01
    outer loop
      vertex   1.038214e+02 2.104440e+01 -8.295549e+01
      vertex   1.035598e+02 1.679440e+01 -8.302736e+01
      vertex   1.038280e+02 1.679440e+01 -8.295336e+01
    endloop
  endfacet
  facet normal -3.489897e-01 -7.058821e-05 9.371266e-01
    outer loop
      vertex   1.038214e+02 2.104440e+01 -8.295549e+01
      vertex   1.038280e+02 1.679440e+01 -8.295336e+01
      vertex   1.040802e+02 2.104440e+01 -8.285910e+01
    endloop
  endfacet
  facet normal -3.513748e-01 9.075626e-05 9.362349e-01
    outer loop
      vertex   1.040802e+02 2.104440e+01 -8.285910e+01
      vertex   1.038280e+02 1.679440e+01 -8.295336e+01
      vertex   1.040884e+02 1.679440e+01 -8.285562e+01
    endloop
  endfacet
  facet normal -4.310138e-01 -9.009179e-05 9.023453e-01
    outer loop
      vertex   1.040802e+02 2.104440e+01 -8.285910e+01
      vertex   1.040884e+02 1.679440e+01 -8.285562e+01
      vertex   1.043294e+02 2.104440e+01 -8.274006e+01
    endloop
  endfacet
  facet normal -4.338837e-01 1.101122e-04 9.009689e-01
    outer loop
      vertex   1.043294e+02 2.104440e+01 -8.274006e+01
      vertex   1.040884e+02 1.679440e+01 -8.285562e+01
      vertex   1.043390e+02 1.679440e+01 -8.273493e+01
    endloop
  endfacet
  facet normal -5.096166e-01 -1.093000e-04 8.604016e-01
    outer loop
      vertex   1.043294e+02 2.104440e+01 -8.274006e+01
      vertex   1.043390e+02 1.679440e+01 -8.273493e+01
      vertex   1.045671e+02 2.104440e+01 -8.259931e+01
    endloop
  endfacet
  facet normal -5.128993e-01 1.291727e-04 8.584488e-01
    outer loop
      vertex   1.045671e+02 2.104440e+01 -8.259931e+01
      vertex   1.043390e+02 1.679440e+01 -8.273493e+01
      vertex   1.045778e+02 1.679440e+01 -8.259226e+01
    endloop
  endfacet
  facet normal -5.841743e-01 -1.282129e-04 8.116282e-01
    outer loop
      vertex   1.045671e+02 2.104440e+01 -8.259931e+01
      vertex   1.045778e+02 1.679440e+01 -8.259226e+01
      vertex   1.047912e+02 2.104440e+01 -8.243796e+01
    endloop
  endfacet
  facet normal -5.877852e-01 1.479380e-04 8.090170e-01
    outer loop
      vertex   1.047912e+02 2.104440e+01 -8.243796e+01
      vertex   1.045778e+02 1.679440e+01 -8.259226e+01
      vertex   1.048028e+02 1.679440e+01 -8.242876e+01
    endloop
  endfacet
  facet normal -6.540950e-01 -1.468305e-04 7.564124e-01
    outer loop
      vertex   1.047912e+02 2.104440e+01 -8.243796e+01
      vertex   1.048028e+02 1.679440e+01 -8.242876e+01
      vertex   1.050001e+02 2.104440e+01 -8.225731e+01
    endloop
  endfacet
  facet normal -6.579387e-01 1.664078e-04 7.530715e-01
    outer loop
      vertex   1.050001e+02 2.104440e+01 -8.225731e+01
      vertex   1.048028e+02 1.679440e+01 -8.242876e+01
      vertex   1.050123e+02 1.679440e+01 -8.224575e+01
    endloop
  endfacet
  facet normal -7.188237e-01 -1.651526e-04 6.951924e-01
    outer loop
      vertex   1.050001e+02 2.104440e+01 -8.225731e+01
      vertex   1.050123e+02 1.679440e+01 -8.224575e+01
      vertex   1.051921e+02 2.104440e+01 -8.205878e+01
    endloop
  endfacet
  facet normal -7.227949e-01 1.845823e-04 6.910626e-01
    outer loop
      vertex   1.051921e+02 2.104440e+01 -8.205878e+01
      vertex   1.050123e+02 1.679440e+01 -8.224575e+01
      vertex   1.052045e+02 1.679440e+01 -8.204470e+01
    endloop
  endfacet
  facet normal -7.778466e-01 -1.831795e-04 6.284542e-01
    outer loop
      vertex   1.051921e+02 2.104440e+01 -8.205878e+01
      vertex   1.052045e+02 1.679440e+01 -8.204470e+01
      vertex   1.053657e+02 2.104440e+01 -8.184394e+01
    endloop
  endfacet
  facet normal -7.818315e-01 2.024614e-04 6.234898e-01
    outer loop
      vertex   1.053657e+02 2.104440e+01 -8.184394e+01
      vertex   1.052045e+02 1.679440e+01 -8.204470e+01
      vertex   1.053780e+02 1.679440e+01 -8.182722e+01
    endloop
  endfacet
  facet normal -8.306951e-01 -2.009109e-04 5.567275e-01
    outer loop
      vertex   1.053657e+02 2.104440e+01 -8.184394e+01
      vertex   1.053780e+02 1.679440e+01 -8.182722e+01
      vertex   1.055195e+02 2.104440e+01 -8.161451e+01
    endloop
  endfacet
  facet normal -8.345732e-01 2.200452e-04 5.508970e-01
    outer loop
      vertex   1.055195e+02 2.104440e+01 -8.161451e+01
      vertex   1.053780e+02 1.679440e+01 -8.182722e+01
      vertex   1.055312e+02 1.679440e+01 -8.159507e+01
    endloop
  endfacet
  facet normal -8.769499e-01 -2.183469e-04 4.805817e-01
    outer loop
      vertex   1.055195e+02 2.104440e+01 -8.161451e+01
      vertex   1.055312e+02 1.679440e+01 -8.159507e+01
      vertex   1.056522e+02 2.104440e+01 -8.137231e+01
    endloop
  endfacet
  facet normal -8.805955e-01 2.373335e-04 4.738686e-01
    outer loop
      vertex   1.056522e+02 2.104440e+01 -8.137231e+01
      vertex   1.055312e+02 1.679440e+01 -8.159507e+01
      vertex   1.056630e+02 1.679440e+01 -8.135012e+01
    endloop
  endfacet
  facet normal -9.162437e-01 -2.354876e-04 4.006212e-01
    outer loop
      vertex   1.056522e+02 2.104440e+01 -8.137231e+01
      vertex   1.056630e+02 1.679440e+01 -8.135012e+01
      vertex   1.057629e+02 2.104440e+01 -8.111925e+01
    endloop
  endfacet
  facet normal -9.195277e-01 2.543265e-04 3.930250e-01
    outer loop
      vertex   1.057629e+02 2.104440e+01 -8.111925e+01
      vertex   1.056630e+02 1.679440e+01 -8.135012e+01
      vertex   1.057723e+02 1.679440e+01 -8.109435e+01
    endloop
  endfacet
  facet normal -9.482647e-01 -2.523328e-04 3.174807e-01
    outer loop
      vertex   1.057629e+02 2.104440e+01 -8.111925e+01
      vertex   1.057723e+02 1.679440e+01 -8.109435e+01
      vertex   1.058505e+02 2.104440e+01 -8.085735e+01
    endloop
  endfacet
  facet normal -9.510565e-01 2.710240e-04 3.090170e-01
    outer loop
      vertex   1.058505e+02 2.104440e+01 -8.085735e+01
      vertex   1.057723e+02 1.679440e+01 -8.109435e+01
      vertex   1.058583e+02 1.679440e+01 -8.082980e+01
    endloop
  endfacet
  facet normal -9.727586e-01 -2.688827e-04 2.318201e-01
    outer loop
      vertex   1.058505e+02 2.104440e+01 -8.085735e+01
      vertex   1.058583e+02 1.679440e+01 -8.082980e+01
      vertex   1.059146e+02 2.104440e+01 -8.058868e+01
    endloop
  endfacet
  facet normal -9.749279e-01 2.874262e-04 2.225209e-01
    outer loop
      vertex   1.059146e+02 2.104440e+01 -8.058868e+01
      vertex   1.058583e+02 1.679440e+01 -8.082980e+01
      vertex   1.059202e+02 1.679440e+01 -8.055861e+01
    endloop
  endfacet
  facet normal -9.895311e-01 -2.851371e-04 1.443194e-01
    outer loop
      vertex   1.059146e+02 2.104440e+01 -8.058868e+01
      vertex   1.059202e+02 1.679440e+01 -8.055861e+01
      vertex   1.059544e+02 2.104440e+01 -8.031538e+01
    endloop
  endfacet
  facet normal -9.909497e-01 3.035329e-04 1.342333e-01
    outer loop
      vertex   1.059544e+02 2.104440e+01 -8.031538e+01
      vertex   1.059202e+02 1.679440e+01 -8.055861e+01
      vertex   1.059575e+02 1.679440e+01 -8.028297e+01
    endloop
  endfacet
  facet normal -9.984490e-01 -3.010962e-04 5.567319e-02
    outer loop
      vertex   1.059544e+02 2.104440e+01 -8.031538e+01
      vertex   1.059575e+02 1.679440e+01 -8.028297e+01
      vertex   1.059698e+02 2.104440e+01 -8.003962e+01
    endloop
  endfacet
  facet normal -9.989930e-01 3.193442e-04 4.486483e-02
    outer loop
      vertex   1.059698e+02 2.104440e+01 -8.003962e+01
      vertex   1.059575e+02 1.679440e+01 -8.028297e+01
      vertex   1.059700e+02 1.679440e+01 -8.000509e+01
    endloop
  endfacet
  facet normal -9.994415e-01 -3.167598e-04 -3.341498e-02
    outer loop
      vertex   1.059698e+02 2.104440e+01 -8.003962e+01
      vertex   1.059700e+02 1.679440e+01 -8.000509e+01
      vertex   1.059606e+02 2.104440e+01 -7.976358e+01
    endloop
  endfacet
  facet normal -9.989930e-01 3.348601e-04 -4.486483e-02
    outer loop
      vertex   1.059606e+02 2.104440e+01 -7.976358e+01
      vertex   1.059700e+02 1.679440e+01 -8.000509e+01
      vertex   1.059575e+02 1.679440e+01 -7.972720e+01
    endloop
  endfacet
  facet normal -9.925008e-01 -3.321279e-04 -1.222379e-01
    outer loop
      vertex   1.059606e+02 2.104440e+01 -7.976358e+01
      vertex   1.059575e+02 1.679440e+01 -7.972720e+01
      vertex   1.059268e+02 2.104440e+01 -7.948946e+01
    endloop
  endfacet
  facet normal -9.909497e-01 3.500806e-04 -1.342333e-01
    outer loop
      vertex   1.059268e+02 2.104440e+01 -7.948946e+01
      vertex   1.059575e+02 1.679440e+01 -7.972720e+01
      vertex   1.059202e+02 1.679440e+01 -7.945156e+01
    endloop
  endfacet
  facet normal -9.776819e-01 -3.472007e-04 -2.100906e-01
    outer loop
      vertex   1.059268e+02 2.104440e+01 -7.948946e+01
      vertex   1.059202e+02 1.679440e+01 -7.945156e+01
      vertex   1.058688e+02 2.104440e+01 -7.921944e+01
    endloop
  endfacet
  facet normal -9.749278e-01 3.650056e-04 -2.225209e-01
    outer loop
      vertex   1.058688e+02 2.104440e+01 -7.921944e+01
      vertex   1.059202e+02 1.679440e+01 -7.945156e+01
      vertex   1.058583e+02 1.679440e+01 -7.918037e+01
    endloop
  endfacet
  facet normal -9.551024e-01 -3.619780e-04 -2.962756e-01
    outer loop
      vertex   1.058688e+02 2.104440e+01 -7.921944e+01
      vertex   1.058583e+02 1.679440e+01 -7.918037e+01
      vertex   1.057870e+02 2.104440e+01 -7.895565e+01
    endloop
  endfacet
  facet normal -9.510564e-01 3.796352e-04 -3.090170e-01
    outer loop
      vertex   1.057870e+02 2.104440e+01 -7.895565e+01
      vertex   1.058583e+02 1.679440e+01 -7.918037e+01
      vertex   1.057723e+02 1.679440e+01 -7.891582e+01
    endloop
  endfacet
  facet normal -9.249417e-01 -3.764598e-04 -3.801088e-01
    outer loop
      vertex   1.057870e+02 2.104440e+01 -7.895565e+01
      vertex   1.057723e+02 1.679440e+01 -7.891582e+01
      vertex   1.056820e+02 2.104440e+01 -7.870019e+01
    endloop
  endfacet
  facet normal -9.195277e-01 3.939693e-04 -3.930250e-01
    outer loop
      vertex   1.056820e+02 2.104440e+01 -7.870019e+01
      vertex   1.057723e+02 1.679440e+01 -7.891582e+01
      vertex   1.056630e+02 1.679440e+01 -7.866005e+01
    endloop
  endfacet
  facet normal -8.874391e-01 -3.906462e-04 -4.609249e-01
    outer loop
      vertex   1.056820e+02 2.104440e+01 -7.870019e+01
      vertex   1.056630e+02 1.679440e+01 -7.866005e+01
      vertex   1.055547e+02 2.104440e+01 -7.845509e+01
    endloop
  endfacet
  facet normal -8.869971e-01 -3.383864e-04 -4.617750e-01
    outer loop
      vertex   1.055547e+02 2.104440e+01 -7.845509e+01
      vertex   1.056630e+02 1.679440e+01 -7.866005e+01
      vertex   1.056100e+02 1.254440e+01 -7.855511e+01
    endloop
  endfacet
  facet normal 8.874391e-01 -3.906462e-04 -4.609249e-01
    outer loop
      vertex   1.000580e+02 2.104440e+01 -7.870019e+01
      vertex   1.001853e+02 2.104440e+01 -7.845509e+01
      vertex   1.000770e+02 1.679440e+01 -7.866005e+01
    endloop
  endfacet
  facet normal 8.841154e-01 5.314603e-19 -4.672686e-01
    outer loop
      vertex   1.000770e+02 1.679440e+01 -7.866005e+01
      vertex   1.001853e+02 2.104440e+01 -7.845509e+01
      vertex   1.001853e+02 1.454440e+01 -7.845509e+01
    endloop
  endfacet
  facet normal 9.990212e-01 1.638453e-19 -4.423335e-02
    outer loop
      vertex   9.978213e+01 1.254440e+01 -7.973111e+01
      vertex   9.977000e+01 1.254440e+01 -8.000509e+01
      vertex   9.977000e+01 1.679440e+01 -8.000509e+01
    endloop
  endfacet
  facet normal 9.990212e-01 0.000000e+00 4.423335e-02
    outer loop
      vertex   9.977000e+01 1.679440e+01 -8.000509e+01
      vertex   9.977000e+01 1.254440e+01 -8.000509e+01
      vertex   9.978213e+01 1.254440e+01 -8.027906e+01
    endloop
  endfacet
  facet normal 9.989931e-01 -4.078928e-05 4.486483e-02
    outer loop
      vertex   9.977000e+01 1.679440e+01 -8.000509e+01
      vertex   9.978213e+01 1.254440e+01 -8.027906e+01
      vertex   9.978248e+01 1.679440e+01 -8.028297e+01
    endloop
  endfacet
  facet normal 9.912025e-01 4.020695e-05 1.323539e-01
    outer loop
      vertex   9.978248e+01 1.679440e+01 -8.028297e+01
      vertex   9.978213e+01 1.254440e+01 -8.027906e+01
      vertex   9.981843e+01 1.254440e+01 -8.055090e+01
    endloop
  endfacet
  facet normal 9.909498e-01 -8.041388e-05 1.342333e-01
    outer loop
      vertex   9.978248e+01 1.679440e+01 -8.028297e+01
      vertex   9.981843e+01 1.254440e+01 -8.055090e+01
      vertex   9.981982e+01 1.679440e+01 -8.055861e+01
    endloop
  endfacet
  facet normal 9.756263e-01 7.924918e-05 2.194385e-01
    outer loop
      vertex   9.981982e+01 1.679440e+01 -8.055861e+01
      vertex   9.981843e+01 1.254440e+01 -8.055090e+01
      vertex   9.987861e+01 1.254440e+01 -8.081846e+01
    endloop
  endfacet
  facet normal 9.749279e-01 -1.188737e-04 2.225209e-01
    outer loop
      vertex   9.981982e+01 1.679440e+01 -8.055861e+01
      vertex   9.987861e+01 1.254440e+01 -8.081846e+01
      vertex   9.988172e+01 1.679440e+01 -8.082980e+01
    endloop
  endfacet
  facet normal 9.524145e-01 1.171266e-04 3.048058e-01
    outer loop
      vertex   9.988172e+01 1.679440e+01 -8.082980e+01
      vertex   9.987861e+01 1.254440e+01 -8.081846e+01
      vertex   9.996220e+01 1.254440e+01 -8.107966e+01
    endloop
  endfacet
  facet normal 9.510565e-01 -1.561688e-04 3.090170e-01
    outer loop
      vertex   9.988172e+01 1.679440e+01 -8.082980e+01
      vertex   9.996220e+01 1.254440e+01 -8.107966e+01
      vertex   9.996767e+01 1.679440e+01 -8.109435e+01
    endloop
  endfacet
  facet normal 9.217488e-01 1.538393e-04 3.877875e-01
    outer loop
      vertex   9.996767e+01 1.679440e+01 -8.109435e+01
      vertex   9.996220e+01 1.254440e+01 -8.107966e+01
      vertex   1.000686e+02 1.254440e+01 -8.133244e+01
    endloop
  endfacet
  facet normal 9.195278e-01 -1.922990e-04 3.930250e-01
    outer loop
      vertex   9.996767e+01 1.679440e+01 -8.109435e+01
      vertex   1.000686e+02 1.254440e+01 -8.133244e+01
      vertex   1.000770e+02 1.679440e+01 -8.135012e+01
    endloop
  endfacet
  facet normal 8.838691e-01 1.893870e-04 4.677343e-01
    outer loop
      vertex   1.000770e+02 1.679440e+01 -8.135012e+01
      vertex   1.000686e+02 1.254440e+01 -8.133244e+01
      vertex   1.001968e+02 1.254440e+01 -8.157484e+01
    endloop
  endfacet
  facet normal 8.805955e-01 -2.272642e-04 4.738687e-01
    outer loop
      vertex   1.000770e+02 1.679440e+01 -8.135012e+01
      vertex   1.001968e+02 1.254440e+01 -8.157484e+01
      vertex   1.002088e+02 1.679440e+01 -8.159507e+01
    endloop
  endfacet
  facet normal 8.390720e-01 2.237698e-04 5.440204e-01
    outer loop
      vertex   1.002088e+02 1.679440e+01 -8.159507e+01
      vertex   1.001968e+02 1.254440e+01 -8.157484e+01
      vertex   1.003460e+02 1.254440e+01 -8.180495e+01
    endloop
  endfacet
  facet normal 8.345732e-01 -2.610645e-04 5.508970e-01
    outer loop
      vertex   1.002088e+02 1.679440e+01 -8.159507e+01
      vertex   1.003460e+02 1.254440e+01 -8.180495e+01
      vertex   1.003620e+02 1.679440e+01 -8.182722e+01
    endloop
  endfacet
  facet normal 7.877079e-01 2.569876e-04 6.160488e-01
    outer loop
      vertex   1.003620e+02 1.679440e+01 -8.182722e+01
      vertex   1.003460e+02 1.254440e+01 -8.180495e+01
      vertex   1.005150e+02 1.254440e+01 -8.202098e+01
    endloop
  endfacet
  facet normal 7.818314e-01 -2.936998e-04 6.234898e-01
    outer loop
      vertex   1.003620e+02 1.679440e+01 -8.182722e+01
      vertex   1.005150e+02 1.254440e+01 -8.202098e+01
      vertex   1.005355e+02 1.679440e+01 -8.204470e+01
    endloop
  endfacet
  facet normal 7.301790e-01 2.890403e-04 6.832558e-01
    outer loop
      vertex   1.005355e+02 1.679440e+01 -8.204470e+01
      vertex   1.005150e+02 1.254440e+01 -8.202098e+01
      vertex   1.007024e+02 1.254440e+01 -8.222123e+01
    endloop
  endfacet
  facet normal 7.227948e-01 -3.251699e-04 6.910626e-01
    outer loop
      vertex   1.005355e+02 1.679440e+01 -8.204470e+01
      vertex   1.007024e+02 1.254440e+01 -8.222123e+01
      vertex   1.007277e+02 1.679440e+01 -8.224575e+01
    endloop
  endfacet
  facet normal 6.669355e-01 3.199279e-04 7.451154e-01
    outer loop
      vertex   1.007277e+02 1.679440e+01 -8.224575e+01
      vertex   1.007024e+02 1.254440e+01 -8.222123e+01
      vertex   1.009067e+02 1.254440e+01 -8.240413e+01
    endloop
  endfacet
  facet normal 6.579387e-01 -3.554750e-04 7.530714e-01
    outer loop
      vertex   1.007277e+02 1.679440e+01 -8.224575e+01
      vertex   1.009067e+02 1.254440e+01 -8.240413e+01
      vertex   1.009372e+02 1.679440e+01 -8.242876e+01
    endloop
  endfacet
  facet normal 5.984723e-01 3.496503e-04 8.011434e-01
    outer loop
      vertex   1.009372e+02 1.679440e+01 -8.242876e+01
      vertex   1.009067e+02 1.254440e+01 -8.240413e+01
      vertex   1.011264e+02 1.254440e+01 -8.256826e+01
    endloop
  endfacet
  facet normal 5.877852e-01 -3.846148e-04 8.090169e-01
    outer loop
      vertex   1.009372e+02 1.679440e+01 -8.242876e+01
      vertex   1.011264e+02 1.254440e+01 -8.256826e+01
      vertex   1.011622e+02 1.679440e+01 -8.259226e+01
    endloop
  endfacet
  facet normal 5.253252e-01 3.782076e-04 8.509015e-01
    outer loop
      vertex   1.011622e+02 1.679440e+01 -8.259226e+01
      vertex   1.011264e+02 1.254440e+01 -8.256826e+01
      vertex   1.013598e+02 1.254440e+01 -8.271233e+01
    endloop
  endfacet
  facet normal 5.128992e-01 -4.125894e-04 8.584487e-01
    outer loop
      vertex   1.011622e+02 1.679440e+01 -8.259226e+01
      vertex   1.013598e+02 1.254440e+01 -8.271233e+01
      vertex   1.014010e+02 1.679440e+01 -8.273493e+01
    endloop
  endfacet
  facet normal 4.480667e-01 4.055996e-04 8.940000e-01
    outer loop
      vertex   1.014010e+02 1.679440e+01 -8.273493e+01
      vertex   1.013598e+02 1.254440e+01 -8.271233e+01
      vertex   1.016049e+02 1.254440e+01 -8.283521e+01
    endloop
  endfacet
  facet normal 4.338837e-01 -4.393988e-04 9.009688e-01
    outer loop
      vertex   1.014010e+02 1.679440e+01 -8.273493e+01
      vertex   1.016049e+02 1.254440e+01 -8.283521e+01
      vertex   1.016516e+02 1.679440e+01 -8.285562e+01
    endloop
  endfacet
  facet normal 3.673016e-01 4.318262e-04 9.301018e-01
    outer loop
      vertex   1.016516e+02 1.679440e+01 -8.285562e+01
      vertex   1.016049e+02 1.254440e+01 -8.283521e+01
      vertex   1.018600e+02 1.254440e+01 -8.293594e+01
    endloop
  endfacet
  facet normal 3.513748e-01 -4.650428e-04 9.362348e-01
    outer loop
      vertex   1.016516e+02 1.679440e+01 -8.285562e+01
      vertex   1.018600e+02 1.254440e+01 -8.293594e+01
      vertex   1.019120e+02 1.679440e+01 -8.295336e+01
    endloop
  endfacet
  facet normal 2.836617e-01 4.568876e-04 9.589243e-01
    outer loop
      vertex   1.019120e+02 1.679440e+01 -8.295336e+01
      vertex   1.018600e+02 1.254440e+01 -8.293594e+01
      vertex   1.021230e+02 1.254440e+01 -8.301374e+01
    endloop
  endfacet
  facet normal 2.660368e-01 -4.895215e-04 9.639627e-01
    outer loop
      vertex   1.019120e+02 1.679440e+01 -8.295336e+01
      vertex   1.021230e+02 1.254440e+01 -8.301374e+01
      vertex   1.021802e+02 1.679440e+01 -8.302736e+01
    endloop
  endfacet
  facet normal 1.978019e-01 4.807836e-04 9.802419e-01
    outer loop
      vertex   1.021802e+02 1.679440e+01 -8.302736e+01
      vertex   1.021230e+02 1.254440e+01 -8.301374e+01
      vertex   1.023918e+02 1.254440e+01 -8.306798e+01
    endloop
  endfacet
  facet normal 1.785569e-01 -5.128348e-04 9.839295e-01
    outer loop
      vertex   1.021802e+02 1.679440e+01 -8.302736e+01
      vertex   1.023918e+02 1.254440e+01 -8.306798e+01
      vertex   1.024539e+02 1.679440e+01 -8.307703e+01
    endloop
  endfacet
  facet normal 1.103940e-01 5.035141e-04 9.938878e-01
    outer loop
      vertex   1.024539e+02 1.679440e+01 -8.307703e+01
      vertex   1.023918e+02 1.254440e+01 -8.306798e+01
      vertex   1.026644e+02 1.254440e+01 -8.309826e+01
    endloop
  endfacet
  facet normal 8.956004e-02 -5.389440e-04 9.959813e-01
    outer loop
      vertex   1.024539e+02 1.679440e+01 -8.307703e+01
      vertex   1.026644e+02 1.254440e+01 -8.309826e+01
      vertex   1.027314e+02 1.679440e+01 -8.310199e+01
    endloop
  endfacet
  facet normal 2.212208e-02 5.277114e-04 9.997551e-01
    outer loop
      vertex   1.027314e+02 1.679440e+01 -8.310199e+01
      vertex   1.026644e+02 1.254440e+01 -8.309826e+01
      vertex   1.029386e+02 1.254440e+01 -8.310433e+01
    endloop
  endfacet
  facet normal 0.000000e+00 -5.507661e-04 9.999998e-01
    outer loop
      vertex   1.027314e+02 1.679440e+01 -8.310199e+01
      vertex   1.029386e+02 1.254440e+01 -8.310433e+01
      vertex   1.030086e+02 1.679440e+01 -8.310199e+01
    endloop
  endfacet
  facet normal -6.632295e-02 5.429750e-04 9.977981e-01
    outer loop
      vertex   1.030086e+02 1.679440e+01 -8.310199e+01
      vertex   1.029386e+02 1.254440e+01 -8.310433e+01
      vertex   1.032122e+02 1.254440e+01 -8.308614e+01
    endloop
  endfacet
  facet normal -8.956004e-02 -5.771752e-04 9.959813e-01
    outer loop
      vertex   1.030086e+02 1.679440e+01 -8.310199e+01
      vertex   1.032122e+02 1.254440e+01 -8.308614e+01
      vertex   1.032861e+02 1.679440e+01 -8.307703e+01
    endloop
  endfacet
  facet normal -1.542489e-01 5.647130e-04 9.880319e-01
    outer loop
      vertex   1.032861e+02 1.679440e+01 -8.307703e+01
      vertex   1.032122e+02 1.254440e+01 -8.308614e+01
      vertex   1.034832e+02 1.254440e+01 -8.304384e+01
    endloop
  endfacet
  facet normal -1.785569e-01 -5.944332e-04 9.839294e-01
    outer loop
      vertex   1.032861e+02 1.679440e+01 -8.307703e+01
      vertex   1.034832e+02 1.254440e+01 -8.304384e+01
      vertex   1.035598e+02 1.679440e+01 -8.302736e+01
    endloop
  endfacet
  facet normal -2.409677e-01 5.827815e-04 9.705330e-01
    outer loop
      vertex   1.035598e+02 1.679440e+01 -8.302736e+01
      vertex   1.034832e+02 1.254440e+01 -8.304384e+01
      vertex   1.037494e+02 1.254440e+01 -8.297775e+01
    endloop
  endfacet
  facet normal -2.660368e-01 -6.119189e-04 9.639627e-01
    outer loop
      vertex   1.035598e+02 1.679440e+01 -8.302736e+01
      vertex   1.037494e+02 1.254440e+01 -8.297775e+01
      vertex   1.038280e+02 1.679440e+01 -8.295336e+01
    endloop
  endfacet
  facet normal -3.258005e-01 5.996845e-04 9.454383e-01
    outer loop
      vertex   1.038280e+02 1.679440e+01 -8.295336e+01
      vertex   1.037494e+02 1.254440e+01 -8.297775e+01
      vertex   1.040086e+02 1.254440e+01 -8.288840e+01
    endloop
  endfacet
  facet normal -3.513748e-01 -6.282391e-04 9.362347e-01
    outer loop
      vertex   1.038280e+02 1.679440e+01 -8.295336e+01
      vertex   1.040086e+02 1.254440e+01 -8.288840e+01
      vertex   1.040884e+02 1.679440e+01 -8.285562e+01
    endloop
  endfacet
  facet normal -4.080835e-01 6.154219e-04 9.129444e-01
    outer loop
      vertex   1.040884e+02 1.679440e+01 -8.285562e+01
      vertex   1.040086e+02 1.254440e+01 -8.288840e+01
      vertex   1.042590e+02 1.254440e+01 -8.277649e+01
    endloop
  endfacet
  facet normal -4.338836e-01 -6.433937e-04 9.009687e-01
    outer loop
      vertex   1.040884e+02 1.679440e+01 -8.285562e+01
      vertex   1.042590e+02 1.254440e+01 -8.277649e+01
      vertex   1.043390e+02 1.679440e+01 -8.273493e+01
    endloop
  endfacet
  facet normal -4.871727e-01 6.299936e-04 8.733054e-01
    outer loop
      vertex   1.043390e+02 1.679440e+01 -8.273493e+01
      vertex   1.042590e+02 1.254440e+01 -8.277649e+01
      vertex   1.044985e+02 1.254440e+01 -8.264288e+01
    endloop
  endfacet
  facet normal -5.128992e-01 -6.573826e-04 8.584486e-01
    outer loop
      vertex   1.043390e+02 1.679440e+01 -8.273493e+01
      vertex   1.044985e+02 1.254440e+01 -8.264288e+01
      vertex   1.045778e+02 1.679440e+01 -8.259226e+01
    endloop
  endfacet
  facet normal -5.624492e-01 6.433997e-04 8.268316e-01
    outer loop
      vertex   1.045778e+02 1.679440e+01 -8.259226e+01
      vertex   1.044985e+02 1.254440e+01 -8.264288e+01
      vertex   1.047253e+02 1.254440e+01 -8.248863e+01
    endloop
  endfacet
  facet normal -5.877851e-01 -6.702058e-04 8.090168e-01
    outer loop
      vertex   1.045778e+02 1.679440e+01 -8.259226e+01
      vertex   1.047253e+02 1.254440e+01 -8.248863e+01
      vertex   1.048028e+02 1.679440e+01 -8.242876e+01
    endloop
  endfacet
  facet normal -6.333237e-01 6.556401e-04 7.738868e-01
    outer loop
      vertex   1.048028e+02 1.679440e+01 -8.242876e+01
      vertex   1.047253e+02 1.254440e+01 -8.248863e+01
      vertex   1.049375e+02 1.254440e+01 -8.231494e+01
    endloop
  endfacet
  facet normal -6.579386e-01 -6.818634e-04 7.530713e-01
    outer loop
      vertex   1.048028e+02 1.679440e+01 -8.242876e+01
      vertex   1.049375e+02 1.254440e+01 -8.231494e+01
      vertex   1.050123e+02 1.679440e+01 -8.224575e+01
    endloop
  endfacet
  facet normal -6.992415e-01 6.667148e-04 7.148852e-01
    outer loop
      vertex   1.050123e+02 1.679440e+01 -8.224575e+01
      vertex   1.049375e+02 1.254440e+01 -8.231494e+01
      vertex   1.051336e+02 1.254440e+01 -8.212318e+01
    endloop
  endfacet
  facet normal -7.227947e-01 -6.923552e-04 6.910625e-01
    outer loop
      vertex   1.050123e+02 1.679440e+01 -8.224575e+01
      vertex   1.051336e+02 1.254440e+01 -8.212318e+01
      vertex   1.052045e+02 1.679440e+01 -8.204470e+01
    endloop
  endfacet
  facet normal -7.596869e-01 6.766238e-04 6.502887e-01
    outer loop
      vertex   1.052045e+02 1.679440e+01 -8.204470e+01
      vertex   1.051336e+02 1.254440e+01 -8.212318e+01
      vertex   1.053119e+02 1.254440e+01 -8.191484e+01
    endloop
  endfacet
  facet normal -7.818313e-01 -7.016814e-04 6.234896e-01
    outer loop
      vertex   1.052045e+02 1.679440e+01 -8.204470e+01
      vertex   1.053119e+02 1.254440e+01 -8.191484e+01
      vertex   1.053780e+02 1.679440e+01 -8.182722e+01
    endloop
  endfacet
  facet normal -8.141867e-01 6.853671e-04 5.806028e-01
    outer loop
      vertex   1.053780e+02 1.679440e+01 -8.182722e+01
      vertex   1.053119e+02 1.254440e+01 -8.191484e+01
      vertex   1.054711e+02 1.254440e+01 -8.169155e+01
    endloop
  endfacet
  facet normal -8.345730e-01 -7.098418e-04 5.508968e-01
    outer loop
      vertex   1.053780e+02 1.679440e+01 -8.182722e+01
      vertex   1.054711e+02 1.254440e+01 -8.169155e+01
      vertex   1.055312e+02 1.679440e+01 -8.159507e+01
    endloop
  endfacet
  facet normal -8.623144e-01 6.929446e-04 5.063728e-01
    outer loop
      vertex   1.055312e+02 1.679440e+01 -8.159507e+01
      vertex   1.054711e+02 1.254440e+01 -8.169155e+01
      vertex   1.056100e+02 1.254440e+01 -8.145506e+01
    endloop
  endfacet
  facet normal -8.805953e-01 -7.168364e-04 4.738685e-01
    outer loop
      vertex   1.055312e+02 1.679440e+01 -8.159507e+01
      vertex   1.056100e+02 1.254440e+01 -8.145506e+01
      vertex   1.056630e+02 1.679440e+01 -8.135012e+01
    endloop
  endfacet
  facet normal -9.036933e-01 6.993564e-04 4.281799e-01
    outer loop
      vertex   1.056630e+02 1.679440e+01 -8.135012e+01
      vertex   1.056100e+02 1.254440e+01 -8.145506e+01
      vertex   1.057274e+02 1.254440e+01 -8.120723e+01
    endloop
  endfacet
  facet normal -9.195275e-01 -7.226653e-04 3.930249e-01
    outer loop
      vertex   1.056630e+02 1.679440e+01 -8.135012e+01
      vertex   1.057274e+02 1.254440e+01 -8.120723e+01
      vertex   1.057723e+02 1.679440e+01 -8.109435e+01
    endloop
  endfacet
  facet normal -9.379995e-01 7.046024e-04 3.466358e-01
    outer loop
      vertex   1.057723e+02 1.679440e+01 -8.109435e+01
      vertex   1.057274e+02 1.254440e+01 -8.120723e+01
      vertex   1.058225e+02 1.254440e+01 -8.094998e+01
    endloop
  endfacet
  facet normal -9.510563e-01 -7.273285e-04 3.090169e-01
    outer loop
      vertex   1.057723e+02 1.679440e+01 -8.109435e+01
      vertex   1.058225e+02 1.254440e+01 -8.094998e+01
      vertex   1.058583e+02 1.679440e+01 -8.082980e+01
    endloop
  endfacet
  facet normal -9.649647e-01 7.086827e-04 2.623789e-01
    outer loop
      vertex   1.058583e+02 1.679440e+01 -8.082980e+01
      vertex   1.058225e+02 1.254440e+01 -8.094998e+01
      vertex   1.058944e+02 1.254440e+01 -8.068534e+01
    endloop
  endfacet
  facet normal -9.749277e-01 -7.308258e-04 2.225209e-01
    outer loop
      vertex   1.058583e+02 1.679440e+01 -8.082980e+01
      vertex   1.058944e+02 1.254440e+01 -8.068534e+01
      vertex   1.059202e+02 1.679440e+01 -8.055861e+01
    endloop
  endfacet
  facet normal -9.843777e-01 7.115971e-04 1.760685e-01
    outer loop
      vertex   1.059202e+02 1.679440e+01 -8.055861e+01
      vertex   1.058944e+02 1.254440e+01 -8.068534e+01
      vertex   1.059427e+02 1.254440e+01 -8.041538e+01
    endloop
  endfacet
  facet normal -9.909495e-01 -7.331574e-04 1.342332e-01
    outer loop
      vertex   1.059202e+02 1.679440e+01 -8.055861e+01
      vertex   1.059427e+02 1.254440e+01 -8.041538e+01
      vertex   1.059575e+02 1.679440e+01 -8.028297e+01
    endloop
  endfacet
  facet normal -9.960866e-01 7.133458e-04 8.838008e-02
    outer loop
      vertex   1.059575e+02 1.679440e+01 -8.028297e+01
      vertex   1.059427e+02 1.254440e+01 -8.041538e+01
      vertex   1.059670e+02 1.254440e+01 -8.014221e+01
    endloop
  endfacet
  facet normal -9.989928e-01 -7.343232e-04 4.486482e-02
    outer loop
      vertex   1.059575e+02 1.679440e+01 -8.028297e+01
      vertex   1.059670e+02 1.254440e+01 -8.014221e+01
      vertex   1.059700e+02 1.679440e+01 -8.000509e+01
    endloop
  endfacet
  facet normal -9.999997e-01 7.139287e-04 0.000000e+00
    outer loop
      vertex   1.059700e+02 1.679440e+01 -8.000509e+01
      vertex   1.059670e+02 1.254440e+01 -8.014221e+01
      vertex   1.059670e+02 1.254440e+01 -7.986796e+01
    endloop
  endfacet
  facet normal -9.989928e-01 -7.343232e-04 -4.486482e-02
    outer loop
      vertex   1.059700e+02 1.679440e+01 -8.000509e+01
      vertex   1.059670e+02 1.254440e+01 -7.986796e+01
      vertex   1.059575e+02 1.679440e+01 -7.972720e+01
    endloop
  endfacet
  facet normal -9.960866e-01 7.133458e-04 -8.838008e-02
    outer loop
      vertex   1.059575e+02 1.679440e+01 -7.972720e+01
      vertex   1.059670e+02 1.254440e+01 -7.986796e+01
      vertex   1.059427e+02 1.254440e+01 -7.959479e+01
    endloop
  endfacet
  facet normal -9.909495e-01 -7.331574e-04 -1.342332e-01
    outer loop
      vertex   1.059575e+02 1.679440e+01 -7.972720e+01
      vertex   1.059427e+02 1.254440e+01 -7.959479e+01
      vertex   1.059202e+02 1.679440e+01 -7.945156e+01
    endloop
  endfacet
  facet normal -9.843777e-01 7.115971e-04 -1.760685e-01
    outer loop
      vertex   1.059202e+02 1.679440e+01 -7.945156e+01
      vertex   1.059427e+02 1.254440e+01 -7.959479e+01
      vertex   1.058944e+02 1.254440e+01 -7.932483e+01
    endloop
  endfacet
  facet normal -9.749277e-01 -7.308258e-04 -2.225209e-01
    outer loop
      vertex   1.059202e+02 1.679440e+01 -7.945156e+01
      vertex   1.058944e+02 1.254440e+01 -7.932483e+01
      vertex   1.058583e+02 1.679440e+01 -7.918037e+01
    endloop
  endfacet
  facet normal -9.649647e-01 7.086827e-04 -2.623789e-01
    outer loop
      vertex   1.058583e+02 1.679440e+01 -7.918037e+01
      vertex   1.058944e+02 1.254440e+01 -7.932483e+01
      vertex   1.058225e+02 1.254440e+01 -7.906019e+01
    endloop
  endfacet
  facet normal -9.510563e-01 -7.273285e-04 -3.090169e-01
    outer loop
      vertex   1.058583e+02 1.679440e+01 -7.918037e+01
      vertex   1.058225e+02 1.254440e+01 -7.906019e+01
      vertex   1.057723e+02 1.679440e+01 -7.891582e+01
    endloop
  endfacet
  facet normal -9.379995e-01 7.046024e-04 -3.466358e-01
    outer loop
      vertex   1.057723e+02 1.679440e+01 -7.891582e+01
      vertex   1.058225e+02 1.254440e+01 -7.906019e+01
      vertex   1.057274e+02 1.254440e+01 -7.880294e+01
    endloop
  endfacet
  facet normal -9.195275e-01 -7.226653e-04 -3.930249e-01
    outer loop
      vertex   1.057723e+02 1.679440e+01 -7.891582e+01
      vertex   1.057274e+02 1.254440e+01 -7.880294e+01
      vertex   1.056630e+02 1.679440e+01 -7.866005e+01
    endloop
  endfacet
  facet normal -9.036933e-01 6.993564e-04 -4.281799e-01
    outer loop
      vertex   1.056630e+02 1.679440e+01 -7.866005e+01
      vertex   1.057274e+02 1.254440e+01 -7.880294e+01
      vertex   1.056100e+02 1.254440e+01 -7.855511e+01
    endloop
  endfacet
  facet normal 9.217488e-01 1.538393e-04 -3.877875e-01
    outer loop
      vertex   1.000686e+02 1.254440e+01 -7.867773e+01
      vertex   9.996220e+01 1.254440e+01 -7.893051e+01
      vertex   9.996767e+01 1.679440e+01 -7.891582e+01
    endloop
  endfacet
  facet normal 9.510565e-01 -1.561688e-04 -3.090170e-01
    outer loop
      vertex   9.996767e+01 1.679440e+01 -7.891582e+01
      vertex   9.996220e+01 1.254440e+01 -7.893051e+01
      vertex   9.988172e+01 1.679440e+01 -7.918037e+01
    endloop
  endfacet
  facet normal 9.524145e-01 1.171266e-04 -3.048058e-01
    outer loop
      vertex   9.996220e+01 1.254440e+01 -7.893051e+01
      vertex   9.987861e+01 1.254440e+01 -7.919171e+01
      vertex   9.988172e+01 1.679440e+01 -7.918037e+01
    endloop
  endfacet
  facet normal 9.749279e-01 -1.188737e-04 -2.225209e-01
    outer loop
      vertex   9.988172e+01 1.679440e+01 -7.918037e+01
      vertex   9.987861e+01 1.254440e+01 -7.919171e+01
      vertex   9.981982e+01 1.679440e+01 -7.945156e+01
    endloop
  endfacet
  facet normal 9.756263e-01 7.924918e-05 -2.194385e-01
    outer loop
      vertex   9.987861e+01 1.254440e+01 -7.919171e+01
      vertex   9.981843e+01 1.254440e+01 -7.945927e+01
      vertex   9.981982e+01 1.679440e+01 -7.945156e+01
    endloop
  endfacet
  facet normal 9.909498e-01 -8.041388e-05 -1.342333e-01
    outer loop
      vertex   9.981982e+01 1.679440e+01 -7.945156e+01
      vertex   9.981843e+01 1.254440e+01 -7.945927e+01
      vertex   9.978248e+01 1.679440e+01 -7.972720e+01
    endloop
  endfacet
  facet normal 9.912025e-01 4.020695e-05 -1.323539e-01
    outer loop
      vertex   9.981843e+01 1.254440e+01 -7.945927e+01
      vertex   9.978213e+01 1.254440e+01 -7.973111e+01
      vertex   9.978248e+01 1.679440e+01 -7.972720e+01
    endloop
  endfacet
  facet normal 9.989931e-01 -4.078928e-05 -4.486483e-02
    outer loop
      vertex   9.978248e+01 1.679440e+01 -7.972720e+01
      vertex   9.978213e+01 1.254440e+01 -7.973111e+01
      vertex   9.977000e+01 1.679440e+01 -8.000509e+01
    endloop
  endfacet
  facet normal -0.000000e+00 -1.000000e+00 -0.000000e+00
    outer loop
      vertex   1.055547e+02 2.104440e+01 -7.845509e+01
      vertex   1.001853e+02 2.104440e+01 -7.845509e+01
      vertex   1.056820e+02 2.104440e+01 -7.870019e+01
    endloop
  endfacet
  facet normal 0.000000e+00 -1.000000e+00 0.000000e+00
    outer loop
      vertex   1.056820e+02 2.104440e+01 -7.870019e+01
      vertex   1.001853e+02 2.104440e+01 -7.845509e+01
      vertex   1.000580e+02 2.104440e+01 -7.870019e+01
    endloop
  endfacet
  facet normal -0.000000e+00 -1.000000e+00 -0.000000e+00
    outer loop
      vertex   1.056820e+02 2.104440e+01 -7.870019e+01
      vertex   1.000580e+02 2.104440e+01 -7.870019e+01
      vertex   1.057870e+02 2.104440e+01 -7.895565e+01
    endloop
  endfacet
  facet normal 0.000000e+00 -1.000000e+00 0.000000e+00
    outer loop
      vertex   1.057870e+02 2.104440e+01 -7.895565e+01
      vertex   1.000580e+02 2.104440e+01 -7.870019e+01
      vertex   9.995304e+01 2.104440e+01 -7.895565e+01
    endloop
  endfacet
  facet normal -0.000000e+00 -1.000000e+00 -0.000000e+00
    outer loop
      vertex   1.057870e+02 2.104440e+01 -7.895565e+01
      vertex   9.995304e+01 2.104440e+01 -7.895565e+01
      vertex   1.058688e+02 2.104440e+01 -7.921944e+01
    endloop
  endfacet
  facet normal 0.000000e+00 -1.000000e+00 0.000000e+00
    outer loop
      vertex   1.058688e+02 2.104440e+01 -7.921944e+01
      vertex   9.995304e+01 2.104440e+01 -7.895565e+01
      vertex   9.987121e+01 2.104440e+01 -7.921944e+01
    endloop
  endfacet
  facet normal -0.000000e+00 -1.000000e+00 -0.000000e+00
    outer loop
      vertex   1.058688e+02 2.104440e+01 -7.921944e+01
      vertex   9.987121e+01 2.104440e+01 -7.921944e+01
      vertex   1.059268e+02 2.104440e+01 -7.948946e+01
    endloop
  endfacet
  facet normal 0.000000e+00 -1.000000e+00 0.000000e+00
    outer loop
      vertex   1.059268e+02 2.104440e+01 -7.948946e+01
      vertex   9.987121e+01 2.104440e+01 -7.921944e+01
      vertex   9.981318e+01 2.104440e+01 -7.948946e+01
    endloop
  endfacet
  facet normal -0.000000e+00 -1.000000e+00 -0.000000e+00
    outer loop
      vertex   1.059268e+02 2.104440e+01 -7.948946e+01
      vertex   9.981318e+01 2.104440e+01 -7.948946e+01
      vertex   1.059606e+02 2.104440e+01 -7.976358e+01
    endloop
  endfacet
  facet normal 0.000000e+00 -1.000000e+00 0.000000e+00
    outer loop
      vertex   1.059606e+02 2.104440e+01 -7.976358e+01
      vertex   9.981318e+01 2.104440e+01 -7.948946e+01
      vertex   9.977942e+01 2.104440e+01 -7.976358e+01
    endloop
  endfacet
  facet normal -0.000000e+00 -1.000000e+00 -0.000000e+00
    outer loop
      vertex   1.059606e+02 2.104440e+01 -7.976358e+01
      vertex   9.977942e+01 2.104440e+01 -7.976358e+01
      vertex   1.059698e+02 2.104440e+01 -8.003962e+01
    endloop
  endfacet
  facet normal 0.000000e+00 -1.000000e+00 0.000000e+00
    outer loop
      vertex   1.059698e+02 2.104440e+01 -8.003962e+01
      vertex   9.977942e+01 2.104440e+01 -7.976358e+01
      vertex   9.977019e+01 2.104440e+01 -8.003962e+01
    endloop
  endfacet
  facet normal -0.000000e+00 -1.000000e+00 0.000000e+00
    outer loop
      vertex   1.059698e+02 2.104440e+01 -8.003962e+01
      vertex   9.977019e+01 2.104440e+01 -8.003962e+01
      vertex   1.059544e+02 2.104440e+01 -8.031538e+01
    endloop
  endfacet
  facet normal 0.000000e+00 -1.000000e+00 0.000000e+00
    outer loop
      vertex   1.059544e+02 2.104440e+01 -8.031538e+01
      vertex   9.977019e+01 2.104440e+01 -8.003962e+01
      vertex   9.978557e+01 2.104440e+01 -8.031538e+01
    endloop
  endfacet
  facet normal -0.000000e+00 -1.000000e+00 0.000000e+00
    outer loop
      vertex   1.059544e+02 2.104440e+01 -8.031538e+01
      vertex   9.978557e+01 2.104440e+01 -8.031538e+01
      vertex   1.059146e+02 2.104440e+01 -8.058868e+01
    endloop
  endfacet
  facet normal 0.000000e+00 -1.000000e+00 0.000000e+00
    outer loop
      vertex   1.059146e+02 2.104440e+01 -8.058868e+01
      vertex   9.978557e+01 2.104440e+01 -8.031538e+01
      vertex   9.982543e+01 2.104440e+01 -8.058868e+01
    endloop
  endfacet
  facet normal -0.000000e+00 -1.000000e+00 0.000000e+00
    outer loop
      vertex   1.059146e+02 2.104440e+01 -8.058868e+01
      vertex   9.982543e+01 2.104440e+01 -8.058868e+01
      vertex   1.058505e+02 2.104440e+01 -8.085735e+01
    endloop
  endfacet
  facet normal 0.000000e+00 -1.000000e+00 0.000000e+00
    outer loop
      vertex   1.058505e+02 2.104440e+01 -8.085735e+01
      vertex   9.982543e+01 2.104440e+01 -8.058868e+01
      vertex   9.988945e+01 2.104440e+01 -8.085735e+01
    endloop
  endfacet
  facet normal -0.000000e+00 -1.000000e+00 0.000000e+00
    outer loop
      vertex   1.058505e+02 2.104440e+01 -8.085735e+01
      vertex   9.988945e+01 2.104440e+01 -8.085735e+01
      vertex   1.057629e+02 2.104440e+01 -8.111925e+01
    endloop
  endfacet
  facet normal 0.000000e+00 -1.000000e+00 0.000000e+00
    outer loop
      vertex   1.057629e+02 2.104440e+01 -8.111925e+01
      vertex   9.988945e+01 2.104440e+01 -8.085735e+01
      vertex   9.997714e+01 2.104440e+01 -8.111925e+01
    endloop
  endfacet
  facet normal -0.000000e+00 -1.000000e+00 0.000000e+00
    outer loop
      vertex   1.057629e+02 2.104440e+01 -8.111925e+01
      vertex   9.997714e+01 2.104440e+01 -8.111925e+01
      vertex   1.056522e+02 2.104440e+01 -8.137231e+01
    endloop
  endfacet
  facet normal 0.000000e+00 -1.000000e+00 0.000000e+00
    outer loop
      vertex   1.056522e+02 2.104440e+01 -8.137231e+01
      vertex   9.997714e+01 2.104440e+01 -8.111925e+01
      vertex   1.000878e+02 2.104440e+01 -8.137231e+01
    endloop
  endfacet
  facet normal -0.000000e+00 -1.000000e+00 0.000000e+00
    outer loop
      vertex   1.056522e+02 2.104440e+01 -8.137231e+01
      vertex   1.000878e+02 2.104440e+01 -8.137231e+01
      vertex   1.055195e+02 2.104440e+01 -8.161451e+01
    endloop
  endfacet
  facet normal 0.000000e+00 -1.000000e+00 0.000000e+00
    outer loop
      vertex   1.055195e+02 2.104440e+01 -8.161451e+01
      vertex   1.000878e+02 2.104440e+01 -8.137231e+01
      vertex   1.002205e+02 2.104440e+01 -8.161451e+01
    endloop
  endfacet
  facet normal -0.000000e+00 -1.000000e+00 0.000000e+00
    outer loop
      vertex   1.055195e+02 2.104440e+01 -8.161451e+01
      vertex   1.002205e+02 2.104440e+01 -8.161451e+01
      vertex   1.053657e+02 2.104440e+01 -8.184394e+01
    endloop
  endfacet
  facet normal 0.000000e+00 -1.000000e+00 0.000000e+00
    outer loop
      vertex   1.053657e+02 2.104440e+01 -8.184394e+01
      vertex   1.002205e+02 2.104440e+01 -8.161451e+01
      vertex   1.003743e+02 2.104440e+01 -8.184394e+01
    endloop
  endfacet
  facet normal -0.000000e+00 -1.000000e+00 0.000000e+00
    outer loop
      vertex   1.053657e+02 2.104440e+01 -8.184394e+01
      vertex   1.003743e+02 2.104440e+01 -8.184394e+01
      vertex   1.051921e+02 2.104440e+01 -8.205878e+01
    endloop
  endfacet
  facet normal 0.000000e+00 -1.000000e+00 0.000000e+00
    outer loop
      vertex   1.051921e+02 2.104440e+01 -8.205878e+01
      vertex   1.003743e+02 2.104440e+01 -8.184394e+01
      vertex   1.005479e+02 2.104440e+01 -8.205878e+01
    endloop
  endfacet
  facet normal -0.000000e+00 -1.000000e+00 0.000000e+00
    outer loop
      vertex   1.051921e+02 2.104440e+01 -8.205878e+01
      vertex   1.005479e+02 2.104440e+01 -8.205878e+01
      vertex   1.050001e+02 2.104440e+01 -8.225731e+01
    endloop
  endfacet
  facet normal 0.000000e+00 -1.000000e+00 0.000000e+00
    outer loop
      vertex   1.050001e+02 2.104440e+01 -8.225731e+01
      vertex   1.005479e+02 2.104440e+01 -8.205878e+01
      vertex   1.007399e+02 2.104440e+01 -8.225731e+01
    endloop
  endfacet
  facet normal -0.000000e+00 -1.000000e+00 0.000000e+00
    outer loop
      vertex   1.050001e+02 2.104440e+01 -8.225731e+01
      vertex   1.007399e+02 2.104440e+01 -8.225731e+01
      vertex   1.047912e+02 2.104440e+01 -8.243796e+01
    endloop
  endfacet
  facet normal 0.000000e+00 -1.000000e+00 0.000000e+00
    outer loop
      vertex   1.047912e+02 2.104440e+01 -8.243796e+01
      vertex   1.007399e+02 2.104440e+01 -8.225731e+01
      vertex   1.009488e+02 2.104440e+01 -8.243796e+01
    endloop
  endfacet
  facet normal -0.000000e+00 -1.000000e+00 0.000000e+00
    outer loop
      vertex   1.047912e+02 2.104440e+01 -8.243796e+01
      vertex   1.009488e+02 2.104440e+01 -8.243796e+01
      vertex   1.045671e+02 2.104440e+01 -8.259931e+01
    endloop
  endfacet
  facet normal 0.000000e+00 -1.000000e+00 0.000000e+00
    outer loop
      vertex   1.045671e+02 2.104440e+01 -8.259931e+01
      vertex   1.009488e+02 2.104440e+01 -8.243796e+01
      vertex   1.011729e+02 2.104440e+01 -8.259931e+01
    endloop
  endfacet
  facet normal -0.000000e+00 -1.000000e+00 0.000000e+00
    outer loop
      vertex   1.045671e+02 2.104440e+01 -8.259931e+01
      vertex   1.011729e+02 2.104440e+01 -8.259931e+01
      vertex   1.043294e+02 2.104440e+01 -8.274006e+01
    endloop
  endfacet
  facet normal 0.000000e+00 -1.000000e+00 0.000000e+00
    outer loop
      vertex   1.043294e+02 2.104440e+01 -8.274006e+01
      vertex   1.011729e+02 2.104440e+01 -8.259931e+01
      vertex   1.014106e+02 2.104440e+01 -8.274006e+01
    endloop
  endfacet
  facet normal -0.000000e+00 -1.000000e+00 0.000000e+00
    outer loop
      vertex   1.043294e+02 2.104440e+01 -8.274006e+01
      vertex   1.014106e+02 2.104440e+01 -8.274006e+01
      vertex   1.040802e+02 2.104440e+01 -8.285910e+01
    endloop
  endfacet
  facet normal 0.000000e+00 -1.000000e+00 0.000000e+00
    outer loop
      vertex   1.040802e+02 2.104440e+01 -8.285910e+01
      vertex   1.014106e+02 2.104440e+01 -8.274006e+01
      vertex   1.016598e+02 2.104440e+01 -8.285910e+01
    endloop
  endfacet
  facet normal -0.000000e+00 -1.000000e+00 0.000000e+00
    outer loop
      vertex   1.040802e+02 2.104440e+01 -8.285910e+01
      vertex   1.016598e+02 2.104440e+01 -8.285910e+01
      vertex   1.038214e+02 2.104440e+01 -8.295549e+01
    endloop
  endfacet
  facet normal 0.000000e+00 -1.000000e+00 0.000000e+00
    outer loop
      vertex   1.038214e+02 2.104440e+01 -8.295549e+01
      vertex   1.016598e+02 2.104440e+01 -8.285910e+01
      vertex   1.019186e+02 2.104440e+01 -8.295549e+01
    endloop
  endfacet
  facet normal -0.000000e+00 -1.000000e+00 0.000000e+00
    outer loop
      vertex   1.038214e+02 2.104440e+01 -8.295549e+01
      vertex   1.019186e+02 2.104440e+01 -8.295549e+01
      vertex   1.035550e+02 2.104440e+01 -8.302846e+01
    endloop
  endfacet
  facet normal 0.000000e+00 -1.000000e+00 0.000000e+00
    outer loop
      vertex   1.035550e+02 2.104440e+01 -8.302846e+01
      vertex   1.019186e+02 2.104440e+01 -8.295549e+01
      vertex   1.021850e+02 2.104440e+01 -8.302846e+01
    endloop
  endfacet
  facet normal -0.000000e+00 -1.000000e+00 0.000000e+00
    outer loop
      vertex   1.035550e+02 2.104440e+01 -8.302846e+01
      vertex   1.021850e+02 2.104440e+01 -8.302846e+01
      vertex   1.032832e+02 2.104440e+01 -8.307743e+01
    endloop
  endfacet
  facet normal 0.000000e+00 -1.000000e+00 0.000000e+00
    outer loop
      vertex   1.032832e+02 2.104440e+01 -8.307743e+01
      vertex   1.021850e+02 2.104440e+01 -8.302846e+01
      vertex   1.024568e+02 2.104440e+01 -8.307743e+01
    endloop
  endfacet
  facet normal -0.000000e+00 -1.000000e+00 0.000000e+00
    outer loop
      vertex   1.032832e+02 2.104440e+01 -8.307743e+01
      vertex   1.024568e+02 2.104440e+01 -8.307743e+01
      vertex   1.030081e+02 2.104440e+01 -8.310201e+01
    endloop
  endfacet
  facet normal 0.000000e+00 -1.000000e+00 0.000000e+00
    outer loop
      vertex   1.030081e+02 2.104440e+01 -8.310201e+01
      vertex   1.024568e+02 2.104440e+01 -8.307743e+01
      vertex   1.027319e+02 2.104440e+01 -8.310201e+01
    endloop
  endfacet
  facet normal -0.000000e+00 -1.000000e+00 0.000000e+00
    outer loop
      vertex   9.978213e+01 1.254440e+01 -7.973111e+01
      vertex   9.688233e+01 1.254440e+01 -7.962066e+01
      vertex   9.977000e+01 1.254440e+01 -8.000509e+01
    endloop
  endfacet
  facet normal 0.000000e+00 -1.000000e+00 0.000000e+00
    outer loop
      vertex   9.977000e+01 1.254440e+01 -8.000509e+01
      vertex   9.688233e+01 1.254440e+01 -7.962066e+01
      vertex   9.687000e+01 1.254440e+01 -8.000509e+01
    endloop
  endfacet
  facet normal -0.000000e+00 -1.000000e+00 0.000000e+00
    outer loop
      vertex   9.977000e+01 1.254440e+01 -8.000509e+01
      vertex   9.687000e+01 1.254440e+01 -8.000509e+01
      vertex   9.688233e+01 1.254440e+01 -8.038951e+01
    endloop
  endfacet
  facet normal 0.000000e+00 -1.000000e+00 0.000000e+00
    outer loop
      vertex   9.688233e+01 1.254440e+01 -7.962066e+01
      vertex   9.978213e+01 1.254440e+01 -7.973111e+01
      vertex   9.691926e+01 1.254440e+01 -7.923782e+01
    endloop
  endfacet
  facet normal 0.000000e+00 -1.000000e+00 0.000000e+00
    outer loop
      vertex   9.691926e+01 1.254440e+01 -7.923782e+01
      vertex   9.978213e+01 1.254440e+01 -7.973111e+01
      vertex   9.981843e+01 1.254440e+01 -7.945927e+01
    endloop
  endfacet
  facet normal 0.000000e+00 -1.000000e+00 0.000000e+00
    outer loop
      vertex   9.691926e+01 1.254440e+01 -7.923782e+01
      vertex   9.981843e+01 1.254440e+01 -7.945927e+01
      vertex   9.698065e+01 1.254440e+01 -7.885813e+01
    endloop
  endfacet
  facet normal 0.000000e+00 -1.000000e+00 0.000000e+00
    outer loop
      vertex   9.698065e+01 1.254440e+01 -7.885813e+01
      vertex   9.981843e+01 1.254440e+01 -7.945927e+01
      vertex   9.987861e+01 1.254440e+01 -7.919171e+01
    endloop
  endfacet
  facet normal 0.000000e+00 -1.000000e+00 0.000000e+00
    outer loop
      vertex   9.698065e+01 1.254440e+01 -7.885813e+01
      vertex   9.987861e+01 1.254440e+01 -7.919171e+01
      vertex   9.706623e+01 1.254440e+01 -7.848316e+01
    endloop
  endfacet
  facet normal 0.000000e+00 -1.000000e+00 0.000000e+00
    outer loop
      vertex   9.706623e+01 1.254440e+01 -7.848316e+01
      vertex   9.987861e+01 1.254440e+01 -7.919171e+01
      vertex   9.717567e+01 1.254440e+01 -7.811444e+01
    endloop
  endfacet
  facet normal 0.000000e+00 -1.000000e+00 0.000000e+00
    outer loop
      vertex   9.717567e+01 1.254440e+01 -7.811444e+01
      vertex   9.987861e+01 1.254440e+01 -7.919171e+01
      vertex   9.996220e+01 1.254440e+01 -7.893051e+01
    endloop
  endfacet
  facet normal 0.000000e+00 -1.000000e+00 0.000000e+00
    outer loop
      vertex   9.717567e+01 1.254440e+01 -7.811444e+01
      vertex   9.996220e+01 1.254440e+01 -7.893051e+01
      vertex   9.730850e+01 1.254440e+01 -7.775348e+01
    endloop
  endfacet
  facet normal 0.000000e+00 -1.000000e+00 0.000000e+00
    outer loop
      vertex   9.730850e+01 1.254440e+01 -7.775348e+01
      vertex   9.996220e+01 1.254440e+01 -7.893051e+01
      vertex   1.000686e+02 1.254440e+01 -7.867773e+01
    endloop
  endfacet
  facet normal 0.000000e+00 -1.000000e+00 0.000000e+00
    outer loop
      vertex   9.730850e+01 1.254440e+01 -7.775348e+01
      vertex   1.000686e+02 1.254440e+01 -7.867773e+01
      vertex   9.746419e+01 1.254440e+01 -7.740178e+01
    endloop
  endfacet
  facet normal 0.000000e+00 -1.000000e+00 0.000000e+00
    outer loop
      vertex   9.746419e+01 1.254440e+01 -7.740178e+01
      vertex   1.000686e+02 1.254440e+01 -7.867773e+01
      vertex   9.764209e+01 1.254440e+01 -7.706078e+01
    endloop
  endfacet
  facet normal 0.000000e+00 -1.000000e+00 0.000000e+00
    outer loop
      vertex   9.764209e+01 1.254440e+01 -7.706078e+01
      vertex   1.000686e+02 1.254440e+01 -7.867773e+01
      vertex   1.001968e+02 1.254440e+01 -7.843533e+01
    endloop
  endfacet
  facet normal 0.000000e+00 -1.000000e+00 0.000000e+00
    outer loop
      vertex   9.764209e+01 1.254440e+01 -7.706078e+01
      vertex   1.001968e+02 1.254440e+01 -7.843533e+01
      vertex   9.784147e+01 1.254440e+01 -7.673188e+01
    endloop
  endfacet
  facet normal 0.000000e+00 -1.000000e+00 0.000000e+00
    outer loop
      vertex   9.784147e+01 1.254440e+01 -7.673188e+01
      vertex   1.001968e+02 1.254440e+01 -7.843533e+01
      vertex   1.003460e+02 1.254440e+01 -7.820522e+01
    endloop
  endfacet
  facet normal 0.000000e+00 -1.000000e+00 0.000000e+00
    outer loop
      vertex   9.784147e+01 1.254440e+01 -7.673188e+01
      vertex   1.003460e+02 1.254440e+01 -7.820522e+01
      vertex   9.806152e+01 1.254440e+01 -7.641642e+01
    endloop
  endfacet
  facet normal 0.000000e+00 -1.000000e+00 0.000000e+00
    outer loop
      vertex   9.806152e+01 1.254440e+01 -7.641642e+01
      vertex   1.003460e+02 1.254440e+01 -7.820522e+01
      vertex   1.005150e+02 1.254440e+01 -7.798919e+01
    endloop
  endfacet
  facet normal 0.000000e+00 -1.000000e+00 0.000000e+00
    outer loop
      vertex   9.806152e+01 1.254440e+01 -7.641642e+01
      vertex   1.005150e+02 1.254440e+01 -7.798919e+01
      vertex   9.830132e+01 1.254440e+01 -7.611571e+01
    endloop
  endfacet
  facet normal 0.000000e+00 -1.000000e+00 0.000000e+00
    outer loop
      vertex   9.830132e+01 1.254440e+01 -7.611571e+01
      vertex   1.005150e+02 1.254440e+01 -7.798919e+01
      vertex   9.855990e+01 1.254440e+01 -7.583099e+01
    endloop
  endfacet
  facet normal 0.000000e+00 -1.000000e+00 0.000000e+00
    outer loop
      vertex   9.855990e+01 1.254440e+01 -7.583099e+01
      vertex   1.005150e+02 1.254440e+01 -7.798919e+01
      vertex   1.007024e+02 1.254440e+01 -7.778894e+01
    endloop
  endfacet
  facet normal 0.000000e+00 -1.000000e+00 0.000000e+00
    outer loop
      vertex   9.855990e+01 1.254440e+01 -7.583099e+01
      vertex   1.007024e+02 1.254440e+01 -7.778894e+01
      vertex   9.883619e+01 1.254440e+01 -7.556342e+01
    endloop
  endfacet
  facet normal 0.000000e+00 -1.000000e+00 0.000000e+00
    outer loop
      vertex   9.883619e+01 1.254440e+01 -7.556342e+01
      vertex   1.007024e+02 1.254440e+01 -7.778894e+01
      vertex   1.009067e+02 1.254440e+01 -7.760604e+01
    endloop
  endfacet
  facet normal 0.000000e+00 -1.000000e+00 0.000000e+00
    outer loop
      vertex   9.883619e+01 1.254440e+01 -7.556342e+01
      vertex   1.009067e+02 1.254440e+01 -7.760604e+01
      vertex   9.912906e+01 1.254440e+01 -7.531410e+01
    endloop
  endfacet
  facet normal 0.000000e+00 -1.000000e+00 0.000000e+00
    outer loop
      vertex   9.912906e+01 1.254440e+01 -7.531410e+01
      vertex   1.009067e+02 1.254440e+01 -7.760604e+01
      vertex   1.011264e+02 1.254440e+01 -7.744191e+01
    endloop
  endfacet
  facet normal 0.000000e+00 -1.000000e+00 0.000000e+00
    outer loop
      vertex   9.912906e+01 1.254440e+01 -7.531410e+01
      vertex   1.011264e+02 1.254440e+01 -7.744191e+01
      vertex   9.943730e+01 1.254440e+01 -7.508405e+01
    endloop
  endfacet
  facet normal 0.000000e+00 -1.000000e+00 0.000000e+00
    outer loop
      vertex   9.943730e+01 1.254440e+01 -7.508405e+01
      vertex   1.011264e+02 1.254440e+01 -7.744191e+01
      vertex   9.975964e+01 1.254440e+01 -7.487423e+01
    endloop
  endfacet
  facet normal 0.000000e+00 -1.000000e+00 0.000000e+00
    outer loop
      vertex   9.975964e+01 1.254440e+01 -7.487423e+01
      vertex   1.011264e+02 1.254440e+01 -7.744191e+01
      vertex   1.013598e+02 1.254440e+01 -7.729784e+01
    endloop
  endfacet
  facet normal 0.000000e+00 -1.000000e+00 0.000000e+00
    outer loop
      vertex   9.975964e+01 1.254440e+01 -7.487423e+01
      vertex   1.013598e+02 1.254440e+01 -7.729784e+01
      vertex   1.000948e+02 1.254440e+01 -7.468549e+01
    endloop
  endfacet
  facet normal 0.000000e+00 -1.000000e+00 0.000000e+00
    outer loop
      vertex   1.000948e+02 1.254440e+01 -7.468549e+01
      vertex   1.013598e+02 1.254440e+01 -7.729784e+01
      vertex   1.016049e+02 1.254440e+01 -7.717496e+01
    endloop
  endfacet
  facet normal 0.000000e+00 -1.000000e+00 0.000000e+00
    outer loop
      vertex   1.000948e+02 1.254440e+01 -7.468549e+01
      vertex   1.016049e+02 1.254440e+01 -7.717496e+01
      vertex   1.004413e+02 1.254440e+01 -7.451861e+01
    endloop
  endfacet
  facet normal 0.000000e+00 -1.000000e+00 0.000000e+00
    outer loop
      vertex   1.004413e+02 1.254440e+01 -7.451861e+01
      vertex   1.016049e+02 1.254440e+01 -7.717496e+01
      vertex   1.007978e+02 1.254440e+01 -7.437427e+01
    endloop
  endfacet
  facet normal 0.000000e+00 -1.000000e+00 0.000000e+00
    outer loop
      vertex   1.007978e+02 1.254440e+01 -7.437427e+01
      vertex   1.016049e+02 1.254440e+01 -7.717496e+01
      vertex   1.018600e+02 1.254440e+01 -7.707423e+01
    endloop
  endfacet
  facet normal 0.000000e+00 -1.000000e+00 0.000000e+00
    outer loop
      vertex   1.007978e+02 1.254440e+01 -7.437427e+01
      vertex   1.018600e+02 1.254440e+01 -7.707423e+01
      vertex   1.011628e+02 1.254440e+01 -7.425308e+01
    endloop
  endfacet
  facet normal 0.000000e+00 -1.000000e+00 0.000000e+00
    outer loop
      vertex   1.011628e+02 1.254440e+01 -7.425308e+01
      vertex   1.018600e+02 1.254440e+01 -7.707423e+01
      vertex   1.021230e+02 1.254440e+01 -7.699643e+01
    endloop
  endfacet
  facet normal 0.000000e+00 -1.000000e+00 0.000000e+00
    outer loop
      vertex   1.011628e+02 1.254440e+01 -7.425308e+01
      vertex   1.021230e+02 1.254440e+01 -7.699643e+01
      vertex   1.015349e+02 1.254440e+01 -7.415552e+01
    endloop
  endfacet
  facet normal 0.000000e+00 -1.000000e+00 0.000000e+00
    outer loop
      vertex   1.015349e+02 1.254440e+01 -7.415552e+01
      vertex   1.021230e+02 1.254440e+01 -7.699643e+01
      vertex   1.023918e+02 1.254440e+01 -7.694219e+01
    endloop
  endfacet
  facet normal 0.000000e+00 -1.000000e+00 0.000000e+00
    outer loop
      vertex   1.015349e+02 1.254440e+01 -7.415552e+01
      vertex   1.023918e+02 1.254440e+01 -7.694219e+01
      vertex   1.019124e+02 1.254440e+01 -7.408199e+01
    endloop
  endfacet
  facet normal 0.000000e+00 -1.000000e+00 0.000000e+00
    outer loop
      vertex   1.019124e+02 1.254440e+01 -7.408199e+01
      vertex   1.023918e+02 1.254440e+01 -7.694219e+01
      vertex   1.022939e+02 1.254440e+01 -7.403281e+01
    endloop
  endfacet
  facet normal 0.000000e+00 -1.000000e+00 0.000000e+00
    outer loop
      vertex   1.022939e+02 1.254440e+01 -7.403281e+01
      vertex   1.023918e+02 1.254440e+01 -7.694219e+01
      vertex   1.026644e+02 1.254440e+01 -7.691191e+01
    endloop
  endfacet
  facet normal 0.000000e+00 -1.000000e+00 0.000000e+00
    outer loop
      vertex   1.022939e+02 1.254440e+01 -7.403281e+01
      vertex   1.026644e+02 1.254440e+01 -7.691191e+01
      vertex   1.026777e+02 1.254440e+01 -7.400817e+01
    endloop
  endfacet
  facet normal 0.000000e+00 -1.000000e+00 -0.000000e+00
    outer loop
      vertex   1.026777e+02 1.254440e+01 -7.400817e+01
      vertex   1.026644e+02 1.254440e+01 -7.691191e+01
      vertex   1.029386e+02 1.254440e+01 -7.690584e+01
    endloop
  endfacet
  facet normal 0.000000e+00 -1.000000e+00 0.000000e+00
    outer loop
      vertex   1.026777e+02 1.254440e+01 -7.400817e+01
      vertex   1.029386e+02 1.254440e+01 -7.690584e+01
      vertex   1.030623e+02 1.254440e+01 -7.400817e+01
    endloop
  endfacet
  facet normal 0.000000e+00 -1.000000e+00 -0.000000e+00
    outer loop
      vertex   1.030623e+02 1.254440e+01 -7.400817e+01
      vertex   1.029386e+02 1.254440e+01 -7.690584e+01
      vertex   1.034461e+02 1.254440e+01 -7.403281e+01
    endloop
  endfacet
  facet normal 0.000000e+00 -1.000000e+00 0.000000e+00
    outer loop
      vertex   1.034461e+02 1.254440e+01 -7.403281e+01
      vertex   1.029386e+02 1.254440e+01 -7.690584e+01
      vertex   1.032122e+02 1.254440e+01 -7.692403e+01
    endloop
  endfacet
  facet normal 0.000000e+00 -1.000000e+00 -0.000000e+00
    outer loop
      vertex   1.034461e+02 1.254440e+01 -7.403281e+01
      vertex   1.032122e+02 1.254440e+01 -7.692403e+01
      vertex   1.038276e+02 1.254440e+01 -7.408199e+01
    endloop
  endfacet
  facet normal 0.000000e+00 -1.000000e+00 0.000000e+00
    outer loop
      vertex   1.038276e+02 1.254440e+01 -7.408199e+01
      vertex   1.032122e+02 1.254440e+01 -7.692403e+01
      vertex   1.034832e+02 1.254440e+01 -7.696633e+01
    endloop
  endfacet
  facet normal 0.000000e+00 -1.000000e+00 -0.000000e+00
    outer loop
      vertex   1.038276e+02 1.254440e+01 -7.408199e+01
      vertex   1.034832e+02 1.254440e+01 -7.696633e+01
      vertex   1.042051e+02 1.254440e+01 -7.415552e+01
    endloop
  endfacet
  facet normal 0.000000e+00 -1.000000e+00 0.000000e+00
    outer loop
      vertex   1.042051e+02 1.254440e+01 -7.415552e+01
      vertex   1.034832e+02 1.254440e+01 -7.696633e+01
      vertex   1.037494e+02 1.254440e+01 -7.703242e+01
    endloop
  endfacet
  facet normal 0.000000e+00 -1.000000e+00 -0.000000e+00
    outer loop
      vertex   1.042051e+02 1.254440e+01 -7.415552e+01
      vertex   1.037494e+02 1.254440e+01 -7.703242e+01
      vertex   1.045772e+02 1.254440e+01 -7.425308e+01
    endloop
  endfacet
  facet normal 0.000000e+00 -1.000000e+00 -0.000000e+00
    outer loop
      vertex   1.045772e+02 1.254440e+01 -7.425308e+01
      vertex   1.037494e+02 1.254440e+01 -7.703242e+01
      vertex   1.049422e+02 1.254440e+01 -7.437427e+01
    endloop
  endfacet
  facet normal 0.000000e+00 -1.000000e+00 0.000000e+00
    outer loop
      vertex   1.049422e+02 1.254440e+01 -7.437427e+01
      vertex   1.037494e+02 1.254440e+01 -7.703242e+01
      vertex   1.040086e+02 1.254440e+01 -7.712177e+01
    endloop
  endfacet
  facet normal 0.000000e+00 -1.000000e+00 -0.000000e+00
    outer loop
      vertex   1.049422e+02 1.254440e+01 -7.437427e+01
      vertex   1.040086e+02 1.254440e+01 -7.712177e+01
      vertex   1.052987e+02 1.254440e+01 -7.451861e+01
    endloop
  endfacet
  facet normal 0.000000e+00 -1.000000e+00 -0.000000e+00
    outer loop
      vertex   1.052987e+02 1.254440e+01 -7.451861e+01
      vertex   1.040086e+02 1.254440e+01 -7.712177e+01
      vertex   1.056452e+02 1.254440e+01 -7.468549e+01
    endloop
  endfacet
  facet normal 0.000000e+00 -1.000000e+00 -0.000000e+00
    outer loop
      vertex   1.056452e+02 1.254440e+01 -7.468549e+01
      vertex   1.040086e+02 1.254440e+01 -7.712177e+01
      vertex   1.059804e+02 1.254440e+01 -7.487423e+01
    endloop
  endfacet
  facet normal 0.000000e+00 -1.000000e+00 -0.000000e+00
    outer loop
      vertex   1.059804e+02 1.254440e+01 -7.487423e+01
      vertex   1.040086e+02 1.254440e+01 -7.712177e+01
      vertex   1.063027e+02 1.254440e+01 -7.508405e+01
    endloop
  endfacet
  facet normal 0.000000e+00 -1.000000e+00 -0.000000e+00
    outer loop
      vertex   1.063027e+02 1.254440e+01 -7.508405e+01
      vertex   1.040086e+02 1.254440e+01 -7.712177e+01
      vertex   1.066109e+02 1.254440e+01 -7.531410e+01
    endloop
  endfacet
  facet normal 0.000000e+00 -1.000000e+00 0.000000e+00
    outer loop
      vertex   1.066109e+02 1.254440e+01 -7.531410e+01
      vertex   1.040086e+02 1.254440e+01 -7.712177e+01
      vertex   1.042590e+02 1.254440e+01 -7.723368e+01
    endloop
  endfacet
  facet normal 0.000000e+00 -1.000000e+00 0.000000e+00
    outer loop
      vertex   1.066109e+02 1.254440e+01 -7.531410e+01
      vertex   1.042590e+02 1.254440e+01 -7.723368e+01
      vertex   1.044985e+02 1.254440e+01 -7.736729e+01
    endloop
  endfacet
  facet normal 0.000000e+00 -1.000000e+00 0.000000e+00
    outer loop
      vertex   1.044985e+02 1.254440e+01 -7.736729e+01
      vertex   1.047253e+02 1.254440e+01 -7.752154e+01
      vertex   1.066109e+02 1.254440e+01 -7.531410e+01
    endloop
  endfacet
  facet normal 0.000000e+00 -1.000000e+00 0.000000e+00
    outer loop
      vertex   1.066109e+02 1.254440e+01 -7.531410e+01
      vertex   1.047253e+02 1.254440e+01 -7.752154e+01
      vertex   1.049375e+02 1.254440e+01 -7.769523e+01
    endloop
  endfacet
  facet normal 0.000000e+00 -1.000000e+00 -0.000000e+00
    outer loop
      vertex   1.066109e+02 1.254440e+01 -7.531410e+01
      vertex   1.049375e+02 1.254440e+01 -7.769523e+01
      vertex   1.069038e+02 1.254440e+01 -7.556342e+01
    endloop
  endfacet
  facet normal 0.000000e+00 -1.000000e+00 -0.000000e+00
    outer loop
      vertex   1.069038e+02 1.254440e+01 -7.556342e+01
      vertex   1.049375e+02 1.254440e+01 -7.769523e+01
      vertex   1.071801e+02 1.254440e+01 -7.583099e+01
    endloop
  endfacet
  facet normal 0.000000e+00 -1.000000e+00 0.000000e+00
    outer loop
      vertex   1.071801e+02 1.254440e+01 -7.583099e+01
      vertex   1.049375e+02 1.254440e+01 -7.769523e+01
      vertex   1.051336e+02 1.254440e+01 -7.788699e+01
    endloop
  endfacet
  facet normal 0.000000e+00 -1.000000e+00 -0.000000e+00
    outer loop
      vertex   1.071801e+02 1.254440e+01 -7.583099e+01
      vertex   1.051336e+02 1.254440e+01 -7.788699e+01
      vertex   1.074387e+02 1.254440e+01 -7.611571e+01
    endloop
  endfacet
  facet normal 0.000000e+00 -1.000000e+00 0.000000e+00
    outer loop
      vertex   1.074387e+02 1.254440e+01 -7.611571e+01
      vertex   1.051336e+02 1.254440e+01 -7.788699e+01
      vertex   1.053119e+02 1.254440e+01 -7.809533e+01
    endloop
  endfacet
  facet normal 0.000000e+00 -1.000000e+00 -0.000000e+00
    outer loop
      vertex   1.074387e+02 1.254440e+01 -7.611571e+01
      vertex   1.053119e+02 1.254440e+01 -7.809533e+01
      vertex   1.076785e+02 1.254440e+01 -7.641642e+01
    endloop
  endfacet
  facet normal 0.000000e+00 -1.000000e+00 0.000000e+00
    outer loop
      vertex   1.076785e+02 1.254440e+01 -7.641642e+01
      vertex   1.053119e+02 1.254440e+01 -7.809533e+01
      vertex   1.054711e+02 1.254440e+01 -7.831862e+01
    endloop
  endfacet
  facet normal 0.000000e+00 -1.000000e+00 -0.000000e+00
    outer loop
      vertex   1.076785e+02 1.254440e+01 -7.641642e+01
      vertex   1.054711e+02 1.254440e+01 -7.831862e+01
      vertex   1.078985e+02 1.254440e+01 -7.673188e+01
    endloop
  endfacet
  facet normal 0.000000e+00 -1.000000e+00 -0.000000e+00
    outer loop
      vertex   1.078985e+02 1.254440e+01 -7.673188e+01
      vertex   1.054711e+02 1.254440e+01 -7.831862e+01
      vertex   1.080979e+02 1.254440e+01 -7.706078e+01
    endloop
  endfacet
  facet normal 0.000000e+00 -1.000000e+00 0.000000e+00
    outer loop
      vertex   1.080979e+02 1.254440e+01 -7.706078e+01
      vertex   1.054711e+02 1.254440e+01 -7.831862e+01
      vertex   1.056100e+02 1.254440e+01 -7.855511e+01
    endloop
  endfacet
  facet normal 0.000000e+00 -1.000000e+00 -0.000000e+00
    outer loop
      vertex   1.080979e+02 1.254440e+01 -7.706078e+01
      vertex   1.056100e+02 1.254440e+01 -7.855511e+01
      vertex   1.082758e+02 1.254440e+01 -7.740178e+01
    endloop
  endfacet
  facet normal 0.000000e+00 -1.000000e+00 0.000000e+00
    outer loop
      vertex   1.082758e+02 1.254440e+01 -7.740178e+01
      vertex   1.056100e+02 1.254440e+01 -7.855511e+01
      vertex   1.057274e+02 1.254440e+01 -7.880294e+01
    endloop
  endfacet
  facet normal 0.000000e+00 -1.000000e+00 -0.000000e+00
    outer loop
      vertex   1.082758e+02 1.254440e+01 -7.740178e+01
      vertex   1.057274e+02 1.254440e+01 -7.880294e+01
      vertex   1.084315e+02 1.254440e+01 -7.775348e+01
    endloop
  endfacet
  facet normal 0.000000e+00 -1.000000e+00 0.000000e+00
    outer loop
      vertex   1.084315e+02 1.254440e+01 -7.775348e+01
      vertex   1.057274e+02 1.254440e+01 -7.880294e+01
      vertex   1.058225e+02 1.254440e+01 -7.906019e+01
    endloop
  endfacet
  facet normal 0.000000e+00 -1.000000e+00 -0.000000e+00
    outer loop
      vertex   1.084315e+02 1.254440e+01 -7.775348e+01
      vertex   1.058225e+02 1.254440e+01 -7.906019e+01
      vertex   1.085643e+02 1.254440e+01 -7.811444e+01
    endloop
  endfacet
  facet normal 0.000000e+00 -1.000000e+00 -0.000000e+00
    outer loop
      vertex   1.085643e+02 1.254440e+01 -7.811444e+01
      vertex   1.058225e+02 1.254440e+01 -7.906019e+01
      vertex   1.086738e+02 1.254440e+01 -7.848316e+01
    endloop
  endfacet
  facet normal 0.000000e+00 -1.000000e+00 0.000000e+00
    outer loop
      vertex   1.086738e+02 1.254440e+01 -7.848316e+01
      vertex   1.058225e+02 1.254440e+01 -7.906019e+01
      vertex   1.058944e+02 1.254440e+01 -7.932483e+01
    endloop
  endfacet
  facet normal 0.000000e+00 -1.000000e+00 -0.000000e+00
    outer loop
      vertex   1.086738e+02 1.254440e+01 -7.848316e+01
      vertex   1.058944e+02 1.254440e+01 -7.932483e+01
      vertex   1.087594e+02 1.254440e+01 -7.885813e+01
    endloop
  endfacet
  facet normal 0.000000e+00 -1.000000e+00 0.000000e+00
    outer loop
      vertex   1.087594e+02 1.254440e+01 -7.885813e+01
      vertex   1.058944e+02 1.254440e+01 -7.932483e+01
      vertex   1.059427e+02 1.254440e+01 -7.959479e+01
    endloop
  endfacet
  facet normal 0.000000e+00 -1.000000e+00 -0.000000e+00
    outer loop
      vertex   1.087594e+02 1.254440e+01 -7.885813e+01
      vertex   1.059427e+02 1.254440e+01 -7.959479e+01
      vertex   1.088207e+02 1.254440e+01 -7.923782e+01
    endloop
  endfacet
  facet normal 0.000000e+00 -1.000000e+00 -0.000000e+00
    outer loop
      vertex   1.088207e+02 1.254440e+01 -7.923782e+01
      vertex   1.059427e+02 1.254440e+01 -7.959479e+01
      vertex   1.088577e+02 1.254440e+01 -7.962066e+01
    endloop
  endfacet
  facet normal -0.000000e+00 -1.000000e+00 0.000000e+00
    outer loop
      vertex   1.088577e+02 1.254440e+01 -7.962066e+01
      vertex   1.059427e+02 1.254440e+01 -7.959479e+01
      vertex   1.059670e+02 1.254440e+01 -7.986796e+01
    endloop
  endfacet
  facet normal 0.000000e+00 -1.000000e+00 -0.000000e+00
    outer loop
      vertex   1.088577e+02 1.254440e+01 -7.962066e+01
      vertex   1.059670e+02 1.254440e+01 -7.986796e+01
      vertex   1.088700e+02 1.254440e+01 -8.000509e+01
    endloop
  endfacet
  facet normal -0.000000e+00 -1.000000e+00 0.000000e+00
    outer loop
      vertex   1.088700e+02 1.254440e+01 -8.000509e+01
      vertex   1.059670e+02 1.254440e+01 -7.986796e+01
      vertex   1.059670e+02 1.254440e+01 -8.014221e+01
    endloop
  endfacet
  facet normal 0.000000e+00 -1.000000e+00 0.000000e+00
    outer loop
      vertex   1.088700e+02 1.254440e+01 -8.000509e+01
      vertex   1.059670e+02 1.254440e+01 -8.014221e+01
      vertex   1.088577e+02 1.254440e+01 -8.038951e+01
    endloop
  endfacet
  facet normal -0.000000e+00 -1.000000e+00 0.000000e+00
    outer loop
      vertex   1.088577e+02 1.254440e+01 -8.038951e+01
      vertex   1.059670e+02 1.254440e+01 -8.014221e+01
      vertex   1.059427e+02 1.254440e+01 -8.041538e+01
    endloop
  endfacet
  facet normal 0.000000e+00 -1.000000e+00 0.000000e+00
    outer loop
      vertex   1.088577e+02 1.254440e+01 -8.038951e+01
      vertex   1.059427e+02 1.254440e+01 -8.041538e+01
      vertex   1.088207e+02 1.254440e+01 -8.077235e+01
    endloop
  endfacet
  facet normal -0.000000e+00 -1.000000e+00 0.000000e+00
    outer loop
      vertex   1.088207e+02 1.254440e+01 -8.077235e+01
      vertex   1.059427e+02 1.254440e+01 -8.041538e+01
      vertex   1.087594e+02 1.254440e+01 -8.115204e+01
    endloop
  endfacet
  facet normal 0.000000e+00 -1.000000e+00 0.000000e+00
    outer loop
      vertex   1.087594e+02 1.254440e+01 -8.115204e+01
      vertex   1.059427e+02 1.254440e+01 -8.041538e+01
      vertex   1.058944e+02 1.254440e+01 -8.068534e+01
    endloop
  endfacet
  facet normal -0.000000e+00 -1.000000e+00 0.000000e+00
    outer loop
      vertex   1.087594e+02 1.254440e+01 -8.115204e+01
      vertex   1.058944e+02 1.254440e+01 -8.068534e+01
      vertex   1.086738e+02 1.254440e+01 -8.152701e+01
    endloop
  endfacet
  facet normal 0.000000e+00 -1.000000e+00 0.000000e+00
    outer loop
      vertex   1.086738e+02 1.254440e+01 -8.152701e+01
      vertex   1.058944e+02 1.254440e+01 -8.068534e+01
      vertex   1.058225e+02 1.254440e+01 -8.094998e+01
    endloop
  endfacet
  facet normal -0.000000e+00 -1.000000e+00 0.000000e+00
    outer loop
      vertex   1.086738e+02 1.254440e+01 -8.152701e+01
      vertex   1.058225e+02 1.254440e+01 -8.094998e+01
      vertex   1.085643e+02 1.254440e+01 -8.189573e+01
    endloop
  endfacet
  facet normal -0.000000e+00 -1.000000e+00 0.000000e+00
    outer loop
      vertex   1.085643e+02 1.254440e+01 -8.189573e+01
      vertex   1.058225e+02 1.254440e+01 -8.094998e+01
      vertex   1.084315e+02 1.254440e+01 -8.225669e+01
    endloop
  endfacet
  facet normal 0.000000e+00 -1.000000e+00 0.000000e+00
    outer loop
      vertex   1.084315e+02 1.254440e+01 -8.225669e+01
      vertex   1.058225e+02 1.254440e+01 -8.094998e+01
      vertex   1.057274e+02 1.254440e+01 -8.120723e+01
    endloop
  endfacet
  facet normal -0.000000e+00 -1.000000e+00 0.000000e+00
    outer loop
      vertex   1.084315e+02 1.254440e+01 -8.225669e+01
      vertex   1.057274e+02 1.254440e+01 -8.120723e+01
      vertex   1.082758e+02 1.254440e+01 -8.260839e+01
    endloop
  endfacet
  facet normal 0.000000e+00 -1.000000e+00 0.000000e+00
    outer loop
      vertex   1.082758e+02 1.254440e+01 -8.260839e+01
      vertex   1.057274e+02 1.254440e+01 -8.120723e+01
      vertex   1.056100e+02 1.254440e+01 -8.145506e+01
    endloop
  endfacet
  facet normal -0.000000e+00 -1.000000e+00 0.000000e+00
    outer loop
      vertex   1.082758e+02 1.254440e+01 -8.260839e+01
      vertex   1.056100e+02 1.254440e+01 -8.145506e+01
      vertex   1.080979e+02 1.254440e+01 -8.294939e+01
    endloop
  endfacet
  facet normal 0.000000e+00 -1.000000e+00 0.000000e+00
    outer loop
      vertex   1.080979e+02 1.254440e+01 -8.294939e+01
      vertex   1.056100e+02 1.254440e+01 -8.145506e+01
      vertex   1.054711e+02 1.254440e+01 -8.169155e+01
    endloop
  endfacet
  facet normal -0.000000e+00 -1.000000e+00 0.000000e+00
    outer loop
      vertex   1.080979e+02 1.254440e+01 -8.294939e+01
      vertex   1.054711e+02 1.254440e+01 -8.169155e+01
      vertex   1.078985e+02 1.254440e+01 -8.327829e+01
    endloop
  endfacet
  facet normal -0.000000e+00 -1.000000e+00 0.000000e+00
    outer loop
      vertex   1.078985e+02 1.254440e+01 -8.327829e+01
      vertex   1.054711e+02 1.254440e+01 -8.169155e+01
      vertex   1.076785e+02 1.254440e+01 -8.359375e+01
    endloop
  endfacet
  facet normal 0.000000e+00 -1.000000e+00 0.000000e+00
    outer loop
      vertex   1.076785e+02 1.254440e+01 -8.359375e+01
      vertex   1.054711e+02 1.254440e+01 -8.169155e+01
      vertex   1.053119e+02 1.254440e+01 -8.191484e+01
    endloop
  endfacet
  facet normal -0.000000e+00 -1.000000e+00 0.000000e+00
    outer loop
      vertex   1.076785e+02 1.254440e+01 -8.359375e+01
      vertex   1.053119e+02 1.254440e+01 -8.191484e+01
      vertex   1.074387e+02 1.254440e+01 -8.389446e+01
    endloop
  endfacet
  facet normal 0.000000e+00 -1.000000e+00 0.000000e+00
    outer loop
      vertex   1.074387e+02 1.254440e+01 -8.389446e+01
      vertex   1.053119e+02 1.254440e+01 -8.191484e+01
      vertex   1.051336e+02 1.254440e+01 -8.212318e+01
    endloop
  endfacet
  facet normal -0.000000e+00 -1.000000e+00 0.000000e+00
    outer loop
      vertex   1.074387e+02 1.254440e+01 -8.389446e+01
      vertex   1.051336e+02 1.254440e+01 -8.212318e+01
      vertex   1.071801e+02 1.254440e+01 -8.417918e+01
    endloop
  endfacet
  facet normal 0.000000e+00 -1.000000e+00 0.000000e+00
    outer loop
      vertex   1.071801e+02 1.254440e+01 -8.417918e+01
      vertex   1.051336e+02 1.254440e+01 -8.212318e+01
      vertex   1.049375e+02 1.254440e+01 -8.231494e+01
    endloop
  endfacet
  facet normal -0.000000e+00 -1.000000e+00 0.000000e+00
    outer loop
      vertex   1.071801e+02 1.254440e+01 -8.417918e+01
      vertex   1.049375e+02 1.254440e+01 -8.231494e+01
      vertex   1.069038e+02 1.254440e+01 -8.444675e+01
    endloop
  endfacet
  facet normal -0.000000e+00 -1.000000e+00 0.000000e+00
    outer loop
      vertex   1.069038e+02 1.254440e+01 -8.444675e+01
      vertex   1.049375e+02 1.254440e+01 -8.231494e+01
      vertex   1.066109e+02 1.254440e+01 -8.469607e+01
    endloop
  endfacet
  facet normal 0.000000e+00 -1.000000e+00 0.000000e+00
    outer loop
      vertex   1.066109e+02 1.254440e+01 -8.469607e+01
      vertex   1.049375e+02 1.254440e+01 -8.231494e+01
      vertex   1.047253e+02 1.254440e+01 -8.248863e+01
    endloop
  endfacet
  facet normal -0.000000e+00 -1.000000e+00 0.000000e+00
    outer loop
      vertex   1.066109e+02 1.254440e+01 -8.469607e+01
      vertex   1.047253e+02 1.254440e+01 -8.248863e+01
      vertex   1.063027e+02 1.254440e+01 -8.492612e+01
    endloop
  endfacet
  facet normal 0.000000e+00 -1.000000e+00 0.000000e+00
    outer loop
      vertex   1.063027e+02 1.254440e+01 -8.492612e+01
      vertex   1.047253e+02 1.254440e+01 -8.248863e+01
      vertex   1.044985e+02 1.254440e+01 -8.264288e+01
    endloop
  endfacet
  facet normal -0.000000e+00 -1.000000e+00 0.000000e+00
    outer loop
      vertex   1.063027e+02 1.254440e+01 -8.492612e+01
      vertex   1.044985e+02 1.254440e+01 -8.264288e+01
      vertex   1.059804e+02 1.254440e+01 -8.513594e+01
    endloop
  endfacet
  facet normal -0.000000e+00 -1.000000e+00 0.000000e+00
    outer loop
      vertex   1.059804e+02 1.254440e+01 -8.513594e+01
      vertex   1.044985e+02 1.254440e+01 -8.264288e+01
      vertex   1.056452e+02 1.254440e+01 -8.532468e+01
    endloop
  endfacet
  facet normal 0.000000e+00 -1.000000e+00 0.000000e+00
    outer loop
      vertex   1.056452e+02 1.254440e+01 -8.532468e+01
      vertex   1.044985e+02 1.254440e+01 -8.264288e+01
      vertex   1.042590e+02 1.254440e+01 -8.277649e+01
    endloop
  endfacet
  facet normal -0.000000e+00 -1.000000e+00 0.000000e+00
    outer loop
      vertex   1.056452e+02 1.254440e+01 -8.532468e+01
      vertex   1.042590e+02 1.254440e+01 -8.277649e+01
      vertex   1.052987e+02 1.254440e+01 -8.549156e+01
    endloop
  endfacet
  facet normal 0.000000e+00 -1.000000e+00 0.000000e+00
    outer loop
      vertex   1.052987e+02 1.254440e+01 -8.549156e+01
      vertex   1.042590e+02 1.254440e+01 -8.277649e+01
      vertex   1.040086e+02 1.254440e+01 -8.288840e+01
    endloop
  endfacet
  facet normal -0.000000e+00 -1.000000e+00 0.000000e+00
    outer loop
      vertex   1.052987e+02 1.254440e+01 -8.549156e+01
      vertex   1.040086e+02 1.254440e+01 -8.288840e+01
      vertex   1.049422e+02 1.254440e+01 -8.563590e+01
    endloop
  endfacet
  facet normal 0.000000e+00 -1.000000e+00 0.000000e+00
    outer loop
      vertex   1.049422e+02 1.254440e+01 -8.563590e+01
      vertex   1.040086e+02 1.254440e+01 -8.288840e+01
      vertex   1.037494e+02 1.254440e+01 -8.297775e+01
    endloop
  endfacet
  facet normal -0.000000e+00 -1.000000e+00 0.000000e+00
    outer loop
      vertex   1.049422e+02 1.254440e+01 -8.563590e+01
      vertex   1.037494e+02 1.254440e+01 -8.297775e+01
      vertex   1.045772e+02 1.254440e+01 -8.575709e+01
    endloop
  endfacet
  facet normal -0.000000e+00 -1.000000e+00 0.000000e+00
    outer loop
      vertex   1.045772e+02 1.254440e+01 -8.575709e+01
      vertex   1.037494e+02 1.254440e+01 -8.297775e+01
      vertex   1.042051e+02 1.254440e+01 -8.585465e+01
    endloop
  endfacet
  facet normal 0.000000e+00 -1.000000e+00 0.000000e+00
    outer loop
      vertex   1.042051e+02 1.254440e+01 -8.585465e+01
      vertex   1.037494e+02 1.254440e+01 -8.297775e+01
      vertex   1.034832e+02 1.254440e+01 -8.304384e+01
    endloop
  endfacet
  facet normal -0.000000e+00 -1.000000e+00 0.000000e+00
    outer loop
      vertex   1.042051e+02 1.254440e+01 -8.585465e+01
      vertex   1.034832e+02 1.254440e+01 -8.304384e+01
      vertex   1.038276e+02 1.254440e+01 -8.592818e+01
    endloop
  endfacet
  facet normal 0.000000e+00 -1.000000e+00 0.000000e+00
    outer loop
      vertex   1.038276e+02 1.254440e+01 -8.592818e+01
      vertex   1.034832e+02 1.254440e+01 -8.304384e+01
      vertex   1.032122e+02 1.254440e+01 -8.308614e+01
    endloop
  endfacet
  facet normal -0.000000e+00 -1.000000e+00 0.000000e+00
    outer loop
      vertex   1.038276e+02 1.254440e+01 -8.592818e+01
      vertex   1.032122e+02 1.254440e+01 -8.308614e+01
      vertex   1.034461e+02 1.254440e+01 -8.597736e+01
    endloop
  endfacet
  facet normal 0.000000e+00 -1.000000e+00 0.000000e+00
    outer loop
      vertex   1.034461e+02 1.254440e+01 -8.597736e+01
      vertex   1.032122e+02 1.254440e+01 -8.308614e+01
      vertex   1.029386e+02 1.254440e+01 -8.310433e+01
    endloop
  endfacet
  facet normal -0.000000e+00 -1.000000e+00 0.000000e+00
    outer loop
      vertex   1.034461e+02 1.254440e+01 -8.597736e+01
      vertex   1.029386e+02 1.254440e+01 -8.310433e+01
      vertex   1.030623e+02 1.254440e+01 -8.600200e+01
    endloop
  endfacet
  facet normal 0.000000e+00 -1.000000e+00 0.000000e+00
    outer loop
      vertex   1.030623e+02 1.254440e+01 -8.600200e+01
      vertex   1.029386e+02 1.254440e+01 -8.310433e+01
      vertex   1.026777e+02 1.254440e+01 -8.600200e+01
    endloop
  endfacet
  facet normal 0.000000e+00 -1.000000e+00 0.000000e+00
    outer loop
      vertex   1.026777e+02 1.254440e+01 -8.600200e+01
      vertex   1.029386e+02 1.254440e+01 -8.310433e+01
      vertex   1.026644e+02 1.254440e+01 -8.309826e+01
    endloop
  endfacet
  facet normal 0.000000e+00 -1.000000e+00 0.000000e+00
    outer loop
      vertex   1.026777e+02 1.254440e+01 -8.600200e+01
      vertex   1.026644e+02 1.254440e+01 -8.309826e+01
      vertex   1.022939e+02 1.254440e+01 -8.597736e+01
    endloop
  endfacet
  facet normal 0.000000e+00 -1.000000e+00 0.000000e+00
    outer loop
      vertex   1.022939e+02 1.254440e+01 -8.597736e+01
      vertex   1.026644e+02 1.254440e+01 -8.309826e+01
      vertex   1.023918e+02 1.254440e+01 -8.306798e+01
    endloop
  endfacet
  facet normal 0.000000e+00 -1.000000e+00 0.000000e+00
    outer loop
      vertex   1.022939e+02 1.254440e+01 -8.597736e+01
      vertex   1.023918e+02 1.254440e+01 -8.306798e+01
      vertex   1.019124e+02 1.254440e+01 -8.592818e+01
    endloop
  endfacet
  facet normal 0.000000e+00 -1.000000e+00 0.000000e+00
    outer loop
      vertex   1.019124e+02 1.254440e+01 -8.592818e+01
      vertex   1.023918e+02 1.254440e+01 -8.306798e+01
      vertex   1.015349e+02 1.254440e+01 -8.585465e+01
    endloop
  endfacet
  facet normal 0.000000e+00 -1.000000e+00 0.000000e+00
    outer loop
      vertex   1.015349e+02 1.254440e+01 -8.585465e+01
      vertex   1.023918e+02 1.254440e+01 -8.306798e+01
      vertex   1.021230e+02 1.254440e+01 -8.301374e+01
    endloop
  endfacet
  facet normal 0.000000e+00 -1.000000e+00 0.000000e+00
    outer loop
      vertex   1.015349e+02 1.254440e+01 -8.585465e+01
      vertex   1.021230e+02 1.254440e+01 -8.301374e+01
      vertex   1.011628e+02 1.254440e+01 -8.575709e+01
    endloop
  endfacet
  facet normal 0.000000e+00 -1.000000e+00 0.000000e+00
    outer loop
      vertex   1.011628e+02 1.254440e+01 -8.575709e+01
      vertex   1.021230e+02 1.254440e+01 -8.301374e+01
      vertex   1.018600e+02 1.254440e+01 -8.293594e+01
    endloop
  endfacet
  facet normal 0.000000e+00 -1.000000e+00 0.000000e+00
    outer loop
      vertex   1.011628e+02 1.254440e+01 -8.575709e+01
      vertex   1.018600e+02 1.254440e+01 -8.293594e+01
      vertex   1.007978e+02 1.254440e+01 -8.563590e+01
    endloop
  endfacet
  facet normal 0.000000e+00 -1.000000e+00 0.000000e+00
    outer loop
      vertex   1.007978e+02 1.254440e+01 -8.563590e+01
      vertex   1.018600e+02 1.254440e+01 -8.293594e+01
      vertex   1.016049e+02 1.254440e+01 -8.283521e+01
    endloop
  endfacet
  facet normal 0.000000e+00 -1.000000e+00 0.000000e+00
    outer loop
      vertex   1.007978e+02 1.254440e+01 -8.563590e+01
      vertex   1.016049e+02 1.254440e+01 -8.283521e+01
      vertex   1.004413e+02 1.254440e+01 -8.549156e+01
    endloop
  endfacet
  facet normal 0.000000e+00 -1.000000e+00 0.000000e+00
    outer loop
      vertex   1.004413e+02 1.254440e+01 -8.549156e+01
      vertex   1.016049e+02 1.254440e+01 -8.283521e+01
      vertex   1.000948e+02 1.254440e+01 -8.532468e+01
    endloop
  endfacet
  facet normal 0.000000e+00 -1.000000e+00 0.000000e+00
    outer loop
      vertex   1.000948e+02 1.254440e+01 -8.532468e+01
      vertex   1.016049e+02 1.254440e+01 -8.283521e+01
      vertex   1.013598e+02 1.254440e+01 -8.271233e+01
    endloop
  endfacet
  facet normal 0.000000e+00 -1.000000e+00 0.000000e+00
    outer loop
      vertex   1.000948e+02 1.254440e+01 -8.532468e+01
      vertex   1.013598e+02 1.254440e+01 -8.271233e+01
      vertex   9.975964e+01 1.254440e+01 -8.513594e+01
    endloop
  endfacet
  facet normal 0.000000e+00 -1.000000e+00 0.000000e+00
    outer loop
      vertex   9.975964e+01 1.254440e+01 -8.513594e+01
      vertex   1.013598e+02 1.254440e+01 -8.271233e+01
      vertex   1.011264e+02 1.254440e+01 -8.256826e+01
    endloop
  endfacet
  facet normal 0.000000e+00 -1.000000e+00 0.000000e+00
    outer loop
      vertex   9.975964e+01 1.254440e+01 -8.513594e+01
      vertex   1.011264e+02 1.254440e+01 -8.256826e+01
      vertex   9.943730e+01 1.254440e+01 -8.492612e+01
    endloop
  endfacet
  facet normal 0.000000e+00 -1.000000e+00 0.000000e+00
    outer loop
      vertex   9.943730e+01 1.254440e+01 -8.492612e+01
      vertex   1.011264e+02 1.254440e+01 -8.256826e+01
      vertex   9.912906e+01 1.254440e+01 -8.469607e+01
    endloop
  endfacet
  facet normal 0.000000e+00 -1.000000e+00 0.000000e+00
    outer loop
      vertex   9.912906e+01 1.254440e+01 -8.469607e+01
      vertex   1.011264e+02 1.254440e+01 -8.256826e+01
      vertex   1.009067e+02 1.254440e+01 -8.240413e+01
    endloop
  endfacet
  facet normal 0.000000e+00 -1.000000e+00 0.000000e+00
    outer loop
      vertex   9.912906e+01 1.254440e+01 -8.469607e+01
      vertex   1.009067e+02 1.254440e+01 -8.240413e+01
      vertex   9.883619e+01 1.254440e+01 -8.444675e+01
    endloop
  endfacet
  facet normal 0.000000e+00 -1.000000e+00 0.000000e+00
    outer loop
      vertex   9.883619e+01 1.254440e+01 -8.444675e+01
      vertex   1.009067e+02 1.254440e+01 -8.240413e+01
      vertex   1.007024e+02 1.254440e+01 -8.222123e+01
    endloop
  endfacet
  facet normal 0.000000e+00 -1.000000e+00 0.000000e+00
    outer loop
      vertex   9.883619e+01 1.254440e+01 -8.444675e+01
      vertex   1.007024e+02 1.254440e+01 -8.222123e+01
      vertex   9.855990e+01 1.254440e+01 -8.417918e+01
    endloop
  endfacet
  facet normal 0.000000e+00 -1.000000e+00 0.000000e+00
    outer loop
      vertex   9.855990e+01 1.254440e+01 -8.417918e+01
      vertex   1.007024e+02 1.254440e+01 -8.222123e+01
      vertex   1.005150e+02 1.254440e+01 -8.202098e+01
    endloop
  endfacet
  facet normal 0.000000e+00 -1.000000e+00 0.000000e+00
    outer loop
      vertex   9.855990e+01 1.254440e+01 -8.417918e+01
      vertex   1.005150e+02 1.254440e+01 -8.202098e+01
      vertex   9.830132e+01 1.254440e+01 -8.389446e+01
    endloop
  endfacet
  facet normal 0.000000e+00 -1.000000e+00 0.000000e+00
    outer loop
      vertex   9.830132e+01 1.254440e+01 -8.389446e+01
      vertex   1.005150e+02 1.254440e+01 -8.202098e+01
      vertex   9.806152e+01 1.254440e+01 -8.359375e+01
    endloop
  endfacet
  facet normal 0.000000e+00 -1.000000e+00 0.000000e+00
    outer loop
      vertex   9.806152e+01 1.254440e+01 -8.359375e+01
      vertex   1.005150e+02 1.254440e+01 -8.202098e+01
      vertex   1.003460e+02 1.254440e+01 -8.180495e+01
    endloop
  endfacet
  facet normal 0.000000e+00 -1.000000e+00 0.000000e+00
    outer loop
      vertex   9.806152e+01 1.254440e+01 -8.359375e+01
      vertex   1.003460e+02 1.254440e+01 -8.180495e+01
      vertex   9.784147e+01 1.254440e+01 -8.327829e+01
    endloop
  endfacet
  facet normal 0.000000e+00 -1.000000e+00 0.000000e+00
    outer loop
      vertex   9.784147e+01 1.254440e+01 -8.327829e+01
      vertex   1.003460e+02 1.254440e+01 -8.180495e+01
      vertex   1.001968e+02 1.254440e+01 -8.157484e+01
    endloop
  endfacet
  facet normal 0.000000e+00 -1.000000e+00 0.000000e+00
    outer loop
      vertex   9.784147e+01 1.254440e+01 -8.327829e+01
      vertex   1.001968e+02 1.254440e+01 -8.157484e+01
      vertex   9.764209e+01 1.254440e+01 -8.294939e+01
    endloop
  endfacet
  facet normal 0.000000e+00 -1.000000e+00 0.000000e+00
    outer loop
      vertex   9.764209e+01 1.254440e+01 -8.294939e+01
      vertex   1.001968e+02 1.254440e+01 -8.157484e+01
      vertex   1.000686e+02 1.254440e+01 -8.133244e+01
    endloop
  endfacet
  facet normal 0.000000e+00 -1.000000e+00 0.000000e+00
    outer loop
      vertex   9.764209e+01 1.254440e+01 -8.294939e+01
      vertex   1.000686e+02 1.254440e+01 -8.133244e+01
      vertex   9.746419e+01 1.254440e+01 -8.260839e+01
    endloop
  endfacet
  facet normal 0.000000e+00 -1.000000e+00 0.000000e+00
    outer loop
      vertex   9.746419e+01 1.254440e+01 -8.260839e+01
      vertex   1.000686e+02 1.254440e+01 -8.133244e+01
      vertex   9.730850e+01 1.254440e+01 -8.225669e+01
    endloop
  endfacet
  facet normal 0.000000e+00 -1.000000e+00 0.000000e+00
    outer loop
      vertex   9.730850e+01 1.254440e+01 -8.225669e+01
      vertex   1.000686e+02 1.254440e+01 -8.133244e+01
      vertex   9.996220e+01 1.254440e+01 -8.107966e+01
    endloop
  endfacet
  facet normal 0.000000e+00 -1.000000e+00 0.000000e+00
    outer loop
      vertex   9.730850e+01 1.254440e+01 -8.225669e+01
      vertex   9.996220e+01 1.254440e+01 -8.107966e+01
      vertex   9.717567e+01 1.254440e+01 -8.189573e+01
    endloop
  endfacet
  facet normal 0.000000e+00 -1.000000e+00 0.000000e+00
    outer loop
      vertex   9.717567e+01 1.254440e+01 -8.189573e+01
      vertex   9.996220e+01 1.254440e+01 -8.107966e+01
      vertex   9.987861e+01 1.254440e+01 -8.081846e+01
    endloop
  endfacet
  facet normal 0.000000e+00 -1.000000e+00 0.000000e+00
    outer loop
      vertex   9.717567e+01 1.254440e+01 -8.189573e+01
      vertex   9.987861e+01 1.254440e+01 -8.081846e+01
      vertex   9.706623e+01 1.254440e+01 -8.152701e+01
    endloop
  endfacet
  facet normal 0.000000e+00 -1.000000e+00 0.000000e+00
    outer loop
      vertex   9.706623e+01 1.254440e+01 -8.152701e+01
      vertex   9.987861e+01 1.254440e+01 -8.081846e+01
      vertex   9.698065e+01 1.254440e+01 -8.115204e+01
    endloop
  endfacet
  facet normal 0.000000e+00 -1.000000e+00 0.000000e+00
    outer loop
      vertex   9.698065e+01 1.254440e+01 -8.115204e+01
      vertex   9.987861e+01 1.254440e+01 -8.081846e+01
      vertex   9.981843e+01 1.254440e+01 -8.055090e+01
    endloop
  endfacet
  facet normal 0.000000e+00 -1.000000e+00 0.000000e+00
    outer loop
      vertex   9.698065e+01 1.254440e+01 -8.115204e+01
      vertex   9.981843e+01 1.254440e+01 -8.055090e+01
      vertex   9.691926e+01 1.254440e+01 -8.077235e+01
    endloop
  endfacet
  facet normal 0.000000e+00 -1.000000e+00 0.000000e+00
    outer loop
      vertex   9.691926e+01 1.254440e+01 -8.077235e+01
      vertex   9.981843e+01 1.254440e+01 -8.055090e+01
      vertex   9.978213e+01 1.254440e+01 -8.027906e+01
    endloop
  endfacet
  facet normal 0.000000e+00 -1.000000e+00 0.000000e+00
    outer loop
      vertex   9.691926e+01 1.254440e+01 -8.077235e+01
      vertex   9.978213e+01 1.254440e+01 -8.027906e+01
      vertex   9.688233e+01 1.254440e+01 -8.038951e+01
    endloop
  endfacet
  facet normal 0.000000e+00 -1.000000e+00 0.000000e+00
    outer loop
      vertex   9.688233e+01 1.254440e+01 -8.038951e+01
      vertex   9.978213e+01 1.254440e+01 -8.027906e+01
      vertex   9.977000e+01 1.254440e+01 -8.000509e+01
    endloop
  endfacet
endsolid
